feature_key,state,crop,year,season,yield,split,rgb,ndvi,tabular_predicted_yield
andhra pradesh|moong green gram|1997|kharif,Andhra Pradesh,Moong(Green Gram),1997,Kharif,0.34,train,datasets/test_images/1997/rgb/andhra_pradesh_1997_moong_green_gram_kharif_rgb.png,datasets/test_images/1997/ndvi/andhra_pradesh_1997_moong_green_gram_kharif_ndvi.png,
andhra pradesh|moong green gram|1997|rabi,Andhra Pradesh,Moong(Green Gram),1997,Rabi,0.363333333,train,datasets/test_images/1997/rgb/andhra_pradesh_1997_moong_green_gram_rabi_rgb.png,datasets/test_images/1997/ndvi/andhra_pradesh_1997_moong_green_gram_rabi_ndvi.png,
arunachal pradesh|maize|1997|kharif,Arunachal Pradesh,Maize,1997,Kharif,1.686923077,train,datasets/test_images/1997/rgb/arunachal_pradesh_1997_maize_rgb.png,datasets/test_images/1997/ndvi/arunachal_pradesh_1997_maize_ndvi.png,
gujarat|maize|1997|whole year,Gujarat,Maize,1997,Whole Year,1.690666667,train,datasets/test_images/1997/rgb/gujarat_1997_maize_rgb.png,datasets/test_images/1997/ndvi/gujarat_1997_maize_ndvi.png,
gujarat|rice|1997|whole year,Gujarat,Rice,1997,Whole Year,1.665,train,datasets/test_images/1997/rgb/gujarat_1997_rice_whole_year_rgb.png,datasets/test_images/1997/ndvi/gujarat_1997_rice_whole_year_ndvi.png,
haryana|maize|1997|kharif,Haryana,Maize,1997,Kharif,1.9725,train,datasets/test_images/1997/rgb/haryana_1997_maize_rgb.png,datasets/test_images/1997/ndvi/haryana_1997_maize_ndvi.png,
madhya pradesh|maize|1997|kharif,Madhya Pradesh,Maize,1997,Kharif,1.143023256,train,datasets/test_images/1997/rgb/madhya_pradesh_1997_maize_rgb.png,datasets/test_images/1997/ndvi/madhya_pradesh_1997_maize_ndvi.png,
maharashtra|moong green gram|1997|kharif,Maharashtra,Moong(Green Gram),1997,Kharif,0.444444444,train,datasets/test_images/1997/rgb/maharashtra_1997_moong_green_gram_kharif_rgb.png,datasets/test_images/1997/ndvi/maharashtra_1997_moong_green_gram_kharif_ndvi.png,
manipur|maize|1997|kharif,Manipur,Maize,1997,Kharif,4.25,train,datasets/test_images/1997/rgb/manipur_1997_maize_rgb.png,datasets/test_images/1997/ndvi/manipur_1997_maize_ndvi.png,
mizoram|rice|1997|whole year,Mizoram,Rice,1997,Whole Year,1.6,train,datasets/test_images/1997/rgb/mizoram_1997_rice_rgb.png,datasets/test_images/1997/ndvi/mizoram_1997_rice_ndvi.png,
nagaland|maize|1997|kharif,Nagaland,Maize,1997,Kharif,0.998571429,train,datasets/test_images/1997/rgb/nagaland_1997_maize_rgb.png,datasets/test_images/1997/ndvi/nagaland_1997_maize_ndvi.png,
punjab|moong green gram|1997|whole year,Punjab,Moong(Green Gram),1997,Whole Year,0.601666667,train,datasets/test_images/1997/rgb/punjab_1997_moong(green_gram)_whole_year_rgb.png,datasets/test_images/1997/ndvi/punjab_1997_moong(green_gram)_whole_year_ndvi.png,
sikkim|rice|1997|kharif,Sikkim,Rice,1997,Kharif,1.365,train,datasets/test_images/1997/rgb/sikkim_1997_rice_rgb.png,datasets/test_images/1997/ndvi/sikkim_1997_rice_ndvi.png,
uttar pradesh|moong green gram|1997|kharif,Uttar Pradesh,Moong(Green Gram),1997,Kharif,0.332985075,train,datasets/test_images/1997/rgb/uttar_pradesh_1997_moong_green_gram_kharif_rgb.png,datasets/test_images/1997/ndvi/uttar_pradesh_1997_moong_green_gram_kharif_ndvi.png,
uttar pradesh|moong green gram|1997|summer,Uttar Pradesh,Moong(Green Gram),1997,Summer,0.476029412,train,datasets/test_images/1997/rgb/uttar_pradesh_1997_moong_green_gram_summer_rgb.png,datasets/test_images/1997/ndvi/uttar_pradesh_1997_moong_green_gram_summer_ndvi.png,
west bengal|maize|1997|whole year,West Bengal,Maize,1997,Whole Year,2.658461538,train,datasets/test_images/1997/rgb/west_bengal_1997_maize_rgb.png,datasets/test_images/1997/ndvi/west_bengal_1997_maize_ndvi.png,
west bengal|moong green gram|1997|summer,West Bengal,Moong(Green Gram),1997,Summer,0.046,train,datasets/test_images/1997/rgb/west_bengal_1997_moong_green_gram_summer_rgb.png,datasets/test_images/1997/ndvi/west_bengal_1997_moong_green_gram_summer_ndvi.png,
arunachal pradesh|maize|1998|kharif,Arunachal Pradesh,Maize,1998,Kharif,1.458461538,train,datasets/test_images/1998/rgb/arunachal_pradesh_1998_maize_kharif_rgb.png,datasets/test_images/1998/ndvi/arunachal_pradesh_1998_maize_kharif_ndvi.png,
gujarat|moong green gram|1998|kharif,Gujarat,Moong(Green Gram),1998,Kharif,0.565,train,datasets/test_images/1998/rgb/gujarat_1998_moong_green_gram_kharif_rgb.png,datasets/test_images/1998/ndvi/gujarat_1998_moong_green_gram_kharif_ndvi.png,
haryana|moong green gram|1998|kharif,Haryana,Moong(Green Gram),1998,Kharif,0.097857143,train,datasets/test_images/1998/rgb/haryana_1998_moong_green_gram_kharif_rgb.png,datasets/test_images/1998/ndvi/haryana_1998_moong_green_gram_kharif_ndvi.png,
himachal pradesh|moong green gram|1998|kharif,Himachal Pradesh,Moong(Green Gram),1998,Kharif,0.375,train,datasets/test_images/1998/rgb/himachal_pradesh_1998_moong_green_gram_kharif_rgb.png,datasets/test_images/1998/ndvi/himachal_pradesh_1998_moong_green_gram_kharif_ndvi.png,
karnataka|moong green gram|1998|kharif,Karnataka,Moong(Green Gram),1998,Kharif,0.180769231,train,datasets/test_images/1998/rgb/karnataka_1998_moong_green_gram_kharif_rgb.png,datasets/test_images/1998/ndvi/karnataka_1998_moong_green_gram_kharif_ndvi.png,
karnataka|moong green gram|1998|rabi,Karnataka,Moong(Green Gram),1998,Rabi,0.438823529,train,datasets/test_images/1998/rgb/karnataka_1998_moong_green_gram_rabi_rgb.png,datasets/test_images/1998/ndvi/karnataka_1998_moong_green_gram_rabi_ndvi.png,
madhya pradesh|maize|1998|kharif,Madhya Pradesh,Maize,1998,Kharif,1.294035088,train,datasets/test_images/1998/rgb/madhya_pradesh_1998_maize_rgb.png,datasets/test_images/1998/ndvi/madhya_pradesh_1998_maize_ndvi.png,
maharashtra|moong green gram|1998|kharif,Maharashtra,Moong(Green Gram),1998,Kharif,0.603928571,train,datasets/test_images/1998/rgb/maharashtra_1998_moong_green_gram_kharif_rgb.png,datasets/test_images/1998/ndvi/maharashtra_1998_moong_green_gram_kharif_ndvi.png,
manipur|maize|1998|autumn,Manipur,Maize,1998,Autumn,2.84,train,datasets/test_images/1998/rgb/manipur_1998_maize_autumn_rgb.png,datasets/test_images/1998/ndvi/manipur_1998_maize_autumn_ndvi.png,
punjab|moong green gram|1998|kharif,Punjab,Moong(Green Gram),1998,Kharif,0.596666667,train,datasets/test_images/1998/rgb/punjab_1998_moong_green_gram_kharif_rgb.png,datasets/test_images/1998/ndvi/punjab_1998_moong_green_gram_kharif_ndvi.png,
tripura|moong green gram|1998|kharif,Tripura,Moong(Green Gram),1998,Kharif,0.4675,train,datasets/test_images/1998/rgb/tripura_1998_moong_green_gram_kharif_rgb.png,datasets/test_images/1998/ndvi/tripura_1998_moong_green_gram_kharif_ndvi.png,
uttar pradesh|moong green gram|1998|kharif,Uttar Pradesh,Moong(Green Gram),1998,Kharif,0.255671642,train,datasets/test_images/1998/rgb/uttar_pradesh_1998_moong_green_gram_kharif_rgb.png,datasets/test_images/1998/ndvi/uttar_pradesh_1998_moong_green_gram_kharif_ndvi.png,
uttar pradesh|moong green gram|1998|summer,Uttar Pradesh,Moong(Green Gram),1998,Summer,0.534788732,train,datasets/test_images/1998/rgb/uttar_pradesh_1998_moong_green_gram_summer_rgb.png,datasets/test_images/1998/ndvi/uttar_pradesh_1998_moong_green_gram_summer_ndvi.png,
uttar pradesh|rice|1998|summer,Uttar Pradesh,Rice,1998,Summer,2.015172414,train,datasets/test_images/1998/rgb/uttar_pradesh_1998_rice_summer_rgb.png,datasets/test_images/1998/ndvi/uttar_pradesh_1998_rice_summer_ndvi.png,
west bengal|moong green gram|1998|kharif,West Bengal,Moong(Green Gram),1998,Kharif,0.5075,train,datasets/test_images/1998/rgb/west_bengal_1998_moong_green_gram_kharif_rgb.png,datasets/test_images/1998/ndvi/west_bengal_1998_moong_green_gram_kharif_ndvi.png,
west bengal|moong green gram|1998|summer,West Bengal,Moong(Green Gram),1998,Summer,0.312857143,train,datasets/test_images/1998/rgb/west_bengal_1998_moong_green_gram_summer_rgb.png,datasets/test_images/1998/ndvi/west_bengal_1998_moong_green_gram_summer_ndvi.png,
arunachal pradesh|maize|1999|kharif,Arunachal Pradesh,Maize,1999,Kharif,1.516923077,train,datasets/test_images/1999/rgb/arunachal_pradesh_1999_maize_kharif_rgb.png,datasets/test_images/1999/ndvi/arunachal_pradesh_1999_maize_kharif_ndvi.png,
bihar|maize|1999|rabi,Bihar,Maize,1999,Rabi,2.928333333,train,datasets/test_images/1999/rgb/bihar_1999_maize_rabi_rgb.png,datasets/test_images/1999/ndvi/bihar_1999_maize_rabi_ndvi.png,
bihar|maize|1999|summer,Bihar,Maize,1999,Summer,2.511666667,train,datasets/test_images/1999/rgb/bihar_1999_maize_summer_rgb.png,datasets/test_images/1999/ndvi/bihar_1999_maize_summer_ndvi.png,
bihar|moong green gram|1999|kharif,Bihar,Moong(Green Gram),1999,Kharif,0.552068966,train,datasets/test_images/1999/rgb/bihar_1999_moong_green_gram_kharif_rgb.png,datasets/test_images/1999/ndvi/bihar_1999_moong_green_gram_kharif_ndvi.png,
bihar|moong green gram|1999|rabi,Bihar,Moong(Green Gram),1999,Rabi,0.567096774,train,datasets/test_images/1999/rgb/bihar_1999_moong_green_gram_rabi_rgb.png,datasets/test_images/1999/ndvi/bihar_1999_moong_green_gram_rabi_ndvi.png,
bihar|rice|1999|summer,Bihar,Rice,1999,Summer,1.700666667,train,datasets/test_images/1999/rgb/bihar_1999_rice_summer_rgb.png,datasets/test_images/1999/ndvi/bihar_1999_rice_summer_ndvi.png,
gujarat|moong green gram|1999|kharif,Gujarat,Moong(Green Gram),1999,Kharif,0.213333333,train,datasets/test_images/1999/rgb/gujarat_1999_moong_green_gram_kharif_rgb.png,datasets/test_images/1999/ndvi/gujarat_1999_moong_green_gram_kharif_ndvi.png,
haryana|moong green gram|1999|kharif,Haryana,Moong(Green Gram),1999,Kharif,0.056666667,train,datasets/test_images/1999/rgb/haryana_1999_moong_green_gram_kharif_rgb.png,datasets/test_images/1999/ndvi/haryana_1999_moong_green_gram_kharif_ndvi.png,
himachal pradesh|moong green gram|1999|kharif,Himachal Pradesh,Moong(Green Gram),1999,Kharif,0.255,train,datasets/test_images/1999/rgb/himachal_pradesh_1999_moong_green_gram_kharif_rgb.png,datasets/test_images/1999/ndvi/himachal_pradesh_1999_moong_green_gram_kharif_ndvi.png,
karnataka|moong green gram|1999|kharif,Karnataka,Moong(Green Gram),1999,Kharif,0.333333333,train,datasets/test_images/1999/rgb/karnataka_1999_moong_green_gram_kharif_rgb.png,datasets/test_images/1999/ndvi/karnataka_1999_moong_green_gram_kharif_ndvi.png,
karnataka|moong green gram|1999|rabi,Karnataka,Moong(Green Gram),1999,Rabi,0.294117647,train,datasets/test_images/1999/rgb/karnataka_1999_moong_green_gram_rabi_rgb.png,datasets/test_images/1999/ndvi/karnataka_1999_moong_green_gram_rabi_ndvi.png,
madhya pradesh|urad|1999|rabi,Madhya Pradesh,Urad,1999,Rabi,0.279411765,train,datasets/test_images/1999/rgb/madhya_pradesh_1999_urad_rabi_rgb.png,datasets/test_images/1999/ndvi/madhya_pradesh_1999_urad_rabi_ndvi.png,
maharashtra|maize|1999|rabi,Maharashtra,Maize,1999,Rabi,1.491111111,train,datasets/test_images/1999/rgb/maharashtra_1999_maize_rabi_rgb.png,datasets/test_images/1999/ndvi/maharashtra_1999_maize_rabi_ndvi.png,
maharashtra|maize|1999|summer,Maharashtra,Maize,1999,Summer,1.428888889,train,datasets/test_images/1999/rgb/maharashtra_1999_maize_summer_rgb.png,datasets/test_images/1999/ndvi/maharashtra_1999_maize_summer_ndvi.png,
maharashtra|moong green gram|1999|kharif,Maharashtra,Moong(Green Gram),1999,Kharif,0.5221875,train,datasets/test_images/1999/rgb/maharashtra_1999_moong_green_gram_kharif_rgb.png,datasets/test_images/1999/ndvi/maharashtra_1999_moong_green_gram_kharif_ndvi.png,
manipur|maize|1999|kharif,Manipur,Maize,1999,Kharif,2.254,train,datasets/test_images/1999/rgb/manipur_1999_maize_kharif_rgb.png,datasets/test_images/1999/ndvi/manipur_1999_maize_kharif_ndvi.png,
meghalaya|maize|1999|kharif,Meghalaya,Maize,1999,Kharif,1.448571429,train,datasets/test_images/1999/rgb/meghalaya_1999_maize_rgb.png,datasets/test_images/1999/ndvi/meghalaya_1999_maize_ndvi.png,
mizoram|maize|1999|rabi,Mizoram,Maize,1999,Rabi,1.15,train,datasets/test_images/1999/rgb/mizoram_1999_maize_rabi_rgb.png,datasets/test_images/1999/ndvi/mizoram_1999_maize_rabi_ndvi.png,
nagaland|moong green gram|1999|kharif,Nagaland,Moong(Green Gram),1999,Kharif,0.717142857,train,datasets/test_images/1999/rgb/nagaland_1999_moong_green_gram_kharif_rgb.png,datasets/test_images/1999/ndvi/nagaland_1999_moong_green_gram_kharif_ndvi.png,
odisha|moong green gram|1999|kharif,Odisha,Moong(Green Gram),1999,Kharif,0.355384615,train,datasets/test_images/1999/rgb/odisha_1999_moong_green_gram_kharif_rgb.png,datasets/test_images/1999/ndvi/odisha_1999_moong_green_gram_kharif_ndvi.png,
odisha|moong green gram|1999|rabi,Odisha,Moong(Green Gram),1999,Rabi,0.371333333,train,datasets/test_images/1999/rgb/odisha_1999_moong_green_gram_rabi_rgb.png,datasets/test_images/1999/ndvi/odisha_1999_moong_green_gram_rabi_ndvi.png,
puducherry|rice|1999|kharif,Puducherry,Rice,1999,Kharif,2.61,train,datasets/test_images/1999/rgb/puducherry_1999_rice_rgb.png,datasets/test_images/1999/ndvi/puducherry_1999_rice_ndvi.png,
punjab|moong green gram|1999|kharif,Punjab,Moong(Green Gram),1999,Kharif,0.636666667,train,datasets/test_images/1999/rgb/punjab_1999_moong_green_gram_kharif_rgb.png,datasets/test_images/1999/ndvi/punjab_1999_moong_green_gram_kharif_ndvi.png,
tamil nadu|moong green gram|1999|kharif,Tamil Nadu,Moong(Green Gram),1999,Kharif,0.541538462,train,datasets/test_images/1999/rgb/tamil_nadu_1999_moong_green_gram_kharif_rgb.png,datasets/test_images/1999/ndvi/tamil_nadu_1999_moong_green_gram_kharif_ndvi.png,
tripura|maize|1999|kharif,Tripura,Maize,1999,Kharif,0.8025,train,datasets/test_images/1999/rgb/tripura_1999_maize_kharif_rgb.png,datasets/test_images/1999/ndvi/tripura_1999_maize_kharif_ndvi.png,
uttar pradesh|maize|1999|rabi,Uttar Pradesh,Maize,1999,Rabi,1.455079365,train,datasets/test_images/1999/rgb/uttar_pradesh_1999_maize_rabi_rgb.png,datasets/test_images/1999/ndvi/uttar_pradesh_1999_maize_rabi_ndvi.png,
uttar pradesh|moong green gram|1999|kharif,Uttar Pradesh,Moong(Green Gram),1999,Kharif,0.322295082,train,datasets/test_images/1999/rgb/uttar_pradesh_1999_moong_green_gram_kharif_rgb.png,datasets/test_images/1999/ndvi/uttar_pradesh_1999_moong_green_gram_kharif_ndvi.png,
uttar pradesh|rice|1999|summer,Uttar Pradesh,Rice,1999,Summer,2.190384615,train,datasets/test_images/1999/rgb/uttar_pradesh_1999_rice_summer_rgb.png,datasets/test_images/1999/ndvi/uttar_pradesh_1999_rice_summer_ndvi.png,
west bengal|moong green gram|1999|kharif,West Bengal,Moong(Green Gram),1999,Kharif,0.5325,train,datasets/test_images/1999/rgb/west_bengal_1999_moong_green_gram_kharif_rgb.png,datasets/test_images/1999/ndvi/west_bengal_1999_moong_green_gram_kharif_ndvi.png,
west bengal|moong green gram|1999|summer,West Bengal,Moong(Green Gram),1999,Summer,0.850625,train,datasets/test_images/1999/rgb/west_bengal_1999_moong_green_gram_summer_rgb.png,datasets/test_images/1999/ndvi/west_bengal_1999_moong_green_gram_summer_ndvi.png,
andhra pradesh|moong green gram|2000|kharif,Andhra Pradesh,Moong(Green Gram),2000,Kharif,0.404090909,train,datasets/test_images/2000/rgb/andhra_pradesh_2000_moong_green_gram_kharif_rgb.png,datasets/test_images/2000/ndvi/andhra_pradesh_2000_moong_green_gram_kharif_ndvi.png,
andhra pradesh|moong green gram|2000|rabi,Andhra Pradesh,Moong(Green Gram),2000,Rabi,0.371578947,train,datasets/test_images/2000/rgb/andhra_pradesh_2000_moong_green_gram_rabi_rgb.png,datasets/test_images/2000/ndvi/andhra_pradesh_2000_moong_green_gram_rabi_ndvi.png,
arunachal pradesh|maize|2000|kharif,Arunachal Pradesh,Maize,2000,Kharif,1.478461538,train,datasets/test_images/2000/rgb/arunachal_pradesh_2000_maize_kharif_rgb.png,datasets/test_images/2000/ndvi/arunachal_pradesh_2000_maize_kharif_ndvi.png,
bihar|maize|2000|rabi,Bihar,Maize,2000,Rabi,2.568571429,train,datasets/test_images/2000/rgb/bihar_2000_maize_rabi_rgb.png,datasets/test_images/2000/ndvi/bihar_2000_maize_rabi_ndvi.png,
bihar|moong green gram|2000|kharif,Bihar,Moong(Green Gram),2000,Kharif,0.605333333,train,datasets/test_images/2000/rgb/bihar_2000_moong_green_gram_kharif_rgb.png,datasets/test_images/2000/ndvi/bihar_2000_moong_green_gram_kharif_ndvi.png,
bihar|moong green gram|2000|rabi,Bihar,Moong(Green Gram),2000,Rabi,0.566470588,train,datasets/test_images/2000/rgb/bihar_2000_moong_green_gram_rabi_rgb.png,datasets/test_images/2000/ndvi/bihar_2000_moong_green_gram_rabi_ndvi.png,
chhattisgarh|moong green gram|2000|kharif,Chhattisgarh,Moong(Green Gram),2000,Kharif,0.216875,train,datasets/test_images/2000/rgb/chhattisgarh_2000_moong_green_gram_kharif_rgb.png,datasets/test_images/2000/ndvi/chhattisgarh_2000_moong_green_gram_kharif_ndvi.png,
gujarat|moong green gram|2000|kharif,Gujarat,Moong(Green Gram),2000,Kharif,0.327894737,train,datasets/test_images/2000/rgb/gujarat_2000_moong_green_gram_kharif_rgb.png,datasets/test_images/2000/ndvi/gujarat_2000_moong_green_gram_kharif_ndvi.png,
gujarat|rice|2000|summer,Gujarat,Rice,2000,Summer,3.53,train,datasets/test_images/2000/rgb/gujarat_2000_rice_summer_rgb.png,datasets/test_images/2000/ndvi/gujarat_2000_rice_summer_ndvi.png,
haryana|moong green gram|2000|kharif,Haryana,Moong(Green Gram),2000,Kharif,0.062666667,train,datasets/test_images/2000/rgb/haryana_2000_moong_green_gram_kharif_rgb.png,datasets/test_images/2000/ndvi/haryana_2000_moong_green_gram_kharif_ndvi.png,
himachal pradesh|moong green gram|2000|kharif,Himachal Pradesh,Moong(Green Gram),2000,Kharif,0.3775,train,datasets/test_images/2000/rgb/himachal_pradesh_2000_moong_green_gram_kharif_rgb.png,datasets/test_images/2000/ndvi/himachal_pradesh_2000_moong_green_gram_kharif_ndvi.png,
karnataka|moong green gram|2000|kharif,Karnataka,Moong(Green Gram),2000,Kharif,0.419130435,train,datasets/test_images/2000/rgb/karnataka_2000_moong_green_gram_kharif_rgb.png,datasets/test_images/2000/ndvi/karnataka_2000_moong_green_gram_kharif_ndvi.png,
karnataka|moong green gram|2000|rabi,Karnataka,Moong(Green Gram),2000,Rabi,0.26875,train,datasets/test_images/2000/rgb/karnataka_2000_moong_green_gram_rabi_rgb.png,datasets/test_images/2000/ndvi/karnataka_2000_moong_green_gram_rabi_ndvi.png,
madhya pradesh|maize|2000|kharif,Madhya Pradesh,Maize,2000,Kharif,1.558636364,train,datasets/test_images/2000/rgb/madhya_pradesh_2000_maize_kharif_rgb.png,datasets/test_images/2000/ndvi/madhya_pradesh_2000_maize_kharif_ndvi.png,
maharashtra|maize|2000|rabi,Maharashtra,Maize,2000,Rabi,1.161666667,train,datasets/test_images/2000/rgb/maharashtra_2000_maize_rabi_rgb.png,datasets/test_images/2000/ndvi/maharashtra_2000_maize_rabi_ndvi.png,
maharashtra|moong green gram|2000|kharif,Maharashtra,Moong(Green Gram),2000,Kharif,0.472727273,train,datasets/test_images/2000/rgb/maharashtra_2000_moong_green_gram_kharif_rgb.png,datasets/test_images/2000/ndvi/maharashtra_2000_moong_green_gram_kharif_ndvi.png,
maharashtra|rice|2000|summer,Maharashtra,Rice,2000,Summer,1.987,train,datasets/test_images/2000/rgb/maharashtra_2000_rice_summer_rgb.png,datasets/test_images/2000/ndvi/maharashtra_2000_rice_summer_ndvi.png,
manipur|maize|2000|kharif,Manipur,Maize,2000,Kharif,2.55,train,datasets/test_images/2000/rgb/manipur_2000_maize_kharif_rgb.png,datasets/test_images/2000/ndvi/manipur_2000_maize_kharif_ndvi.png,
meghalaya|rice|2000|rabi,Meghalaya,Rice,2000,Rabi,1.744285714,train,datasets/test_images/2000/rgb/meghalaya_2000_rice_rabi_rgb.png,datasets/test_images/2000/ndvi/meghalaya_2000_rice_rabi_ndvi.png,
mizoram|maize|2000|rabi,Mizoram,Maize,2000,Rabi,1.516666667,train,datasets/test_images/2000/rgb/mizoram_2000_maize_rabi_rgb.png,datasets/test_images/2000/ndvi/mizoram_2000_maize_rabi_ndvi.png,
nagaland|moong green gram|2000|kharif,Nagaland,Moong(Green Gram),2000,Kharif,0.90125,train,datasets/test_images/2000/rgb/nagaland_2000_moong_green_gram_kharif_rgb.png,datasets/test_images/2000/ndvi/nagaland_2000_moong_green_gram_kharif_ndvi.png,
nagaland|rice|2000|rabi,Nagaland,Rice,2000,Rabi,1.98,train,datasets/test_images/2000/rgb/nagaland_2000_rice_rabi_rgb.png,datasets/test_images/2000/ndvi/nagaland_2000_rice_rabi_ndvi.png,
odisha|moong green gram|2000|kharif,Odisha,Moong(Green Gram),2000,Kharif,0.21,train,datasets/test_images/2000/rgb/odisha_2000_moong_green_gram_kharif_rgb.png,datasets/test_images/2000/ndvi/odisha_2000_moong_green_gram_kharif_ndvi.png,
odisha|rice|2000|summer,Odisha,Rice,2000,Summer,1.685333333,train,datasets/test_images/2000/rgb/odisha_2000_rice_summer_rgb.png,datasets/test_images/2000/ndvi/odisha_2000_rice_summer_ndvi.png,
puducherry|rice|2000|kharif,Puducherry,Rice,2000,Kharif,2.605,train,datasets/test_images/2000/rgb/puducherry_2000_rice_kharif_rgb.png,datasets/test_images/2000/ndvi/puducherry_2000_rice_kharif_ndvi.png,
punjab|maize|2000|kharif,Punjab,Maize,2000,Kharif,2.904615385,train,datasets/test_images/2000/rgb/punjab_2000_maize_kharif_rgb.png,datasets/test_images/2000/ndvi/punjab_2000_maize_kharif_ndvi.png,
punjab|moong green gram|2000|kharif,Punjab,Moong(Green Gram),2000,Kharif,0.665,train,datasets/test_images/2000/rgb/punjab_2000_moong_green_gram_kharif_rgb.png,datasets/test_images/2000/ndvi/punjab_2000_moong_green_gram_kharif_ndvi.png,
tamil nadu|moong green gram|2000|kharif,Tamil Nadu,Moong(Green Gram),2000,Kharif,0.484814815,train,datasets/test_images/2000/rgb/tamil_nadu_2000_moong_green_gram_kharif_rgb.png,datasets/test_images/2000/ndvi/tamil_nadu_2000_moong_green_gram_kharif_ndvi.png,
tripura|maize|2000|kharif,Tripura,Maize,2000,Kharif,1.0,train,datasets/test_images/2000/rgb/tripura_2000_maize_kharif_rgb.png,datasets/test_images/2000/ndvi/tripura_2000_maize_kharif_ndvi.png,
uttar pradesh|moong green gram|2000|kharif,Uttar Pradesh,Moong(Green Gram),2000,Kharif,0.308225806,train,datasets/test_images/2000/rgb/uttar_pradesh_2000_moong_green_gram_kharif_rgb.png,datasets/test_images/2000/ndvi/uttar_pradesh_2000_moong_green_gram_kharif_ndvi.png,
uttar pradesh|moong green gram|2000|rabi,Uttar Pradesh,Moong(Green Gram),2000,Rabi,0.510294118,train,datasets/test_images/2000/rgb/uttar_pradesh_2000_moong_green_gram_rabi_rgb.png,datasets/test_images/2000/ndvi/uttar_pradesh_2000_moong_green_gram_rabi_ndvi.png,
uttar pradesh|rice|2000|summer,Uttar Pradesh,Rice,2000,Summer,2.083181818,train,datasets/test_images/2000/rgb/uttar_pradesh_2000_rice_summer_rgb.png,datasets/test_images/2000/ndvi/uttar_pradesh_2000_rice_summer_ndvi.png,
uttarakhand|moong green gram|2000|kharif,Uttarakhand,Moong(Green Gram),2000,Kharif,0.393333333,train,datasets/test_images/2000/rgb/uttarakhand_2000_moong_green_gram_kharif_rgb.png,datasets/test_images/2000/ndvi/uttarakhand_2000_moong_green_gram_kharif_ndvi.png,
uttarakhand|moong green gram|2000|rabi,Uttarakhand,Moong(Green Gram),2000,Rabi,0.353333333,train,datasets/test_images/2000/rgb/uttarakhand_2000_moong_green_gram_rabi_rgb.png,datasets/test_images/2000/ndvi/uttarakhand_2000_moong_green_gram_rabi_ndvi.png,
west bengal|moong green gram|2000|kharif,West Bengal,Moong(Green Gram),2000,Kharif,0.498571429,train,datasets/test_images/2000/rgb/west_bengal_2000_moong_green_gram_kharif_rgb.png,datasets/test_images/2000/ndvi/west_bengal_2000_moong_green_gram_kharif_ndvi.png,
west bengal|moong green gram|2000|summer,West Bengal,Moong(Green Gram),2000,Summer,0.544666667,train,datasets/test_images/2000/rgb/west_bengal_2000_moong_green_gram_summer_rgb.png,datasets/test_images/2000/ndvi/west_bengal_2000_moong_green_gram_summer_ndvi.png,
west bengal|rice|2000|summer,West Bengal,Rice,2000,Summer,3.021111111,train,datasets/test_images/2000/rgb/west_bengal_2000_rice_summer_rgb.png,datasets/test_images/2000/ndvi/west_bengal_2000_rice_summer_ndvi.png,
andhra pradesh|moong green gram|2001|kharif,Andhra Pradesh,Moong(Green Gram),2001,Kharif,0.408636364,train,datasets/test_images/2001/rgb/andhra_pradesh_2001_moong_green_gram_kharif_rgb.png,datasets/test_images/2001/ndvi/andhra_pradesh_2001_moong_green_gram_kharif_ndvi.png,
andhra pradesh|moong green gram|2001|rabi,Andhra Pradesh,Moong(Green Gram),2001,Rabi,0.351,train,datasets/test_images/2001/rgb/andhra_pradesh_2001_moong_green_gram_rabi_rgb.png,datasets/test_images/2001/ndvi/andhra_pradesh_2001_moong_green_gram_rabi_ndvi.png,
arunachal pradesh|maize|2001|kharif,Arunachal Pradesh,Maize,2001,Kharif,1.455384615,train,datasets/test_images/2001/rgb/arunachal_pradesh_2001_maize_kharif_rgb.png,datasets/test_images/2001/ndvi/arunachal_pradesh_2001_maize_kharif_ndvi.png,
assam|rice|2001|summer,Assam,Rice,2001,Summer,1.806521739,train,datasets/test_images/2001/rgb/assam_2001_rice_summer_rgb.png,datasets/test_images/2001/ndvi/assam_2001_rice_summer_ndvi.png,
bihar|maize|2001|rabi,Bihar,Maize,2001,Rabi,2.911818182,train,datasets/test_images/2001/rgb/bihar_2001_maize_rabi_rgb.png,datasets/test_images/2001/ndvi/bihar_2001_maize_rabi_ndvi.png,
bihar|maize|2001|summer,Bihar,Maize,2001,Summer,2.469189189,train,datasets/test_images/2001/rgb/bihar_2001_maize_summer_rgb.png,datasets/test_images/2001/ndvi/bihar_2001_maize_summer_ndvi.png,
bihar|rice|2001|autumn,Bihar,Rice,2001,Autumn,1.409189189,train,datasets/test_images/2001/rgb/bihar_2001_rice_autumn_rgb.png,datasets/test_images/2001/ndvi/bihar_2001_rice_autumn_ndvi.png,
bihar|rice|2001|summer,Bihar,Rice,2001,Summer,1.098275862,train,datasets/test_images/2001/rgb/bihar_2001_rice_summer_rgb.png,datasets/test_images/2001/ndvi/bihar_2001_rice_summer_ndvi.png,
chhattisgarh|moong green gram|2001|kharif,Chhattisgarh,Moong(Green Gram),2001,Kharif,0.261875,train,datasets/test_images/2001/rgb/chhattisgarh_2001_moong_green_gram_kharif_rgb.png,datasets/test_images/2001/ndvi/chhattisgarh_2001_moong_green_gram_kharif_ndvi.png,
goa|rice|2001|kharif,Goa,Rice,2001,Kharif,2.41,train,datasets/test_images/2001/rgb/goa_2001_rice_kharif_rgb.png,datasets/test_images/2001/ndvi/goa_2001_rice_kharif_ndvi.png,
goa|rice|2001|rabi,Goa,Rice,2001,Rabi,2.85,train,datasets/test_images/2001/rgb/goa_2001_rice_rabi_rgb.png,datasets/test_images/2001/ndvi/goa_2001_rice_rabi_ndvi.png,
gujarat|moong green gram|2001|kharif,Gujarat,Moong(Green Gram),2001,Kharif,0.505555556,train,datasets/test_images/2001/rgb/gujarat_2001_moong_green_gram_kharif_rgb.png,datasets/test_images/2001/ndvi/gujarat_2001_moong_green_gram_kharif_ndvi.png,
gujarat|rice|2001|summer,Gujarat,Rice,2001,Summer,2.935,train,datasets/test_images/2001/rgb/gujarat_2001_rice_summer_rgb.png,datasets/test_images/2001/ndvi/gujarat_2001_rice_summer_ndvi.png,
haryana|moong green gram|2001|kharif,Haryana,Moong(Green Gram),2001,Kharif,0.069411765,train,datasets/test_images/2001/rgb/haryana_2001_moong_green_gram_kharif_rgb.png,datasets/test_images/2001/ndvi/haryana_2001_moong_green_gram_kharif_ndvi.png,
himachal pradesh|moong green gram|2001|kharif,Himachal Pradesh,Moong(Green Gram),2001,Kharif,0.498571429,train,datasets/test_images/2001/rgb/himachal_pradesh_2001_moong_green_gram_kharif_rgb.png,datasets/test_images/2001/ndvi/himachal_pradesh_2001_moong_green_gram_kharif_ndvi.png,
jammu and kashmir|moong green gram|2001|kharif,Jammu and Kashmir,Moong(Green Gram),2001,Kharif,0.49125,train,datasets/test_images/2001/rgb/jammu_and_kashmir_2001_moong_green_gram_kharif_rgb.png,datasets/test_images/2001/ndvi/jammu_and_kashmir_2001_moong_green_gram_kharif_ndvi.png,
karnataka|moong green gram|2001|kharif,Karnataka,Moong(Green Gram),2001,Kharif,0.31826087,train,datasets/test_images/2001/rgb/karnataka_2001_moong_green_gram_kharif_rgb.png,datasets/test_images/2001/ndvi/karnataka_2001_moong_green_gram_kharif_ndvi.png,
karnataka|moong green gram|2001|rabi,Karnataka,Moong(Green Gram),2001,Rabi,0.282941176,train,datasets/test_images/2001/rgb/karnataka_2001_moong_green_gram_rabi_rgb.png,datasets/test_images/2001/ndvi/karnataka_2001_moong_green_gram_rabi_ndvi.png,
kerala|rice|2001|summer,Kerala,Rice,2001,Summer,2.151428571,train,datasets/test_images/2001/rgb/kerala_2001_rice_summer_rgb.png,datasets/test_images/2001/ndvi/kerala_2001_rice_summer_ndvi.png,
madhya pradesh|maize|2001|kharif,Madhya Pradesh,Maize,2001,Kharif,1.943555556,train,datasets/test_images/2001/rgb/madhya_pradesh_2001_maize_kharif_rgb.png,datasets/test_images/2001/ndvi/madhya_pradesh_2001_maize_kharif_ndvi.png,
maharashtra|maize|2001|rabi,Maharashtra,Maize,2001,Rabi,1.887142857,train,datasets/test_images/2001/rgb/maharashtra_2001_maize_rabi_rgb.png,datasets/test_images/2001/ndvi/maharashtra_2001_maize_rabi_ndvi.png,
maharashtra|maize|2001|summer,Maharashtra,Maize,2001,Summer,1.293529412,train,datasets/test_images/2001/rgb/maharashtra_2001_maize_summer_rgb.png,datasets/test_images/2001/ndvi/maharashtra_2001_maize_summer_ndvi.png,
maharashtra|moong green gram|2001|kharif,Maharashtra,Moong(Green Gram),2001,Kharif,0.501515152,train,datasets/test_images/2001/rgb/maharashtra_2001_moong_green_gram_kharif_rgb.png,datasets/test_images/2001/ndvi/maharashtra_2001_moong_green_gram_kharif_ndvi.png,
maharashtra|rice|2001|summer,Maharashtra,Rice,2001,Summer,2.192,train,datasets/test_images/2001/rgb/maharashtra_2001_rice_summer_rgb.png,datasets/test_images/2001/ndvi/maharashtra_2001_rice_summer_ndvi.png,
manipur|maize|2001|kharif,Manipur,Maize,2001,Kharif,2.0125,train,datasets/test_images/2001/rgb/manipur_2001_maize_kharif_rgb.png,datasets/test_images/2001/ndvi/manipur_2001_maize_kharif_ndvi.png,
mizoram|moong green gram|2001|kharif,Mizoram,Moong(Green Gram),2001,Kharif,0.69,train,datasets/test_images/2001/rgb/mizoram_2001_moong_green_gram_kharif_rgb.png,datasets/test_images/2001/ndvi/mizoram_2001_moong_green_gram_kharif_ndvi.png,
mizoram|moong green gram|2001|rabi,Mizoram,Moong(Green Gram),2001,Rabi,1.05,train,datasets/test_images/2001/rgb/mizoram_2001_moong_green_gram_rabi_rgb.png,datasets/test_images/2001/ndvi/mizoram_2001_moong_green_gram_rabi_ndvi.png,
nagaland|moong green gram|2001|kharif,Nagaland,Moong(Green Gram),2001,Kharif,0.745,train,datasets/test_images/2001/rgb/nagaland_2001_moong_green_gram_kharif_rgb.png,datasets/test_images/2001/ndvi/nagaland_2001_moong_green_gram_kharif_ndvi.png,
nagaland|rice|2001|rabi,Nagaland,Rice,2001,Rabi,1.76,train,datasets/test_images/2001/rgb/nagaland_2001_rice_rabi_rgb.png,datasets/test_images/2001/ndvi/nagaland_2001_rice_rabi_ndvi.png,
odisha|moong green gram|2001|kharif,Odisha,Moong(Green Gram),2001,Kharif,0.235666667,train,datasets/test_images/2001/rgb/odisha_2001_moong_green_gram_kharif_rgb.png,datasets/test_images/2001/ndvi/odisha_2001_moong_green_gram_kharif_ndvi.png,
puducherry|rice|2001|kharif,Puducherry,Rice,2001,Kharif,2.415,train,datasets/test_images/2001/rgb/puducherry_2001_rice_kharif_rgb.png,datasets/test_images/2001/ndvi/puducherry_2001_rice_kharif_ndvi.png,
punjab|maize|2001|kharif,Punjab,Maize,2001,Kharif,2.7625,train,datasets/test_images/2001/rgb/punjab_2001_maize_kharif_rgb.png,datasets/test_images/2001/ndvi/punjab_2001_maize_kharif_ndvi.png,
punjab|moong green gram|2001|kharif,Punjab,Moong(Green Gram),2001,Kharif,0.562307692,train,datasets/test_images/2001/rgb/punjab_2001_moong_green_gram_kharif_rgb.png,datasets/test_images/2001/ndvi/punjab_2001_moong_green_gram_kharif_ndvi.png,
sikkim|maize|2001|whole year,Sikkim,Maize,2001,Whole Year,0.5,train,datasets/test_images/2001/rgb/sikkim_2001_maize_whole_year_rgb.png,datasets/test_images/2001/ndvi/sikkim_2001_maize_whole_year_ndvi.png,
tamil nadu|rice|2001|kharif,Tamil Nadu,Rice,2001,Kharif,3.532857143,train,datasets/test_images/2001/rgb/tamil_nadu_2001_rice_kharif_rgb.png,datasets/test_images/2001/ndvi/tamil_nadu_2001_rice_kharif_ndvi.png,
tripura|maize|2001|kharif,Tripura,Maize,2001,Kharif,0.99,train,datasets/test_images/2001/rgb/tripura_2001_maize_kharif_rgb.png,datasets/test_images/2001/ndvi/tripura_2001_maize_kharif_ndvi.png,
tripura|moong green gram|2001|whole year,Tripura,Moong(Green Gram),2001,Whole Year,0.7325,train,datasets/test_images/2001/rgb/tripura_2001_moong(green_gram)_whole_year_rgb.png,datasets/test_images/2001/ndvi/tripura_2001_moong(green_gram)_whole_year_ndvi.png,
uttar pradesh|moong green gram|2001|kharif,Uttar Pradesh,Moong(Green Gram),2001,Kharif,0.270909091,train,datasets/test_images/2001/rgb/uttar_pradesh_2001_moong_green_gram_kharif_rgb.png,datasets/test_images/2001/ndvi/uttar_pradesh_2001_moong_green_gram_kharif_ndvi.png,
uttar pradesh|moong green gram|2001|rabi,Uttar Pradesh,Moong(Green Gram),2001,Rabi,0.503421053,train,datasets/test_images/2001/rgb/uttar_pradesh_2001_moong_green_gram_rabi_rgb.png,datasets/test_images/2001/ndvi/uttar_pradesh_2001_moong_green_gram_rabi_ndvi.png,
uttar pradesh|rice|2001|summer,Uttar Pradesh,Rice,2001,Summer,2.097777778,train,datasets/test_images/2001/rgb/uttar_pradesh_2001_rice_summer_rgb.png,datasets/test_images/2001/ndvi/uttar_pradesh_2001_rice_summer_ndvi.png,
uttarakhand|moong green gram|2001|kharif,Uttarakhand,Moong(Green Gram),2001,Kharif,0.3425,train,datasets/test_images/2001/rgb/uttarakhand_2001_moong_green_gram_kharif_rgb.png,datasets/test_images/2001/ndvi/uttarakhand_2001_moong_green_gram_kharif_ndvi.png,
uttarakhand|moong green gram|2001|rabi,Uttarakhand,Moong(Green Gram),2001,Rabi,0.286666667,train,datasets/test_images/2001/rgb/uttarakhand_2001_moong_green_gram_rabi_rgb.png,datasets/test_images/2001/ndvi/uttarakhand_2001_moong_green_gram_rabi_ndvi.png,
west bengal|moong green gram|2001|kharif,West Bengal,Moong(Green Gram),2001,Kharif,0.556666667,train,datasets/test_images/2001/rgb/west_bengal_2001_moong_green_gram_kharif_rgb.png,datasets/test_images/2001/ndvi/west_bengal_2001_moong_green_gram_kharif_ndvi.png,
west bengal|moong green gram|2001|summer,West Bengal,Moong(Green Gram),2001,Summer,0.549444444,train,datasets/test_images/2001/rgb/west_bengal_2001_moong_green_gram_summer_rgb.png,datasets/test_images/2001/ndvi/west_bengal_2001_moong_green_gram_summer_ndvi.png,
west bengal|rice|2001|summer,West Bengal,Rice,2001,Summer,2.788823529,train,datasets/test_images/2001/rgb/west_bengal_2001_rice_summer_rgb.png,datasets/test_images/2001/ndvi/west_bengal_2001_rice_summer_ndvi.png,
andhra pradesh|moong green gram|2002|kharif,Andhra Pradesh,Moong(Green Gram),2002,Kharif,0.217272727,train,datasets/test_images/2002/rgb/andhra_pradesh_2002_moong_green_gram_kharif_rgb.png,datasets/test_images/2002/ndvi/andhra_pradesh_2002_moong_green_gram_kharif_ndvi.png,
andhra pradesh|moong green gram|2002|rabi,Andhra Pradesh,Moong(Green Gram),2002,Rabi,0.291,train,datasets/test_images/2002/rgb/andhra_pradesh_2002_moong_green_gram_rabi_rgb.png,datasets/test_images/2002/ndvi/andhra_pradesh_2002_moong_green_gram_rabi_ndvi.png,
arunachal pradesh|maize|2002|kharif,Arunachal Pradesh,Maize,2002,Kharif,1.402,train,datasets/test_images/2002/rgb/arunachal_pradesh_2002_maize_rgb.png,datasets/test_images/2002/ndvi/arunachal_pradesh_2002_maize_ndvi.png,
assam|rice|2002|summer,Assam,Rice,2002,Summer,1.794347826,train,datasets/test_images/2002/rgb/assam_2002_rice_summer_rgb.png,datasets/test_images/2002/ndvi/assam_2002_rice_summer_ndvi.png,
bihar|maize|2002|autumn,Bihar,Maize,2002,Autumn,1.757567568,train,datasets/test_images/2002/rgb/bihar_2002_maize_autumn_rgb.png,datasets/test_images/2002/ndvi/bihar_2002_maize_autumn_ndvi.png,
bihar|maize|2002|rabi,Bihar,Maize,2002,Rabi,2.553513514,train,datasets/test_images/2002/rgb/bihar_2002_maize_rabi_rgb.png,datasets/test_images/2002/ndvi/bihar_2002_maize_rabi_ndvi.png,
bihar|maize|2002|summer,Bihar,Maize,2002,Summer,2.609459459,train,datasets/test_images/2002/rgb/bihar_2002_maize_summer_rgb.png,datasets/test_images/2002/ndvi/bihar_2002_maize_summer_ndvi.png,
bihar|moong green gram|2002|summer,Bihar,Moong(Green Gram),2002,Summer,0.586,train,datasets/test_images/2002/rgb/bihar_2002_moong_green_gram_summer_rgb.png,datasets/test_images/2002/ndvi/bihar_2002_moong_green_gram_summer_ndvi.png,
bihar|rice|2002|autumn,Bihar,Rice,2002,Autumn,1.060714286,train,datasets/test_images/2002/rgb/bihar_2002_rice_autumn_rgb.png,datasets/test_images/2002/ndvi/bihar_2002_rice_autumn_ndvi.png,
bihar|rice|2002|summer,Bihar,Rice,2002,Summer,1.625517241,train,datasets/test_images/2002/rgb/bihar_2002_rice_summer_rgb.png,datasets/test_images/2002/ndvi/bihar_2002_rice_summer_ndvi.png,
bihar|rice|2002|winter,Bihar,Rice,2002,Winter,1.345945946,train,datasets/test_images/2002/rgb/bihar_2002_rice_winter_rgb.png,datasets/test_images/2002/ndvi/bihar_2002_rice_winter_ndvi.png,
chhattisgarh|moong green gram|2002|kharif,Chhattisgarh,Moong(Green Gram),2002,Kharif,0.21125,train,datasets/test_images/2002/rgb/chhattisgarh_2002_moong_green_gram_kharif_rgb.png,datasets/test_images/2002/ndvi/chhattisgarh_2002_moong_green_gram_kharif_ndvi.png,
goa|rice|2002|kharif,Goa,Rice,2002,Kharif,2.67,train,datasets/test_images/2002/rgb/goa_2002_rice_kharif_rgb.png,datasets/test_images/2002/ndvi/goa_2002_rice_kharif_ndvi.png,
goa|rice|2002|rabi,Goa,Rice,2002,Rabi,2.72,train,datasets/test_images/2002/rgb/goa_2002_rice_rabi_rgb.png,datasets/test_images/2002/ndvi/goa_2002_rice_rabi_ndvi.png,
gujarat|moong green gram|2002|kharif,Gujarat,Moong(Green Gram),2002,Kharif,0.282777778,train,datasets/test_images/2002/rgb/gujarat_2002_moong_green_gram_kharif_rgb.png,datasets/test_images/2002/ndvi/gujarat_2002_moong_green_gram_kharif_ndvi.png,
gujarat|rice|2002|summer,Gujarat,Rice,2002,Summer,4.53,train,datasets/test_images/2002/rgb/gujarat_2002_rice_summer_rgb.png,datasets/test_images/2002/ndvi/gujarat_2002_rice_summer_ndvi.png,
haryana|moong green gram|2002|kharif,Haryana,Moong(Green Gram),2002,Kharif,0.138,train,datasets/test_images/2002/rgb/haryana_2002_moong_green_gram_kharif_rgb.png,datasets/test_images/2002/ndvi/haryana_2002_moong_green_gram_kharif_ndvi.png,
himachal pradesh|moong green gram|2002|kharif,Himachal Pradesh,Moong(Green Gram),2002,Kharif,0.241666667,train,datasets/test_images/2002/rgb/himachal_pradesh_2002_moong_green_gram_kharif_rgb.png,datasets/test_images/2002/ndvi/himachal_pradesh_2002_moong_green_gram_kharif_ndvi.png,
jammu and kashmir|moong green gram|2002|kharif,Jammu and Kashmir,Moong(Green Gram),2002,Kharif,0.5075,train,datasets/test_images/2002/rgb/jammu_and_kashmir_2002_moong_green_gram_kharif_rgb.png,datasets/test_images/2002/ndvi/jammu_and_kashmir_2002_moong_green_gram_kharif_ndvi.png,
karnataka|maize|2002|summer,Karnataka,Maize,2002,Summer,2.472173913,train,datasets/test_images/2002/rgb/karnataka_2002_maize_summer_rgb.png,datasets/test_images/2002/ndvi/karnataka_2002_maize_summer_ndvi.png,
karnataka|moong green gram|2002|kharif,Karnataka,Moong(Green Gram),2002,Kharif,0.079565217,train,datasets/test_images/2002/rgb/karnataka_2002_moong_green_gram_kharif_rgb.png,datasets/test_images/2002/ndvi/karnataka_2002_moong_green_gram_kharif_ndvi.png,
karnataka|moong green gram|2002|rabi,Karnataka,Moong(Green Gram),2002,Rabi,0.171764706,train,datasets/test_images/2002/rgb/karnataka_2002_moong_green_gram_rabi_rgb.png,datasets/test_images/2002/ndvi/karnataka_2002_moong_green_gram_rabi_ndvi.png,
karnataka|rice|2002|summer,Karnataka,Rice,2002,Summer,2.378,train,datasets/test_images/2002/rgb/karnataka_2002_rice_summer_rgb.png,datasets/test_images/2002/ndvi/karnataka_2002_rice_summer_ndvi.png,
kerala|rice|2002|summer,Kerala,Rice,2002,Summer,2.212142857,train,datasets/test_images/2002/rgb/kerala_2002_rice_summer_rgb.png,datasets/test_images/2002/ndvi/kerala_2002_rice_summer_ndvi.png,
madhya pradesh|maize|2002|kharif,Madhya Pradesh,Maize,2002,Kharif,1.662,train,datasets/test_images/2002/rgb/madhya_pradesh_2002_maize_kharif_rgb.png,datasets/test_images/2002/ndvi/madhya_pradesh_2002_maize_kharif_ndvi.png,
maharashtra|maize|2002|rabi,Maharashtra,Maize,2002,Rabi,1.382727273,train,datasets/test_images/2002/rgb/maharashtra_2002_maize_rabi_rgb.png,datasets/test_images/2002/ndvi/maharashtra_2002_maize_rabi_ndvi.png,
maharashtra|maize|2002|summer,Maharashtra,Maize,2002,Summer,1.386315789,train,datasets/test_images/2002/rgb/maharashtra_2002_maize_summer_rgb.png,datasets/test_images/2002/ndvi/maharashtra_2002_maize_summer_ndvi.png,
maharashtra|moong green gram|2002|kharif,Maharashtra,Moong(Green Gram),2002,Kharif,0.573636364,train,datasets/test_images/2002/rgb/maharashtra_2002_moong_green_gram_kharif_rgb.png,datasets/test_images/2002/ndvi/maharashtra_2002_moong_green_gram_kharif_ndvi.png,
maharashtra|rice|2002|summer,Maharashtra,Rice,2002,Summer,2.288,train,datasets/test_images/2002/rgb/maharashtra_2002_rice_summer_rgb.png,datasets/test_images/2002/ndvi/maharashtra_2002_rice_summer_ndvi.png,
manipur|maize|2002|kharif,Manipur,Maize,2002,Kharif,2.2,train,datasets/test_images/2002/rgb/manipur_2002_maize_rgb.png,datasets/test_images/2002/ndvi/manipur_2002_maize_ndvi.png,
mizoram|moong green gram|2002|kharif,Mizoram,Moong(Green Gram),2002,Kharif,0.69,train,datasets/test_images/2002/rgb/mizoram_2002_moong_green_gram_kharif_rgb.png,datasets/test_images/2002/ndvi/mizoram_2002_moong_green_gram_kharif_ndvi.png,
mizoram|moong green gram|2002|rabi,Mizoram,Moong(Green Gram),2002,Rabi,0.866666667,train,datasets/test_images/2002/rgb/mizoram_2002_moong_green_gram_rabi_rgb.png,datasets/test_images/2002/ndvi/mizoram_2002_moong_green_gram_rabi_ndvi.png,
nagaland|maize|2002|kharif,Nagaland,Maize,2002,Kharif,2.02875,train,datasets/test_images/2002/rgb/nagaland_2002_maize_kharif_rgb.png,datasets/test_images/2002/ndvi/nagaland_2002_maize_kharif_ndvi.png,
nagaland|moong green gram|2002|kharif,Nagaland,Moong(Green Gram),2002,Kharif,1.1575,train,datasets/test_images/2002/rgb/nagaland_2002_moong_green_gram_kharif_rgb.png,datasets/test_images/2002/ndvi/nagaland_2002_moong_green_gram_kharif_ndvi.png,
odisha|moong green gram|2002|kharif,Odisha,Moong(Green Gram),2002,Kharif,0.205666667,train,datasets/test_images/2002/rgb/odisha_2002_moong_green_gram_kharif_rgb.png,datasets/test_images/2002/ndvi/odisha_2002_moong_green_gram_kharif_ndvi.png,
puducherry|rice|2002|kharif,Puducherry,Rice,2002,Kharif,2.56,train,datasets/test_images/2002/rgb/puducherry_2002_rice_rgb.png,datasets/test_images/2002/ndvi/puducherry_2002_rice_ndvi.png,
punjab|moong green gram|2002|kharif,Punjab,Moong(Green Gram),2002,Kharif,0.703846154,train,datasets/test_images/2002/rgb/punjab_2002_moong_green_gram_kharif_rgb.png,datasets/test_images/2002/ndvi/punjab_2002_moong_green_gram_kharif_ndvi.png,
tamil nadu|moong green gram|2002|kharif,Tamil Nadu,Moong(Green Gram),2002,Kharif,0.411851852,train,datasets/test_images/2002/rgb/tamil_nadu_2002_moong_green_gram_kharif_rgb.png,datasets/test_images/2002/ndvi/tamil_nadu_2002_moong_green_gram_kharif_ndvi.png,
tripura|maize|2002|kharif,Tripura,Maize,2002,Kharif,0.9525,train,datasets/test_images/2002/rgb/tripura_2002_maize_rgb.png,datasets/test_images/2002/ndvi/tripura_2002_maize_ndvi.png,
tripura|moong green gram|2002|whole year,Tripura,Moong(Green Gram),2002,Whole Year,0.695,train,datasets/test_images/2002/rgb/tripura_2002_moong(green_gram)_whole_year_rgb.png,datasets/test_images/2002/ndvi/tripura_2002_moong(green_gram)_whole_year_ndvi.png,
uttar pradesh|moong green gram|2002|kharif,Uttar Pradesh,Moong(Green Gram),2002,Kharif,0.382741935,train,datasets/test_images/2002/rgb/uttar_pradesh_2002_moong_green_gram_kharif_rgb.png,datasets/test_images/2002/ndvi/uttar_pradesh_2002_moong_green_gram_kharif_ndvi.png,
uttarakhand|moong green gram|2002|kharif,Uttarakhand,Moong(Green Gram),2002,Kharif,0.37,train,datasets/test_images/2002/rgb/uttarakhand_2002_moong_green_gram_kharif_rgb.png,datasets/test_images/2002/ndvi/uttarakhand_2002_moong_green_gram_kharif_ndvi.png,
uttarakhand|moong green gram|2002|rabi,Uttarakhand,Moong(Green Gram),2002,Rabi,0.25,train,datasets/test_images/2002/rgb/uttarakhand_2002_moong_green_gram_rabi_rgb.png,datasets/test_images/2002/ndvi/uttarakhand_2002_moong_green_gram_rabi_ndvi.png,
uttarakhand|moong green gram|2002|summer,Uttarakhand,Moong(Green Gram),2002,Summer,0.58,train,datasets/test_images/2002/rgb/uttarakhand_2002_moong(green_gram)_summer_rgb.png,datasets/test_images/2002/ndvi/uttarakhand_2002_moong(green_gram)_summer_ndvi.png,
west bengal|moong green gram|2002|kharif,West Bengal,Moong(Green Gram),2002,Kharif,0.532857143,train,datasets/test_images/2002/rgb/west_bengal_2002_moong_green_gram_kharif_rgb.png,datasets/test_images/2002/ndvi/west_bengal_2002_moong_green_gram_kharif_ndvi.png,
west bengal|moong green gram|2002|summer,West Bengal,Moong(Green Gram),2002,Summer,0.596875,train,datasets/test_images/2002/rgb/west_bengal_2002_moong_green_gram_summer_rgb.png,datasets/test_images/2002/ndvi/west_bengal_2002_moong_green_gram_summer_ndvi.png,
west bengal|rice|2002|summer,West Bengal,Rice,2002,Summer,2.747777778,train,datasets/test_images/2002/rgb/west_bengal_2002_rice_summer_rgb.png,datasets/test_images/2002/ndvi/west_bengal_2002_rice_summer_ndvi.png,
andhra pradesh|moong green gram|2003|kharif,Andhra Pradesh,Moong(Green Gram),2003,Kharif,0.495,train,datasets/test_images/2003/rgb/andhra_pradesh_2003_moong_green_gram_kharif_rgb.png,datasets/test_images/2003/ndvi/andhra_pradesh_2003_moong_green_gram_kharif_ndvi.png,
andhra pradesh|moong green gram|2003|rabi,Andhra Pradesh,Moong(Green Gram),2003,Rabi,0.353,train,datasets/test_images/2003/rgb/andhra_pradesh_2003_moong_green_gram_rabi_rgb.png,datasets/test_images/2003/ndvi/andhra_pradesh_2003_moong_green_gram_rabi_ndvi.png,
arunachal pradesh|maize|2003|kharif,Arunachal Pradesh,Maize,2003,Kharif,1.446666667,train,datasets/test_images/2003/rgb/arunachal_pradesh_2003_maize_kharif_rgb.png,datasets/test_images/2003/ndvi/arunachal_pradesh_2003_maize_kharif_ndvi.png,
arunachal pradesh|rice|2003|kharif,Arunachal Pradesh,Rice,2003,Kharif,1.201333333,train,datasets/test_images/2003/rgb/arunachal_pradesh_2003_rice_rgb.png,datasets/test_images/2003/ndvi/arunachal_pradesh_2003_rice_ndvi.png,
bihar|moong green gram|2003|kharif,Bihar,Moong(Green Gram),2003,Kharif,0.527575758,train,datasets/test_images/2003/rgb/bihar_2003_moong_green_gram_kharif_rgb.png,datasets/test_images/2003/ndvi/bihar_2003_moong_green_gram_kharif_ndvi.png,
bihar|moong green gram|2003|rabi,Bihar,Moong(Green Gram),2003,Rabi,0.47,train,datasets/test_images/2003/rgb/bihar_2003_moong_green_gram_rabi_rgb.png,datasets/test_images/2003/ndvi/bihar_2003_moong_green_gram_rabi_ndvi.png,
bihar|moong green gram|2003|summer,Bihar,Moong(Green Gram),2003,Summer,0.496857143,train,datasets/test_images/2003/rgb/bihar_2003_moong_green_gram_summer_rgb.png,datasets/test_images/2003/ndvi/bihar_2003_moong_green_gram_summer_ndvi.png,
chhattisgarh|moong green gram|2003|kharif,Chhattisgarh,Moong(Green Gram),2003,Kharif,0.258125,train,datasets/test_images/2003/rgb/chhattisgarh_2003_moong_green_gram_kharif_rgb.png,datasets/test_images/2003/ndvi/chhattisgarh_2003_moong_green_gram_kharif_ndvi.png,
gujarat|moong green gram|2003|kharif,Gujarat,Moong(Green Gram),2003,Kharif,0.597083333,train,datasets/test_images/2003/rgb/gujarat_2003_moong_green_gram_kharif_rgb.png,datasets/test_images/2003/ndvi/gujarat_2003_moong_green_gram_kharif_ndvi.png,
haryana|moong green gram|2003|kharif,Haryana,Moong(Green Gram),2003,Kharif,0.081875,train,datasets/test_images/2003/rgb/haryana_2003_moong_green_gram_kharif_rgb.png,datasets/test_images/2003/ndvi/haryana_2003_moong_green_gram_kharif_ndvi.png,
jammu and kashmir|moong green gram|2003|kharif,Jammu and Kashmir,Moong(Green Gram),2003,Kharif,0.502857143,train,datasets/test_images/2003/rgb/jammu_and_kashmir_2003_moong_green_gram_kharif_rgb.png,datasets/test_images/2003/ndvi/jammu_and_kashmir_2003_moong_green_gram_kharif_ndvi.png,
karnataka|moong green gram|2003|kharif,Karnataka,Moong(Green Gram),2003,Kharif,0.097727273,train,datasets/test_images/2003/rgb/karnataka_2003_moong_green_gram_kharif_rgb.png,datasets/test_images/2003/ndvi/karnataka_2003_moong_green_gram_kharif_ndvi.png,
karnataka|moong green gram|2003|rabi,Karnataka,Moong(Green Gram),2003,Rabi,0.290666667,train,datasets/test_images/2003/rgb/karnataka_2003_moong_green_gram_rabi_rgb.png,datasets/test_images/2003/ndvi/karnataka_2003_moong_green_gram_rabi_ndvi.png,
madhya pradesh|moong green gram|2003|kharif,Madhya Pradesh,Moong(Green Gram),2003,Kharif,0.24,train,datasets/test_images/2003/rgb/madhya_pradesh_2003_moong_green_gram_kharif_rgb.png,datasets/test_images/2003/ndvi/madhya_pradesh_2003_moong_green_gram_kharif_ndvi.png,
maharashtra|moong green gram|2003|kharif,Maharashtra,Moong(Green Gram),2003,Kharif,0.583939394,train,datasets/test_images/2003/rgb/maharashtra_2003_moong_green_gram_kharif_rgb.png,datasets/test_images/2003/ndvi/maharashtra_2003_moong_green_gram_kharif_ndvi.png,
manipur|maize|2003|kharif,Manipur,Maize,2003,Kharif,2.76,train,datasets/test_images/2003/rgb/manipur_2003_maize_rgb.png,datasets/test_images/2003/ndvi/manipur_2003_maize_ndvi.png,
mizoram|moong green gram|2003|kharif,Mizoram,Moong(Green Gram),2003,Kharif,1.245,train,datasets/test_images/2003/rgb/mizoram_2003_moong_green_gram_kharif_rgb.png,datasets/test_images/2003/ndvi/mizoram_2003_moong_green_gram_kharif_ndvi.png,
mizoram|moong green gram|2003|rabi,Mizoram,Moong(Green Gram),2003,Rabi,0.944,train,datasets/test_images/2003/rgb/mizoram_2003_moong_green_gram_rabi_rgb.png,datasets/test_images/2003/ndvi/mizoram_2003_moong_green_gram_rabi_ndvi.png,
mizoram|rice|2003|kharif,Mizoram,Rice,2003,Kharif,1.925,train,datasets/test_images/2003/rgb/mizoram_2003_rice_rgb.png,datasets/test_images/2003/ndvi/mizoram_2003_rice_ndvi.png,
nagaland|moong green gram|2003|kharif,Nagaland,Moong(Green Gram),2003,Kharif,1.49375,train,datasets/test_images/2003/rgb/nagaland_2003_moong_green_gram_kharif_rgb.png,datasets/test_images/2003/ndvi/nagaland_2003_moong_green_gram_kharif_ndvi.png,
odisha|moong green gram|2003|kharif,Odisha,Moong(Green Gram),2003,Kharif,0.229333333,train,datasets/test_images/2003/rgb/odisha_2003_moong_green_gram_kharif_rgb.png,datasets/test_images/2003/ndvi/odisha_2003_moong_green_gram_kharif_ndvi.png,
odisha|rice|2003|kharif,Odisha,Rice,2003,Kharif,1.516333333,train,datasets/test_images/2003/rgb/odisha_2003_rice_rgb.png,datasets/test_images/2003/ndvi/odisha_2003_rice_ndvi.png,
punjab|moong green gram|2003|kharif,Punjab,Moong(Green Gram),2003,Kharif,0.815384615,train,datasets/test_images/2003/rgb/punjab_2003_moong_green_gram_kharif_rgb.png,datasets/test_images/2003/ndvi/punjab_2003_moong_green_gram_kharif_ndvi.png,
tamil nadu|moong green gram|2003|kharif,Tamil Nadu,Moong(Green Gram),2003,Kharif,0.407037037,train,datasets/test_images/2003/rgb/tamil_nadu_2003_moong_green_gram_kharif_rgb.png,datasets/test_images/2003/ndvi/tamil_nadu_2003_moong_green_gram_kharif_ndvi.png,
tripura|maize|2003|kharif,Tripura,Maize,2003,Kharif,0.9575,train,datasets/test_images/2003/rgb/tripura_2003_maize_rgb.png,datasets/test_images/2003/ndvi/tripura_2003_maize_ndvi.png,
tripura|moong green gram|2003|whole year,Tripura,Moong(Green Gram),2003,Whole Year,0.6775,train,datasets/test_images/2003/rgb/tripura_2003_moong(green_gram)_whole_year_rgb.png,datasets/test_images/2003/ndvi/tripura_2003_moong(green_gram)_whole_year_ndvi.png,
uttar pradesh|moong green gram|2003|kharif,Uttar Pradesh,Moong(Green Gram),2003,Kharif,0.2940625,train,datasets/test_images/2003/rgb/uttar_pradesh_2003_moong_green_gram_kharif_rgb.png,datasets/test_images/2003/ndvi/uttar_pradesh_2003_moong_green_gram_kharif_ndvi.png,
uttar pradesh|moong green gram|2003|summer,Uttar Pradesh,Moong(Green Gram),2003,Summer,0.556911765,train,datasets/test_images/2003/rgb/uttar_pradesh_2003_moong_green_gram_summer_rgb.png,datasets/test_images/2003/ndvi/uttar_pradesh_2003_moong_green_gram_summer_ndvi.png,
uttarakhand|moong green gram|2003|kharif,Uttarakhand,Moong(Green Gram),2003,Kharif,0.443333333,train,datasets/test_images/2003/rgb/uttarakhand_2003_moong_green_gram_kharif_rgb.png,datasets/test_images/2003/ndvi/uttarakhand_2003_moong_green_gram_kharif_ndvi.png,
uttarakhand|moong green gram|2003|summer,Uttarakhand,Moong(Green Gram),2003,Summer,0.305,train,datasets/test_images/2003/rgb/uttarakhand_2003_moong_green_gram_summer_rgb.png,datasets/test_images/2003/ndvi/uttarakhand_2003_moong_green_gram_summer_ndvi.png,
west bengal|moong green gram|2003|kharif,West Bengal,Moong(Green Gram),2003,Kharif,0.61,train,datasets/test_images/2003/rgb/west_bengal_2003_moong_green_gram_kharif_rgb.png,datasets/test_images/2003/ndvi/west_bengal_2003_moong_green_gram_kharif_ndvi.png,
west bengal|moong green gram|2003|summer,West Bengal,Moong(Green Gram),2003,Summer,0.428666667,train,datasets/test_images/2003/rgb/west_bengal_2003_moong_green_gram_summer_rgb.png,datasets/test_images/2003/ndvi/west_bengal_2003_moong_green_gram_summer_ndvi.png,
andhra pradesh|moong green gram|2004|kharif,Andhra Pradesh,Moong(Green Gram),2004,Kharif,0.367727273,train,datasets/test_images/2004/rgb/andhra_pradesh_2004_moong_green_gram_kharif_rgb.png,datasets/test_images/2004/ndvi/andhra_pradesh_2004_moong_green_gram_kharif_ndvi.png,
andhra pradesh|moong green gram|2004|rabi,Andhra Pradesh,Moong(Green Gram),2004,Rabi,0.368421053,train,datasets/test_images/2004/rgb/andhra_pradesh_2004_moong_green_gram_rabi_rgb.png,datasets/test_images/2004/ndvi/andhra_pradesh_2004_moong_green_gram_rabi_ndvi.png,
bihar|moong green gram|2004|kharif,Bihar,Moong(Green Gram),2004,Kharif,0.470555556,train,datasets/test_images/2004/rgb/bihar_2004_moong_green_gram_kharif_rgb.png,datasets/test_images/2004/ndvi/bihar_2004_moong_green_gram_kharif_ndvi.png,
bihar|moong green gram|2004|summer,Bihar,Moong(Green Gram),2004,Summer,0.501428571,train,datasets/test_images/2004/rgb/bihar_2004_moong_green_gram_summer_rgb.png,datasets/test_images/2004/ndvi/bihar_2004_moong_green_gram_summer_ndvi.png,
chhattisgarh|moong green gram|2004|kharif,Chhattisgarh,Moong(Green Gram),2004,Kharif,0.253125,train,datasets/test_images/2004/rgb/chhattisgarh_2004_moong_green_gram_kharif_rgb.png,datasets/test_images/2004/ndvi/chhattisgarh_2004_moong_green_gram_kharif_ndvi.png,
goa|rice|2004|kharif,Goa,Rice,2004,Kharif,2.75,train,datasets/test_images/2004/rgb/goa_2004_rice_rgb.png,datasets/test_images/2004/ndvi/goa_2004_rice_ndvi.png,
gujarat|moong green gram|2004|kharif,Gujarat,Moong(Green Gram),2004,Kharif,0.44875,train,datasets/test_images/2004/rgb/gujarat_2004_moong_green_gram_kharif_rgb.png,datasets/test_images/2004/ndvi/gujarat_2004_moong_green_gram_kharif_ndvi.png,
haryana|moong green gram|2004|kharif,Haryana,Moong(Green Gram),2004,Kharif,0.148823529,train,datasets/test_images/2004/rgb/haryana_2004_moong_green_gram_kharif_rgb.png,datasets/test_images/2004/ndvi/haryana_2004_moong_green_gram_kharif_ndvi.png,
jammu and kashmir|moong green gram|2004|kharif,Jammu and Kashmir,Moong(Green Gram),2004,Kharif,0.462222222,train,datasets/test_images/2004/rgb/jammu_and_kashmir_2004_moong_green_gram_kharif_rgb.png,datasets/test_images/2004/ndvi/jammu_and_kashmir_2004_moong_green_gram_kharif_ndvi.png,
karnataka|moong green gram|2004|kharif,Karnataka,Moong(Green Gram),2004,Kharif,0.170833333,train,datasets/test_images/2004/rgb/karnataka_2004_moong_green_gram_kharif_rgb.png,datasets/test_images/2004/ndvi/karnataka_2004_moong_green_gram_kharif_ndvi.png,
karnataka|moong green gram|2004|rabi,Karnataka,Moong(Green Gram),2004,Rabi,0.239411765,train,datasets/test_images/2004/rgb/karnataka_2004_moong_green_gram_rabi_rgb.png,datasets/test_images/2004/ndvi/karnataka_2004_moong_green_gram_rabi_ndvi.png,
madhya pradesh|urad|2004|rabi,Madhya Pradesh,Urad,2004,Rabi,0.28,train,datasets/test_images/2004/rgb/madhya_pradesh_2004_urad_rabi_rgb.png,datasets/test_images/2004/ndvi/madhya_pradesh_2004_urad_rabi_ndvi.png,
maharashtra|moong green gram|2004|kharif,Maharashtra,Moong(Green Gram),2004,Kharif,0.509090909,train,datasets/test_images/2004/rgb/maharashtra_2004_moong_green_gram_kharif_rgb.png,datasets/test_images/2004/ndvi/maharashtra_2004_moong_green_gram_kharif_ndvi.png,
manipur|maize|2004|kharif,Manipur,Maize,2004,Kharif,2.5225,train,datasets/test_images/2004/rgb/manipur_2004_maize_rgb.png,datasets/test_images/2004/ndvi/manipur_2004_maize_ndvi.png,
mizoram|moong green gram|2004|kharif,Mizoram,Moong(Green Gram),2004,Kharif,1.13,train,datasets/test_images/2004/rgb/mizoram_2004_moong_green_gram_kharif_rgb.png,datasets/test_images/2004/ndvi/mizoram_2004_moong_green_gram_kharif_ndvi.png,
mizoram|moong green gram|2004|rabi,Mizoram,Moong(Green Gram),2004,Rabi,1.18,train,datasets/test_images/2004/rgb/mizoram_2004_moong_green_gram_rabi_rgb.png,datasets/test_images/2004/ndvi/mizoram_2004_moong_green_gram_rabi_ndvi.png,
mizoram|rice|2004|kharif,Mizoram,Rice,2004,Kharif,1.9225,train,datasets/test_images/2004/rgb/mizoram_2004_rice_rgb.png,datasets/test_images/2004/ndvi/mizoram_2004_rice_ndvi.png,
nagaland|moong green gram|2004|kharif,Nagaland,Moong(Green Gram),2004,Kharif,0.621428571,train,datasets/test_images/2004/rgb/nagaland_2004_moong_green_gram_kharif_rgb.png,datasets/test_images/2004/ndvi/nagaland_2004_moong_green_gram_kharif_ndvi.png,
odisha|moong green gram|2004|autumn,Odisha,Moong(Green Gram),2004,Autumn,0.171176471,train,datasets/test_images/2004/rgb/odisha_2004_moong_green_gram_autumn_rgb.png,datasets/test_images/2004/ndvi/odisha_2004_moong_green_gram_autumn_ndvi.png,
odisha|moong green gram|2004|summer,Odisha,Moong(Green Gram),2004,Summer,0.275,train,datasets/test_images/2004/rgb/odisha_2004_moong_green_gram_summer_rgb.png,datasets/test_images/2004/ndvi/odisha_2004_moong_green_gram_summer_ndvi.png,
odisha|moong green gram|2004|winter,Odisha,Moong(Green Gram),2004,Winter,0.196666667,train,datasets/test_images/2004/rgb/odisha_2004_moong_green_gram_winter_rgb.png,datasets/test_images/2004/ndvi/odisha_2004_moong_green_gram_winter_ndvi.png,
punjab|moong green gram|2004|kharif,Punjab,Moong(Green Gram),2004,Kharif,0.811666667,train,datasets/test_images/2004/rgb/punjab_2004_moong_green_gram_kharif_rgb.png,datasets/test_images/2004/ndvi/punjab_2004_moong_green_gram_kharif_ndvi.png,
tamil nadu|moong green gram|2004|kharif,Tamil Nadu,Moong(Green Gram),2004,Kharif,0.417777778,train,datasets/test_images/2004/rgb/tamil_nadu_2004_moong_green_gram_kharif_rgb.png,datasets/test_images/2004/ndvi/tamil_nadu_2004_moong_green_gram_kharif_ndvi.png,
tripura|moong green gram|2004|kharif,Tripura,Moong(Green Gram),2004,Kharif,0.5375,train,datasets/test_images/2004/rgb/tripura_2004_moong_green_gram_kharif_rgb.png,datasets/test_images/2004/ndvi/tripura_2004_moong_green_gram_kharif_ndvi.png,
uttar pradesh|rice|2004|kharif,Uttar Pradesh,Rice,2004,Kharif,1.827714286,train,datasets/test_images/2004/rgb/uttar_pradesh_2004_rice_rgb.png,datasets/test_images/2004/ndvi/uttar_pradesh_2004_rice_ndvi.png,
uttarakhand|moong green gram|2004|kharif,Uttarakhand,Moong(Green Gram),2004,Kharif,0.166666667,train,datasets/test_images/2004/rgb/uttarakhand_2004_moong_green_gram_kharif_rgb.png,datasets/test_images/2004/ndvi/uttarakhand_2004_moong_green_gram_kharif_ndvi.png,
uttarakhand|moong green gram|2004|summer,Uttarakhand,Moong(Green Gram),2004,Summer,0.365,train,datasets/test_images/2004/rgb/uttarakhand_2004_moong_green_gram_summer_rgb.png,datasets/test_images/2004/ndvi/uttarakhand_2004_moong_green_gram_summer_ndvi.png,
west bengal|moong green gram|2004|kharif,West Bengal,Moong(Green Gram),2004,Kharif,0.484285714,train,datasets/test_images/2004/rgb/west_bengal_2004_moong_green_gram_kharif_rgb.png,datasets/test_images/2004/ndvi/west_bengal_2004_moong_green_gram_kharif_ndvi.png,
west bengal|moong green gram|2004|summer,West Bengal,Moong(Green Gram),2004,Summer,0.341875,train,datasets/test_images/2004/rgb/west_bengal_2004_moong_green_gram_summer_rgb.png,datasets/test_images/2004/ndvi/west_bengal_2004_moong_green_gram_summer_ndvi.png,
andhra pradesh|moong green gram|2005|kharif,Andhra Pradesh,Moong(Green Gram),2005,Kharif,0.582272727,train,datasets/test_images/2005/rgb/andhra_pradesh_2005_moong_green_gram_kharif_rgb.png,datasets/test_images/2005/ndvi/andhra_pradesh_2005_moong_green_gram_kharif_ndvi.png,
andhra pradesh|moong green gram|2005|rabi,Andhra Pradesh,Moong(Green Gram),2005,Rabi,0.448333333,train,datasets/test_images/2005/rgb/andhra_pradesh_2005_moong_green_gram_rabi_rgb.png,datasets/test_images/2005/ndvi/andhra_pradesh_2005_moong_green_gram_rabi_ndvi.png,
bihar|moong green gram|2005|kharif,Bihar,Moong(Green Gram),2005,Kharif,0.563714286,train,datasets/test_images/2005/rgb/bihar_2005_moong_green_gram_kharif_rgb.png,datasets/test_images/2005/ndvi/bihar_2005_moong_green_gram_kharif_ndvi.png,
bihar|moong green gram|2005|summer,Bihar,Moong(Green Gram),2005,Summer,0.591388889,train,datasets/test_images/2005/rgb/bihar_2005_moong_green_gram_summer_rgb.png,datasets/test_images/2005/ndvi/bihar_2005_moong_green_gram_summer_ndvi.png,
chhattisgarh|moong green gram|2005|kharif,Chhattisgarh,Moong(Green Gram),2005,Kharif,0.25,train,datasets/test_images/2005/rgb/chhattisgarh_2005_moong_green_gram_kharif_rgb.png,datasets/test_images/2005/ndvi/chhattisgarh_2005_moong_green_gram_kharif_ndvi.png,
goa|rice|2005|kharif,Goa,Rice,2005,Kharif,2.81,train,datasets/test_images/2005/rgb/goa_2005_rice_rgb.png,datasets/test_images/2005/ndvi/goa_2005_rice_ndvi.png,
gujarat|moong green gram|2005|kharif,Gujarat,Moong(Green Gram),2005,Kharif,0.587916667,train,datasets/test_images/2005/rgb/gujarat_2005_moong_green_gram_kharif_rgb.png,datasets/test_images/2005/ndvi/gujarat_2005_moong_green_gram_kharif_ndvi.png,
haryana|moong green gram|2005|kharif,Haryana,Moong(Green Gram),2005,Kharif,0.251764706,train,datasets/test_images/2005/rgb/haryana_2005_moong_green_gram_kharif_rgb.png,datasets/test_images/2005/ndvi/haryana_2005_moong_green_gram_kharif_ndvi.png,
himachal pradesh|moong green gram|2005|kharif,Himachal Pradesh,Moong(Green Gram),2005,Kharif,0.401111111,train,datasets/test_images/2005/rgb/himachal_pradesh_2005_moong_green_gram_kharif_rgb.png,datasets/test_images/2005/ndvi/himachal_pradesh_2005_moong_green_gram_kharif_ndvi.png,
jammu and kashmir|moong green gram|2005|kharif,Jammu and Kashmir,Moong(Green Gram),2005,Kharif,0.503333333,train,datasets/test_images/2005/rgb/jammu_and_kashmir_2005_moong_green_gram_kharif_rgb.png,datasets/test_images/2005/ndvi/jammu_and_kashmir_2005_moong_green_gram_kharif_ndvi.png,
karnataka|moong green gram|2005|kharif,Karnataka,Moong(Green Gram),2005,Kharif,0.242173913,train,datasets/test_images/2005/rgb/karnataka_2005_moong_green_gram_kharif_rgb.png,datasets/test_images/2005/ndvi/karnataka_2005_moong_green_gram_kharif_ndvi.png,
karnataka|moong green gram|2005|rabi,Karnataka,Moong(Green Gram),2005,Rabi,0.29125,train,datasets/test_images/2005/rgb/karnataka_2005_moong_green_gram_rabi_rgb.png,datasets/test_images/2005/ndvi/karnataka_2005_moong_green_gram_rabi_ndvi.png,
madhya pradesh|moong green gram|2005|kharif,Madhya Pradesh,Moong(Green Gram),2005,Kharif,0.323617021,train,datasets/test_images/2005/rgb/madhya_pradesh_2005_moong_green_gram_kharif_rgb.png,datasets/test_images/2005/ndvi/madhya_pradesh_2005_moong_green_gram_kharif_ndvi.png,
madhya pradesh|urad|2005|rabi,Madhya Pradesh,Urad,2005,Rabi,0.1975,train,datasets/test_images/2005/rgb/madhya_pradesh_2005_urad_rabi_rgb.png,datasets/test_images/2005/ndvi/madhya_pradesh_2005_urad_rabi_ndvi.png,
maharashtra|moong green gram|2005|kharif,Maharashtra,Moong(Green Gram),2005,Kharif,0.45969697,train,datasets/test_images/2005/rgb/maharashtra_2005_moong_green_gram_kharif_rgb.png,datasets/test_images/2005/ndvi/maharashtra_2005_moong_green_gram_kharif_ndvi.png,
manipur|maize|2005|kharif,Manipur,Maize,2005,Kharif,2.56,train,datasets/test_images/2005/rgb/manipur_2005_maize_rgb.png,datasets/test_images/2005/ndvi/manipur_2005_maize_ndvi.png,
mizoram|moong green gram|2005|kharif,Mizoram,Moong(Green Gram),2005,Kharif,0.94,train,datasets/test_images/2005/rgb/mizoram_2005_moong_green_gram_kharif_rgb.png,datasets/test_images/2005/ndvi/mizoram_2005_moong_green_gram_kharif_ndvi.png,
mizoram|moong green gram|2005|rabi,Mizoram,Moong(Green Gram),2005,Rabi,1.65,train,datasets/test_images/2005/rgb/mizoram_2005_moong_green_gram_rabi_rgb.png,datasets/test_images/2005/ndvi/mizoram_2005_moong_green_gram_rabi_ndvi.png,
mizoram|rice|2005|whole year,Mizoram,Rice,2005,Whole Year,1.9425,train,datasets/test_images/2005/rgb/mizoram_2005_rice_rgb.png,datasets/test_images/2005/ndvi/mizoram_2005_rice_ndvi.png,
nagaland|moong green gram|2005|kharif,Nagaland,Moong(Green Gram),2005,Kharif,0.83125,train,datasets/test_images/2005/rgb/nagaland_2005_moong_green_gram_kharif_rgb.png,datasets/test_images/2005/ndvi/nagaland_2005_moong_green_gram_kharif_ndvi.png,
odisha|moong green gram|2005|autumn,Odisha,Moong(Green Gram),2005,Autumn,0.175333333,train,datasets/test_images/2005/rgb/odisha_2005_moong_green_gram_autumn_rgb.png,datasets/test_images/2005/ndvi/odisha_2005_moong_green_gram_autumn_ndvi.png,
odisha|moong green gram|2005|summer,Odisha,Moong(Green Gram),2005,Summer,0.2875,train,datasets/test_images/2005/rgb/odisha_2005_moong_green_gram_summer_rgb.png,datasets/test_images/2005/ndvi/odisha_2005_moong_green_gram_summer_ndvi.png,
odisha|moong green gram|2005|winter,Odisha,Moong(Green Gram),2005,Winter,0.239259259,train,datasets/test_images/2005/rgb/odisha_2005_moong_green_gram_winter_rgb.png,datasets/test_images/2005/ndvi/odisha_2005_moong_green_gram_winter_ndvi.png,
punjab|moong green gram|2005|kharif,Punjab,Moong(Green Gram),2005,Kharif,0.839166667,train,datasets/test_images/2005/rgb/punjab_2005_moong_green_gram_kharif_rgb.png,datasets/test_images/2005/ndvi/punjab_2005_moong_green_gram_kharif_ndvi.png,
tamil nadu|moong green gram|2005|kharif,Tamil Nadu,Moong(Green Gram),2005,Kharif,0.383571429,train,datasets/test_images/2005/rgb/tamil_nadu_2005_moong_green_gram_kharif_rgb.png,datasets/test_images/2005/ndvi/tamil_nadu_2005_moong_green_gram_kharif_ndvi.png,
tripura|moong green gram|2005|kharif,Tripura,Moong(Green Gram),2005,Kharif,0.54,train,datasets/test_images/2005/rgb/tripura_2005_moong_green_gram_kharif_rgb.png,datasets/test_images/2005/ndvi/tripura_2005_moong_green_gram_kharif_ndvi.png,
uttarakhand|moong green gram|2005|kharif,Uttarakhand,Moong(Green Gram),2005,Kharif,0.0,train,datasets/test_images/2005/rgb/uttarakhand_2005_moong_green_gram_kharif_rgb.png,datasets/test_images/2005/ndvi/uttarakhand_2005_moong_green_gram_kharif_ndvi.png,
uttarakhand|moong green gram|2005|summer,Uttarakhand,Moong(Green Gram),2005,Summer,0.47,train,datasets/test_images/2005/rgb/uttarakhand_2005_moong_green_gram_summer_rgb.png,datasets/test_images/2005/ndvi/uttarakhand_2005_moong_green_gram_summer_ndvi.png,
west bengal|moong green gram|2005|kharif,West Bengal,Moong(Green Gram),2005,Kharif,0.565,train,datasets/test_images/2005/rgb/west_bengal_2005_moong_green_gram_kharif_rgb.png,datasets/test_images/2005/ndvi/west_bengal_2005_moong_green_gram_kharif_ndvi.png,
west bengal|moong green gram|2005|summer,West Bengal,Moong(Green Gram),2005,Summer,0.35125,train,datasets/test_images/2005/rgb/west_bengal_2005_moong_green_gram_summer_rgb.png,datasets/test_images/2005/ndvi/west_bengal_2005_moong_green_gram_summer_ndvi.png,
andhra pradesh|moong green gram|2006|kharif,Andhra Pradesh,Moong(Green Gram),2006,Kharif,0.312727273,train,datasets/test_images/2006/rgb/andhra_pradesh_2006_moong_green_gram_kharif_rgb.png,datasets/test_images/2006/ndvi/andhra_pradesh_2006_moong_green_gram_kharif_ndvi.png,
andhra pradesh|moong green gram|2006|rabi,Andhra Pradesh,Moong(Green Gram),2006,Rabi,0.597142857,train,datasets/test_images/2006/rgb/andhra_pradesh_2006_moong_green_gram_rabi_rgb.png,datasets/test_images/2006/ndvi/andhra_pradesh_2006_moong_green_gram_rabi_ndvi.png,
assam|rice|2006|summer,Assam,Rice,2006,Summer,1.837037037,train,datasets/test_images/2006/rgb/assam_2006_rice_summer_rgb.png,datasets/test_images/2006/ndvi/assam_2006_rice_summer_ndvi.png,
bihar|maize|2006|rabi,Bihar,Maize,2006,Rabi,3.231944444,train,datasets/test_images/2006/rgb/bihar_2006_maize_rabi_rgb.png,datasets/test_images/2006/ndvi/bihar_2006_maize_rabi_ndvi.png,
bihar|maize|2006|summer,Bihar,Maize,2006,Summer,3.389444444,train,datasets/test_images/2006/rgb/bihar_2006_maize_summer_rgb.png,datasets/test_images/2006/ndvi/bihar_2006_maize_summer_ndvi.png,
bihar|moong green gram|2006|kharif,Bihar,Moong(Green Gram),2006,Kharif,0.604516129,train,datasets/test_images/2006/rgb/bihar_2006_moong_green_gram_kharif_rgb.png,datasets/test_images/2006/ndvi/bihar_2006_moong_green_gram_kharif_ndvi.png,
bihar|moong green gram|2006|summer,Bihar,Moong(Green Gram),2006,Summer,0.548285714,train,datasets/test_images/2006/rgb/bihar_2006_moong_green_gram_summer_rgb.png,datasets/test_images/2006/ndvi/bihar_2006_moong_green_gram_summer_ndvi.png,
bihar|rice|2006|autumn,Bihar,Rice,2006,Autumn,0.962413793,train,datasets/test_images/2006/rgb/bihar_2006_rice_autumn_rgb.png,datasets/test_images/2006/ndvi/bihar_2006_rice_autumn_ndvi.png,
bihar|rice|2006|summer,Bihar,Rice,2006,Summer,1.45173913,train,datasets/test_images/2006/rgb/bihar_2006_rice_summer_rgb.png,datasets/test_images/2006/ndvi/bihar_2006_rice_summer_ndvi.png,
bihar|rice|2006|winter,Bihar,Rice,2006,Winter,1.482702703,train,datasets/test_images/2006/rgb/bihar_2006_rice_winter_rgb.png,datasets/test_images/2006/ndvi/bihar_2006_rice_winter_ndvi.png,
chhattisgarh|moong green gram|2006|kharif,Chhattisgarh,Moong(Green Gram),2006,Kharif,0.241111111,train,datasets/test_images/2006/rgb/chhattisgarh_2006_moong_green_gram_kharif_rgb.png,datasets/test_images/2006/ndvi/chhattisgarh_2006_moong_green_gram_kharif_ndvi.png,
goa|rice|2006|kharif,Goa,Rice,2006,Kharif,2.41,train,datasets/test_images/2006/rgb/goa_2006_rice_kharif_rgb.png,datasets/test_images/2006/ndvi/goa_2006_rice_kharif_ndvi.png,
gujarat|moong green gram|2006|kharif,Gujarat,Moong(Green Gram),2006,Kharif,0.365,train,datasets/test_images/2006/rgb/gujarat_2006_moong_green_gram_kharif_rgb.png,datasets/test_images/2006/ndvi/gujarat_2006_moong_green_gram_kharif_ndvi.png,
gujarat|rice|2006|summer,Gujarat,Rice,2006,Summer,2.855555556,train,datasets/test_images/2006/rgb/gujarat_2006_rice_summer_rgb.png,datasets/test_images/2006/ndvi/gujarat_2006_rice_summer_ndvi.png,
haryana|moong green gram|2006|kharif,Haryana,Moong(Green Gram),2006,Kharif,0.308947368,train,datasets/test_images/2006/rgb/haryana_2006_moong_green_gram_kharif_rgb.png,datasets/test_images/2006/ndvi/haryana_2006_moong_green_gram_kharif_ndvi.png,
himachal pradesh|moong green gram|2006|kharif,Himachal Pradesh,Moong(Green Gram),2006,Kharif,0.415555556,train,datasets/test_images/2006/rgb/himachal_pradesh_2006_moong_green_gram_kharif_rgb.png,datasets/test_images/2006/ndvi/himachal_pradesh_2006_moong_green_gram_kharif_ndvi.png,
jammu and kashmir|moong green gram|2006|kharif,Jammu and Kashmir,Moong(Green Gram),2006,Kharif,0.503333333,train,datasets/test_images/2006/rgb/jammu_and_kashmir_2006_moong_green_gram_kharif_rgb.png,datasets/test_images/2006/ndvi/jammu_and_kashmir_2006_moong_green_gram_kharif_ndvi.png,
jharkhand|maize|2006|autumn,Jharkhand,Maize,2006,Autumn,1.457272727,train,datasets/test_images/2006/rgb/jharkhand_2006_maize_autumn_rgb.png,datasets/test_images/2006/ndvi/jharkhand_2006_maize_autumn_ndvi.png,
jharkhand|rice|2006|autumn,Jharkhand,Rice,2006,Autumn,1.274545455,train,datasets/test_images/2006/rgb/jharkhand_2006_rice_autumn_rgb.png,datasets/test_images/2006/ndvi/jharkhand_2006_rice_autumn_ndvi.png,
jharkhand|rice|2006|winter,Jharkhand,Rice,2006,Winter,1.208181818,train,datasets/test_images/2006/rgb/jharkhand_2006_rice_winter_rgb.png,datasets/test_images/2006/ndvi/jharkhand_2006_rice_winter_ndvi.png,
karnataka|moong green gram|2006|kharif,Karnataka,Moong(Green Gram),2006,Kharif,0.158695652,train,datasets/test_images/2006/rgb/karnataka_2006_moong_green_gram_kharif_rgb.png,datasets/test_images/2006/ndvi/karnataka_2006_moong_green_gram_kharif_ndvi.png,
karnataka|moong green gram|2006|rabi,Karnataka,Moong(Green Gram),2006,Rabi,0.29375,train,datasets/test_images/2006/rgb/karnataka_2006_moong_green_gram_rabi_rgb.png,datasets/test_images/2006/ndvi/karnataka_2006_moong_green_gram_rabi_ndvi.png,
kerala|rice|2006|summer,Kerala,Rice,2006,Summer,2.497857143,train,datasets/test_images/2006/rgb/kerala_2006_rice_summer_rgb.png,datasets/test_images/2006/ndvi/kerala_2006_rice_summer_ndvi.png,
madhya pradesh|moong green gram|2006|kharif,Madhya Pradesh,Moong(Green Gram),2006,Kharif,0.325319149,train,datasets/test_images/2006/rgb/madhya_pradesh_2006_moong_green_gram_kharif_rgb.png,datasets/test_images/2006/ndvi/madhya_pradesh_2006_moong_green_gram_kharif_ndvi.png,
maharashtra|maize|2006|rabi,Maharashtra,Maize,2006,Rabi,2.1984,train,datasets/test_images/2006/rgb/maharashtra_2006_maize_rabi_rgb.png,datasets/test_images/2006/ndvi/maharashtra_2006_maize_rabi_ndvi.png,
maharashtra|maize|2006|summer,Maharashtra,Maize,2006,Summer,1.184761905,train,datasets/test_images/2006/rgb/maharashtra_2006_maize_summer_rgb.png,datasets/test_images/2006/ndvi/maharashtra_2006_maize_summer_ndvi.png,
maharashtra|moong green gram|2006|kharif,Maharashtra,Moong(Green Gram),2006,Kharif,0.538181818,train,datasets/test_images/2006/rgb/maharashtra_2006_moong_green_gram_kharif_rgb.png,datasets/test_images/2006/ndvi/maharashtra_2006_moong_green_gram_kharif_ndvi.png,
maharashtra|rice|2006|summer,Maharashtra,Rice,2006,Summer,2.176,train,datasets/test_images/2006/rgb/maharashtra_2006_rice_summer_rgb.png,datasets/test_images/2006/ndvi/maharashtra_2006_rice_summer_ndvi.png,
manipur|maize|2006|kharif,Manipur,Maize,2006,Kharif,2.48,train,datasets/test_images/2006/rgb/manipur_2006_maize_kharif_rgb.png,datasets/test_images/2006/ndvi/manipur_2006_maize_kharif_ndvi.png,
meghalaya|rice|2006|rabi,Meghalaya,Rice,2006,Rabi,2.077142857,train,datasets/test_images/2006/rgb/meghalaya_2006_rice_rabi_rgb.png,datasets/test_images/2006/ndvi/meghalaya_2006_rice_rabi_ndvi.png,
nagaland|maize|2006|kharif,Nagaland,Maize,2006,Kharif,1.67,train,datasets/test_images/2006/rgb/nagaland_2006_maize_kharif_rgb.png,datasets/test_images/2006/ndvi/nagaland_2006_maize_kharif_ndvi.png,
nagaland|moong green gram|2006|kharif,Nagaland,Moong(Green Gram),2006,Kharif,1.20375,train,datasets/test_images/2006/rgb/nagaland_2006_moong_green_gram_kharif_rgb.png,datasets/test_images/2006/ndvi/nagaland_2006_moong_green_gram_kharif_ndvi.png,
odisha|moong green gram|2006|autumn,Odisha,Moong(Green Gram),2006,Autumn,0.20125,train,datasets/test_images/2006/rgb/odisha_2006_moong_green_gram_autumn_rgb.png,datasets/test_images/2006/ndvi/odisha_2006_moong_green_gram_autumn_ndvi.png,
odisha|moong green gram|2006|summer,Odisha,Moong(Green Gram),2006,Summer,0.278275862,train,datasets/test_images/2006/rgb/odisha_2006_moong_green_gram_summer_rgb.png,datasets/test_images/2006/ndvi/odisha_2006_moong_green_gram_summer_ndvi.png,
odisha|moong green gram|2006|winter,Odisha,Moong(Green Gram),2006,Winter,0.23862069,train,datasets/test_images/2006/rgb/odisha_2006_moong_green_gram_winter_rgb.png,datasets/test_images/2006/ndvi/odisha_2006_moong_green_gram_winter_ndvi.png,
puducherry|rice|2006|kharif,Puducherry,Rice,2006,Kharif,2.64,train,datasets/test_images/2006/rgb/puducherry_2006_rice_kharif_rgb.png,datasets/test_images/2006/ndvi/puducherry_2006_rice_kharif_ndvi.png,
puducherry|rice|2006|rabi,Puducherry,Rice,2006,Rabi,4.05,train,datasets/test_images/2006/rgb/puducherry_2006_rice_rabi_rgb.png,datasets/test_images/2006/ndvi/puducherry_2006_rice_rabi_ndvi.png,
puducherry|rice|2006|summer,Puducherry,Rice,2006,Summer,3.05,train,datasets/test_images/2006/rgb/puducherry_2006_rice_summer_rgb.png,datasets/test_images/2006/ndvi/puducherry_2006_rice_summer_ndvi.png,
punjab|moong green gram|2006|kharif,Punjab,Moong(Green Gram),2006,Kharif,0.904545455,train,datasets/test_images/2006/rgb/punjab_2006_moong_green_gram_kharif_rgb.png,datasets/test_images/2006/ndvi/punjab_2006_moong_green_gram_kharif_ndvi.png,
tamil nadu|moong green gram|2006|whole year,Tamil Nadu,Moong(Green Gram),2006,Whole Year,0.588214286,train,datasets/test_images/2006/rgb/tamil_nadu_2006_moong_green_gram_whole_year_rgb.png,datasets/test_images/2006/ndvi/tamil_nadu_2006_moong_green_gram_whole_year_ndvi.png,
tamil nadu|rice|2006|kharif,Tamil Nadu,Rice,2006,Kharif,3.584827586,train,datasets/test_images/2006/rgb/tamil_nadu_2006_rice_kharif_rgb.png,datasets/test_images/2006/ndvi/tamil_nadu_2006_rice_kharif_ndvi.png,
tripura|moong green gram|2006|kharif,Tripura,Moong(Green Gram),2006,Kharif,0.515,train,datasets/test_images/2006/rgb/tripura_2006_moong_green_gram_kharif_rgb.png,datasets/test_images/2006/ndvi/tripura_2006_moong_green_gram_kharif_ndvi.png,
uttar pradesh|maize|2006|rabi,Uttar Pradesh,Maize,2006,Rabi,3.120454545,train,datasets/test_images/2006/rgb/uttar_pradesh_2006_maize_rabi_rgb.png,datasets/test_images/2006/ndvi/uttar_pradesh_2006_maize_rabi_ndvi.png,
uttar pradesh|maize|2006|summer,Uttar Pradesh,Maize,2006,Summer,1.325689655,train,datasets/test_images/2006/rgb/uttar_pradesh_2006_maize_summer_rgb.png,datasets/test_images/2006/ndvi/uttar_pradesh_2006_maize_summer_ndvi.png,
uttar pradesh|rice|2006|summer,Uttar Pradesh,Rice,2006,Summer,1.995,train,datasets/test_images/2006/rgb/uttar_pradesh_2006_rice_summer_rgb.png,datasets/test_images/2006/ndvi/uttar_pradesh_2006_rice_summer_ndvi.png,
uttarakhand|moong green gram|2006|kharif,Uttarakhand,Moong(Green Gram),2006,Kharif,1.0,train,datasets/test_images/2006/rgb/uttarakhand_2006_moong_green_gram_kharif_rgb.png,datasets/test_images/2006/ndvi/uttarakhand_2006_moong_green_gram_kharif_ndvi.png,
uttarakhand|moong green gram|2006|rabi,Uttarakhand,Moong(Green Gram),2006,Rabi,0.43,train,datasets/test_images/2006/rgb/uttarakhand_2006_moong_green_gram_rabi_rgb.png,datasets/test_images/2006/ndvi/uttarakhand_2006_moong_green_gram_rabi_ndvi.png,
west bengal|moong green gram|2006|kharif,West Bengal,Moong(Green Gram),2006,Kharif,0.4475,train,datasets/test_images/2006/rgb/west_bengal_2006_moong_green_gram_kharif_rgb.png,datasets/test_images/2006/ndvi/west_bengal_2006_moong_green_gram_kharif_ndvi.png,
west bengal|moong green gram|2006|summer,West Bengal,Moong(Green Gram),2006,Summer,0.403125,train,datasets/test_images/2006/rgb/west_bengal_2006_moong_green_gram_summer_rgb.png,datasets/test_images/2006/ndvi/west_bengal_2006_moong_green_gram_summer_ndvi.png,
west bengal|rice|2006|summer,West Bengal,Rice,2006,Summer,3.028888889,train,datasets/test_images/2006/rgb/west_bengal_2006_rice_summer_rgb.png,datasets/test_images/2006/ndvi/west_bengal_2006_rice_summer_ndvi.png,
andhra pradesh|moong green gram|2007|kharif,Andhra Pradesh,Moong(Green Gram),2007,Kharif,0.424210526,train,datasets/test_images/2007/rgb/andhra_pradesh_2007_moong_green_gram_kharif_rgb.png,datasets/test_images/2007/ndvi/andhra_pradesh_2007_moong_green_gram_kharif_ndvi.png,
andhra pradesh|moong green gram|2007|rabi,Andhra Pradesh,Moong(Green Gram),2007,Rabi,0.500769231,train,datasets/test_images/2007/rgb/andhra_pradesh_2007_moong_green_gram_rabi_rgb.png,datasets/test_images/2007/ndvi/andhra_pradesh_2007_moong_green_gram_rabi_ndvi.png,
assam|rice|2007|summer,Assam,Rice,2007,Summer,2.085925926,train,datasets/test_images/2007/rgb/assam_2007_rice_summer_rgb.png,datasets/test_images/2007/ndvi/assam_2007_rice_summer_ndvi.png,
bihar|maize|2007|autumn,Bihar,Maize,2007,Autumn,1.305526316,train,datasets/test_images/2007/rgb/bihar_2007_maize_autumn_rgb.png,datasets/test_images/2007/ndvi/bihar_2007_maize_autumn_ndvi.png,
bihar|maize|2007|rabi,Bihar,Maize,2007,Rabi,3.763611111,train,datasets/test_images/2007/rgb/bihar_2007_maize_rabi_rgb.png,datasets/test_images/2007/ndvi/bihar_2007_maize_rabi_ndvi.png,
bihar|maize|2007|summer,Bihar,Maize,2007,Summer,3.207142857,train,datasets/test_images/2007/rgb/bihar_2007_maize_summer_rgb.png,datasets/test_images/2007/ndvi/bihar_2007_maize_summer_ndvi.png,
bihar|moong green gram|2007|summer,Bihar,Moong(Green Gram),2007,Summer,0.644117647,train,datasets/test_images/2007/rgb/bihar_2007_moong_green_gram_summer_rgb.png,datasets/test_images/2007/ndvi/bihar_2007_moong_green_gram_summer_ndvi.png,
bihar|rice|2007|autumn,Bihar,Rice,2007,Autumn,0.617,train,datasets/test_images/2007/rgb/bihar_2007_rice_autumn_rgb.png,datasets/test_images/2007/ndvi/bihar_2007_rice_autumn_ndvi.png,
bihar|rice|2007|summer,Bihar,Rice,2007,Summer,1.416666667,train,datasets/test_images/2007/rgb/bihar_2007_rice_summer_rgb.png,datasets/test_images/2007/ndvi/bihar_2007_rice_summer_ndvi.png,
bihar|rice|2007|winter,Bihar,Rice,2007,Winter,1.260789474,train,datasets/test_images/2007/rgb/bihar_2007_rice_winter_rgb.png,datasets/test_images/2007/ndvi/bihar_2007_rice_winter_ndvi.png,
chhattisgarh|moong green gram|2007|kharif,Chhattisgarh,Moong(Green Gram),2007,Kharif,0.275,train,datasets/test_images/2007/rgb/chhattisgarh_2007_moong_green_gram_kharif_rgb.png,datasets/test_images/2007/ndvi/chhattisgarh_2007_moong_green_gram_kharif_ndvi.png,
goa|rice|2007|kharif,Goa,Rice,2007,Kharif,2.32,train,datasets/test_images/2007/rgb/goa_2007_rice_kharif_rgb.png,datasets/test_images/2007/ndvi/goa_2007_rice_kharif_ndvi.png,
gujarat|moong green gram|2007|kharif,Gujarat,Moong(Green Gram),2007,Kharif,0.56125,train,datasets/test_images/2007/rgb/gujarat_2007_moong_green_gram_kharif_rgb.png,datasets/test_images/2007/ndvi/gujarat_2007_moong_green_gram_kharif_ndvi.png,
gujarat|rice|2007|summer,Gujarat,Rice,2007,Summer,3.043333333,train,datasets/test_images/2007/rgb/gujarat_2007_rice_summer_rgb.png,datasets/test_images/2007/ndvi/gujarat_2007_rice_summer_ndvi.png,
haryana|moong green gram|2007|kharif,Haryana,Moong(Green Gram),2007,Kharif,0.193529412,train,datasets/test_images/2007/rgb/haryana_2007_moong_green_gram_kharif_rgb.png,datasets/test_images/2007/ndvi/haryana_2007_moong_green_gram_kharif_ndvi.png,
himachal pradesh|moong green gram|2007|kharif,Himachal Pradesh,Moong(Green Gram),2007,Kharif,0.467142857,train,datasets/test_images/2007/rgb/himachal_pradesh_2007_moong_green_gram_kharif_rgb.png,datasets/test_images/2007/ndvi/himachal_pradesh_2007_moong_green_gram_kharif_ndvi.png,
jammu and kashmir|moong green gram|2007|kharif,Jammu and Kashmir,Moong(Green Gram),2007,Kharif,0.504285714,train,datasets/test_images/2007/rgb/jammu_and_kashmir_2007_moong_green_gram_kharif_rgb.png,datasets/test_images/2007/ndvi/jammu_and_kashmir_2007_moong_green_gram_kharif_ndvi.png,
jharkhand|maize|2007|autumn,Jharkhand,Maize,2007,Autumn,1.367272727,train,datasets/test_images/2007/rgb/jharkhand_2007_maize_autumn_rgb.png,datasets/test_images/2007/ndvi/jharkhand_2007_maize_autumn_ndvi.png,
jharkhand|rice|2007|autumn,Jharkhand,Rice,2007,Autumn,0.899047619,train,datasets/test_images/2007/rgb/jharkhand_2007_rice_autumn_rgb.png,datasets/test_images/2007/ndvi/jharkhand_2007_rice_autumn_ndvi.png,
jharkhand|rice|2007|winter,Jharkhand,Rice,2007,Winter,1.306363636,train,datasets/test_images/2007/rgb/jharkhand_2007_rice_winter_rgb.png,datasets/test_images/2007/ndvi/jharkhand_2007_rice_winter_ndvi.png,
karnataka|moong green gram|2007|kharif,Karnataka,Moong(Green Gram),2007,Kharif,0.217391304,train,datasets/test_images/2007/rgb/karnataka_2007_moong_green_gram_kharif_rgb.png,datasets/test_images/2007/ndvi/karnataka_2007_moong_green_gram_kharif_ndvi.png,
karnataka|moong green gram|2007|rabi,Karnataka,Moong(Green Gram),2007,Rabi,0.344666667,train,datasets/test_images/2007/rgb/karnataka_2007_moong_green_gram_rabi_rgb.png,datasets/test_images/2007/ndvi/karnataka_2007_moong_green_gram_rabi_ndvi.png,
kerala|rice|2007|summer,Kerala,Rice,2007,Summer,2.335714286,train,datasets/test_images/2007/rgb/kerala_2007_rice_summer_rgb.png,datasets/test_images/2007/ndvi/kerala_2007_rice_summer_ndvi.png,
madhya pradesh|urad|2007|rabi,Madhya Pradesh,Urad,2007,Rabi,0.179411765,train,datasets/test_images/2007/rgb/madhya_pradesh_2007_urad_rabi_rgb.png,datasets/test_images/2007/ndvi/madhya_pradesh_2007_urad_rabi_ndvi.png,
maharashtra|maize|2007|rabi,Maharashtra,Maize,2007,Rabi,2.6852,train,datasets/test_images/2007/rgb/maharashtra_2007_maize_rabi_rgb.png,datasets/test_images/2007/ndvi/maharashtra_2007_maize_rabi_ndvi.png,
maharashtra|maize|2007|summer,Maharashtra,Maize,2007,Summer,1.413684211,train,datasets/test_images/2007/rgb/maharashtra_2007_maize_summer_rgb.png,datasets/test_images/2007/ndvi/maharashtra_2007_maize_summer_ndvi.png,
maharashtra|moong green gram|2007|kharif,Maharashtra,Moong(Green Gram),2007,Kharif,0.598181818,train,datasets/test_images/2007/rgb/maharashtra_2007_moong_green_gram_kharif_rgb.png,datasets/test_images/2007/ndvi/maharashtra_2007_moong_green_gram_kharif_ndvi.png,
maharashtra|rice|2007|summer,Maharashtra,Rice,2007,Summer,2.486,train,datasets/test_images/2007/rgb/maharashtra_2007_rice_summer_rgb.png,datasets/test_images/2007/ndvi/maharashtra_2007_rice_summer_ndvi.png,
manipur|maize|2007|kharif,Manipur,Maize,2007,Kharif,2.8025,train,datasets/test_images/2007/rgb/manipur_2007_maize_kharif_rgb.png,datasets/test_images/2007/ndvi/manipur_2007_maize_kharif_ndvi.png,
meghalaya|rice|2007|autumn,Meghalaya,Rice,2007,Autumn,1.498571429,train,datasets/test_images/2007/rgb/meghalaya_2007_rice_autumn_rgb.png,datasets/test_images/2007/ndvi/meghalaya_2007_rice_autumn_ndvi.png,
meghalaya|rice|2007|summer,Meghalaya,Rice,2007,Summer,2.022857143,train,datasets/test_images/2007/rgb/meghalaya_2007_rice_summer_rgb.png,datasets/test_images/2007/ndvi/meghalaya_2007_rice_summer_ndvi.png,
meghalaya|rice|2007|winter,Meghalaya,Rice,2007,Winter,1.812857143,train,datasets/test_images/2007/rgb/meghalaya_2007_rice_winter_rgb.png,datasets/test_images/2007/ndvi/meghalaya_2007_rice_winter_ndvi.png,
nagaland|maize|2007|kharif,Nagaland,Maize,2007,Kharif,1.835,train,datasets/test_images/2007/rgb/nagaland_2007_maize_kharif_rgb.png,datasets/test_images/2007/ndvi/nagaland_2007_maize_kharif_ndvi.png,
nagaland|maize|2007|rabi,Nagaland,Maize,2007,Rabi,1.91,train,datasets/test_images/2007/rgb/nagaland_2007_maize_rabi_rgb.png,datasets/test_images/2007/ndvi/nagaland_2007_maize_rabi_ndvi.png,
nagaland|moong green gram|2007|kharif,Nagaland,Moong(Green Gram),2007,Kharif,1.13,train,datasets/test_images/2007/rgb/nagaland_2007_moong_green_gram_kharif_rgb.png,datasets/test_images/2007/ndvi/nagaland_2007_moong_green_gram_kharif_ndvi.png,
odisha|moong green gram|2007|autumn,Odisha,Moong(Green Gram),2007,Autumn,0.199375,train,datasets/test_images/2007/rgb/odisha_2007_moong_green_gram_autumn_rgb.png,datasets/test_images/2007/ndvi/odisha_2007_moong_green_gram_autumn_ndvi.png,
odisha|moong green gram|2007|summer,Odisha,Moong(Green Gram),2007,Summer,0.288928571,train,datasets/test_images/2007/rgb/odisha_2007_moong_green_gram_summer_rgb.png,datasets/test_images/2007/ndvi/odisha_2007_moong_green_gram_summer_ndvi.png,
odisha|moong green gram|2007|winter,Odisha,Moong(Green Gram),2007,Winter,0.254074074,train,datasets/test_images/2007/rgb/odisha_2007_moong_green_gram_winter_rgb.png,datasets/test_images/2007/ndvi/odisha_2007_moong_green_gram_winter_ndvi.png,
puducherry|rice|2007|summer,Puducherry,Rice,2007,Summer,2.21,train,datasets/test_images/2007/rgb/puducherry_2007_rice_summer_rgb.png,datasets/test_images/2007/ndvi/puducherry_2007_rice_summer_ndvi.png,
punjab|moong green gram|2007|kharif,Punjab,Moong(Green Gram),2007,Kharif,0.779166667,train,datasets/test_images/2007/rgb/punjab_2007_moong_green_gram_kharif_rgb.png,datasets/test_images/2007/ndvi/punjab_2007_moong_green_gram_kharif_ndvi.png,
tamil nadu|moong green gram|2007|whole year,Tamil Nadu,Moong(Green Gram),2007,Whole Year,0.414285714,train,datasets/test_images/2007/rgb/tamil_nadu_2007_moong_green_gram_whole_year_rgb.png,datasets/test_images/2007/ndvi/tamil_nadu_2007_moong_green_gram_whole_year_ndvi.png,
tamil nadu|rice|2007|kharif,Tamil Nadu,Rice,2007,Kharif,3.213793103,train,datasets/test_images/2007/rgb/tamil_nadu_2007_rice_kharif_rgb.png,datasets/test_images/2007/ndvi/tamil_nadu_2007_rice_kharif_ndvi.png,
tripura|moong green gram|2007|kharif,Tripura,Moong(Green Gram),2007,Kharif,0.4975,train,datasets/test_images/2007/rgb/tripura_2007_moong_green_gram_kharif_rgb.png,datasets/test_images/2007/ndvi/tripura_2007_moong_green_gram_kharif_ndvi.png,
uttar pradesh|maize|2007|rabi,Uttar Pradesh,Maize,2007,Rabi,2.78,train,datasets/test_images/2007/rgb/uttar_pradesh_2007_maize_rabi_rgb.png,datasets/test_images/2007/ndvi/uttar_pradesh_2007_maize_rabi_ndvi.png,
uttar pradesh|moong green gram|2007|kharif,Uttar Pradesh,Moong(Green Gram),2007,Kharif,0.191636364,train,datasets/test_images/2007/rgb/uttar_pradesh_2007_moong_green_gram_kharif_rgb.png,datasets/test_images/2007/ndvi/uttar_pradesh_2007_moong_green_gram_kharif_ndvi.png,
uttar pradesh|moong green gram|2007|summer,Uttar Pradesh,Moong(Green Gram),2007,Summer,0.616896552,train,datasets/test_images/2007/rgb/uttar_pradesh_2007_moong_green_gram_summer_rgb.png,datasets/test_images/2007/ndvi/uttar_pradesh_2007_moong_green_gram_summer_ndvi.png,
uttar pradesh|rice|2007|summer,Uttar Pradesh,Rice,2007,Summer,2.152142857,train,datasets/test_images/2007/rgb/uttar_pradesh_2007_rice_summer_rgb.png,datasets/test_images/2007/ndvi/uttar_pradesh_2007_rice_summer_ndvi.png,
uttarakhand|moong green gram|2007|kharif,Uttarakhand,Moong(Green Gram),2007,Kharif,0.416666667,train,datasets/test_images/2007/rgb/uttarakhand_2007_moong_green_gram_kharif_rgb.png,datasets/test_images/2007/ndvi/uttarakhand_2007_moong_green_gram_kharif_ndvi.png,
uttarakhand|moong green gram|2007|summer,Uttarakhand,Moong(Green Gram),2007,Summer,0.316666667,train,datasets/test_images/2007/rgb/uttarakhand_2007_moong_green_gram_summer_rgb.png,datasets/test_images/2007/ndvi/uttarakhand_2007_moong_green_gram_summer_ndvi.png,
uttarakhand|rice|2007|summer,Uttarakhand,Rice,2007,Summer,3.423333333,train,datasets/test_images/2007/rgb/uttarakhand_2007_rice_summer_rgb.png,datasets/test_images/2007/ndvi/uttarakhand_2007_rice_summer_ndvi.png,
west bengal|moong green gram|2007|kharif,West Bengal,Moong(Green Gram),2007,Kharif,0.58,train,datasets/test_images/2007/rgb/west_bengal_2007_moong_green_gram_kharif_rgb.png,datasets/test_images/2007/ndvi/west_bengal_2007_moong_green_gram_kharif_ndvi.png,
west bengal|moong green gram|2007|rabi,West Bengal,Moong(Green Gram),2007,Rabi,0.697,train,datasets/test_images/2007/rgb/west_bengal_2007_moong_green_gram_rabi_rgb.png,datasets/test_images/2007/ndvi/west_bengal_2007_moong_green_gram_rabi_ndvi.png,
west bengal|moong green gram|2007|summer,West Bengal,Moong(Green Gram),2007,Summer,0.783125,train,datasets/test_images/2007/rgb/west_bengal_2007_moong_green_gram_summer_rgb.png,datasets/test_images/2007/ndvi/west_bengal_2007_moong_green_gram_summer_ndvi.png,
andhra pradesh|moong green gram|2008|kharif,Andhra Pradesh,Moong(Green Gram),2008,Kharif,0.436818182,train,datasets/test_images/2008/rgb/andhra_pradesh_2008_moong_green_gram_kharif_rgb.png,datasets/test_images/2008/ndvi/andhra_pradesh_2008_moong_green_gram_kharif_ndvi.png,
andhra pradesh|moong green gram|2008|rabi,Andhra Pradesh,Moong(Green Gram),2008,Rabi,0.582631579,train,datasets/test_images/2008/rgb/andhra_pradesh_2008_moong_green_gram_rabi_rgb.png,datasets/test_images/2008/ndvi/andhra_pradesh_2008_moong_green_gram_rabi_ndvi.png,
assam|rice|2008|summer,Assam,Rice,2008,Summer,1.951153846,train,datasets/test_images/2008/rgb/assam_2008_rice_summer_rgb.png,datasets/test_images/2008/ndvi/assam_2008_rice_summer_ndvi.png,
bihar|maize|2008|autumn,Bihar,Maize,2008,Autumn,1.592631579,train,datasets/test_images/2008/rgb/bihar_2008_maize_autumn_rgb.png,datasets/test_images/2008/ndvi/bihar_2008_maize_autumn_ndvi.png,
bihar|maize|2008|rabi,Bihar,Maize,2008,Rabi,3.186388889,train,datasets/test_images/2008/rgb/bihar_2008_maize_rabi_rgb.png,datasets/test_images/2008/ndvi/bihar_2008_maize_rabi_ndvi.png,
bihar|maize|2008|summer,Bihar,Maize,2008,Summer,3.203714286,train,datasets/test_images/2008/rgb/bihar_2008_maize_summer_rgb.png,datasets/test_images/2008/ndvi/bihar_2008_maize_summer_ndvi.png,
bihar|moong green gram|2008|summer,Bihar,Moong(Green Gram),2008,Summer,0.639428571,train,datasets/test_images/2008/rgb/bihar_2008_moong_green_gram_summer_rgb.png,datasets/test_images/2008/ndvi/bihar_2008_moong_green_gram_summer_ndvi.png,
bihar|rice|2008|autumn,Bihar,Rice,2008,Autumn,1.230344828,train,datasets/test_images/2008/rgb/bihar_2008_rice_autumn_rgb.png,datasets/test_images/2008/ndvi/bihar_2008_rice_autumn_ndvi.png,
bihar|rice|2008|summer,Bihar,Rice,2008,Summer,1.641,train,datasets/test_images/2008/rgb/bihar_2008_rice_summer_rgb.png,datasets/test_images/2008/ndvi/bihar_2008_rice_summer_ndvi.png,
bihar|rice|2008|winter,Bihar,Rice,2008,Winter,1.545789474,train,datasets/test_images/2008/rgb/bihar_2008_rice_winter_rgb.png,datasets/test_images/2008/ndvi/bihar_2008_rice_winter_ndvi.png,
chhattisgarh|moong green gram|2008|kharif,Chhattisgarh,Moong(Green Gram),2008,Kharif,0.252222222,train,datasets/test_images/2008/rgb/chhattisgarh_2008_moong_green_gram_kharif_rgb.png,datasets/test_images/2008/ndvi/chhattisgarh_2008_moong_green_gram_kharif_ndvi.png,
goa|rice|2008|kharif,Goa,Rice,2008,Kharif,2.325,train,datasets/test_images/2008/rgb/goa_2008_rice_kharif_rgb.png,datasets/test_images/2008/ndvi/goa_2008_rice_kharif_ndvi.png,
goa|rice|2008|rabi,Goa,Rice,2008,Rabi,2.755,train,datasets/test_images/2008/rgb/goa_2008_rice_rabi_rgb.png,datasets/test_images/2008/ndvi/goa_2008_rice_rabi_ndvi.png,
gujarat|moong green gram|2008|kharif,Gujarat,Moong(Green Gram),2008,Kharif,0.454,train,datasets/test_images/2008/rgb/gujarat_2008_moong_green_gram_kharif_rgb.png,datasets/test_images/2008/ndvi/gujarat_2008_moong_green_gram_kharif_ndvi.png,
gujarat|rice|2008|summer,Gujarat,Rice,2008,Summer,2.921111111,train,datasets/test_images/2008/rgb/gujarat_2008_rice_summer_rgb.png,datasets/test_images/2008/ndvi/gujarat_2008_rice_summer_ndvi.png,
haryana|moong green gram|2008|kharif,Haryana,Moong(Green Gram),2008,Kharif,0.197777778,train,datasets/test_images/2008/rgb/haryana_2008_moong_green_gram_kharif_rgb.png,datasets/test_images/2008/ndvi/haryana_2008_moong_green_gram_kharif_ndvi.png,
himachal pradesh|moong green gram|2008|kharif,Himachal Pradesh,Moong(Green Gram),2008,Kharif,0.32,train,datasets/test_images/2008/rgb/himachal_pradesh_2008_moong_green_gram_kharif_rgb.png,datasets/test_images/2008/ndvi/himachal_pradesh_2008_moong_green_gram_kharif_ndvi.png,
jammu and kashmir|urad|2008|rabi,Jammu and Kashmir,Urad,2008,Rabi,0.44,train,datasets/test_images/2008/rgb/jammu_and_kashmir_2008_urad_rabi_rgb.png,datasets/test_images/2008/ndvi/jammu_and_kashmir_2008_urad_rabi_ndvi.png,
jharkhand|maize|2008|autumn,Jharkhand,Maize,2008,Autumn,1.074166667,train,datasets/test_images/2008/rgb/jharkhand_2008_maize_autumn_rgb.png,datasets/test_images/2008/ndvi/jharkhand_2008_maize_autumn_ndvi.png,
jharkhand|rice|2008|autumn,Jharkhand,Rice,2008,Autumn,0.868695652,train,datasets/test_images/2008/rgb/jharkhand_2008_rice_autumn_rgb.png,datasets/test_images/2008/ndvi/jharkhand_2008_rice_autumn_ndvi.png,
jharkhand|rice|2008|winter,Jharkhand,Rice,2008,Winter,1.39125,train,datasets/test_images/2008/rgb/jharkhand_2008_rice_winter_rgb.png,datasets/test_images/2008/ndvi/jharkhand_2008_rice_winter_ndvi.png,
karnataka|moong green gram|2008|kharif,Karnataka,Moong(Green Gram),2008,Kharif,0.141304348,train,datasets/test_images/2008/rgb/karnataka_2008_moong_green_gram_kharif_rgb.png,datasets/test_images/2008/ndvi/karnataka_2008_moong_green_gram_kharif_ndvi.png,
karnataka|moong green gram|2008|rabi,Karnataka,Moong(Green Gram),2008,Rabi,0.267857143,train,datasets/test_images/2008/rgb/karnataka_2008_moong_green_gram_rabi_rgb.png,datasets/test_images/2008/ndvi/karnataka_2008_moong_green_gram_rabi_ndvi.png,
kerala|rice|2008|summer,Kerala,Rice,2008,Summer,2.446428571,train,datasets/test_images/2008/rgb/kerala_2008_rice_summer_rgb.png,datasets/test_images/2008/ndvi/kerala_2008_rice_summer_ndvi.png,
maharashtra|maize|2008|rabi,Maharashtra,Maize,2008,Rabi,2.3832,train,datasets/test_images/2008/rgb/maharashtra_2008_maize_rabi_rgb.png,datasets/test_images/2008/ndvi/maharashtra_2008_maize_rabi_ndvi.png,
maharashtra|maize|2008|summer,Maharashtra,Maize,2008,Summer,1.381,train,datasets/test_images/2008/rgb/maharashtra_2008_maize_summer_rgb.png,datasets/test_images/2008/ndvi/maharashtra_2008_maize_summer_ndvi.png,
maharashtra|moong green gram|2008|kharif,Maharashtra,Moong(Green Gram),2008,Kharif,0.391818182,train,datasets/test_images/2008/rgb/maharashtra_2008_moong_green_gram_kharif_rgb.png,datasets/test_images/2008/ndvi/maharashtra_2008_moong_green_gram_kharif_ndvi.png,
maharashtra|rice|2008|summer,Maharashtra,Rice,2008,Summer,2.421111111,train,datasets/test_images/2008/rgb/maharashtra_2008_rice_summer_rgb.png,datasets/test_images/2008/ndvi/maharashtra_2008_rice_summer_ndvi.png,
manipur|maize|2008|rabi,Manipur,Maize,2008,Rabi,1.467777778,train,datasets/test_images/2008/rgb/manipur_2008_maize_rabi_rgb.png,datasets/test_images/2008/ndvi/manipur_2008_maize_rabi_ndvi.png,
manipur|moong green gram|2008|kharif,Manipur,Moong(Green Gram),2008,Kharif,1.133333333,train,datasets/test_images/2008/rgb/manipur_2008_moong_green_gram_kharif_rgb.png,datasets/test_images/2008/ndvi/manipur_2008_moong_green_gram_kharif_ndvi.png,
meghalaya|rice|2008|summer,Meghalaya,Rice,2008,Summer,2.154285714,train,datasets/test_images/2008/rgb/meghalaya_2008_rice_summer_rgb.png,datasets/test_images/2008/ndvi/meghalaya_2008_rice_summer_ndvi.png,
nagaland|maize|2008|kharif,Nagaland,Maize,2008,Kharif,1.802727273,train,datasets/test_images/2008/rgb/nagaland_2008_maize_kharif_rgb.png,datasets/test_images/2008/ndvi/nagaland_2008_maize_kharif_ndvi.png,
nagaland|moong green gram|2008|kharif,Nagaland,Moong(Green Gram),2008,Kharif,0.5625,train,datasets/test_images/2008/rgb/nagaland_2008_moong_green_gram_kharif_rgb.png,datasets/test_images/2008/ndvi/nagaland_2008_moong_green_gram_kharif_ndvi.png,
odisha|moong green gram|2008|autumn,Odisha,Moong(Green Gram),2008,Autumn,0.184285714,train,datasets/test_images/2008/rgb/odisha_2008_moong_green_gram_autumn_rgb.png,datasets/test_images/2008/ndvi/odisha_2008_moong_green_gram_autumn_ndvi.png,
odisha|moong green gram|2008|summer,Odisha,Moong(Green Gram),2008,Summer,0.2825,train,datasets/test_images/2008/rgb/odisha_2008_moong_green_gram_summer_rgb.png,datasets/test_images/2008/ndvi/odisha_2008_moong_green_gram_summer_ndvi.png,
odisha|moong green gram|2008|winter,Odisha,Moong(Green Gram),2008,Winter,0.265357143,train,datasets/test_images/2008/rgb/odisha_2008_moong_green_gram_winter_rgb.png,datasets/test_images/2008/ndvi/odisha_2008_moong_green_gram_winter_ndvi.png,
puducherry|rice|2008|rabi,Puducherry,Rice,2008,Rabi,2.82,train,datasets/test_images/2008/rgb/puducherry_2008_rice_rabi_rgb.png,datasets/test_images/2008/ndvi/puducherry_2008_rice_rabi_ndvi.png,
puducherry|rice|2008|summer,Puducherry,Rice,2008,Summer,2.125,train,datasets/test_images/2008/rgb/puducherry_2008_rice_summer_rgb.png,datasets/test_images/2008/ndvi/puducherry_2008_rice_summer_ndvi.png,
punjab|moong green gram|2008|kharif,Punjab,Moong(Green Gram),2008,Kharif,0.900769231,train,datasets/test_images/2008/rgb/punjab_2008_moong_green_gram_kharif_rgb.png,datasets/test_images/2008/ndvi/punjab_2008_moong_green_gram_kharif_ndvi.png,
tamil nadu|moong green gram|2008|whole year,Tamil Nadu,Moong(Green Gram),2008,Whole Year,0.336333333,train,datasets/test_images/2008/rgb/tamil_nadu_2008_moong_green_gram_whole_year_rgb.png,datasets/test_images/2008/ndvi/tamil_nadu_2008_moong_green_gram_whole_year_ndvi.png,
tamil nadu|rice|2008|kharif,Tamil Nadu,Rice,2008,Kharif,3.562580645,train,datasets/test_images/2008/rgb/tamil_nadu_2008_rice_kharif_rgb.png,datasets/test_images/2008/ndvi/tamil_nadu_2008_rice_kharif_ndvi.png,
tripura|moong green gram|2008|kharif,Tripura,Moong(Green Gram),2008,Kharif,0.52,train,datasets/test_images/2008/rgb/tripura_2008_moong_green_gram_kharif_rgb.png,datasets/test_images/2008/ndvi/tripura_2008_moong_green_gram_kharif_ndvi.png,
uttar pradesh|maize|2008|rabi,Uttar Pradesh,Maize,2008,Rabi,2.646086957,train,datasets/test_images/2008/rgb/uttar_pradesh_2008_maize_rabi_rgb.png,datasets/test_images/2008/ndvi/uttar_pradesh_2008_maize_rabi_ndvi.png,
uttar pradesh|moong green gram|2008|kharif,Uttar Pradesh,Moong(Green Gram),2008,Kharif,0.382,train,datasets/test_images/2008/rgb/uttar_pradesh_2008_moong_green_gram_kharif_rgb.png,datasets/test_images/2008/ndvi/uttar_pradesh_2008_moong_green_gram_kharif_ndvi.png,
uttar pradesh|moong green gram|2008|summer,Uttar Pradesh,Moong(Green Gram),2008,Summer,0.727460317,train,datasets/test_images/2008/rgb/uttar_pradesh_2008_moong(green_gram)_summer_rgb.png,datasets/test_images/2008/ndvi/uttar_pradesh_2008_moong(green_gram)_summer_ndvi.png,
uttar pradesh|rice|2008|summer,Uttar Pradesh,Rice,2008,Summer,2.095,train,datasets/test_images/2008/rgb/uttar_pradesh_2008_rice_summer_rgb.png,datasets/test_images/2008/ndvi/uttar_pradesh_2008_rice_summer_ndvi.png,
uttarakhand|moong green gram|2008|kharif,Uttarakhand,Moong(Green Gram),2008,Kharif,0.403333333,train,datasets/test_images/2008/rgb/uttarakhand_2008_moong_green_gram_kharif_rgb.png,datasets/test_images/2008/ndvi/uttarakhand_2008_moong_green_gram_kharif_ndvi.png,
uttarakhand|rice|2008|summer,Uttarakhand,Rice,2008,Summer,3.1,train,datasets/test_images/2008/rgb/uttarakhand_2008_rice_summer_rgb.png,datasets/test_images/2008/ndvi/uttarakhand_2008_rice_summer_ndvi.png,
west bengal|moong green gram|2008|rabi,West Bengal,Moong(Green Gram),2008,Rabi,0.628181818,train,datasets/test_images/2008/rgb/west_bengal_2008_moong_green_gram_rabi_rgb.png,datasets/test_images/2008/ndvi/west_bengal_2008_moong_green_gram_rabi_ndvi.png,
west bengal|moong green gram|2008|summer,West Bengal,Moong(Green Gram),2008,Summer,0.75,train,datasets/test_images/2008/rgb/west_bengal_2008_moong_green_gram_summer_rgb.png,datasets/test_images/2008/ndvi/west_bengal_2008_moong_green_gram_summer_ndvi.png,
andhra pradesh|moong green gram|2009|kharif,Andhra Pradesh,Moong(Green Gram),2009,Kharif,0.167727273,train,datasets/test_images/2009/rgb/andhra_pradesh_2009_moong_green_gram_kharif_rgb.png,datasets/test_images/2009/ndvi/andhra_pradesh_2009_moong_green_gram_kharif_ndvi.png,
andhra pradesh|moong green gram|2009|rabi,Andhra Pradesh,Moong(Green Gram),2009,Rabi,0.475,train,datasets/test_images/2009/rgb/andhra_pradesh_2009_moong_green_gram_rabi_rgb.png,datasets/test_images/2009/ndvi/andhra_pradesh_2009_moong_green_gram_rabi_ndvi.png,
assam|rice|2009|summer,Assam,Rice,2009,Summer,1.903703704,train,datasets/test_images/2009/rgb/assam_2009_rice_summer_rgb.png,datasets/test_images/2009/ndvi/assam_2009_rice_summer_ndvi.png,
bihar|maize|2009|autumn,Bihar,Maize,2009,Autumn,1.760526316,train,datasets/test_images/2009/rgb/bihar_2009_maize_autumn_rgb.png,datasets/test_images/2009/ndvi/bihar_2009_maize_autumn_ndvi.png,
bihar|maize|2009|rabi,Bihar,Maize,2009,Rabi,2.516,train,datasets/test_images/2009/rgb/bihar_2009_maize_rabi_rgb.png,datasets/test_images/2009/ndvi/bihar_2009_maize_rabi_ndvi.png,
bihar|maize|2009|summer,Bihar,Maize,2009,Summer,2.8075,train,datasets/test_images/2009/rgb/bihar_2009_maize_summer_rgb.png,datasets/test_images/2009/ndvi/bihar_2009_maize_summer_ndvi.png,
bihar|moong green gram|2009|summer,Bihar,Moong(Green Gram),2009,Summer,0.513055556,train,datasets/test_images/2009/rgb/bihar_2009_moong(green_gram)_summer_rgb.png,datasets/test_images/2009/ndvi/bihar_2009_moong(green_gram)_summer_ndvi.png,
bihar|rice|2009|autumn,Bihar,Rice,2009,Autumn,0.905666667,train,datasets/test_images/2009/rgb/bihar_2009_rice_autumn_rgb.png,datasets/test_images/2009/ndvi/bihar_2009_rice_autumn_ndvi.png,
bihar|rice|2009|summer,Bihar,Rice,2009,Summer,1.492083333,train,datasets/test_images/2009/rgb/bihar_2009_rice_summer_rgb.png,datasets/test_images/2009/ndvi/bihar_2009_rice_summer_ndvi.png,
bihar|rice|2009|winter,Bihar,Rice,2009,Winter,1.105526316,train,datasets/test_images/2009/rgb/bihar_2009_rice_winter_rgb.png,datasets/test_images/2009/ndvi/bihar_2009_rice_winter_ndvi.png,
chhattisgarh|moong green gram|2009|kharif,Chhattisgarh,Moong(Green Gram),2009,Kharif,0.241111111,train,datasets/test_images/2009/rgb/chhattisgarh_2009_moong_green_gram_kharif_rgb.png,datasets/test_images/2009/ndvi/chhattisgarh_2009_moong_green_gram_kharif_ndvi.png,
goa|rice|2009|kharif,Goa,Rice,2009,Kharif,1.895,train,datasets/test_images/2009/rgb/goa_2009_rice_kharif_rgb.png,datasets/test_images/2009/ndvi/goa_2009_rice_kharif_ndvi.png,
goa|rice|2009|rabi,Goa,Rice,2009,Rabi,2.57,train,datasets/test_images/2009/rgb/goa_2009_rice_rabi_rgb.png,datasets/test_images/2009/ndvi/goa_2009_rice_rabi_ndvi.png,
gujarat|moong green gram|2009|kharif,Gujarat,Moong(Green Gram),2009,Kharif,0.4116,train,datasets/test_images/2009/rgb/gujarat_2009_moong_green_gram_kharif_rgb.png,datasets/test_images/2009/ndvi/gujarat_2009_moong_green_gram_kharif_ndvi.png,
gujarat|rice|2009|summer,Gujarat,Rice,2009,Summer,3.034444444,train,datasets/test_images/2009/rgb/gujarat_2009_rice_summer_rgb.png,datasets/test_images/2009/ndvi/gujarat_2009_rice_summer_ndvi.png,
haryana|moong green gram|2009|kharif,Haryana,Moong(Green Gram),2009,Kharif,0.235625,train,datasets/test_images/2009/rgb/haryana_2009_moong_green_gram_kharif_rgb.png,datasets/test_images/2009/ndvi/haryana_2009_moong_green_gram_kharif_ndvi.png,
himachal pradesh|moong green gram|2009|kharif,Himachal Pradesh,Moong(Green Gram),2009,Kharif,0.367142857,train,datasets/test_images/2009/rgb/himachal_pradesh_2009_moong_green_gram_kharif_rgb.png,datasets/test_images/2009/ndvi/himachal_pradesh_2009_moong_green_gram_kharif_ndvi.png,
jammu and kashmir|moong green gram|2009|kharif,Jammu and Kashmir,Moong(Green Gram),2009,Kharif,0.512222222,train,datasets/test_images/2009/rgb/jammu_and_kashmir_2009_moong_green_gram_kharif_rgb.png,datasets/test_images/2009/ndvi/jammu_and_kashmir_2009_moong_green_gram_kharif_ndvi.png,
jharkhand|maize|2009|autumn,Jharkhand,Maize,2009,Autumn,0.947916667,train,datasets/test_images/2009/rgb/jharkhand_2009_maize_autumn_rgb.png,datasets/test_images/2009/ndvi/jharkhand_2009_maize_autumn_ndvi.png,
jharkhand|rice|2009|autumn,Jharkhand,Rice,2009,Autumn,0.515217391,train,datasets/test_images/2009/rgb/jharkhand_2009_rice_autumn_rgb.png,datasets/test_images/2009/ndvi/jharkhand_2009_rice_autumn_ndvi.png,
jharkhand|rice|2009|winter,Jharkhand,Rice,2009,Winter,0.58625,train,datasets/test_images/2009/rgb/jharkhand_2009_rice_winter_rgb.png,datasets/test_images/2009/ndvi/jharkhand_2009_rice_winter_ndvi.png,
karnataka|moong green gram|2009|kharif,Karnataka,Moong(Green Gram),2009,Kharif,0.199565217,train,datasets/test_images/2009/rgb/karnataka_2009_moong_green_gram_kharif_rgb.png,datasets/test_images/2009/ndvi/karnataka_2009_moong_green_gram_kharif_ndvi.png,
karnataka|moong green gram|2009|rabi,Karnataka,Moong(Green Gram),2009,Rabi,0.28,train,datasets/test_images/2009/rgb/karnataka_2009_moong_green_gram_rabi_rgb.png,datasets/test_images/2009/ndvi/karnataka_2009_moong_green_gram_rabi_ndvi.png,
kerala|rice|2009|summer,Kerala,Rice,2009,Summer,2.385,train,datasets/test_images/2009/rgb/kerala_2009_rice_summer_rgb.png,datasets/test_images/2009/ndvi/kerala_2009_rice_summer_ndvi.png,
maharashtra|maize|2009|rabi,Maharashtra,Maize,2009,Rabi,1.9875,train,datasets/test_images/2009/rgb/maharashtra_2009_maize_rabi_rgb.png,datasets/test_images/2009/ndvi/maharashtra_2009_maize_rabi_ndvi.png,
maharashtra|maize|2009|summer,Maharashtra,Maize,2009,Summer,1.348235294,train,datasets/test_images/2009/rgb/maharashtra_2009_maize_summer_rgb.png,datasets/test_images/2009/ndvi/maharashtra_2009_maize_summer_ndvi.png,
maharashtra|moong green gram|2009|kharif,Maharashtra,Moong(Green Gram),2009,Kharif,0.4371875,train,datasets/test_images/2009/rgb/maharashtra_2009_moong_green_gram_kharif_rgb.png,datasets/test_images/2009/ndvi/maharashtra_2009_moong_green_gram_kharif_ndvi.png,
maharashtra|rice|2009|summer,Maharashtra,Rice,2009,Summer,2.251111111,train,datasets/test_images/2009/rgb/maharashtra_2009_rice_summer_rgb.png,datasets/test_images/2009/ndvi/maharashtra_2009_rice_summer_ndvi.png,
manipur|maize|2009|rabi,Manipur,Maize,2009,Rabi,1.673333333,train,datasets/test_images/2009/rgb/manipur_2009_maize_rabi_rgb.png,datasets/test_images/2009/ndvi/manipur_2009_maize_rabi_ndvi.png,
manipur|moong green gram|2009|kharif,Manipur,Moong(Green Gram),2009,Kharif,0.718888889,train,datasets/test_images/2009/rgb/manipur_2009_moong_green_gram_kharif_rgb.png,datasets/test_images/2009/ndvi/manipur_2009_moong_green_gram_kharif_ndvi.png,
meghalaya|rice|2009|summer,Meghalaya,Rice,2009,Summer,2.171428571,train,datasets/test_images/2009/rgb/meghalaya_2009_rice_summer_rgb.png,datasets/test_images/2009/ndvi/meghalaya_2009_rice_summer_ndvi.png,
nagaland|moong green gram|2009|kharif,Nagaland,Moong(Green Gram),2009,Kharif,0.897272727,train,datasets/test_images/2009/rgb/nagaland_2009_moong_green_gram_kharif_rgb.png,datasets/test_images/2009/ndvi/nagaland_2009_moong_green_gram_kharif_ndvi.png,
odisha|moong green gram|2009|autumn,Odisha,Moong(Green Gram),2009,Autumn,0.338,train,datasets/test_images/2009/rgb/odisha_2009_moong_green_gram_autumn_rgb.png,datasets/test_images/2009/ndvi/odisha_2009_moong_green_gram_autumn_ndvi.png,
odisha|moong green gram|2009|summer,Odisha,Moong(Green Gram),2009,Summer,0.296206897,train,datasets/test_images/2009/rgb/odisha_2009_moong_green_gram_summer_rgb.png,datasets/test_images/2009/ndvi/odisha_2009_moong_green_gram_summer_ndvi.png,
odisha|moong green gram|2009|winter,Odisha,Moong(Green Gram),2009,Winter,0.263703704,train,datasets/test_images/2009/rgb/odisha_2009_moong_green_gram_winter_rgb.png,datasets/test_images/2009/ndvi/odisha_2009_moong_green_gram_winter_ndvi.png,
puducherry|rice|2009|rabi,Puducherry,Rice,2009,Rabi,2.903333333,train,datasets/test_images/2009/rgb/puducherry_2009_rice_rabi_rgb.png,datasets/test_images/2009/ndvi/puducherry_2009_rice_rabi_ndvi.png,
puducherry|rice|2009|summer,Puducherry,Rice,2009,Summer,1.965,train,datasets/test_images/2009/rgb/puducherry_2009_rice_summer_rgb.png,datasets/test_images/2009/ndvi/puducherry_2009_rice_summer_ndvi.png,
punjab|moong green gram|2009|kharif,Punjab,Moong(Green Gram),2009,Kharif,0.941818182,train,datasets/test_images/2009/rgb/punjab_2009_moong_green_gram_kharif_rgb.png,datasets/test_images/2009/ndvi/punjab_2009_moong_green_gram_kharif_ndvi.png,
tamil nadu|moong green gram|2009|whole year,Tamil Nadu,Moong(Green Gram),2009,Whole Year,0.410322581,train,datasets/test_images/2009/rgb/tamil_nadu_2009_moong_green_gram_whole_year_rgb.png,datasets/test_images/2009/ndvi/tamil_nadu_2009_moong_green_gram_whole_year_ndvi.png,
tamil nadu|rice|2009|kharif,Tamil Nadu,Rice,2009,Kharif,3.539677419,train,datasets/test_images/2009/rgb/tamil_nadu_2009_rice_kharif_rgb.png,datasets/test_images/2009/ndvi/tamil_nadu_2009_rice_kharif_ndvi.png,
tripura|moong green gram|2009|kharif,Tripura,Moong(Green Gram),2009,Kharif,0.555,train,datasets/test_images/2009/rgb/tripura_2009_moong_green_gram_kharif_rgb.png,datasets/test_images/2009/ndvi/tripura_2009_moong_green_gram_kharif_ndvi.png,
uttar pradesh|maize|2009|rabi,Uttar Pradesh,Maize,2009,Rabi,3.032083333,train,datasets/test_images/2009/rgb/uttar_pradesh_2009_maize_rabi_rgb.png,datasets/test_images/2009/ndvi/uttar_pradesh_2009_maize_rabi_ndvi.png,
uttar pradesh|moong green gram|2009|kharif,Uttar Pradesh,Moong(Green Gram),2009,Kharif,0.142909091,train,datasets/test_images/2009/rgb/uttar_pradesh_2009_moong_green_gram_kharif_rgb.png,datasets/test_images/2009/ndvi/uttar_pradesh_2009_moong_green_gram_kharif_ndvi.png,
uttar pradesh|moong green gram|2009|summer,Uttar Pradesh,Moong(Green Gram),2009,Summer,0.740806452,train,datasets/test_images/2009/rgb/uttar_pradesh_2009_moong(green_gram)_summer_rgb.png,datasets/test_images/2009/ndvi/uttar_pradesh_2009_moong(green_gram)_summer_ndvi.png,
uttar pradesh|rice|2009|summer,Uttar Pradesh,Rice,2009,Summer,2.13,train,datasets/test_images/2009/rgb/uttar_pradesh_2009_rice_summer_rgb.png,datasets/test_images/2009/ndvi/uttar_pradesh_2009_rice_summer_ndvi.png,
uttarakhand|moong green gram|2009|kharif,Uttarakhand,Moong(Green Gram),2009,Kharif,0.855,train,datasets/test_images/2009/rgb/uttarakhand_2009_moong_green_gram_kharif_rgb.png,datasets/test_images/2009/ndvi/uttarakhand_2009_moong_green_gram_kharif_ndvi.png,
uttarakhand|moong green gram|2009|rabi,Uttarakhand,Moong(Green Gram),2009,Rabi,0.855,train,datasets/test_images/2009/rgb/uttarakhand_2009_moong_green_gram_rabi_rgb.png,datasets/test_images/2009/ndvi/uttarakhand_2009_moong_green_gram_rabi_ndvi.png,
west bengal|maize|2009|autumn,West Bengal,Maize,2009,Autumn,1.94,train,datasets/test_images/2009/rgb/west_bengal_2009_maize_autumn_rgb.png,datasets/test_images/2009/ndvi/west_bengal_2009_maize_autumn_ndvi.png,
west bengal|maize|2009|summer,West Bengal,Maize,2009,Summer,2.912352941,train,datasets/test_images/2009/rgb/west_bengal_2009_maize_summer_rgb.png,datasets/test_images/2009/ndvi/west_bengal_2009_maize_summer_ndvi.png,
west bengal|moong green gram|2009|rabi,West Bengal,Moong(Green Gram),2009,Rabi,0.682727273,train,datasets/test_images/2009/rgb/west_bengal_2009_moong_green_gram_rabi_rgb.png,datasets/test_images/2009/ndvi/west_bengal_2009_moong_green_gram_rabi_ndvi.png,
west bengal|moong green gram|2009|summer,West Bengal,Moong(Green Gram),2009,Summer,0.560666667,train,datasets/test_images/2009/rgb/west_bengal_2009_moong(green_gram)_summer_rgb.png,datasets/test_images/2009/ndvi/west_bengal_2009_moong(green_gram)_summer_ndvi.png,
west bengal|rice|2009|autumn,West Bengal,Rice,2009,Autumn,2.095,train,datasets/test_images/2009/rgb/west_bengal_2009_rice_autumn_rgb.png,datasets/test_images/2009/ndvi/west_bengal_2009_rice_autumn_ndvi.png,
west bengal|rice|2009|summer,West Bengal,Rice,2009,Summer,2.79,train,datasets/test_images/2009/rgb/west_bengal_2009_rice_summer_rgb.png,datasets/test_images/2009/ndvi/west_bengal_2009_rice_summer_ndvi.png,
west bengal|rice|2009|winter,West Bengal,Rice,2009,Winter,2.346111111,train,datasets/test_images/2009/rgb/west_bengal_2009_rice_winter_rgb.png,datasets/test_images/2009/ndvi/west_bengal_2009_rice_winter_ndvi.png,
andhra pradesh|moong green gram|2010|kharif,Andhra Pradesh,Moong(Green Gram),2010,Kharif,0.355,train,datasets/test_images/2010/rgb/andhra_pradesh_2010_moong_green_gram_kharif_rgb.png,datasets/test_images/2010/ndvi/andhra_pradesh_2010_moong_green_gram_kharif_ndvi.png,
andhra pradesh|moong green gram|2010|rabi,Andhra Pradesh,Moong(Green Gram),2010,Rabi,0.463,train,datasets/test_images/2010/rgb/andhra_pradesh_2010_moong_green_gram_rabi_rgb.png,datasets/test_images/2010/ndvi/andhra_pradesh_2010_moong_green_gram_rabi_ndvi.png,
assam|rice|2010|summer,Assam,Rice,2010,Summer,2.342222222,train,datasets/test_images/2010/rgb/assam_2010_rice_summer_rgb.png,datasets/test_images/2010/ndvi/assam_2010_rice_summer_ndvi.png,
bihar|maize|2010|autumn,Bihar,Maize,2010,Autumn,1.910789474,train,datasets/test_images/2010/rgb/bihar_2010_maize_autumn_rgb.png,datasets/test_images/2010/ndvi/bihar_2010_maize_autumn_ndvi.png,
bihar|maize|2010|rabi,Bihar,Maize,2010,Rabi,3.635882353,train,datasets/test_images/2010/rgb/bihar_2010_maize_rabi_rgb.png,datasets/test_images/2010/ndvi/bihar_2010_maize_rabi_ndvi.png,
bihar|maize|2010|summer,Bihar,Maize,2010,Summer,3.725135135,train,datasets/test_images/2010/rgb/bihar_2010_maize_summer_rgb.png,datasets/test_images/2010/ndvi/bihar_2010_maize_summer_ndvi.png,
bihar|moong green gram|2010|summer,Bihar,Moong(Green Gram),2010,Summer,0.656571429,train,datasets/test_images/2010/rgb/bihar_2010_moong(green_gram)_summer_rgb.png,datasets/test_images/2010/ndvi/bihar_2010_moong(green_gram)_summer_ndvi.png,
bihar|rice|2010|autumn,Bihar,Rice,2010,Autumn,0.919642857,train,datasets/test_images/2010/rgb/bihar_2010_rice_autumn_rgb.png,datasets/test_images/2010/ndvi/bihar_2010_rice_autumn_ndvi.png,
bihar|rice|2010|summer,Bihar,Rice,2010,Summer,1.827916667,train,datasets/test_images/2010/rgb/bihar_2010_rice_summer_rgb.png,datasets/test_images/2010/ndvi/bihar_2010_rice_summer_ndvi.png,
bihar|rice|2010|winter,Bihar,Rice,2010,Winter,0.979210526,train,datasets/test_images/2010/rgb/bihar_2010_rice_winter_rgb.png,datasets/test_images/2010/ndvi/bihar_2010_rice_winter_ndvi.png,
chhattisgarh|moong green gram|2010|kharif,Chhattisgarh,Moong(Green Gram),2010,Kharif,0.242777778,train,datasets/test_images/2010/rgb/chhattisgarh_2010_moong_green_gram_kharif_rgb.png,datasets/test_images/2010/ndvi/chhattisgarh_2010_moong_green_gram_kharif_ndvi.png,
goa|rice|2010|kharif,Goa,Rice,2010,Kharif,2.35,train,datasets/test_images/2010/rgb/goa_2010_rice_kharif_rgb.png,datasets/test_images/2010/ndvi/goa_2010_rice_kharif_ndvi.png,
goa|rice|2010|rabi,Goa,Rice,2010,Rabi,2.68,train,datasets/test_images/2010/rgb/goa_2010_rice_rabi_rgb.png,datasets/test_images/2010/ndvi/goa_2010_rice_rabi_ndvi.png,
gujarat|maize|2010|rabi,Gujarat,Maize,2010,Rabi,1.882307692,train,datasets/test_images/2010/rgb/gujarat_2010_maize_rabi_rgb.png,datasets/test_images/2010/ndvi/gujarat_2010_maize_rabi_ndvi.png,
gujarat|moong green gram|2010|kharif,Gujarat,Moong(Green Gram),2010,Kharif,0.4828,train,datasets/test_images/2010/rgb/gujarat_2010_moong_green_gram_kharif_rgb.png,datasets/test_images/2010/ndvi/gujarat_2010_moong_green_gram_kharif_ndvi.png,
gujarat|moong green gram|2010|summer,Gujarat,Moong(Green Gram),2010,Summer,0.584615385,train,datasets/test_images/2010/rgb/gujarat_2010_moong(green_gram)_summer_rgb.png,datasets/test_images/2010/ndvi/gujarat_2010_moong(green_gram)_summer_ndvi.png,
gujarat|rice|2010|summer,Gujarat,Rice,2010,Summer,2.987777778,train,datasets/test_images/2010/rgb/gujarat_2010_rice_summer_rgb.png,datasets/test_images/2010/ndvi/gujarat_2010_rice_summer_ndvi.png,
haryana|moong green gram|2010|kharif,Haryana,Moong(Green Gram),2010,Kharif,0.205555556,train,datasets/test_images/2010/rgb/haryana_2010_moong_green_gram_kharif_rgb.png,datasets/test_images/2010/ndvi/haryana_2010_moong_green_gram_kharif_ndvi.png,
himachal pradesh|moong green gram|2010|kharif,Himachal Pradesh,Moong(Green Gram),2010,Kharif,0.505714286,train,datasets/test_images/2010/rgb/himachal_pradesh_2010_moong_green_gram_kharif_rgb.png,datasets/test_images/2010/ndvi/himachal_pradesh_2010_moong_green_gram_kharif_ndvi.png,
jammu and kashmir|moong green gram|2010|kharif,Jammu and Kashmir,Moong(Green Gram),2010,Kharif,0.4975,train,datasets/test_images/2010/rgb/jammu_and_kashmir_2010_moong_green_gram_kharif_rgb.png,datasets/test_images/2010/ndvi/jammu_and_kashmir_2010_moong_green_gram_kharif_ndvi.png,
jammu and kashmir|moong green gram|2010|rabi,Jammu and Kashmir,Moong(Green Gram),2010,Rabi,1.2,train,datasets/test_images/2010/rgb/jammu_and_kashmir_2010_moong(green_gram)_rabi_rgb.png,datasets/test_images/2010/ndvi/jammu_and_kashmir_2010_moong(green_gram)_rabi_ndvi.png,
karnataka|moong green gram|2010|kharif,Karnataka,Moong(Green Gram),2010,Kharif,0.284166667,train,datasets/test_images/2010/rgb/karnataka_2010_moong_green_gram_kharif_rgb.png,datasets/test_images/2010/ndvi/karnataka_2010_moong_green_gram_kharif_ndvi.png,
karnataka|moong green gram|2010|rabi,Karnataka,Moong(Green Gram),2010,Rabi,0.262,train,datasets/test_images/2010/rgb/karnataka_2010_moong_green_gram_rabi_rgb.png,datasets/test_images/2010/ndvi/karnataka_2010_moong_green_gram_rabi_ndvi.png,
madhya pradesh|moong green gram|2010|kharif,Madhya Pradesh,Moong(Green Gram),2010,Kharif,0.3646,train,datasets/test_images/2010/rgb/madhya_pradesh_2010_moong_green_gram_kharif_rgb.png,datasets/test_images/2010/ndvi/madhya_pradesh_2010_moong_green_gram_kharif_ndvi.png,
maharashtra|maize|2010|rabi,Maharashtra,Maize,2010,Rabi,2.514,train,datasets/test_images/2010/rgb/maharashtra_2010_maize_rabi_rgb.png,datasets/test_images/2010/ndvi/maharashtra_2010_maize_rabi_ndvi.png,
maharashtra|maize|2010|summer,Maharashtra,Maize,2010,Summer,1.26,train,datasets/test_images/2010/rgb/maharashtra_2010_maize_summer_rgb.png,datasets/test_images/2010/ndvi/maharashtra_2010_maize_summer_ndvi.png,
maharashtra|moong green gram|2010|kharif,Maharashtra,Moong(Green Gram),2010,Kharif,0.68125,train,datasets/test_images/2010/rgb/maharashtra_2010_moong_green_gram_kharif_rgb.png,datasets/test_images/2010/ndvi/maharashtra_2010_moong_green_gram_kharif_ndvi.png,
maharashtra|rice|2010|summer,Maharashtra,Rice,2010,Summer,2.388888889,train,datasets/test_images/2010/rgb/maharashtra_2010_rice_summer_rgb.png,datasets/test_images/2010/ndvi/maharashtra_2010_rice_summer_ndvi.png,
manipur|maize|2010|rabi,Manipur,Maize,2010,Rabi,2.051111111,train,datasets/test_images/2010/rgb/manipur_2010_maize_rabi_rgb.png,datasets/test_images/2010/ndvi/manipur_2010_maize_rabi_ndvi.png,
manipur|moong green gram|2010|kharif,Manipur,Moong(Green Gram),2010,Kharif,1.033333333,train,datasets/test_images/2010/rgb/manipur_2010_moong_green_gram_kharif_rgb.png,datasets/test_images/2010/ndvi/manipur_2010_moong_green_gram_kharif_ndvi.png,
meghalaya|rice|2010|rabi,Meghalaya,Rice,2010,Rabi,2.077142857,train,datasets/test_images/2010/rgb/meghalaya_2010_rice_rabi_rgb.png,datasets/test_images/2010/ndvi/meghalaya_2010_rice_rabi_ndvi.png,
mizoram|rice|2010|autumn,Mizoram,Rice,2010,Autumn,0.92625,train,datasets/test_images/2010/rgb/mizoram_2010_rice_autumn_rgb.png,datasets/test_images/2010/ndvi/mizoram_2010_rice_autumn_ndvi.png,
nagaland|maize|2010|kharif,Nagaland,Maize,2010,Kharif,1.958181818,train,datasets/test_images/2010/rgb/nagaland_2010_maize_kharif_rgb.png,datasets/test_images/2010/ndvi/nagaland_2010_maize_kharif_ndvi.png,
nagaland|moong green gram|2010|kharif,Nagaland,Moong(Green Gram),2010,Kharif,0.98625,train,datasets/test_images/2010/rgb/nagaland_2010_moong_green_gram_kharif_rgb.png,datasets/test_images/2010/ndvi/nagaland_2010_moong_green_gram_kharif_ndvi.png,
odisha|moong green gram|2010|autumn,Odisha,Moong(Green Gram),2010,Autumn,0.21375,train,datasets/test_images/2010/rgb/odisha_2010_moong_green_gram_autumn_rgb.png,datasets/test_images/2010/ndvi/odisha_2010_moong_green_gram_autumn_ndvi.png,
odisha|moong green gram|2010|summer,Odisha,Moong(Green Gram),2010,Summer,0.291034483,train,datasets/test_images/2010/rgb/odisha_2010_moong_green_gram_summer_rgb.png,datasets/test_images/2010/ndvi/odisha_2010_moong_green_gram_summer_ndvi.png,
odisha|moong green gram|2010|winter,Odisha,Moong(Green Gram),2010,Winter,0.248076923,train,datasets/test_images/2010/rgb/odisha_2010_moong_green_gram_winter_rgb.png,datasets/test_images/2010/ndvi/odisha_2010_moong_green_gram_winter_ndvi.png,
puducherry|rice|2010|kharif,Puducherry,Rice,2010,Kharif,2.673333333,train,datasets/test_images/2010/rgb/puducherry_2010_rice_kharif_rgb.png,datasets/test_images/2010/ndvi/puducherry_2010_rice_kharif_ndvi.png,
puducherry|rice|2010|rabi,Puducherry,Rice,2010,Rabi,3.446666667,train,datasets/test_images/2010/rgb/puducherry_2010_rice_rabi_rgb.png,datasets/test_images/2010/ndvi/puducherry_2010_rice_rabi_ndvi.png,
puducherry|rice|2010|summer,Puducherry,Rice,2010,Summer,2.7,train,datasets/test_images/2010/rgb/puducherry_2010_rice_summer_rgb.png,datasets/test_images/2010/ndvi/puducherry_2010_rice_summer_ndvi.png,
punjab|moong green gram|2010|kharif,Punjab,Moong(Green Gram),2010,Kharif,0.861666667,train,datasets/test_images/2010/rgb/punjab_2010_moong_green_gram_kharif_rgb.png,datasets/test_images/2010/ndvi/punjab_2010_moong_green_gram_kharif_ndvi.png,
tamil nadu|moong green gram|2010|kharif,Tamil Nadu,Moong(Green Gram),2010,Kharif,0.465666667,train,datasets/test_images/2010/rgb/tamil_nadu_2010_moong_green_gram_kharif_rgb.png,datasets/test_images/2010/ndvi/tamil_nadu_2010_moong_green_gram_kharif_ndvi.png,
tripura|moong green gram|2010|kharif,Tripura,Moong(Green Gram),2010,Kharif,0.5375,train,datasets/test_images/2010/rgb/tripura_2010_moong_green_gram_kharif_rgb.png,datasets/test_images/2010/ndvi/tripura_2010_moong_green_gram_kharif_ndvi.png,
uttar pradesh|maize|2010|rabi,Uttar Pradesh,Maize,2010,Rabi,3.0012,train,datasets/test_images/2010/rgb/uttar_pradesh_2010_maize_rabi_rgb.png,datasets/test_images/2010/ndvi/uttar_pradesh_2010_maize_rabi_ndvi.png,
uttar pradesh|moong green gram|2010|kharif,Uttar Pradesh,Moong(Green Gram),2010,Kharif,0.473818182,train,datasets/test_images/2010/rgb/uttar_pradesh_2010_moong_green_gram_kharif_rgb.png,datasets/test_images/2010/ndvi/uttar_pradesh_2010_moong_green_gram_kharif_ndvi.png,
uttar pradesh|moong green gram|2010|summer,Uttar Pradesh,Moong(Green Gram),2010,Summer,0.854603175,train,datasets/test_images/2010/rgb/uttar_pradesh_2010_moong(green_gram)_summer_rgb.png,datasets/test_images/2010/ndvi/uttar_pradesh_2010_moong(green_gram)_summer_ndvi.png,
uttar pradesh|rice|2010|summer,Uttar Pradesh,Rice,2010,Summer,2.032222222,train,datasets/test_images/2010/rgb/uttar_pradesh_2010_rice_summer_rgb.png,datasets/test_images/2010/ndvi/uttar_pradesh_2010_rice_summer_ndvi.png,
uttarakhand|moong green gram|2010|kharif,Uttarakhand,Moong(Green Gram),2010,Kharif,0.515,train,datasets/test_images/2010/rgb/uttarakhand_2010_moong_green_gram_kharif_rgb.png,datasets/test_images/2010/ndvi/uttarakhand_2010_moong_green_gram_kharif_ndvi.png,
uttarakhand|moong green gram|2010|rabi,Uttarakhand,Moong(Green Gram),2010,Rabi,0.605,train,datasets/test_images/2010/rgb/uttarakhand_2010_moong_green_gram_rabi_rgb.png,datasets/test_images/2010/ndvi/uttarakhand_2010_moong_green_gram_rabi_ndvi.png,
west bengal|maize|2010|autumn,West Bengal,Maize,2010,Autumn,2.453846154,train,datasets/test_images/2010/rgb/west_bengal_2010_maize_autumn_rgb.png,datasets/test_images/2010/ndvi/west_bengal_2010_maize_autumn_ndvi.png,
west bengal|maize|2010|summer,West Bengal,Maize,2010,Summer,2.883529412,train,datasets/test_images/2010/rgb/west_bengal_2010_maize_summer_rgb.png,datasets/test_images/2010/ndvi/west_bengal_2010_maize_summer_ndvi.png,
west bengal|moong green gram|2010|rabi,West Bengal,Moong(Green Gram),2010,Rabi,0.773,train,datasets/test_images/2010/rgb/west_bengal_2010_moong_green_gram_rabi_rgb.png,datasets/test_images/2010/ndvi/west_bengal_2010_moong_green_gram_rabi_ndvi.png,
west bengal|moong green gram|2010|summer,West Bengal,Moong(Green Gram),2010,Summer,0.673125,train,datasets/test_images/2010/rgb/west_bengal_2010_moong(green_gram)_summer_rgb.png,datasets/test_images/2010/ndvi/west_bengal_2010_moong(green_gram)_summer_ndvi.png,
west bengal|rice|2010|autumn,West Bengal,Rice,2010,Autumn,2.081666667,train,datasets/test_images/2010/rgb/west_bengal_2010_rice_autumn_rgb.png,datasets/test_images/2010/ndvi/west_bengal_2010_rice_autumn_ndvi.png,
west bengal|rice|2010|summer,West Bengal,Rice,2010,Summer,3.123888889,train,datasets/test_images/2010/rgb/west_bengal_2010_rice_summer_rgb.png,datasets/test_images/2010/ndvi/west_bengal_2010_rice_summer_ndvi.png,
west bengal|rice|2010|winter,West Bengal,Rice,2010,Winter,2.487222222,train,datasets/test_images/2010/rgb/west_bengal_2010_rice_winter_rgb.png,datasets/test_images/2010/ndvi/west_bengal_2010_rice_winter_ndvi.png,
andhra pradesh|moong green gram|2011|kharif,Andhra Pradesh,Moong(Green Gram),2011,Kharif,0.537727273,train,datasets/test_images/2011/rgb/andhra_pradesh_2011_moong_green_gram_kharif_rgb.png,datasets/test_images/2011/ndvi/andhra_pradesh_2011_moong_green_gram_kharif_ndvi.png,
andhra pradesh|moong green gram|2011|rabi,Andhra Pradesh,Moong(Green Gram),2011,Rabi,0.6295,train,datasets/test_images/2011/rgb/andhra_pradesh_2011_moong_green_gram_rabi_rgb.png,datasets/test_images/2011/ndvi/andhra_pradesh_2011_moong_green_gram_rabi_ndvi.png,
assam|rice|2011|summer,Assam,Rice,2011,Summer,2.489615385,train,datasets/test_images/2011/rgb/assam_2011_rice_summer_rgb.png,datasets/test_images/2011/ndvi/assam_2011_rice_summer_ndvi.png,
bihar|maize|2011|autumn,Bihar,Maize,2011,Autumn,2.402432432,train,datasets/test_images/2011/rgb/bihar_2011_maize_autumn_rgb.png,datasets/test_images/2011/ndvi/bihar_2011_maize_autumn_ndvi.png,
bihar|maize|2011|rabi,Bihar,Maize,2011,Rabi,4.221764706,train,datasets/test_images/2011/rgb/bihar_2011_maize_rabi_rgb.png,datasets/test_images/2011/ndvi/bihar_2011_maize_rabi_ndvi.png,
bihar|maize|2011|summer,Bihar,Maize,2011,Summer,4.129166667,train,datasets/test_images/2011/rgb/bihar_2011_maize_summer_rgb.png,datasets/test_images/2011/ndvi/bihar_2011_maize_summer_ndvi.png,
bihar|moong green gram|2011|summer,Bihar,Moong(Green Gram),2011,Summer,0.683888889,train,datasets/test_images/2011/rgb/bihar_2011_moong(green_gram)_summer_rgb.png,datasets/test_images/2011/ndvi/bihar_2011_moong(green_gram)_summer_ndvi.png,
bihar|rice|2011|autumn,Bihar,Rice,2011,Autumn,1.546774194,train,datasets/test_images/2011/rgb/bihar_2011_rice_autumn_rgb.png,datasets/test_images/2011/ndvi/bihar_2011_rice_autumn_ndvi.png,
bihar|rice|2011|summer,Bihar,Rice,2011,Summer,1.736190476,train,datasets/test_images/2011/rgb/bihar_2011_rice_summer_rgb.png,datasets/test_images/2011/ndvi/bihar_2011_rice_summer_ndvi.png,
bihar|rice|2011|winter,Bihar,Rice,2011,Winter,2.491578947,train,datasets/test_images/2011/rgb/bihar_2011_rice_winter_rgb.png,datasets/test_images/2011/ndvi/bihar_2011_rice_winter_ndvi.png,
chhattisgarh|moong green gram|2011|kharif,Chhattisgarh,Moong(Green Gram),2011,Kharif,0.256296296,train,datasets/test_images/2011/rgb/chhattisgarh_2011_moong_green_gram_kharif_rgb.png,datasets/test_images/2011/ndvi/chhattisgarh_2011_moong_green_gram_kharif_ndvi.png,
chhattisgarh|moong green gram|2011|summer,Chhattisgarh,Moong(Green Gram),2011,Summer,0.0,train,datasets/test_images/2011/rgb/chhattisgarh_2011_moong(green_gram)_summer_rgb.png,datasets/test_images/2011/ndvi/chhattisgarh_2011_moong(green_gram)_summer_ndvi.png,
goa|rice|2011|kharif,Goa,Rice,2011,Kharif,2.495,train,datasets/test_images/2011/rgb/goa_2011_rice_kharif_rgb.png,datasets/test_images/2011/ndvi/goa_2011_rice_kharif_ndvi.png,
goa|rice|2011|rabi,Goa,Rice,2011,Rabi,2.7,train,datasets/test_images/2011/rgb/goa_2011_rice_rabi_rgb.png,datasets/test_images/2011/ndvi/goa_2011_rice_rabi_ndvi.png,
gujarat|maize|2011|rabi,Gujarat,Maize,2011,Rabi,2.026363636,train,datasets/test_images/2011/rgb/gujarat_2011_maize_rabi_rgb.png,datasets/test_images/2011/ndvi/gujarat_2011_maize_rabi_ndvi.png,
gujarat|moong green gram|2011|kharif,Gujarat,Moong(Green Gram),2011,Kharif,0.46826087,train,datasets/test_images/2011/rgb/gujarat_2011_moong_green_gram_kharif_rgb.png,datasets/test_images/2011/ndvi/gujarat_2011_moong_green_gram_kharif_ndvi.png,
gujarat|moong green gram|2011|summer,Gujarat,Moong(Green Gram),2011,Summer,0.5128,train,datasets/test_images/2011/rgb/gujarat_2011_moong(green_gram)_summer_rgb.png,datasets/test_images/2011/ndvi/gujarat_2011_moong(green_gram)_summer_ndvi.png,
gujarat|rice|2011|summer,Gujarat,Rice,2011,Summer,3.122222222,train,datasets/test_images/2011/rgb/gujarat_2011_rice_summer_rgb.png,datasets/test_images/2011/ndvi/gujarat_2011_rice_summer_ndvi.png,
haryana|moong green gram|2011|kharif,Haryana,Moong(Green Gram),2011,Kharif,0.245,train,datasets/test_images/2011/rgb/haryana_2011_moong_green_gram_kharif_rgb.png,datasets/test_images/2011/ndvi/haryana_2011_moong_green_gram_kharif_ndvi.png,
himachal pradesh|moong green gram|2011|kharif,Himachal Pradesh,Moong(Green Gram),2011,Kharif,0.478571429,train,datasets/test_images/2011/rgb/himachal_pradesh_2011_moong_green_gram_kharif_rgb.png,datasets/test_images/2011/ndvi/himachal_pradesh_2011_moong_green_gram_kharif_ndvi.png,
jammu and kashmir|moong green gram|2011|kharif,Jammu and Kashmir,Moong(Green Gram),2011,Kharif,0.646363636,train,datasets/test_images/2011/rgb/jammu_and_kashmir_2011_moong_green_gram_kharif_rgb.png,datasets/test_images/2011/ndvi/jammu_and_kashmir_2011_moong_green_gram_kharif_ndvi.png,
jharkhand|maize|2011|autumn,Jharkhand,Maize,2011,Autumn,1.34625,train,datasets/test_images/2011/rgb/jharkhand_2011_maize_autumn_rgb.png,datasets/test_images/2011/ndvi/jharkhand_2011_maize_autumn_ndvi.png,
jharkhand|rice|2011|autumn,Jharkhand,Rice,2011,Autumn,0.79173913,train,datasets/test_images/2011/rgb/jharkhand_2011_rice_autumn_rgb.png,datasets/test_images/2011/ndvi/jharkhand_2011_rice_autumn_ndvi.png,
jharkhand|rice|2011|winter,Jharkhand,Rice,2011,Winter,1.554166667,train,datasets/test_images/2011/rgb/jharkhand_2011_rice_winter_rgb.png,datasets/test_images/2011/ndvi/jharkhand_2011_rice_winter_ndvi.png,
karnataka|maize|2011|summer,Karnataka,Maize,2011,Summer,3.159655172,train,datasets/test_images/2011/rgb/karnataka_2011_maize_summer_rgb.png,datasets/test_images/2011/ndvi/karnataka_2011_maize_summer_ndvi.png,
karnataka|moong green gram|2011|kharif,Karnataka,Moong(Green Gram),2011,Kharif,0.259166667,train,datasets/test_images/2011/rgb/karnataka_2011_moong_green_gram_kharif_rgb.png,datasets/test_images/2011/ndvi/karnataka_2011_moong_green_gram_kharif_ndvi.png,
karnataka|moong green gram|2011|rabi,Karnataka,Moong(Green Gram),2011,Rabi,0.337647059,train,datasets/test_images/2011/rgb/karnataka_2011_moong_green_gram_rabi_rgb.png,datasets/test_images/2011/ndvi/karnataka_2011_moong_green_gram_rabi_ndvi.png,
karnataka|rice|2011|summer,Karnataka,Rice,2011,Summer,2.931428571,train,datasets/test_images/2011/rgb/karnataka_2011_rice_summer_rgb.png,datasets/test_images/2011/ndvi/karnataka_2011_rice_summer_ndvi.png,
kerala|rice|2011|summer,Kerala,Rice,2011,Summer,2.7,train,datasets/test_images/2011/rgb/kerala_2011_rice_summer_rgb.png,datasets/test_images/2011/ndvi/kerala_2011_rice_summer_ndvi.png,
madhya pradesh|moong green gram|2011|kharif,Madhya Pradesh,Moong(Green Gram),2011,Kharif,0.252244898,train,datasets/test_images/2011/rgb/madhya_pradesh_2011_moong_green_gram_kharif_rgb.png,datasets/test_images/2011/ndvi/madhya_pradesh_2011_moong_green_gram_kharif_ndvi.png,
maharashtra|maize|2011|rabi,Maharashtra,Maize,2011,Rabi,2.656666667,train,datasets/test_images/2011/rgb/maharashtra_2011_maize_rabi_rgb.png,datasets/test_images/2011/ndvi/maharashtra_2011_maize_rabi_ndvi.png,
maharashtra|maize|2011|summer,Maharashtra,Maize,2011,Summer,1.311666667,train,datasets/test_images/2011/rgb/maharashtra_2011_maize_summer_rgb.png,datasets/test_images/2011/ndvi/maharashtra_2011_maize_summer_ndvi.png,
maharashtra|moong green gram|2011|kharif,Maharashtra,Moong(Green Gram),2011,Kharif,0.5225,train,datasets/test_images/2011/rgb/maharashtra_2011_moong_green_gram_kharif_rgb.png,datasets/test_images/2011/ndvi/maharashtra_2011_moong_green_gram_kharif_ndvi.png,
maharashtra|rice|2011|summer,Maharashtra,Rice,2011,Summer,2.427777778,train,datasets/test_images/2011/rgb/maharashtra_2011_rice_summer_rgb.png,datasets/test_images/2011/ndvi/maharashtra_2011_rice_summer_ndvi.png,
manipur|maize|2011|rabi,Manipur,Maize,2011,Rabi,2.156666667,train,datasets/test_images/2011/rgb/manipur_2011_maize_rabi_rgb.png,datasets/test_images/2011/ndvi/manipur_2011_maize_rabi_ndvi.png,
manipur|moong green gram|2011|kharif,Manipur,Moong(Green Gram),2011,Kharif,0.971111111,train,datasets/test_images/2011/rgb/manipur_2011_moong_green_gram_kharif_rgb.png,datasets/test_images/2011/ndvi/manipur_2011_moong_green_gram_kharif_ndvi.png,
meghalaya|rice|2011|rabi,Meghalaya,Rice,2011,Rabi,2.07,train,datasets/test_images/2011/rgb/meghalaya_2011_rice_rabi_rgb.png,datasets/test_images/2011/ndvi/meghalaya_2011_rice_rabi_ndvi.png,
mizoram|rice|2011|autumn,Mizoram,Rice,2011,Autumn,1.04125,train,datasets/test_images/2011/rgb/mizoram_2011_rice_autumn_rgb.png,datasets/test_images/2011/ndvi/mizoram_2011_rice_autumn_ndvi.png,
odisha|moong green gram|2011|autumn,Odisha,Moong(Green Gram),2011,Autumn,0.190769231,train,datasets/test_images/2011/rgb/odisha_2011_moong_green_gram_autumn_rgb.png,datasets/test_images/2011/ndvi/odisha_2011_moong_green_gram_autumn_ndvi.png,
odisha|moong green gram|2011|summer,Odisha,Moong(Green Gram),2011,Summer,0.2925,train,datasets/test_images/2011/rgb/odisha_2011_moong_green_gram_summer_rgb.png,datasets/test_images/2011/ndvi/odisha_2011_moong_green_gram_summer_ndvi.png,
odisha|moong green gram|2011|winter,Odisha,Moong(Green Gram),2011,Winter,0.294814815,train,datasets/test_images/2011/rgb/odisha_2011_moong_green_gram_winter_rgb.png,datasets/test_images/2011/ndvi/odisha_2011_moong_green_gram_winter_ndvi.png,
puducherry|rice|2011|kharif,Puducherry,Rice,2011,Kharif,3.046666667,train,datasets/test_images/2011/rgb/puducherry_2011_rice_kharif_rgb.png,datasets/test_images/2011/ndvi/puducherry_2011_rice_kharif_ndvi.png,
puducherry|rice|2011|rabi,Puducherry,Rice,2011,Rabi,2.856666667,train,datasets/test_images/2011/rgb/puducherry_2011_rice_rabi_rgb.png,datasets/test_images/2011/ndvi/puducherry_2011_rice_rabi_ndvi.png,
puducherry|rice|2011|summer,Puducherry,Rice,2011,Summer,2.49,train,datasets/test_images/2011/rgb/puducherry_2011_rice_summer_rgb.png,datasets/test_images/2011/ndvi/puducherry_2011_rice_summer_ndvi.png,
punjab|moong green gram|2011|kharif,Punjab,Moong(Green Gram),2011,Kharif,0.894545455,train,datasets/test_images/2011/rgb/punjab_2011_moong_green_gram_kharif_rgb.png,datasets/test_images/2011/ndvi/punjab_2011_moong_green_gram_kharif_ndvi.png,
tamil nadu|maize|2011|rabi,Tamil Nadu,Maize,2011,Rabi,6.611481481,train,datasets/test_images/2011/rgb/tamil_nadu_2011_maize_rabi_rgb.png,datasets/test_images/2011/ndvi/tamil_nadu_2011_maize_rabi_ndvi.png,
tripura|moong green gram|2011|kharif,Tripura,Moong(Green Gram),2011,Kharif,0.535,train,datasets/test_images/2011/rgb/tripura_2011_moong_green_gram_kharif_rgb.png,datasets/test_images/2011/ndvi/tripura_2011_moong_green_gram_kharif_ndvi.png,
uttar pradesh|maize|2011|rabi,Uttar Pradesh,Maize,2011,Rabi,2.371153846,train,datasets/test_images/2011/rgb/uttar_pradesh_2011_maize_rabi_rgb.png,datasets/test_images/2011/ndvi/uttar_pradesh_2011_maize_rabi_ndvi.png,
uttar pradesh|moong green gram|2011|kharif,Uttar Pradesh,Moong(Green Gram),2011,Kharif,0.426923077,train,datasets/test_images/2011/rgb/uttar_pradesh_2011_moong_green_gram_kharif_rgb.png,datasets/test_images/2011/ndvi/uttar_pradesh_2011_moong_green_gram_kharif_ndvi.png,
uttar pradesh|moong green gram|2011|summer,Uttar Pradesh,Moong(Green Gram),2011,Summer,0.770327869,train,datasets/test_images/2011/rgb/uttar_pradesh_2011_moong_green_gram_summer_rgb.png,datasets/test_images/2011/ndvi/uttar_pradesh_2011_moong_green_gram_summer_ndvi.png,
uttar pradesh|rice|2011|summer,Uttar Pradesh,Rice,2011,Summer,2.335909091,train,datasets/test_images/2011/rgb/uttar_pradesh_2011_rice_summer_rgb.png,datasets/test_images/2011/ndvi/uttar_pradesh_2011_rice_summer_ndvi.png,
uttarakhand|moong green gram|2011|summer,Uttarakhand,Moong(Green Gram),2011,Summer,0.67,train,datasets/test_images/2011/rgb/uttarakhand_2011_moong_green_gram_summer_rgb.png,datasets/test_images/2011/ndvi/uttarakhand_2011_moong_green_gram_summer_ndvi.png,
uttarakhand|rice|2011|summer,Uttarakhand,Rice,2011,Summer,3.31,train,datasets/test_images/2011/rgb/uttarakhand_2011_rice_summer_rgb.png,datasets/test_images/2011/ndvi/uttarakhand_2011_rice_summer_ndvi.png,
west bengal|maize|2011|autumn,West Bengal,Maize,2011,Autumn,2.037272727,train,datasets/test_images/2011/rgb/west_bengal_2011_maize_autumn_rgb.png,datasets/test_images/2011/ndvi/west_bengal_2011_maize_autumn_ndvi.png,
west bengal|maize|2011|summer,West Bengal,Maize,2011,Summer,2.755555556,train,datasets/test_images/2011/rgb/west_bengal_2011_maize_summer_rgb.png,datasets/test_images/2011/ndvi/west_bengal_2011_maize_summer_ndvi.png,
west bengal|moong green gram|2011|rabi,West Bengal,Moong(Green Gram),2011,Rabi,0.7,train,datasets/test_images/2011/rgb/west_bengal_2011_moong_green_gram_rabi_rgb.png,datasets/test_images/2011/ndvi/west_bengal_2011_moong_green_gram_rabi_ndvi.png,
west bengal|moong green gram|2011|summer,West Bengal,Moong(Green Gram),2011,Summer,0.801875,train,datasets/test_images/2011/rgb/west_bengal_2011_moong_green_gram_summer_rgb.png,datasets/test_images/2011/ndvi/west_bengal_2011_moong_green_gram_summer_ndvi.png,
west bengal|rice|2011|autumn,West Bengal,Rice,2011,Autumn,2.072222222,train,datasets/test_images/2011/rgb/west_bengal_2011_rice_autumn_rgb.png,datasets/test_images/2011/ndvi/west_bengal_2011_rice_autumn_ndvi.png,
west bengal|rice|2011|summer,West Bengal,Rice,2011,Summer,3.035,train,datasets/test_images/2011/rgb/west_bengal_2011_rice_summer_rgb.png,datasets/test_images/2011/ndvi/west_bengal_2011_rice_summer_ndvi.png,
west bengal|rice|2011|winter,West Bengal,Rice,2011,Winter,2.475555556,train,datasets/test_images/2011/rgb/west_bengal_2011_rice_winter_rgb.png,datasets/test_images/2011/ndvi/west_bengal_2011_rice_winter_ndvi.png,
andhra pradesh|moong green gram|2012|kharif,Andhra Pradesh,Moong(Green Gram),2012,Kharif,0.554736842,train,datasets/test_images/2012/rgb/andhra_pradesh_2012_moong_green_gram_kharif_rgb.png,datasets/test_images/2012/ndvi/andhra_pradesh_2012_moong_green_gram_kharif_ndvi.png,
andhra pradesh|moong green gram|2012|rabi,Andhra Pradesh,Moong(Green Gram),2012,Rabi,0.768666667,train,datasets/test_images/2012/rgb/andhra_pradesh_2012_moong_green_gram_rabi_rgb.png,datasets/test_images/2012/ndvi/andhra_pradesh_2012_moong_green_gram_rabi_ndvi.png,
assam|rice|2012|autumn,Assam,Rice,2012,Autumn,1.291481481,train,datasets/test_images/2012/rgb/assam_2012_rice_autumn_rgb.png,datasets/test_images/2012/ndvi/assam_2012_rice_autumn_ndvi.png,
assam|rice|2012|summer,Assam,Rice,2012,Summer,2.7724,train,datasets/test_images/2012/rgb/assam_2012_rice_summer_rgb.png,datasets/test_images/2012/ndvi/assam_2012_rice_summer_ndvi.png,
bihar|maize|2012|autumn,Bihar,Maize,2012,Autumn,3.673513514,train,datasets/test_images/2012/rgb/bihar_2012_maize_autumn_rgb.png,datasets/test_images/2012/ndvi/bihar_2012_maize_autumn_ndvi.png,
bihar|maize|2012|rabi,Bihar,Maize,2012,Rabi,3.189714286,train,datasets/test_images/2012/rgb/bihar_2012_maize_rabi_rgb.png,datasets/test_images/2012/ndvi/bihar_2012_maize_rabi_ndvi.png,
bihar|maize|2012|summer,Bihar,Maize,2012,Summer,5.096756757,train,datasets/test_images/2012/rgb/bihar_2012_maize_summer_rgb.png,datasets/test_images/2012/ndvi/bihar_2012_maize_summer_ndvi.png,
bihar|moong green gram|2012|summer,Bihar,Moong(Green Gram),2012,Summer,0.681891892,train,datasets/test_images/2012/rgb/bihar_2012_moong_green_gram_summer_rgb.png,datasets/test_images/2012/ndvi/bihar_2012_moong_green_gram_summer_ndvi.png,
bihar|rice|2012|autumn,Bihar,Rice,2012,Autumn,1.743793103,train,datasets/test_images/2012/rgb/bihar_2012_rice_autumn_rgb.png,datasets/test_images/2012/ndvi/bihar_2012_rice_autumn_ndvi.png,
bihar|rice|2012|summer,Bihar,Rice,2012,Summer,2.396086957,train,datasets/test_images/2012/rgb/bihar_2012_rice_summer_rgb.png,datasets/test_images/2012/ndvi/bihar_2012_rice_summer_ndvi.png,
bihar|rice|2012|winter,Bihar,Rice,2012,Winter,2.567894737,train,datasets/test_images/2012/rgb/bihar_2012_rice_winter_rgb.png,datasets/test_images/2012/ndvi/bihar_2012_rice_winter_ndvi.png,
chhattisgarh|moong green gram|2012|kharif,Chhattisgarh,Moong(Green Gram),2012,Kharif,0.287037037,train,datasets/test_images/2012/rgb/chhattisgarh_2012_moong_green_gram_kharif_rgb.png,datasets/test_images/2012/ndvi/chhattisgarh_2012_moong_green_gram_kharif_ndvi.png,
goa|rice|2012|kharif,Goa,Rice,2012,Kharif,2.59,train,datasets/test_images/2012/rgb/goa_2012_rice_kharif_rgb.png,datasets/test_images/2012/ndvi/goa_2012_rice_kharif_ndvi.png,
goa|rice|2012|rabi,Goa,Rice,2012,Rabi,2.85,train,datasets/test_images/2012/rgb/goa_2012_rice_rabi_rgb.png,datasets/test_images/2012/ndvi/goa_2012_rice_rabi_ndvi.png,
gujarat|maize|2012|rabi,Gujarat,Maize,2012,Rabi,1.858,train,datasets/test_images/2012/rgb/gujarat_2012_maize_rabi_rgb.png,datasets/test_images/2012/ndvi/gujarat_2012_maize_rabi_ndvi.png,
gujarat|moong green gram|2012|kharif,Gujarat,Moong(Green Gram),2012,Kharif,0.432608696,train,datasets/test_images/2012/rgb/gujarat_2012_moong_green_gram_kharif_rgb.png,datasets/test_images/2012/ndvi/gujarat_2012_moong_green_gram_kharif_ndvi.png,
gujarat|moong green gram|2012|summer,Gujarat,Moong(Green Gram),2012,Summer,0.691818182,train,datasets/test_images/2012/rgb/gujarat_2012_moong_green_gram_summer_rgb.png,datasets/test_images/2012/ndvi/gujarat_2012_moong_green_gram_summer_ndvi.png,
gujarat|rice|2012|summer,Gujarat,Rice,2012,Summer,2.943,train,datasets/test_images/2012/rgb/gujarat_2012_rice_summer_rgb.png,datasets/test_images/2012/ndvi/gujarat_2012_rice_summer_ndvi.png,
haryana|moong green gram|2012|kharif,Haryana,Moong(Green Gram),2012,Kharif,0.441875,train,datasets/test_images/2012/rgb/haryana_2012_moong_green_gram_kharif_rgb.png,datasets/test_images/2012/ndvi/haryana_2012_moong_green_gram_kharif_ndvi.png,
himachal pradesh|moong green gram|2012|kharif,Himachal Pradesh,Moong(Green Gram),2012,Kharif,0.405714286,train,datasets/test_images/2012/rgb/himachal_pradesh_2012_moong_green_gram_kharif_rgb.png,datasets/test_images/2012/ndvi/himachal_pradesh_2012_moong_green_gram_kharif_ndvi.png,
jammu and kashmir|moong green gram|2012|kharif,Jammu and Kashmir,Moong(Green Gram),2012,Kharif,0.639230769,train,datasets/test_images/2012/rgb/jammu_and_kashmir_2012_moong_green_gram_kharif_rgb.png,datasets/test_images/2012/ndvi/jammu_and_kashmir_2012_moong_green_gram_kharif_ndvi.png,
jammu and kashmir|moong green gram|2012|rabi,Jammu and Kashmir,Moong(Green Gram),2012,Rabi,1.2,train,datasets/test_images/2012/rgb/jammu_and_kashmir_2012_moong(green_gram)_rabi_rgb.png,datasets/test_images/2012/ndvi/jammu_and_kashmir_2012_moong(green_gram)_rabi_ndvi.png,
jharkhand|maize|2012|autumn,Jharkhand,Maize,2012,Autumn,1.367916667,train,datasets/test_images/2012/rgb/jharkhand_2012_maize_autumn_rgb.png,datasets/test_images/2012/ndvi/jharkhand_2012_maize_autumn_ndvi.png,
jharkhand|rice|2012|autumn,Jharkhand,Rice,2012,Autumn,0.761304348,train,datasets/test_images/2012/rgb/jharkhand_2012_rice_autumn_rgb.png,datasets/test_images/2012/ndvi/jharkhand_2012_rice_autumn_ndvi.png,
jharkhand|rice|2012|winter,Jharkhand,Rice,2012,Winter,1.338333333,train,datasets/test_images/2012/rgb/jharkhand_2012_rice_winter_rgb.png,datasets/test_images/2012/ndvi/jharkhand_2012_rice_winter_ndvi.png,
karnataka|moong green gram|2012|kharif,Karnataka,Moong(Green Gram),2012,Kharif,0.200833333,train,datasets/test_images/2012/rgb/karnataka_2012_moong_green_gram_kharif_rgb.png,datasets/test_images/2012/ndvi/karnataka_2012_moong_green_gram_kharif_ndvi.png,
karnataka|moong green gram|2012|rabi,Karnataka,Moong(Green Gram),2012,Rabi,0.211818182,train,datasets/test_images/2012/rgb/karnataka_2012_moong_green_gram_rabi_rgb.png,datasets/test_images/2012/ndvi/karnataka_2012_moong_green_gram_rabi_ndvi.png,
kerala|moong green gram|2012|whole year,Kerala,Moong(Green Gram),2012,Whole Year,0.0,train,datasets/test_images/2012/rgb/kerala_2012_moong_green_gram_whole_year_rgb.png,datasets/test_images/2012/ndvi/kerala_2012_moong_green_gram_whole_year_ndvi.png,
kerala|rice|2012|autumn,Kerala,Rice,2012,Autumn,2.41,train,datasets/test_images/2012/rgb/kerala_2012_rice_autumn_rgb.png,datasets/test_images/2012/ndvi/kerala_2012_rice_autumn_ndvi.png,
kerala|rice|2012|summer,Kerala,Rice,2012,Summer,2.482142857,train,datasets/test_images/2012/rgb/kerala_2012_rice_summer_rgb.png,datasets/test_images/2012/ndvi/kerala_2012_rice_summer_ndvi.png,
madhya pradesh|moong green gram|2012|kharif,Madhya Pradesh,Moong(Green Gram),2012,Kharif,0.39,train,datasets/test_images/2012/rgb/madhya_pradesh_2012_moong_green_gram_kharif_rgb.png,datasets/test_images/2012/ndvi/madhya_pradesh_2012_moong_green_gram_kharif_ndvi.png,
maharashtra|maize|2012|rabi,Maharashtra,Maize,2012,Rabi,1.665,train,datasets/test_images/2012/rgb/maharashtra_2012_maize_rabi_rgb.png,datasets/test_images/2012/ndvi/maharashtra_2012_maize_rabi_ndvi.png,
maharashtra|maize|2012|summer,Maharashtra,Maize,2012,Summer,1.124444444,train,datasets/test_images/2012/rgb/maharashtra_2012_maize_summer_rgb.png,datasets/test_images/2012/ndvi/maharashtra_2012_maize_summer_ndvi.png,
maharashtra|moong green gram|2012|kharif,Maharashtra,Moong(Green Gram),2012,Kharif,0.460322581,train,datasets/test_images/2012/rgb/maharashtra_2012_moong_green_gram_kharif_rgb.png,datasets/test_images/2012/ndvi/maharashtra_2012_moong_green_gram_kharif_ndvi.png,
maharashtra|rice|2012|summer,Maharashtra,Rice,2012,Summer,2.38,train,datasets/test_images/2012/rgb/maharashtra_2012_rice_summer_rgb.png,datasets/test_images/2012/ndvi/maharashtra_2012_rice_summer_ndvi.png,
manipur|maize|2012|rabi,Manipur,Maize,2012,Rabi,2.796666667,train,datasets/test_images/2012/rgb/manipur_2012_maize_rabi_rgb.png,datasets/test_images/2012/ndvi/manipur_2012_maize_rabi_ndvi.png,
manipur|moong green gram|2012|kharif,Manipur,Moong(Green Gram),2012,Kharif,0.914444444,train,datasets/test_images/2012/rgb/manipur_2012_moong_green_gram_kharif_rgb.png,datasets/test_images/2012/ndvi/manipur_2012_moong_green_gram_kharif_ndvi.png,
meghalaya|rice|2012|autumn,Meghalaya,Rice,2012,Autumn,2.232857143,train,datasets/test_images/2012/rgb/meghalaya_2012_rice_autumn_rgb.png,datasets/test_images/2012/ndvi/meghalaya_2012_rice_autumn_ndvi.png,
meghalaya|rice|2012|rabi,Meghalaya,Rice,2012,Rabi,2.13,train,datasets/test_images/2012/rgb/meghalaya_2012_rice_rabi_rgb.png,datasets/test_images/2012/ndvi/meghalaya_2012_rice_rabi_ndvi.png,
mizoram|rice|2012|autumn,Mizoram,Rice,2012,Autumn,1.095,train,datasets/test_images/2012/rgb/mizoram_2012_rice_autumn_rgb.png,datasets/test_images/2012/ndvi/mizoram_2012_rice_autumn_ndvi.png,
odisha|moong green gram|2012|autumn,Odisha,Moong(Green Gram),2012,Autumn,0.242857143,train,datasets/test_images/2012/rgb/odisha_2012_moong_green_gram_autumn_rgb.png,datasets/test_images/2012/ndvi/odisha_2012_moong_green_gram_autumn_ndvi.png,
odisha|moong green gram|2012|summer,Odisha,Moong(Green Gram),2012,Summer,0.360357143,train,datasets/test_images/2012/rgb/odisha_2012_moong_green_gram_summer_rgb.png,datasets/test_images/2012/ndvi/odisha_2012_moong_green_gram_summer_ndvi.png,
odisha|moong green gram|2012|winter,Odisha,Moong(Green Gram),2012,Winter,0.322,train,datasets/test_images/2012/rgb/odisha_2012_moong_green_gram_winter_rgb.png,datasets/test_images/2012/ndvi/odisha_2012_moong_green_gram_winter_ndvi.png,
puducherry|rice|2012|rabi,Puducherry,Rice,2012,Rabi,3.233333333,train,datasets/test_images/2012/rgb/puducherry_2012_rice_rabi_rgb.png,datasets/test_images/2012/ndvi/puducherry_2012_rice_rabi_ndvi.png,
puducherry|rice|2012|summer,Puducherry,Rice,2012,Summer,2.54,train,datasets/test_images/2012/rgb/puducherry_2012_rice_summer_rgb.png,datasets/test_images/2012/ndvi/puducherry_2012_rice_summer_ndvi.png,
punjab|moong green gram|2012|kharif,Punjab,Moong(Green Gram),2012,Kharif,0.894545455,train,datasets/test_images/2012/rgb/punjab_2012_moong_green_gram_kharif_rgb.png,datasets/test_images/2012/ndvi/punjab_2012_moong_green_gram_kharif_ndvi.png,
tamil nadu|moong green gram|2012|kharif,Tamil Nadu,Moong(Green Gram),2012,Kharif,0.301724138,train,datasets/test_images/2012/rgb/tamil_nadu_2012_moong_green_gram_kharif_rgb.png,datasets/test_images/2012/ndvi/tamil_nadu_2012_moong_green_gram_kharif_ndvi.png,
tripura|moong green gram|2012|kharif,Tripura,Moong(Green Gram),2012,Kharif,0.535,train,datasets/test_images/2012/rgb/tripura_2012_moong_green_gram_kharif_rgb.png,datasets/test_images/2012/ndvi/tripura_2012_moong_green_gram_kharif_ndvi.png,
uttar pradesh|maize|2012|rabi,Uttar Pradesh,Maize,2012,Rabi,3.108695652,train,datasets/test_images/2012/rgb/uttar_pradesh_2012_maize_rabi_rgb.png,datasets/test_images/2012/ndvi/uttar_pradesh_2012_maize_rabi_ndvi.png,
uttar pradesh|moong green gram|2012|kharif,Uttar Pradesh,Moong(Green Gram),2012,Kharif,0.554642857,train,datasets/test_images/2012/rgb/uttar_pradesh_2012_moong_green_gram_kharif_rgb.png,datasets/test_images/2012/ndvi/uttar_pradesh_2012_moong_green_gram_kharif_ndvi.png,
uttar pradesh|moong green gram|2012|summer,Uttar Pradesh,Moong(Green Gram),2012,Summer,0.764029851,train,datasets/test_images/2012/rgb/uttar_pradesh_2012_moong_green_gram_summer_rgb.png,datasets/test_images/2012/ndvi/uttar_pradesh_2012_moong_green_gram_summer_ndvi.png,
uttar pradesh|rice|2012|summer,Uttar Pradesh,Rice,2012,Summer,2.434761905,train,datasets/test_images/2012/rgb/uttar_pradesh_2012_rice_summer_rgb.png,datasets/test_images/2012/ndvi/uttar_pradesh_2012_rice_summer_ndvi.png,
uttarakhand|moong green gram|2012|summer,Uttarakhand,Moong(Green Gram),2012,Summer,0.725,train,datasets/test_images/2012/rgb/uttarakhand_2012_moong_green_gram_summer_rgb.png,datasets/test_images/2012/ndvi/uttarakhand_2012_moong_green_gram_summer_ndvi.png,
uttarakhand|rice|2012|summer,Uttarakhand,Rice,2012,Summer,3.21,train,datasets/test_images/2012/rgb/uttarakhand_2012_rice_summer_rgb.png,datasets/test_images/2012/ndvi/uttarakhand_2012_rice_summer_ndvi.png,
west bengal|maize|2012|autumn,West Bengal,Maize,2012,Autumn,2.358,train,datasets/test_images/2012/rgb/west_bengal_2012_maize_autumn_rgb.png,datasets/test_images/2012/ndvi/west_bengal_2012_maize_autumn_ndvi.png,
west bengal|maize|2012|summer,West Bengal,Maize,2012,Summer,2.873888889,train,datasets/test_images/2012/rgb/west_bengal_2012_maize_summer_rgb.png,datasets/test_images/2012/ndvi/west_bengal_2012_maize_summer_ndvi.png,
west bengal|moong green gram|2012|rabi,West Bengal,Moong(Green Gram),2012,Rabi,0.701818182,train,datasets/test_images/2012/rgb/west_bengal_2012_moong_green_gram_rabi_rgb.png,datasets/test_images/2012/ndvi/west_bengal_2012_moong_green_gram_rabi_ndvi.png,
west bengal|moong green gram|2012|summer,West Bengal,Moong(Green Gram),2012,Summer,0.89875,train,datasets/test_images/2012/rgb/west_bengal_2012_moong_green_gram_summer_rgb.png,datasets/test_images/2012/ndvi/west_bengal_2012_moong_green_gram_summer_ndvi.png,
west bengal|rice|2012|autumn,West Bengal,Rice,2012,Autumn,2.259444444,train,datasets/test_images/2012/rgb/west_bengal_2012_rice_autumn_rgb.png,datasets/test_images/2012/ndvi/west_bengal_2012_rice_autumn_ndvi.png,
west bengal|rice|2012|summer,West Bengal,Rice,2012,Summer,3.206111111,train,datasets/test_images/2012/rgb/west_bengal_2012_rice_summer_rgb.png,datasets/test_images/2012/ndvi/west_bengal_2012_rice_summer_ndvi.png,
west bengal|rice|2012|winter,West Bengal,Rice,2012,Winter,2.53,train,datasets/test_images/2012/rgb/west_bengal_2012_rice_winter_rgb.png,datasets/test_images/2012/ndvi/west_bengal_2012_rice_winter_ndvi.png,
andhra pradesh|moong green gram|2013|kharif,Andhra Pradesh,Moong(Green Gram),2013,Kharif,0.627692308,train,datasets/test_images/2013/rgb/andhra_pradesh_2013_moong_green_gram_kharif_rgb.png,datasets/test_images/2013/ndvi/andhra_pradesh_2013_moong_green_gram_kharif_ndvi.png,
andhra pradesh|moong green gram|2013|rabi,Andhra Pradesh,Moong(Green Gram),2013,Rabi,0.670769231,train,datasets/test_images/2013/rgb/andhra_pradesh_2013_moong_green_gram_rabi_rgb.png,datasets/test_images/2013/ndvi/andhra_pradesh_2013_moong_green_gram_rabi_ndvi.png,
assam|rice|2013|summer,Assam,Rice,2013,Summer,2.655925926,train,datasets/test_images/2013/rgb/assam_2013_rice_summer_rgb.png,datasets/test_images/2013/ndvi/assam_2013_rice_summer_ndvi.png,
bihar|maize|2013|autumn,Bihar,Maize,2013,Autumn,2.933783784,train,datasets/test_images/2013/rgb/bihar_2013_maize_autumn_rgb.png,datasets/test_images/2013/ndvi/bihar_2013_maize_autumn_ndvi.png,
bihar|maize|2013|rabi,Bihar,Maize,2013,Rabi,4.180294118,train,datasets/test_images/2013/rgb/bihar_2013_maize_rabi_rgb.png,datasets/test_images/2013/ndvi/bihar_2013_maize_rabi_ndvi.png,
bihar|maize|2013|summer,Bihar,Maize,2013,Summer,4.573243243,train,datasets/test_images/2013/rgb/bihar_2013_maize_summer_rgb.png,datasets/test_images/2013/ndvi/bihar_2013_maize_summer_ndvi.png,
bihar|moong green gram|2013|summer,Bihar,Moong(Green Gram),2013,Summer,0.817567568,train,datasets/test_images/2013/rgb/bihar_2013_moong_green_gram_summer_rgb.png,datasets/test_images/2013/ndvi/bihar_2013_moong_green_gram_summer_ndvi.png,
bihar|rice|2013|autumn,Bihar,Rice,2013,Autumn,1.413,train,datasets/test_images/2013/rgb/bihar_2013_rice_autumn_rgb.png,datasets/test_images/2013/ndvi/bihar_2013_rice_autumn_ndvi.png,
bihar|rice|2013|summer,Bihar,Rice,2013,Summer,2.233157895,train,datasets/test_images/2013/rgb/bihar_2013_rice_summer_rgb.png,datasets/test_images/2013/ndvi/bihar_2013_rice_summer_ndvi.png,
bihar|rice|2013|winter,Bihar,Rice,2013,Winter,2.066842105,train,datasets/test_images/2013/rgb/bihar_2013_rice_winter_rgb.png,datasets/test_images/2013/ndvi/bihar_2013_rice_winter_ndvi.png,
chhattisgarh|maize|2013|summer,Chhattisgarh,Maize,2013,Summer,1.83,train,datasets/test_images/2013/rgb/chhattisgarh_2013_maize_summer_rgb.png,datasets/test_images/2013/ndvi/chhattisgarh_2013_maize_summer_ndvi.png,
chhattisgarh|moong green gram|2013|kharif,Chhattisgarh,Moong(Green Gram),2013,Kharif,0.274814815,train,datasets/test_images/2013/rgb/chhattisgarh_2013_moong_green_gram_kharif_rgb.png,datasets/test_images/2013/ndvi/chhattisgarh_2013_moong_green_gram_kharif_ndvi.png,
chhattisgarh|moong green gram|2013|rabi,Chhattisgarh,Moong(Green Gram),2013,Rabi,0.254090909,train,datasets/test_images/2013/rgb/chhattisgarh_2013_moong_green_gram_rabi_rgb.png,datasets/test_images/2013/ndvi/chhattisgarh_2013_moong_green_gram_rabi_ndvi.png,
goa|rice|2013|kharif,Goa,Rice,2013,Kharif,2.82,train,datasets/test_images/2013/rgb/goa_2013_rice_kharif_rgb.png,datasets/test_images/2013/ndvi/goa_2013_rice_kharif_ndvi.png,
goa|rice|2013|rabi,Goa,Rice,2013,Rabi,3.205,train,datasets/test_images/2013/rgb/goa_2013_rice_rabi_rgb.png,datasets/test_images/2013/ndvi/goa_2013_rice_rabi_ndvi.png,
gujarat|maize|2013|rabi,Gujarat,Maize,2013,Rabi,2.120714286,train,datasets/test_images/2013/rgb/gujarat_2013_maize_rabi_rgb.png,datasets/test_images/2013/ndvi/gujarat_2013_maize_rabi_ndvi.png,
gujarat|moong green gram|2013|kharif,Gujarat,Moong(Green Gram),2013,Kharif,0.55375,train,datasets/test_images/2013/rgb/gujarat_2013_moong_green_gram_kharif_rgb.png,datasets/test_images/2013/ndvi/gujarat_2013_moong_green_gram_kharif_ndvi.png,
gujarat|moong green gram|2013|summer,Gujarat,Moong(Green Gram),2013,Summer,0.5245,train,datasets/test_images/2013/rgb/gujarat_2013_moong_green_gram_summer_rgb.png,datasets/test_images/2013/ndvi/gujarat_2013_moong_green_gram_summer_ndvi.png,
gujarat|rice|2013|summer,Gujarat,Rice,2013,Summer,3.133636364,train,datasets/test_images/2013/rgb/gujarat_2013_rice_summer_rgb.png,datasets/test_images/2013/ndvi/gujarat_2013_rice_summer_ndvi.png,
haryana|moong green gram|2013|kharif,Haryana,Moong(Green Gram),2013,Kharif,0.438571429,train,datasets/test_images/2013/rgb/haryana_2013_moong_green_gram_kharif_rgb.png,datasets/test_images/2013/ndvi/haryana_2013_moong_green_gram_kharif_ndvi.png,
himachal pradesh|moong green gram|2013|kharif,Himachal Pradesh,Moong(Green Gram),2013,Kharif,0.484285714,train,datasets/test_images/2013/rgb/himachal_pradesh_2013_moong_green_gram_kharif_rgb.png,datasets/test_images/2013/ndvi/himachal_pradesh_2013_moong_green_gram_kharif_ndvi.png,
jammu and kashmir|moong green gram|2013|rabi,Jammu and Kashmir,Moong(Green Gram),2013,Rabi,1.2,train,datasets/test_images/2013/rgb/jammu_and_kashmir_2013_moong(green_gram)_rabi_rgb.png,datasets/test_images/2013/ndvi/jammu_and_kashmir_2013_moong(green_gram)_rabi_ndvi.png,
jharkhand|maize|2013|autumn,Jharkhand,Maize,2013,Autumn,1.467916667,train,datasets/test_images/2013/rgb/jharkhand_2013_maize_autumn_rgb.png,datasets/test_images/2013/ndvi/jharkhand_2013_maize_autumn_ndvi.png,
jharkhand|rice|2013|autumn,Jharkhand,Rice,2013,Autumn,0.854782609,train,datasets/test_images/2013/rgb/jharkhand_2013_rice_autumn_rgb.png,datasets/test_images/2013/ndvi/jharkhand_2013_rice_autumn_ndvi.png,
jharkhand|rice|2013|winter,Jharkhand,Rice,2013,Winter,1.422083333,train,datasets/test_images/2013/rgb/jharkhand_2013_rice_winter_rgb.png,datasets/test_images/2013/ndvi/jharkhand_2013_rice_winter_ndvi.png,
karnataka|moong green gram|2013|kharif,Karnataka,Moong(Green Gram),2013,Kharif,0.249583333,train,datasets/test_images/2013/rgb/karnataka_2013_moong_green_gram_kharif_rgb.png,datasets/test_images/2013/ndvi/karnataka_2013_moong_green_gram_kharif_ndvi.png,
karnataka|moong green gram|2013|rabi,Karnataka,Moong(Green Gram),2013,Rabi,0.240666667,train,datasets/test_images/2013/rgb/karnataka_2013_moong_green_gram_rabi_rgb.png,datasets/test_images/2013/ndvi/karnataka_2013_moong_green_gram_rabi_ndvi.png,
kerala|moong green gram|2013|whole year,Kerala,Moong(Green Gram),2013,Whole Year,0.0,train,datasets/test_images/2013/rgb/kerala_2013_moong_green_gram_whole_year_rgb.png,datasets/test_images/2013/ndvi/kerala_2013_moong_green_gram_whole_year_ndvi.png,
kerala|rice|2013|autumn,Kerala,Rice,2013,Autumn,2.416923077,train,datasets/test_images/2013/rgb/kerala_2013_rice_autumn_rgb.png,datasets/test_images/2013/ndvi/kerala_2013_rice_autumn_ndvi.png,
kerala|rice|2013|summer,Kerala,Rice,2013,Summer,2.673571429,train,datasets/test_images/2013/rgb/kerala_2013_rice_summer_rgb.png,datasets/test_images/2013/ndvi/kerala_2013_rice_summer_ndvi.png,
madhya pradesh|moong green gram|2013|kharif,Madhya Pradesh,Moong(Green Gram),2013,Kharif,0.398235294,train,datasets/test_images/2013/rgb/madhya_pradesh_2013_moong_green_gram_kharif_rgb.png,datasets/test_images/2013/ndvi/madhya_pradesh_2013_moong_green_gram_kharif_ndvi.png,
maharashtra|maize|2013|rabi,Maharashtra,Maize,2013,Rabi,2.4765,train,datasets/test_images/2013/rgb/maharashtra_2013_maize_rabi_rgb.png,datasets/test_images/2013/ndvi/maharashtra_2013_maize_rabi_ndvi.png,
maharashtra|maize|2013|summer,Maharashtra,Maize,2013,Summer,1.265833333,train,datasets/test_images/2013/rgb/maharashtra_2013_maize_summer_rgb.png,datasets/test_images/2013/ndvi/maharashtra_2013_maize_summer_ndvi.png,
maharashtra|moong green gram|2013|kharif,Maharashtra,Moong(Green Gram),2013,Kharif,0.653103448,train,datasets/test_images/2013/rgb/maharashtra_2013_moong_green_gram_kharif_rgb.png,datasets/test_images/2013/ndvi/maharashtra_2013_moong_green_gram_kharif_ndvi.png,
maharashtra|rice|2013|summer,Maharashtra,Rice,2013,Summer,2.423333333,train,datasets/test_images/2013/rgb/maharashtra_2013_rice_summer_rgb.png,datasets/test_images/2013/ndvi/maharashtra_2013_rice_summer_ndvi.png,
manipur|maize|2013|rabi,Manipur,Maize,2013,Rabi,2.408888889,train,datasets/test_images/2013/rgb/manipur_2013_maize_rabi_rgb.png,datasets/test_images/2013/ndvi/manipur_2013_maize_rabi_ndvi.png,
manipur|moong green gram|2013|kharif,Manipur,Moong(Green Gram),2013,Kharif,0.957777778,train,datasets/test_images/2013/rgb/manipur_2013_moong_green_gram_kharif_rgb.png,datasets/test_images/2013/ndvi/manipur_2013_moong_green_gram_kharif_ndvi.png,
meghalaya|rice|2013|autumn,Meghalaya,Rice,2013,Autumn,2.448571429,train,datasets/test_images/2013/rgb/meghalaya_2013_rice_autumn_rgb.png,datasets/test_images/2013/ndvi/meghalaya_2013_rice_autumn_ndvi.png,
meghalaya|rice|2013|rabi,Meghalaya,Rice,2013,Rabi,2.396363636,train,datasets/test_images/2013/rgb/meghalaya_2013_rice_rabi_rgb.png,datasets/test_images/2013/ndvi/meghalaya_2013_rice_rabi_ndvi.png,
mizoram|rice|2013|autumn,Mizoram,Rice,2013,Autumn,1.10625,train,datasets/test_images/2013/rgb/mizoram_2013_rice_autumn_rgb.png,datasets/test_images/2013/ndvi/mizoram_2013_rice_autumn_ndvi.png,
nagaland|maize|2013|kharif,Nagaland,Maize,2013,Kharif,1.97,train,datasets/test_images/2013/rgb/nagaland_2013_maize_kharif_rgb.png,datasets/test_images/2013/ndvi/nagaland_2013_maize_kharif_ndvi.png,
nagaland|moong green gram|2013|kharif,Nagaland,Moong(Green Gram),2013,Kharif,1.0,train,datasets/test_images/2013/rgb/nagaland_2013_moong_green_gram_kharif_rgb.png,datasets/test_images/2013/ndvi/nagaland_2013_moong_green_gram_kharif_ndvi.png,
odisha|moong green gram|2013|autumn,Odisha,Moong(Green Gram),2013,Autumn,0.2575,train,datasets/test_images/2013/rgb/odisha_2013_moong_green_gram_autumn_rgb.png,datasets/test_images/2013/ndvi/odisha_2013_moong_green_gram_autumn_ndvi.png,
odisha|moong green gram|2013|summer,Odisha,Moong(Green Gram),2013,Summer,0.398888889,train,datasets/test_images/2013/rgb/odisha_2013_moong_green_gram_summer_rgb.png,datasets/test_images/2013/ndvi/odisha_2013_moong_green_gram_summer_ndvi.png,
odisha|moong green gram|2013|winter,Odisha,Moong(Green Gram),2013,Winter,0.3176,train,datasets/test_images/2013/rgb/odisha_2013_moong_green_gram_winter_rgb.png,datasets/test_images/2013/ndvi/odisha_2013_moong_green_gram_winter_ndvi.png,
puducherry|rice|2013|rabi,Puducherry,Rice,2013,Rabi,3.78,train,datasets/test_images/2013/rgb/puducherry_2013_rice_rabi_rgb.png,datasets/test_images/2013/ndvi/puducherry_2013_rice_rabi_ndvi.png,
puducherry|rice|2013|summer,Puducherry,Rice,2013,Summer,3.41,train,datasets/test_images/2013/rgb/puducherry_2013_rice_summer_rgb.png,datasets/test_images/2013/ndvi/puducherry_2013_rice_summer_ndvi.png,
punjab|moong green gram|2013|kharif,Punjab,Moong(Green Gram),2013,Kharif,0.860833333,train,datasets/test_images/2013/rgb/punjab_2013_moong_green_gram_kharif_rgb.png,datasets/test_images/2013/ndvi/punjab_2013_moong_green_gram_kharif_ndvi.png,
tamil nadu|moong green gram|2013|kharif,Tamil Nadu,Moong(Green Gram),2013,Kharif,0.572307692,train,datasets/test_images/2013/rgb/tamil_nadu_2013_moong_green_gram_kharif_rgb.png,datasets/test_images/2013/ndvi/tamil_nadu_2013_moong_green_gram_kharif_ndvi.png,
tamil nadu|moong green gram|2013|rabi,Tamil Nadu,Moong(Green Gram),2013,Rabi,0.774074074,train,datasets/test_images/2013/rgb/tamil_nadu_2013_moong_green_gram_rabi_rgb.png,datasets/test_images/2013/ndvi/tamil_nadu_2013_moong_green_gram_rabi_ndvi.png,
telangana|moong green gram|2013|kharif,Telangana,Moong(Green Gram),2013,Kharif,0.656666667,train,datasets/test_images/2013/rgb/telangana_2013_moong_green_gram_kharif_rgb.png,datasets/test_images/2013/ndvi/telangana_2013_moong_green_gram_kharif_ndvi.png,
telangana|moong green gram|2013|rabi,Telangana,Moong(Green Gram),2013,Rabi,0.9325,train,datasets/test_images/2013/rgb/telangana_2013_moong_green_gram_rabi_rgb.png,datasets/test_images/2013/ndvi/telangana_2013_moong_green_gram_rabi_ndvi.png,
tripura|moong green gram|2013|kharif,Tripura,Moong(Green Gram),2013,Kharif,0.5275,train,datasets/test_images/2013/rgb/tripura_2013_moong_green_gram_kharif_rgb.png,datasets/test_images/2013/ndvi/tripura_2013_moong_green_gram_kharif_ndvi.png,
uttar pradesh|maize|2013|rabi,Uttar Pradesh,Maize,2013,Rabi,3.5572,train,datasets/test_images/2013/rgb/uttar_pradesh_2013_maize_rabi_rgb.png,datasets/test_images/2013/ndvi/uttar_pradesh_2013_maize_rabi_ndvi.png,
uttar pradesh|moong green gram|2013|kharif,Uttar Pradesh,Moong(Green Gram),2013,Kharif,0.362181818,train,datasets/test_images/2013/rgb/uttar_pradesh_2013_moong_green_gram_kharif_rgb.png,datasets/test_images/2013/ndvi/uttar_pradesh_2013_moong_green_gram_kharif_ndvi.png,
uttar pradesh|moong green gram|2013|summer,Uttar Pradesh,Moong(Green Gram),2013,Summer,0.646825397,train,datasets/test_images/2013/rgb/uttar_pradesh_2013_moong_green_gram_summer_rgb.png,datasets/test_images/2013/ndvi/uttar_pradesh_2013_moong_green_gram_summer_ndvi.png,
uttar pradesh|rice|2013|summer,Uttar Pradesh,Rice,2013,Summer,2.479047619,train,datasets/test_images/2013/rgb/uttar_pradesh_2013_rice_summer_rgb.png,datasets/test_images/2013/ndvi/uttar_pradesh_2013_rice_summer_ndvi.png,
uttarakhand|moong green gram|2013|kharif,Uttarakhand,Moong(Green Gram),2013,Kharif,0.525,train,datasets/test_images/2013/rgb/uttarakhand_2013_moong_green_gram_kharif_rgb.png,datasets/test_images/2013/ndvi/uttarakhand_2013_moong_green_gram_kharif_ndvi.png,
uttarakhand|moong green gram|2013|summer,Uttarakhand,Moong(Green Gram),2013,Summer,0.5,train,datasets/test_images/2013/rgb/uttarakhand_2013_moong_green_gram_summer_rgb.png,datasets/test_images/2013/ndvi/uttarakhand_2013_moong_green_gram_summer_ndvi.png,
uttarakhand|rice|2013|summer,Uttarakhand,Rice,2013,Summer,3.353333333,train,datasets/test_images/2013/rgb/uttarakhand_2013_rice_summer_rgb.png,datasets/test_images/2013/ndvi/uttarakhand_2013_rice_summer_ndvi.png,
west bengal|maize|2013|autumn,West Bengal,Maize,2013,Autumn,2.767777778,train,datasets/test_images/2013/rgb/west_bengal_2013_maize_autumn_rgb.png,datasets/test_images/2013/ndvi/west_bengal_2013_maize_autumn_ndvi.png,
west bengal|maize|2013|summer,West Bengal,Maize,2013,Summer,2.987222222,train,datasets/test_images/2013/rgb/west_bengal_2013_maize_summer_rgb.png,datasets/test_images/2013/ndvi/west_bengal_2013_maize_summer_ndvi.png,
west bengal|moong green gram|2013|rabi,West Bengal,Moong(Green Gram),2013,Rabi,0.733,train,datasets/test_images/2013/rgb/west_bengal_2013_moong_green_gram_rabi_rgb.png,datasets/test_images/2013/ndvi/west_bengal_2013_moong_green_gram_rabi_ndvi.png,
west bengal|moong green gram|2013|summer,West Bengal,Moong(Green Gram),2013,Summer,0.804705882,train,datasets/test_images/2013/rgb/west_bengal_2013_moong_green_gram_summer_rgb.png,datasets/test_images/2013/ndvi/west_bengal_2013_moong_green_gram_summer_ndvi.png,
west bengal|rice|2013|autumn,West Bengal,Rice,2013,Autumn,2.252777778,train,datasets/test_images/2013/rgb/west_bengal_2013_rice_autumn_rgb.png,datasets/test_images/2013/ndvi/west_bengal_2013_rice_autumn_ndvi.png,
west bengal|rice|2013|summer,West Bengal,Rice,2013,Summer,3.127222222,train,datasets/test_images/2013/rgb/west_bengal_2013_rice_summer_rgb.png,datasets/test_images/2013/ndvi/west_bengal_2013_rice_summer_ndvi.png,
west bengal|rice|2013|winter,West Bengal,Rice,2013,Winter,2.626111111,train,datasets/test_images/2013/rgb/west_bengal_2013_rice_winter_rgb.png,datasets/test_images/2013/ndvi/west_bengal_2013_rice_winter_ndvi.png,
andhra pradesh|moong green gram|2014|kharif,Andhra Pradesh,Moong(Green Gram),2014,Kharif,0.807692308,train,datasets/test_images/2014/rgb/andhra_pradesh_2014_moong_green_gram_kharif_rgb.png,datasets/test_images/2014/ndvi/andhra_pradesh_2014_moong_green_gram_kharif_ndvi.png,
andhra pradesh|moong green gram|2014|rabi,Andhra Pradesh,Moong(Green Gram),2014,Rabi,0.767692308,train,datasets/test_images/2014/rgb/andhra_pradesh_2014_moong_green_gram_rabi_rgb.png,datasets/test_images/2014/ndvi/andhra_pradesh_2014_moong_green_gram_rabi_ndvi.png,
assam|rice|2014|summer,Assam,Rice,2014,Summer,2.613076923,train,datasets/test_images/2014/rgb/assam_2014_rice_summer_rgb.png,datasets/test_images/2014/ndvi/assam_2014_rice_summer_ndvi.png,
bihar|maize|2014|autumn,Bihar,Maize,2014,Autumn,2.717368421,train,datasets/test_images/2014/rgb/bihar_2014_maize_autumn_rgb.png,datasets/test_images/2014/ndvi/bihar_2014_maize_autumn_ndvi.png,
bihar|maize|2014|rabi,Bihar,Maize,2014,Rabi,3.269705882,train,datasets/test_images/2014/rgb/bihar_2014_maize_rabi_rgb.png,datasets/test_images/2014/ndvi/bihar_2014_maize_rabi_ndvi.png,
bihar|maize|2014|summer,Bihar,Maize,2014,Summer,3.988378378,train,datasets/test_images/2014/rgb/bihar_2014_maize_summer_rgb.png,datasets/test_images/2014/ndvi/bihar_2014_maize_summer_ndvi.png,
bihar|moong green gram|2014|summer,Bihar,Moong(Green Gram),2014,Summer,0.638918919,train,datasets/test_images/2014/rgb/bihar_2014_moong_green_gram_summer_rgb.png,datasets/test_images/2014/ndvi/bihar_2014_moong_green_gram_summer_ndvi.png,
bihar|rice|2014|autumn,Bihar,Rice,2014,Autumn,1.738965517,train,datasets/test_images/2014/rgb/bihar_2014_rice_autumn_rgb.png,datasets/test_images/2014/ndvi/bihar_2014_rice_autumn_ndvi.png,
bihar|rice|2014|summer,Bihar,Rice,2014,Summer,1.971764706,train,datasets/test_images/2014/rgb/bihar_2014_rice_summer_rgb.png,datasets/test_images/2014/ndvi/bihar_2014_rice_summer_ndvi.png,
bihar|rice|2014|winter,Bihar,Rice,2014,Winter,2.625263158,train,datasets/test_images/2014/rgb/bihar_2014_rice_winter_rgb.png,datasets/test_images/2014/ndvi/bihar_2014_rice_winter_ndvi.png,
chhattisgarh|moong green gram|2014|kharif,Chhattisgarh,Moong(Green Gram),2014,Kharif,0.271481481,train,datasets/test_images/2014/rgb/chhattisgarh_2014_moong_green_gram_kharif_rgb.png,datasets/test_images/2014/ndvi/chhattisgarh_2014_moong_green_gram_kharif_ndvi.png,
goa|rice|2014|kharif,Goa,Rice,2014,Kharif,2.925,train,datasets/test_images/2014/rgb/goa_2014_rice_kharif_rgb.png,datasets/test_images/2014/ndvi/goa_2014_rice_kharif_ndvi.png,
goa|rice|2014|rabi,Goa,Rice,2014,Rabi,2.775,train,datasets/test_images/2014/rgb/goa_2014_rice_rabi_rgb.png,datasets/test_images/2014/ndvi/goa_2014_rice_rabi_ndvi.png,
gujarat|maize|2014|rabi,Gujarat,Maize,2014,Rabi,1.969375,train,datasets/test_images/2014/rgb/gujarat_2014_maize_rabi_rgb.png,datasets/test_images/2014/ndvi/gujarat_2014_maize_rabi_ndvi.png,
gujarat|moong green gram|2014|kharif,Gujarat,Moong(Green Gram),2014,Kharif,0.5490625,train,datasets/test_images/2014/rgb/gujarat_2014_moong_green_gram_kharif_rgb.png,datasets/test_images/2014/ndvi/gujarat_2014_moong_green_gram_kharif_ndvi.png,
gujarat|moong green gram|2014|summer,Gujarat,Moong(Green Gram),2014,Summer,0.526,train,datasets/test_images/2014/rgb/gujarat_2014_moong_green_gram_summer_rgb.png,datasets/test_images/2014/ndvi/gujarat_2014_moong_green_gram_summer_ndvi.png,
gujarat|rice|2014|summer,Gujarat,Rice,2014,Summer,3.144166667,train,datasets/test_images/2014/rgb/gujarat_2014_rice_summer_rgb.png,datasets/test_images/2014/ndvi/gujarat_2014_rice_summer_ndvi.png,
haryana|moong green gram|2014|kharif,Haryana,Moong(Green Gram),2014,Kharif,0.44,train,datasets/test_images/2014/rgb/haryana_2014_moong_green_gram_kharif_rgb.png,datasets/test_images/2014/ndvi/haryana_2014_moong_green_gram_kharif_ndvi.png,
himachal pradesh|moong green gram|2014|kharif,Himachal Pradesh,Moong(Green Gram),2014,Kharif,0.485714286,train,datasets/test_images/2014/rgb/himachal_pradesh_2014_moong_green_gram_kharif_rgb.png,datasets/test_images/2014/ndvi/himachal_pradesh_2014_moong_green_gram_kharif_ndvi.png,
jammu and kashmir|moong green gram|2014|kharif,Jammu and Kashmir,Moong(Green Gram),2014,Kharif,0.585714286,train,datasets/test_images/2014/rgb/jammu_and_kashmir_2014_moong_green_gram_kharif_rgb.png,datasets/test_images/2014/ndvi/jammu_and_kashmir_2014_moong_green_gram_kharif_ndvi.png,
jharkhand|maize|2014|autumn,Jharkhand,Maize,2014,Autumn,1.71625,train,datasets/test_images/2014/rgb/jharkhand_2014_maize_autumn_rgb.png,datasets/test_images/2014/ndvi/jharkhand_2014_maize_autumn_ndvi.png,
jharkhand|rice|2014|autumn,Jharkhand,Rice,2014,Autumn,1.01,train,datasets/test_images/2014/rgb/jharkhand_2014_rice_autumn_rgb.png,datasets/test_images/2014/ndvi/jharkhand_2014_rice_autumn_ndvi.png,
jharkhand|rice|2014|winter,Jharkhand,Rice,2014,Winter,1.416666667,train,datasets/test_images/2014/rgb/jharkhand_2014_rice_winter_rgb.png,datasets/test_images/2014/ndvi/jharkhand_2014_rice_winter_ndvi.png,
karnataka|moong green gram|2014|kharif,Karnataka,Moong(Green Gram),2014,Kharif,0.192916667,train,datasets/test_images/2014/rgb/karnataka_2014_moong_green_gram_kharif_rgb.png,datasets/test_images/2014/ndvi/karnataka_2014_moong_green_gram_kharif_ndvi.png,
karnataka|moong green gram|2014|rabi,Karnataka,Moong(Green Gram),2014,Rabi,0.336153846,train,datasets/test_images/2014/rgb/karnataka_2014_moong_green_gram_rabi_rgb.png,datasets/test_images/2014/ndvi/karnataka_2014_moong_green_gram_rabi_ndvi.png,
kerala|moong green gram|2014|whole year,Kerala,Moong(Green Gram),2014,Whole Year,0.0,train,datasets/test_images/2014/rgb/kerala_2014_moong_green_gram_whole_year_rgb.png,datasets/test_images/2014/ndvi/kerala_2014_moong_green_gram_whole_year_ndvi.png,
kerala|rice|2014|autumn,Kerala,Rice,2014,Autumn,2.215384615,train,datasets/test_images/2014/rgb/kerala_2014_rice_autumn_rgb.png,datasets/test_images/2014/ndvi/kerala_2014_rice_autumn_ndvi.png,
kerala|rice|2014|summer,Kerala,Rice,2014,Summer,2.801428571,train,datasets/test_images/2014/rgb/kerala_2014_rice_summer_rgb.png,datasets/test_images/2014/ndvi/kerala_2014_rice_summer_ndvi.png,
madhya pradesh|moong green gram|2014|kharif,Madhya Pradesh,Moong(Green Gram),2014,Kharif,0.437209302,train,datasets/test_images/2014/rgb/madhya_pradesh_2014_moong_green_gram_kharif_rgb.png,datasets/test_images/2014/ndvi/madhya_pradesh_2014_moong_green_gram_kharif_ndvi.png,
maharashtra|maize|2014|rabi,Maharashtra,Maize,2014,Rabi,1.730869565,train,datasets/test_images/2014/rgb/maharashtra_2014_maize_rabi_rgb.png,datasets/test_images/2014/ndvi/maharashtra_2014_maize_rabi_ndvi.png,
maharashtra|maize|2014|summer,Maharashtra,Maize,2014,Summer,1.240454545,train,datasets/test_images/2014/rgb/maharashtra_2014_maize_summer_rgb.png,datasets/test_images/2014/ndvi/maharashtra_2014_maize_summer_ndvi.png,
maharashtra|moong green gram|2014|kharif,Maharashtra,Moong(Green Gram),2014,Kharif,0.273939394,train,datasets/test_images/2014/rgb/maharashtra_2014_moong_green_gram_kharif_rgb.png,datasets/test_images/2014/ndvi/maharashtra_2014_moong_green_gram_kharif_ndvi.png,
maharashtra|rice|2014|summer,Maharashtra,Rice,2014,Summer,2.52375,train,datasets/test_images/2014/rgb/maharashtra_2014_rice_summer_rgb.png,datasets/test_images/2014/ndvi/maharashtra_2014_rice_summer_ndvi.png,
manipur|maize|2014|rabi,Manipur,Maize,2014,Rabi,2.334444444,train,datasets/test_images/2014/rgb/manipur_2014_maize_rabi_rgb.png,datasets/test_images/2014/ndvi/manipur_2014_maize_rabi_ndvi.png,
manipur|moong green gram|2014|kharif,Manipur,Moong(Green Gram),2014,Kharif,0.971111111,train,datasets/test_images/2014/rgb/manipur_2014_moong_green_gram_kharif_rgb.png,datasets/test_images/2014/ndvi/manipur_2014_moong_green_gram_kharif_ndvi.png,
meghalaya|rice|2014|autumn,Meghalaya,Rice,2014,Autumn,2.507272727,train,datasets/test_images/2014/rgb/meghalaya_2014_rice_autumn_rgb.png,datasets/test_images/2014/ndvi/meghalaya_2014_rice_autumn_ndvi.png,
meghalaya|rice|2014|rabi,Meghalaya,Rice,2014,Rabi,2.505454545,train,datasets/test_images/2014/rgb/meghalaya_2014_rice_rabi_rgb.png,datasets/test_images/2014/ndvi/meghalaya_2014_rice_rabi_ndvi.png,
mizoram|rice|2014|autumn,Mizoram,Rice,2014,Autumn,1.14875,train,datasets/test_images/2014/rgb/mizoram_2014_rice_autumn_rgb.png,datasets/test_images/2014/ndvi/mizoram_2014_rice_autumn_ndvi.png,
nagaland|maize|2014|rabi,Nagaland,Maize,2014,Rabi,1.975,train,datasets/test_images/2014/rgb/nagaland_2014_maize_rabi_rgb.png,datasets/test_images/2014/ndvi/nagaland_2014_maize_rabi_ndvi.png,
nagaland|moong green gram|2014|kharif,Nagaland,Moong(Green Gram),2014,Kharif,1.0,train,datasets/test_images/2014/rgb/nagaland_2014_moong_green_gram_kharif_rgb.png,datasets/test_images/2014/ndvi/nagaland_2014_moong_green_gram_kharif_ndvi.png,
odisha|moong green gram|2014|autumn,Odisha,Moong(Green Gram),2014,Autumn,0.278888889,train,datasets/test_images/2014/rgb/odisha_2014_moong_green_gram_autumn_rgb.png,datasets/test_images/2014/ndvi/odisha_2014_moong_green_gram_autumn_ndvi.png,
odisha|moong green gram|2014|summer,Odisha,Moong(Green Gram),2014,Summer,0.391481481,train,datasets/test_images/2014/rgb/odisha_2014_moong_green_gram_summer_rgb.png,datasets/test_images/2014/ndvi/odisha_2014_moong_green_gram_summer_ndvi.png,
odisha|moong green gram|2014|winter,Odisha,Moong(Green Gram),2014,Winter,0.322857143,train,datasets/test_images/2014/rgb/odisha_2014_moong_green_gram_winter_rgb.png,datasets/test_images/2014/ndvi/odisha_2014_moong_green_gram_winter_ndvi.png,
puducherry|rice|2014|rabi,Puducherry,Rice,2014,Rabi,3.506666667,train,datasets/test_images/2014/rgb/puducherry_2014_rice_rabi_rgb.png,datasets/test_images/2014/ndvi/puducherry_2014_rice_rabi_ndvi.png,
puducherry|rice|2014|summer,Puducherry,Rice,2014,Summer,3.62,train,datasets/test_images/2014/rgb/puducherry_2014_rice_summer_rgb.png,datasets/test_images/2014/ndvi/puducherry_2014_rice_summer_ndvi.png,
punjab|moong green gram|2014|kharif,Punjab,Moong(Green Gram),2014,Kharif,0.921818182,train,datasets/test_images/2014/rgb/punjab_2014_moong_green_gram_kharif_rgb.png,datasets/test_images/2014/ndvi/punjab_2014_moong_green_gram_kharif_ndvi.png,
tamil nadu|moong green gram|2014|kharif,Tamil Nadu,Moong(Green Gram),2014,Kharif,0.633076923,train,datasets/test_images/2014/rgb/tamil_nadu_2014_moong_green_gram_kharif_rgb.png,datasets/test_images/2014/ndvi/tamil_nadu_2014_moong_green_gram_kharif_ndvi.png,
tamil nadu|moong green gram|2014|rabi,Tamil Nadu,Moong(Green Gram),2014,Rabi,0.821,train,datasets/test_images/2014/rgb/tamil_nadu_2014_moong_green_gram_rabi_rgb.png,datasets/test_images/2014/ndvi/tamil_nadu_2014_moong_green_gram_rabi_ndvi.png,
telangana|moong green gram|2014|kharif,Telangana,Moong(Green Gram),2014,Kharif,0.47,train,datasets/test_images/2014/rgb/telangana_2014_moong_green_gram_kharif_rgb.png,datasets/test_images/2014/ndvi/telangana_2014_moong_green_gram_kharif_ndvi.png,
telangana|moong green gram|2014|rabi,Telangana,Moong(Green Gram),2014,Rabi,0.59625,train,datasets/test_images/2014/rgb/telangana_2014_moong_green_gram_rabi_rgb.png,datasets/test_images/2014/ndvi/telangana_2014_moong_green_gram_rabi_ndvi.png,
tripura|moong green gram|2014|kharif,Tripura,Moong(Green Gram),2014,Kharif,0.54,train,datasets/test_images/2014/rgb/tripura_2014_moong_green_gram_kharif_rgb.png,datasets/test_images/2014/ndvi/tripura_2014_moong_green_gram_kharif_ndvi.png,
uttar pradesh|maize|2014|rabi,Uttar Pradesh,Maize,2014,Rabi,2.444166667,train,datasets/test_images/2014/rgb/uttar_pradesh_2014_maize_rabi_rgb.png,datasets/test_images/2014/ndvi/uttar_pradesh_2014_maize_rabi_ndvi.png,
uttar pradesh|moong green gram|2014|kharif,Uttar Pradesh,Moong(Green Gram),2014,Kharif,0.308448276,train,datasets/test_images/2014/rgb/uttar_pradesh_2014_moong_green_gram_kharif_rgb.png,datasets/test_images/2014/ndvi/uttar_pradesh_2014_moong_green_gram_kharif_ndvi.png,
uttar pradesh|moong green gram|2014|summer,Uttar Pradesh,Moong(Green Gram),2014,Summer,0.657076923,train,datasets/test_images/2014/rgb/uttar_pradesh_2014_moong_green_gram_summer_rgb.png,datasets/test_images/2014/ndvi/uttar_pradesh_2014_moong_green_gram_summer_ndvi.png,
uttar pradesh|rice|2014|summer,Uttar Pradesh,Rice,2014,Summer,2.384090909,train,datasets/test_images/2014/rgb/uttar_pradesh_2014_rice_summer_rgb.png,datasets/test_images/2014/ndvi/uttar_pradesh_2014_rice_summer_ndvi.png,
uttarakhand|moong green gram|2014|kharif,Uttarakhand,Moong(Green Gram),2014,Kharif,0.843333333,train,datasets/test_images/2014/rgb/uttarakhand_2014_moong_green_gram_kharif_rgb.png,datasets/test_images/2014/ndvi/uttarakhand_2014_moong_green_gram_kharif_ndvi.png,
uttarakhand|moong green gram|2014|summer,Uttarakhand,Moong(Green Gram),2014,Summer,0.75,train,datasets/test_images/2014/rgb/uttarakhand_2014_moong_green_gram_summer_rgb.png,datasets/test_images/2014/ndvi/uttarakhand_2014_moong_green_gram_summer_ndvi.png,
uttarakhand|rice|2014|summer,Uttarakhand,Rice,2014,Summer,3.15,train,datasets/test_images/2014/rgb/uttarakhand_2014_rice_summer_rgb.png,datasets/test_images/2014/ndvi/uttarakhand_2014_rice_summer_ndvi.png,
west bengal|maize|2014|autumn,West Bengal,Maize,2014,Autumn,3.369166667,train,datasets/test_images/2014/rgb/west_bengal_2014_maize_autumn_rgb.png,datasets/test_images/2014/ndvi/west_bengal_2014_maize_autumn_ndvi.png,
west bengal|maize|2014|summer,West Bengal,Maize,2014,Summer,3.143333333,train,datasets/test_images/2014/rgb/west_bengal_2014_maize_summer_rgb.png,datasets/test_images/2014/ndvi/west_bengal_2014_maize_summer_ndvi.png,
west bengal|moong green gram|2014|rabi,West Bengal,Moong(Green Gram),2014,Rabi,0.778,train,datasets/test_images/2014/rgb/west_bengal_2014_moong_green_gram_rabi_rgb.png,datasets/test_images/2014/ndvi/west_bengal_2014_moong_green_gram_rabi_ndvi.png,
west bengal|moong green gram|2014|summer,West Bengal,Moong(Green Gram),2014,Summer,0.90625,train,datasets/test_images/2014/rgb/west_bengal_2014_moong_green_gram_summer_rgb.png,datasets/test_images/2014/ndvi/west_bengal_2014_moong_green_gram_summer_ndvi.png,
west bengal|rice|2014|autumn,West Bengal,Rice,2014,Autumn,2.516111111,train,datasets/test_images/2014/rgb/west_bengal_2014_rice_autumn_rgb.png,datasets/test_images/2014/ndvi/west_bengal_2014_rice_autumn_ndvi.png,
west bengal|rice|2014|summer,West Bengal,Rice,2014,Summer,3.254444444,train,datasets/test_images/2014/rgb/west_bengal_2014_rice_summer_rgb.png,datasets/test_images/2014/ndvi/west_bengal_2014_rice_summer_ndvi.png,
west bengal|rice|2014|winter,West Bengal,Rice,2014,Winter,2.700555556,train,datasets/test_images/2014/rgb/west_bengal_2014_rice_winter_rgb.png,datasets/test_images/2014/ndvi/west_bengal_2014_rice_winter_ndvi.png,
andhra pradesh|moong green gram|2015|kharif,Andhra Pradesh,Moong(Green Gram),2015,Kharif,0.550769231,train,datasets/test_images/2015/rgb/andhra_pradesh_2015_moong_green_gram_kharif_rgb.png,datasets/test_images/2015/ndvi/andhra_pradesh_2015_moong_green_gram_kharif_ndvi.png,
andhra pradesh|moong green gram|2015|rabi,Andhra Pradesh,Moong(Green Gram),2015,Rabi,0.734615385,train,datasets/test_images/2015/rgb/andhra_pradesh_2015_moong_green_gram_rabi_rgb.png,datasets/test_images/2015/ndvi/andhra_pradesh_2015_moong_green_gram_rabi_ndvi.png,
assam|rice|2015|summer,Assam,Rice,2015,Summer,2.488076923,train,datasets/test_images/2015/rgb/assam_2015_rice_summer_rgb.png,datasets/test_images/2015/ndvi/assam_2015_rice_summer_ndvi.png,
bihar|maize|2015|autumn,Bihar,Maize,2015,Autumn,2.795263158,train,datasets/test_images/2015/rgb/bihar_2015_maize_autumn_rgb.png,datasets/test_images/2015/ndvi/bihar_2015_maize_autumn_ndvi.png,
bihar|maize|2015|rabi,Bihar,Maize,2015,Rabi,3.842352941,train,datasets/test_images/2015/rgb/bihar_2015_maize_rabi_rgb.png,datasets/test_images/2015/ndvi/bihar_2015_maize_rabi_ndvi.png,
bihar|maize|2015|summer,Bihar,Maize,2015,Summer,3.562972973,train,datasets/test_images/2015/rgb/bihar_2015_maize_summer_rgb.png,datasets/test_images/2015/ndvi/bihar_2015_maize_summer_ndvi.png,
bihar|moong green gram|2015|summer,Bihar,Moong(Green Gram),2015,Summer,0.686486486,train,datasets/test_images/2015/rgb/bihar_2015_moong_green_gram_summer_rgb.png,datasets/test_images/2015/ndvi/bihar_2015_moong_green_gram_summer_ndvi.png,
bihar|rice|2015|autumn,Bihar,Rice,2015,Autumn,1.347142857,train,datasets/test_images/2015/rgb/bihar_2015_rice_autumn_rgb.png,datasets/test_images/2015/ndvi/bihar_2015_rice_autumn_ndvi.png,
bihar|rice|2015|summer,Bihar,Rice,2015,Summer,2.528333333,train,datasets/test_images/2015/rgb/bihar_2015_rice_summer_rgb.png,datasets/test_images/2015/ndvi/bihar_2015_rice_summer_ndvi.png,
bihar|rice|2015|winter,Bihar,Rice,2015,Winter,2.166052632,train,datasets/test_images/2015/rgb/bihar_2015_rice_winter_rgb.png,datasets/test_images/2015/ndvi/bihar_2015_rice_winter_ndvi.png,
chhattisgarh|moong green gram|2015|kharif,Chhattisgarh,Moong(Green Gram),2015,Kharif,0.371111111,train,datasets/test_images/2015/rgb/chhattisgarh_2015_moong_green_gram_kharif_rgb.png,datasets/test_images/2015/ndvi/chhattisgarh_2015_moong_green_gram_kharif_ndvi.png,
goa|rice|2015|kharif,Goa,Rice,2015,Kharif,2.83,train,datasets/test_images/2015/rgb/goa_2015_rice_kharif_rgb.png,datasets/test_images/2015/ndvi/goa_2015_rice_kharif_ndvi.png,
goa|rice|2015|rabi,Goa,Rice,2015,Rabi,2.76,train,datasets/test_images/2015/rgb/goa_2015_rice_rabi_rgb.png,datasets/test_images/2015/ndvi/goa_2015_rice_rabi_ndvi.png,
gujarat|maize|2015|rabi,Gujarat,Maize,2015,Rabi,2.075714286,train,datasets/test_images/2015/rgb/gujarat_2015_maize_rabi_rgb.png,datasets/test_images/2015/ndvi/gujarat_2015_maize_rabi_ndvi.png,
gujarat|moong green gram|2015|kharif,Gujarat,Moong(Green Gram),2015,Kharif,0.530967742,train,datasets/test_images/2015/rgb/gujarat_2015_moong_green_gram_kharif_rgb.png,datasets/test_images/2015/ndvi/gujarat_2015_moong_green_gram_kharif_ndvi.png,
gujarat|moong green gram|2015|summer,Gujarat,Moong(Green Gram),2015,Summer,0.538387097,train,datasets/test_images/2015/rgb/gujarat_2015_moong_green_gram_summer_rgb.png,datasets/test_images/2015/ndvi/gujarat_2015_moong_green_gram_summer_ndvi.png,
gujarat|rice|2015|summer,Gujarat,Rice,2015,Summer,3.201818182,train,datasets/test_images/2015/rgb/gujarat_2015_rice_summer_rgb.png,datasets/test_images/2015/ndvi/gujarat_2015_rice_summer_ndvi.png,
haryana|moong green gram|2015|kharif,Haryana,Moong(Green Gram),2015,Kharif,0.606666667,train,datasets/test_images/2015/rgb/haryana_2015_moong_green_gram_kharif_rgb.png,datasets/test_images/2015/ndvi/haryana_2015_moong_green_gram_kharif_ndvi.png,
himachal pradesh|moong green gram|2015|kharif,Himachal Pradesh,Moong(Green Gram),2015,Kharif,0.5,train,datasets/test_images/2015/rgb/himachal_pradesh_2015_moong_green_gram_kharif_rgb.png,datasets/test_images/2015/ndvi/himachal_pradesh_2015_moong_green_gram_kharif_ndvi.png,
jammu and kashmir|moong green gram|2015|kharif,Jammu and Kashmir,Moong(Green Gram),2015,Kharif,0.50625,train,datasets/test_images/2015/rgb/jammu_and_kashmir_2015_moong_green_gram_kharif_rgb.png,datasets/test_images/2015/ndvi/jammu_and_kashmir_2015_moong_green_gram_kharif_ndvi.png,
jharkhand|rice|2015|autumn,Jharkhand,Rice,2015,Autumn,0.606956522,train,datasets/test_images/2015/rgb/jharkhand_2015_rice_autumn_rgb.png,datasets/test_images/2015/ndvi/jharkhand_2015_rice_autumn_ndvi.png,
jharkhand|rice|2015|winter,Jharkhand,Rice,2015,Winter,0.6625,train,datasets/test_images/2015/rgb/jharkhand_2015_rice_winter_rgb.png,datasets/test_images/2015/ndvi/jharkhand_2015_rice_winter_ndvi.png,
karnataka|moong green gram|2015|kharif,Karnataka,Moong(Green Gram),2015,Kharif,0.150416667,train,datasets/test_images/2015/rgb/karnataka_2015_moong_green_gram_kharif_rgb.png,datasets/test_images/2015/ndvi/karnataka_2015_moong_green_gram_kharif_ndvi.png,
karnataka|moong green gram|2015|rabi,Karnataka,Moong(Green Gram),2015,Rabi,0.292727273,train,datasets/test_images/2015/rgb/karnataka_2015_moong_green_gram_rabi_rgb.png,datasets/test_images/2015/ndvi/karnataka_2015_moong_green_gram_rabi_ndvi.png,
karnataka|moong green gram|2015|summer,Karnataka,Moong(Green Gram),2015,Summer,0.285,train,datasets/test_images/2015/rgb/karnataka_2015_moong_green_gram_summer_rgb.png,datasets/test_images/2015/ndvi/karnataka_2015_moong_green_gram_summer_ndvi.png,
kerala|rice|2015|autumn,Kerala,Rice,2015,Autumn,2.327692308,train,datasets/test_images/2015/rgb/kerala_2015_rice_autumn_rgb.png,datasets/test_images/2015/ndvi/kerala_2015_rice_autumn_ndvi.png,
kerala|rice|2015|summer,Kerala,Rice,2015,Summer,2.67,train,datasets/test_images/2015/rgb/kerala_2015_rice_summer_rgb.png,datasets/test_images/2015/ndvi/kerala_2015_rice_summer_ndvi.png,
madhya pradesh|moong green gram|2015|kharif,Madhya Pradesh,Moong(Green Gram),2015,Kharif,0.310909091,train,datasets/test_images/2015/rgb/madhya_pradesh_2015_moong_green_gram_kharif_rgb.png,datasets/test_images/2015/ndvi/madhya_pradesh_2015_moong_green_gram_kharif_ndvi.png,
maharashtra|maize|2015|rabi,Maharashtra,Maize,2015,Rabi,1.55962963,train,datasets/test_images/2015/rgb/maharashtra_2015_maize_rabi_rgb.png,datasets/test_images/2015/ndvi/maharashtra_2015_maize_rabi_ndvi.png,
maharashtra|maize|2015|summer,Maharashtra,Maize,2015,Summer,1.352608696,train,datasets/test_images/2015/rgb/maharashtra_2015_maize_summer_rgb.png,datasets/test_images/2015/ndvi/maharashtra_2015_maize_summer_ndvi.png,
maharashtra|moong green gram|2015|kharif,Maharashtra,Moong(Green Gram),2015,Kharif,0.20030303,train,datasets/test_images/2015/rgb/maharashtra_2015_moong_green_gram_kharif_rgb.png,datasets/test_images/2015/ndvi/maharashtra_2015_moong_green_gram_kharif_ndvi.png,
maharashtra|moong green gram|2015|summer,Maharashtra,Moong(Green Gram),2015,Summer,0.203846154,train,datasets/test_images/2015/rgb/maharashtra_2015_moong_green_gram_summer_rgb.png,datasets/test_images/2015/ndvi/maharashtra_2015_moong_green_gram_summer_ndvi.png,
maharashtra|rice|2015|summer,Maharashtra,Rice,2015,Summer,2.538888889,train,datasets/test_images/2015/rgb/maharashtra_2015_rice_summer_rgb.png,datasets/test_images/2015/ndvi/maharashtra_2015_rice_summer_ndvi.png,
manipur|maize|2015|rabi,Manipur,Maize,2015,Rabi,2.462222222,train,datasets/test_images/2015/rgb/manipur_2015_maize_rabi_rgb.png,datasets/test_images/2015/ndvi/manipur_2015_maize_rabi_ndvi.png,
manipur|moong green gram|2015|kharif,Manipur,Moong(Green Gram),2015,Kharif,1.105555556,train,datasets/test_images/2015/rgb/manipur_2015_moong_green_gram_kharif_rgb.png,datasets/test_images/2015/ndvi/manipur_2015_moong_green_gram_kharif_ndvi.png,
meghalaya|rice|2015|rabi,Meghalaya,Rice,2015,Rabi,2.557272727,train,datasets/test_images/2015/rgb/meghalaya_2015_rice_rabi_rgb.png,datasets/test_images/2015/ndvi/meghalaya_2015_rice_rabi_ndvi.png,
mizoram|rice|2015|autumn,Mizoram,Rice,2015,Autumn,1.22375,train,datasets/test_images/2015/rgb/mizoram_2015_rice_autumn_rgb.png,datasets/test_images/2015/ndvi/mizoram_2015_rice_autumn_ndvi.png,
nagaland|maize|2015|kharif,Nagaland,Maize,2015,Kharif,1.978181818,train,datasets/test_images/2015/rgb/nagaland_2015_maize_kharif_rgb.png,datasets/test_images/2015/ndvi/nagaland_2015_maize_kharif_ndvi.png,
nagaland|moong green gram|2015|kharif,Nagaland,Moong(Green Gram),2015,Kharif,1.008888889,train,datasets/test_images/2015/rgb/nagaland_2015_moong_green_gram_kharif_rgb.png,datasets/test_images/2015/ndvi/nagaland_2015_moong_green_gram_kharif_ndvi.png,
odisha|moong green gram|2015|autumn,Odisha,Moong(Green Gram),2015,Autumn,0.231111111,train,datasets/test_images/2015/rgb/odisha_2015_moong_green_gram_autumn_rgb.png,datasets/test_images/2015/ndvi/odisha_2015_moong_green_gram_autumn_ndvi.png,
odisha|moong green gram|2015|summer,Odisha,Moong(Green Gram),2015,Summer,0.332413793,train,datasets/test_images/2015/rgb/odisha_2015_moong_green_gram_summer_rgb.png,datasets/test_images/2015/ndvi/odisha_2015_moong_green_gram_summer_ndvi.png,
odisha|moong green gram|2015|winter,Odisha,Moong(Green Gram),2015,Winter,0.249545455,train,datasets/test_images/2015/rgb/odisha_2015_moong_green_gram_winter_rgb.png,datasets/test_images/2015/ndvi/odisha_2015_moong_green_gram_winter_ndvi.png,
puducherry|rice|2015|rabi,Puducherry,Rice,2015,Rabi,2.47,train,datasets/test_images/2015/rgb/puducherry_2015_rice_rabi_rgb.png,datasets/test_images/2015/ndvi/puducherry_2015_rice_rabi_ndvi.png,
puducherry|rice|2015|summer,Puducherry,Rice,2015,Summer,2.225,train,datasets/test_images/2015/rgb/puducherry_2015_rice_summer_rgb.png,datasets/test_images/2015/ndvi/puducherry_2015_rice_summer_ndvi.png,
punjab|moong green gram|2015|kharif,Punjab,Moong(Green Gram),2015,Kharif,0.699230769,train,datasets/test_images/2015/rgb/punjab_2015_moong_green_gram_kharif_rgb.png,datasets/test_images/2015/ndvi/punjab_2015_moong_green_gram_kharif_ndvi.png,
tamil nadu|moong green gram|2015|kharif,Tamil Nadu,Moong(Green Gram),2015,Kharif,0.789285714,train,datasets/test_images/2015/rgb/tamil_nadu_2015_moong_green_gram_kharif_rgb.png,datasets/test_images/2015/ndvi/tamil_nadu_2015_moong_green_gram_kharif_ndvi.png,
tamil nadu|moong green gram|2015|rabi,Tamil Nadu,Moong(Green Gram),2015,Rabi,0.577037037,train,datasets/test_images/2015/rgb/tamil_nadu_2015_moong_green_gram_rabi_rgb.png,datasets/test_images/2015/ndvi/tamil_nadu_2015_moong_green_gram_rabi_ndvi.png,
telangana|moong green gram|2015|kharif,Telangana,Moong(Green Gram),2015,Kharif,1.773333333,train,datasets/test_images/2015/rgb/telangana_2015_moong_green_gram_kharif_rgb.png,datasets/test_images/2015/ndvi/telangana_2015_moong_green_gram_kharif_ndvi.png,
telangana|moong green gram|2015|rabi,Telangana,Moong(Green Gram),2015,Rabi,1.04,train,datasets/test_images/2015/rgb/telangana_2015_moong_green_gram_rabi_rgb.png,datasets/test_images/2015/ndvi/telangana_2015_moong_green_gram_rabi_ndvi.png,
tripura|moong green gram|2015|kharif,Tripura,Moong(Green Gram),2015,Kharif,0.50625,train,datasets/test_images/2015/rgb/tripura_2015_moong_green_gram_kharif_rgb.png,datasets/test_images/2015/ndvi/tripura_2015_moong_green_gram_kharif_ndvi.png,
tripura|moong green gram|2015|rabi,Tripura,Moong(Green Gram),2015,Rabi,0.53875,train,datasets/test_images/2015/rgb/tripura_2015_moong_green_gram_rabi_rgb.png,datasets/test_images/2015/ndvi/tripura_2015_moong_green_gram_rabi_ndvi.png,
tripura|rice|2015|summer,Tripura,Rice,2015,Summer,3.04625,train,datasets/test_images/2015/rgb/tripura_2015_rice_summer_rgb.png,datasets/test_images/2015/ndvi/tripura_2015_rice_summer_ndvi.png,
uttar pradesh|maize|2015|rabi,Uttar Pradesh,Maize,2015,Rabi,2.162391304,train,datasets/test_images/2015/rgb/uttar_pradesh_2015_maize_rabi_rgb.png,datasets/test_images/2015/ndvi/uttar_pradesh_2015_maize_rabi_ndvi.png,
uttar pradesh|moong green gram|2015|kharif,Uttar Pradesh,Moong(Green Gram),2015,Kharif,0.245,train,datasets/test_images/2015/rgb/uttar_pradesh_2015_moong_green_gram_kharif_rgb.png,datasets/test_images/2015/ndvi/uttar_pradesh_2015_moong_green_gram_kharif_ndvi.png,
uttar pradesh|moong green gram|2015|summer,Uttar Pradesh,Moong(Green Gram),2015,Summer,0.617205882,train,datasets/test_images/2015/rgb/uttar_pradesh_2015_moong_green_gram_summer_rgb.png,datasets/test_images/2015/ndvi/uttar_pradesh_2015_moong_green_gram_summer_ndvi.png,
uttar pradesh|rice|2015|summer,Uttar Pradesh,Rice,2015,Summer,2.295,train,datasets/test_images/2015/rgb/uttar_pradesh_2015_rice_summer_rgb.png,datasets/test_images/2015/ndvi/uttar_pradesh_2015_rice_summer_ndvi.png,
uttarakhand|moong green gram|2015|kharif,Uttarakhand,Moong(Green Gram),2015,Kharif,0.75,train,datasets/test_images/2015/rgb/uttarakhand_2015_moong_green_gram_kharif_rgb.png,datasets/test_images/2015/ndvi/uttarakhand_2015_moong_green_gram_kharif_ndvi.png,
uttarakhand|moong green gram|2015|summer,Uttarakhand,Moong(Green Gram),2015,Summer,0.846666667,train,datasets/test_images/2015/rgb/uttarakhand_2015_moong_green_gram_summer_rgb.png,datasets/test_images/2015/ndvi/uttarakhand_2015_moong_green_gram_summer_ndvi.png,
uttarakhand|rice|2015|summer,Uttarakhand,Rice,2015,Summer,3.81,train,datasets/test_images/2015/rgb/uttarakhand_2015_rice_summer_rgb.png,datasets/test_images/2015/ndvi/uttarakhand_2015_rice_summer_ndvi.png,
west bengal|maize|2015|autumn,West Bengal,Maize,2015,Autumn,2.642307692,train,datasets/test_images/2015/rgb/west_bengal_2015_maize_autumn_rgb.png,datasets/test_images/2015/ndvi/west_bengal_2015_maize_autumn_ndvi.png,
west bengal|maize|2015|summer,West Bengal,Maize,2015,Summer,3.279444444,train,datasets/test_images/2015/rgb/west_bengal_2015_maize_summer_rgb.png,datasets/test_images/2015/ndvi/west_bengal_2015_maize_summer_ndvi.png,
west bengal|moong green gram|2015|rabi,West Bengal,Moong(Green Gram),2015,Rabi,0.767,train,datasets/test_images/2015/rgb/west_bengal_2015_moong_green_gram_rabi_rgb.png,datasets/test_images/2015/ndvi/west_bengal_2015_moong_green_gram_rabi_ndvi.png,
west bengal|moong green gram|2015|summer,West Bengal,Moong(Green Gram),2015,Summer,0.876875,train,datasets/test_images/2015/rgb/west_bengal_2015_moong(green_gram)_summer_rgb.png,datasets/test_images/2015/ndvi/west_bengal_2015_moong(green_gram)_summer_ndvi.png,
west bengal|rice|2015|autumn,West Bengal,Rice,2015,Autumn,2.48,train,datasets/test_images/2015/rgb/west_bengal_2015_rice_autumn_rgb.png,datasets/test_images/2015/ndvi/west_bengal_2015_rice_autumn_ndvi.png,
west bengal|rice|2015|summer,West Bengal,Rice,2015,Summer,3.155,train,datasets/test_images/2015/rgb/west_bengal_2015_rice_summer_rgb.png,datasets/test_images/2015/ndvi/west_bengal_2015_rice_summer_ndvi.png,
west bengal|rice|2015|winter,West Bengal,Rice,2015,Winter,2.670555556,train,datasets/test_images/2015/rgb/west_bengal_2015_rice_winter_rgb.png,datasets/test_images/2015/ndvi/west_bengal_2015_rice_winter_ndvi.png,
andhra pradesh|moong green gram|2016|kharif,Andhra Pradesh,Moong(Green Gram),2016,Kharif,0.606923077,train,datasets/test_images/2016/rgb/andhra_pradesh_2016_moong_green_gram_kharif_rgb.png,datasets/test_images/2016/ndvi/andhra_pradesh_2016_moong_green_gram_kharif_ndvi.png,
andhra pradesh|moong green gram|2016|rabi,Andhra Pradesh,Moong(Green Gram),2016,Rabi,0.458461538,train,datasets/test_images/2016/rgb/andhra_pradesh_2016_moong_green_gram_rabi_rgb.png,datasets/test_images/2016/ndvi/andhra_pradesh_2016_moong_green_gram_rabi_ndvi.png,
arunachal pradesh|moong green gram|2016|kharif,Arunachal Pradesh,Moong(Green Gram),2016,Kharif,0.982941176,train,datasets/test_images/2016/rgb/arunachal_pradesh_2016_moong_green_gram_kharif_rgb.png,datasets/test_images/2016/ndvi/arunachal_pradesh_2016_moong_green_gram_kharif_ndvi.png,
arunachal pradesh|urad|2016|rabi,Arunachal Pradesh,Urad,2016,Rabi,0.853333333,train,datasets/test_images/2016/rgb/arunachal_pradesh_2016_urad_rabi_rgb.png,datasets/test_images/2016/ndvi/arunachal_pradesh_2016_urad_rabi_ndvi.png,
assam|rice|2016|summer,Assam,Rice,2016,Summer,2.412692308,train,datasets/test_images/2016/rgb/assam_2016_rice_summer_rgb.png,datasets/test_images/2016/ndvi/assam_2016_rice_summer_ndvi.png,
bihar|maize|2016|autumn,Bihar,Maize,2016,Autumn,2.579459459,train,datasets/test_images/2016/rgb/bihar_2016_maize_autumn_rgb.png,datasets/test_images/2016/ndvi/bihar_2016_maize_autumn_ndvi.png,
bihar|maize|2016|rabi,Bihar,Maize,2016,Rabi,6.058181818,train,datasets/test_images/2016/rgb/bihar_2016_maize_rabi_rgb.png,datasets/test_images/2016/ndvi/bihar_2016_maize_rabi_ndvi.png,
bihar|maize|2016|summer,Bihar,Maize,2016,Summer,4.561666667,train,datasets/test_images/2016/rgb/bihar_2016_maize_summer_rgb.png,datasets/test_images/2016/ndvi/bihar_2016_maize_summer_ndvi.png,
bihar|moong green gram|2016|summer,Bihar,Moong(Green Gram),2016,Summer,0.781578947,train,datasets/test_images/2016/rgb/bihar_2016_moong(green_gram)_summer_rgb.png,datasets/test_images/2016/ndvi/bihar_2016_moong(green_gram)_summer_ndvi.png,
bihar|rice|2016|autumn,Bihar,Rice,2016,Autumn,1.736153846,train,datasets/test_images/2016/rgb/bihar_2016_rice_autumn_rgb.png,datasets/test_images/2016/ndvi/bihar_2016_rice_autumn_ndvi.png,
bihar|rice|2016|summer,Bihar,Rice,2016,Summer,2.493333333,train,datasets/test_images/2016/rgb/bihar_2016_rice_summer_rgb.png,datasets/test_images/2016/ndvi/bihar_2016_rice_summer_ndvi.png,
bihar|rice|2016|winter,Bihar,Rice,2016,Winter,2.571052632,train,datasets/test_images/2016/rgb/bihar_2016_rice_winter_rgb.png,datasets/test_images/2016/ndvi/bihar_2016_rice_winter_ndvi.png,
chhattisgarh|moong green gram|2016|kharif,Chhattisgarh,Moong(Green Gram),2016,Kharif,0.398148148,train,datasets/test_images/2016/rgb/chhattisgarh_2016_moong_green_gram_kharif_rgb.png,datasets/test_images/2016/ndvi/chhattisgarh_2016_moong_green_gram_kharif_ndvi.png,
goa|rice|2016|kharif,Goa,Rice,2016,Kharif,2.795,train,datasets/test_images/2016/rgb/goa_2016_rice_kharif_rgb.png,datasets/test_images/2016/ndvi/goa_2016_rice_kharif_ndvi.png,
goa|rice|2016|rabi,Goa,Rice,2016,Rabi,2.745,train,datasets/test_images/2016/rgb/goa_2016_rice_rabi_rgb.png,datasets/test_images/2016/ndvi/goa_2016_rice_rabi_ndvi.png,
gujarat|maize|2016|rabi,Gujarat,Maize,2016,Rabi,2.16,train,datasets/test_images/2016/rgb/gujarat_2016_maize_rabi_rgb.png,datasets/test_images/2016/ndvi/gujarat_2016_maize_rabi_ndvi.png,
gujarat|moong green gram|2016|kharif,Gujarat,Moong(Green Gram),2016,Kharif,0.472580645,train,datasets/test_images/2016/rgb/gujarat_2016_moong_green_gram_kharif_rgb.png,datasets/test_images/2016/ndvi/gujarat_2016_moong_green_gram_kharif_ndvi.png,
gujarat|moong green gram|2016|summer,Gujarat,Moong(Green Gram),2016,Summer,0.766129032,train,datasets/test_images/2016/rgb/gujarat_2016_moong(green_gram)_summer_rgb.png,datasets/test_images/2016/ndvi/gujarat_2016_moong(green_gram)_summer_ndvi.png,
gujarat|rice|2016|summer,Gujarat,Rice,2016,Summer,3.133333333,train,datasets/test_images/2016/rgb/gujarat_2016_rice_summer_rgb.png,datasets/test_images/2016/ndvi/gujarat_2016_rice_summer_ndvi.png,
haryana|moong green gram|2016|kharif,Haryana,Moong(Green Gram),2016,Kharif,0.686,train,datasets/test_images/2016/rgb/haryana_2016_moong_green_gram_kharif_rgb.png,datasets/test_images/2016/ndvi/haryana_2016_moong_green_gram_kharif_ndvi.png,
himachal pradesh|moong green gram|2016|kharif,Himachal Pradesh,Moong(Green Gram),2016,Kharif,0.282857143,train,datasets/test_images/2016/rgb/himachal_pradesh_2016_moong_green_gram_kharif_rgb.png,datasets/test_images/2016/ndvi/himachal_pradesh_2016_moong_green_gram_kharif_ndvi.png,
jammu and kashmir|moong green gram|2016|kharif,Jammu and Kashmir,Moong(Green Gram),2016,Kharif,0.502727273,train,datasets/test_images/2016/rgb/jammu_and_kashmir_2016_moong_green_gram_kharif_rgb.png,datasets/test_images/2016/ndvi/jammu_and_kashmir_2016_moong_green_gram_kharif_ndvi.png,
jharkhand|rice|2016|autumn,Jharkhand,Rice,2016,Autumn,0.912,train,datasets/test_images/2016/rgb/jharkhand_2016_rice_autumn_rgb.png,datasets/test_images/2016/ndvi/jharkhand_2016_rice_autumn_ndvi.png,
jharkhand|rice|2016|winter,Jharkhand,Rice,2016,Winter,2.251666667,train,datasets/test_images/2016/rgb/jharkhand_2016_rice_winter_rgb.png,datasets/test_images/2016/ndvi/jharkhand_2016_rice_winter_ndvi.png,
karnataka|moong green gram|2016|kharif,Karnataka,Moong(Green Gram),2016,Kharif,0.2375,train,datasets/test_images/2016/rgb/karnataka_2016_moong_green_gram_kharif_rgb.png,datasets/test_images/2016/ndvi/karnataka_2016_moong_green_gram_kharif_ndvi.png,
karnataka|moong green gram|2016|rabi,Karnataka,Moong(Green Gram),2016,Rabi,0.077,train,datasets/test_images/2016/rgb/karnataka_2016_moong_green_gram_rabi_rgb.png,datasets/test_images/2016/ndvi/karnataka_2016_moong_green_gram_rabi_ndvi.png,
karnataka|moong green gram|2016|summer,Karnataka,Moong(Green Gram),2016,Summer,0.267777778,train,datasets/test_images/2016/rgb/karnataka_2016_moong_green_gram_summer_rgb.png,datasets/test_images/2016/ndvi/karnataka_2016_moong_green_gram_summer_ndvi.png,
kerala|rice|2016|autumn,Kerala,Rice,2016,Autumn,2.524615385,train,datasets/test_images/2016/rgb/kerala_2016_rice_autumn_rgb.png,datasets/test_images/2016/ndvi/kerala_2016_rice_autumn_ndvi.png,
kerala|rice|2016|summer,Kerala,Rice,2016,Summer,2.534285714,train,datasets/test_images/2016/rgb/kerala_2016_rice_summer_rgb.png,datasets/test_images/2016/ndvi/kerala_2016_rice_summer_ndvi.png,
madhya pradesh|moong green gram|2016|kharif,Madhya Pradesh,Moong(Green Gram),2016,Kharif,0.576956522,train,datasets/test_images/2016/rgb/madhya_pradesh_2016_moong_green_gram_kharif_rgb.png,datasets/test_images/2016/ndvi/madhya_pradesh_2016_moong_green_gram_kharif_ndvi.png,
maharashtra|maize|2016|rabi,Maharashtra,Maize,2016,Rabi,2.637857143,train,datasets/test_images/2016/rgb/maharashtra_2016_maize_rabi_rgb.png,datasets/test_images/2016/ndvi/maharashtra_2016_maize_rabi_ndvi.png,
maharashtra|maize|2016|summer,Maharashtra,Maize,2016,Summer,1.8748,train,datasets/test_images/2016/rgb/maharashtra_2016_maize_summer_rgb.png,datasets/test_images/2016/ndvi/maharashtra_2016_maize_summer_ndvi.png,
maharashtra|moong green gram|2016|kharif,Maharashtra,Moong(Green Gram),2016,Kharif,0.5925,train,datasets/test_images/2016/rgb/maharashtra_2016_moong_green_gram_kharif_rgb.png,datasets/test_images/2016/ndvi/maharashtra_2016_moong_green_gram_kharif_ndvi.png,
maharashtra|rice|2016|summer,Maharashtra,Rice,2016,Summer,2.369166667,train,datasets/test_images/2016/rgb/maharashtra_2016_rice_summer_rgb.png,datasets/test_images/2016/ndvi/maharashtra_2016_rice_summer_ndvi.png,
manipur|maize|2016|rabi,Manipur,Maize,2016,Rabi,2.412222222,train,datasets/test_images/2016/rgb/manipur_2016_maize_rabi_rgb.png,datasets/test_images/2016/ndvi/manipur_2016_maize_rabi_ndvi.png,
manipur|moong green gram|2016|kharif,Manipur,Moong(Green Gram),2016,Kharif,1.094444444,train,datasets/test_images/2016/rgb/manipur_2016_moong_green_gram_kharif_rgb.png,datasets/test_images/2016/ndvi/manipur_2016_moong_green_gram_kharif_ndvi.png,
meghalaya|rice|2016|rabi,Meghalaya,Rice,2016,Rabi,2.573636364,train,datasets/test_images/2016/rgb/meghalaya_2016_rice_rabi_rgb.png,datasets/test_images/2016/ndvi/meghalaya_2016_rice_rabi_ndvi.png,
mizoram|rice|2016|autumn,Mizoram,Rice,2016,Autumn,1.21125,train,datasets/test_images/2016/rgb/mizoram_2016_rice_autumn_rgb.png,datasets/test_images/2016/ndvi/mizoram_2016_rice_autumn_ndvi.png,
nagaland|maize|2016|kharif,Nagaland,Maize,2016,Kharif,1.98,train,datasets/test_images/2016/rgb/nagaland_2016_maize_kharif_rgb.png,datasets/test_images/2016/ndvi/nagaland_2016_maize_kharif_ndvi.png,
nagaland|moong green gram|2016|kharif,Nagaland,Moong(Green Gram),2016,Kharif,1.008888889,train,datasets/test_images/2016/rgb/nagaland_2016_moong_green_gram_kharif_rgb.png,datasets/test_images/2016/ndvi/nagaland_2016_moong_green_gram_kharif_ndvi.png,
odisha|moong green gram|2016|autumn,Odisha,Moong(Green Gram),2016,Autumn,0.60875,train,datasets/test_images/2016/rgb/odisha_2016_moong_green_gram_autumn_rgb.png,datasets/test_images/2016/ndvi/odisha_2016_moong_green_gram_autumn_ndvi.png,
odisha|moong green gram|2016|summer,Odisha,Moong(Green Gram),2016,Summer,0.461153846,train,datasets/test_images/2016/rgb/odisha_2016_moong_green_gram_summer_rgb.png,datasets/test_images/2016/ndvi/odisha_2016_moong_green_gram_summer_ndvi.png,
odisha|moong green gram|2016|winter,Odisha,Moong(Green Gram),2016,Winter,0.407916667,train,datasets/test_images/2016/rgb/odisha_2016_moong_green_gram_winter_rgb.png,datasets/test_images/2016/ndvi/odisha_2016_moong_green_gram_winter_ndvi.png,
puducherry|rice|2016|rabi,Puducherry,Rice,2016,Rabi,3.436666667,train,datasets/test_images/2016/rgb/puducherry_2016_rice_rabi_rgb.png,datasets/test_images/2016/ndvi/puducherry_2016_rice_rabi_ndvi.png,
puducherry|rice|2016|summer,Puducherry,Rice,2016,Summer,2.535,train,datasets/test_images/2016/rgb/puducherry_2016_rice_summer_rgb.png,datasets/test_images/2016/ndvi/puducherry_2016_rice_summer_ndvi.png,
punjab|moong green gram|2016|kharif,Punjab,Moong(Green Gram),2016,Kharif,0.8025,train,datasets/test_images/2016/rgb/punjab_2016_moong_green_gram_kharif_rgb.png,datasets/test_images/2016/ndvi/punjab_2016_moong_green_gram_kharif_ndvi.png,
tamil nadu|moong green gram|2016|kharif,Tamil Nadu,Moong(Green Gram),2016,Kharif,0.764230769,train,datasets/test_images/2016/rgb/tamil_nadu_2016_moong_green_gram_kharif_rgb.png,datasets/test_images/2016/ndvi/tamil_nadu_2016_moong_green_gram_kharif_ndvi.png,
tamil nadu|moong green gram|2016|rabi,Tamil Nadu,Moong(Green Gram),2016,Rabi,0.224285714,train,datasets/test_images/2016/rgb/tamil_nadu_2016_moong_green_gram_rabi_rgb.png,datasets/test_images/2016/ndvi/tamil_nadu_2016_moong_green_gram_rabi_ndvi.png,
telangana|moong green gram|2016|kharif,Telangana,Moong(Green Gram),2016,Kharif,0.648666667,train,datasets/test_images/2016/rgb/telangana_2016_moong_green_gram_kharif_rgb.png,datasets/test_images/2016/ndvi/telangana_2016_moong_green_gram_kharif_ndvi.png,
telangana|moong green gram|2016|rabi,Telangana,Moong(Green Gram),2016,Rabi,0.90962963,train,datasets/test_images/2016/rgb/telangana_2016_moong_green_gram_rabi_rgb.png,datasets/test_images/2016/ndvi/telangana_2016_moong_green_gram_rabi_ndvi.png,
tripura|moong green gram|2016|kharif,Tripura,Moong(Green Gram),2016,Kharif,0.55,train,datasets/test_images/2016/rgb/tripura_2016_moong_green_gram_kharif_rgb.png,datasets/test_images/2016/ndvi/tripura_2016_moong_green_gram_kharif_ndvi.png,
tripura|moong green gram|2016|rabi,Tripura,Moong(Green Gram),2016,Rabi,0.61375,train,datasets/test_images/2016/rgb/tripura_2016_moong_green_gram_rabi_rgb.png,datasets/test_images/2016/ndvi/tripura_2016_moong_green_gram_rabi_ndvi.png,
tripura|rice|2016|autumn,Tripura,Rice,2016,Autumn,2.5475,train,datasets/test_images/2016/rgb/tripura_2016_rice_autumn_rgb.png,datasets/test_images/2016/ndvi/tripura_2016_rice_autumn_ndvi.png,
tripura|rice|2016|summer,Tripura,Rice,2016,Summer,3.145,train,datasets/test_images/2016/rgb/tripura_2016_rice_summer_rgb.png,datasets/test_images/2016/ndvi/tripura_2016_rice_summer_ndvi.png,
tripura|rice|2016|winter,Tripura,Rice,2016,Winter,3.05375,train,datasets/test_images/2016/rgb/tripura_2016_rice_winter_rgb.png,datasets/test_images/2016/ndvi/tripura_2016_rice_winter_ndvi.png,
uttar pradesh|maize|2016|rabi,Uttar Pradesh,Maize,2016,Rabi,2.64037037,train,datasets/test_images/2016/rgb/uttar_pradesh_2016_maize_rabi_rgb.png,datasets/test_images/2016/ndvi/uttar_pradesh_2016_maize_rabi_ndvi.png,
uttar pradesh|moong green gram|2016|kharif,Uttar Pradesh,Moong(Green Gram),2016,Kharif,0.468474576,train,datasets/test_images/2016/rgb/uttar_pradesh_2016_moong_green_gram_kharif_rgb.png,datasets/test_images/2016/ndvi/uttar_pradesh_2016_moong_green_gram_kharif_ndvi.png,
uttar pradesh|moong green gram|2016|summer,Uttar Pradesh,Moong(Green Gram),2016,Summer,0.66015625,train,datasets/test_images/2016/rgb/uttar_pradesh_2016_moong(green_gram)_summer_rgb.png,datasets/test_images/2016/ndvi/uttar_pradesh_2016_moong(green_gram)_summer_ndvi.png,
uttar pradesh|rice|2016|summer,Uttar Pradesh,Rice,2016,Summer,2.484117647,train,datasets/test_images/2016/rgb/uttar_pradesh_2016_rice_summer_rgb.png,datasets/test_images/2016/ndvi/uttar_pradesh_2016_rice_summer_ndvi.png,
uttarakhand|moong green gram|2016|kharif,Uttarakhand,Moong(Green Gram),2016,Kharif,0.333333333,train,datasets/test_images/2016/rgb/uttarakhand_2016_moong_green_gram_kharif_rgb.png,datasets/test_images/2016/ndvi/uttarakhand_2016_moong_green_gram_kharif_ndvi.png,
uttarakhand|moong green gram|2016|summer,Uttarakhand,Moong(Green Gram),2016,Summer,1.0,train,datasets/test_images/2016/rgb/uttarakhand_2016_moong(green_gram)_summer_rgb.png,datasets/test_images/2016/ndvi/uttarakhand_2016_moong(green_gram)_summer_ndvi.png,
uttarakhand|rice|2016|summer,Uttarakhand,Rice,2016,Summer,3.77,train,datasets/test_images/2016/rgb/uttarakhand_2016_rice_summer_rgb.png,datasets/test_images/2016/ndvi/uttarakhand_2016_rice_summer_ndvi.png,
west bengal|maize|2016|autumn,West Bengal,Maize,2016,Autumn,2.783333333,train,datasets/test_images/2016/rgb/west_bengal_2016_maize_autumn_rgb.png,datasets/test_images/2016/ndvi/west_bengal_2016_maize_autumn_ndvi.png,
west bengal|maize|2016|summer,West Bengal,Maize,2016,Summer,3.493333333,train,datasets/test_images/2016/rgb/west_bengal_2016_maize_summer_rgb.png,datasets/test_images/2016/ndvi/west_bengal_2016_maize_summer_ndvi.png,
west bengal|moong green gram|2016|rabi,West Bengal,Moong(Green Gram),2016,Rabi,0.779090909,train,datasets/test_images/2016/rgb/west_bengal_2016_moong_green_gram_rabi_rgb.png,datasets/test_images/2016/ndvi/west_bengal_2016_moong_green_gram_rabi_ndvi.png,
west bengal|moong green gram|2016|summer,West Bengal,Moong(Green Gram),2016,Summer,0.810526316,train,datasets/test_images/2016/rgb/west_bengal_2016_moong(green_gram)_summer_rgb.png,datasets/test_images/2016/ndvi/west_bengal_2016_moong(green_gram)_summer_ndvi.png,
west bengal|rice|2016|autumn,West Bengal,Rice,2016,Autumn,2.493809524,train,datasets/test_images/2016/rgb/west_bengal_2016_rice_autumn_rgb.png,datasets/test_images/2016/ndvi/west_bengal_2016_rice_autumn_ndvi.png,
west bengal|rice|2016|summer,West Bengal,Rice,2016,Summer,3.244285714,train,datasets/test_images/2016/rgb/west_bengal_2016_rice_summer_rgb.png,datasets/test_images/2016/ndvi/west_bengal_2016_rice_summer_ndvi.png,
west bengal|rice|2016|winter,West Bengal,Rice,2016,Winter,2.691363636,train,datasets/test_images/2016/rgb/west_bengal_2016_rice_winter_rgb.png,datasets/test_images/2016/ndvi/west_bengal_2016_rice_winter_ndvi.png,
