State,Crop,Year,Season,Latitude,Longitude,Start_Date,End_Date,Image_Count,Satellite_Source,Cloud_Score_Threshold,Buffer_Degree,RGB_Image,NDVI_Image,BLUE_max,BLUE_mean,BLUE_min,BLUE_stdDev,EVI_max,EVI_mean,EVI_min,EVI_stdDev,GREEN_max,GREEN_mean,GREEN_min,GREEN_stdDev,NDVI_max,NDVI_mean,NDVI_min,NDVI_stdDev,NDWI_max,NDWI_mean,NDWI_min,NDWI_stdDev,NIR_max,NIR_mean,NIR_min,NIR_stdDev,RED_max,RED_mean,RED_min,RED_stdDev
Andhra Pradesh,Maize,1997,Kharif,15.9240905,80.1863809,1997-07-01,1997-10-28,6,Landsat 5/7 SR,0.6,0.05,datasets\test_images\1997\rgb\andhra_pradesh_1997_maize_rgb.png,datasets\test_images\1997\ndvi\andhra_pradesh_1997_maize_ndvi.png,0.140505,0.069766,0.033805,0.008555,0.711315,0.125884,-0.096871,0.047928,0.182277,0.092297,0.04871,0.010731,0.782144,0.226536,-0.20898,0.06511,0.19521,-0.3178,-0.755999,0.059764,0.466325,0.1836,0.071604,0.033294,0.215772,0.110767,0.042852,0.014573
Andhra Pradesh,Maize,1997,Rabi,15.9240905,80.1863809,1997-11-01,1998-04-28,2,Landsat 5/7 SR,0.6,0.05,datasets\test_images\1997\rgb\andhra_pradesh_1997_maize_rgb.png,datasets\test_images\1997\ndvi\andhra_pradesh_1997_maize_ndvi.png,1.602213,0.137865,0.043513,0.081692,1.162916,0.536599,-0.082888,0.198125,0.597803,0.155633,0.05146,0.082139,0.852456,0.501314,-0.124006,0.172417,0.211948,-0.441784,-0.749424,0.144566,0.81981,0.395616,0.076898,0.128345,0.590542,0.135944,0.03133,0.086078
Andhra Pradesh,Maize,2000,Kharif,15.9240905,80.1863809,2000-07-01,2000-10-28,2,Landsat 5/7 SR,0.6,0.05,datasets\test_images\2000\rgb\andhra_pradesh_2000_maize_rgb.png,datasets\test_images\2000\ndvi\andhra_pradesh_2000_maize_ndvi.png,0.228615,0.060069,0.030505,0.008041,0.761741,0.191422,-0.045341,0.099048,0.250285,0.080071,0.04365,0.011693,0.838286,0.33379,-0.109375,0.117857,0.141453,-0.388574,-0.782646,0.088799,0.48068,0.190513,0.067383,0.057181,0.27091,0.090385,0.03859,0.013825
Andhra Pradesh,Maize,2000,Rabi,15.9240905,80.1863809,2000-11-01,2001-04-28,9,Landsat 5/7 SR,0.6,0.05,datasets\test_images\2000\rgb\andhra_pradesh_2000_maize_rgb.png,datasets\test_images\2000\ndvi\andhra_pradesh_2000_maize_ndvi.png,0.112139,0.057276,0.035098,0.007796,0.661006,0.271989,-0.053508,0.097972,0.15871,0.081872,0.048022,0.010555,0.797999,0.42879,-0.158287,0.123279,0.193413,-0.465646,-0.733181,0.0867,0.423851,0.246443,0.058995,0.041152,0.201445,0.090326,0.041862,0.017927
Andhra Pradesh,Maize,2001,Kharif,15.9240905,80.1863809,2001-07-01,2001-10-28,8,Landsat 5/7 SR,0.6,0.05,datasets\test_images\2001\rgb\andhra_pradesh_2001_maize_kharif_rgb.png,datasets\test_images\2001\ndvi\andhra_pradesh_2001_maize_kharif_ndvi.png,0.145785,0.069793,0.031303,0.009218,0.611615,0.143477,-0.036917,0.061933,0.194075,0.096625,0.05311,0.013051,0.786579,0.235009,-0.083564,0.086528,0.120718,-0.328809,-0.723259,0.069315,0.40104,0.207006,0.074312,0.036374,0.231255,0.117701,0.041216,0.019392
Andhra Pradesh,Maize,2001,Rabi,15.9240905,80.1863809,2001-11-01,2002-04-28,11,Landsat 5/7 SR,0.6,0.05,datasets\test_images\2001\rgb\andhra_pradesh_2001_maize_rabi_rgb.png,datasets\test_images\2001\ndvi\andhra_pradesh_2001_maize_rabi_ndvi.png,0.113115,0.048584,0.025197,0.008421,0.697419,0.34219,-0.038511,0.089619,0.159618,0.071563,0.038233,0.010144,0.851683,0.546023,-0.070169,0.110237,0.174587,-0.55076,-0.78791,0.076653,0.434343,0.262925,0.05806,0.034243,0.20205,0.07195,0.031908,0.018065
Andhra Pradesh,Maize,2002,Kharif,15.9240905,80.1863809,2002-07-01,2002-10-28,8,Landsat 5/7 SR,0.6,0.05,datasets\test_images\2002\rgb\andhra_pradesh_2002_maize_kharif_rgb.png,datasets\test_images\2002\ndvi\andhra_pradesh_2002_maize_kharif_ndvi.png,0.159893,0.071799,0.0365,0.010408,0.610715,0.170671,-0.045398,0.08586,0.18566,0.095399,0.039992,0.013598,0.757613,0.285371,-0.180626,0.11715,0.210517,-0.352199,-0.703407,0.088535,0.38971,0.202013,0.061415,0.043443,0.233702,0.110514,0.042357,0.019521
Andhra Pradesh,Maize,2002,Rabi,15.9240905,80.1863809,2002-11-01,2003-04-28,14,Landsat 5/7 SR,0.6,0.05,datasets\test_images\2002\rgb\andhra_pradesh_2002_maize_rabi_rgb.png,datasets\test_images\2002\ndvi\andhra_pradesh_2002_maize_rabi_ndvi.png,0.113871,0.0575,0.026902,0.007755,0.656023,0.231744,-0.025599,0.075675,0.158243,0.077818,0.036912,0.010415,0.849716,0.406055,-0.091675,0.105478,0.158173,-0.447833,-0.79017,0.078815,0.385571,0.21362,0.056589,0.030837,0.206423,0.084484,0.027507,0.016992
Andhra Pradesh,Maize,2003,Kharif,15.9240905,80.1863809,2003-07-01,2003-10-28,2,Landsat 5/7 SR,0.6,0.05,datasets\test_images\2003\rgb\andhra_pradesh_2003_maize_rgb.png,datasets\test_images\2003\ndvi\andhra_pradesh_2003_maize_ndvi.png,0.244098,0.061778,0.020138,0.011576,0.840009,0.357116,-0.006317,0.124872,0.281938,0.085615,0.04244,0.01356,0.905064,0.516963,-0.008878,0.128983,0.018338,-0.507691,-0.822438,0.094796,0.543187,0.271769,0.078107,0.06088,0.283587,0.083546,0.023822,0.020189
Andhra Pradesh,Maize,2003,Rabi,15.9240905,80.1863809,2003-11-01,2004-04-28,28,Landsat 5/7 SR,0.6,0.05,datasets\test_images\2003\rgb\andhra_pradesh_2003_maize_rgb.png,datasets\test_images\2003\ndvi\andhra_pradesh_2003_maize_ndvi.png,0.12692,0.064986,0.036115,0.009244,0.700894,0.233886,-0.028653,0.091841,0.172639,0.088058,0.04684,0.013006,0.821029,0.377227,-0.075602,0.123647,0.114117,-0.439114,-0.766375,0.092366,0.424938,0.231366,0.065458,0.033803,0.207371,0.101387,0.04013,0.021147
Andhra Pradesh,Maize,2004,Kharif,15.9240905,80.1863809,2004-07-01,2004-10-28,12,Landsat 5/7 SR,0.6,0.05,datasets\test_images\2004\rgb\andhra_pradesh_2004_maize_rgb.png,datasets\test_images\2004\ndvi\andhra_pradesh_2004_maize_ndvi.png,0.836118,0.071263,0.035015,0.014105,0.83399,0.212454,-0.044596,0.102373,0.291233,0.091199,0.047555,0.013686,0.839098,0.338385,-0.102056,0.12493,0.104751,-0.362851,-0.771951,0.096857,0.52314,0.208389,0.068593,0.050127,0.300706,0.09762,0.038975,0.018585
Andhra Pradesh,Maize,2004,Rabi,15.9240905,80.1863809,2004-11-01,2005-04-28,33,Landsat 5/7 SR,0.6,0.05,datasets\test_images\2004\rgb\andhra_pradesh_2004_maize_rgb.png,datasets\test_images\2004\ndvi\andhra_pradesh_2004_maize_ndvi.png,0.118312,0.063151,0.03991,0.008093,0.676789,0.28155,-0.021827,0.096103,0.161845,0.084979,0.048902,0.011202,0.80105,0.439261,-0.04932,0.116178,0.083072,-0.462234,-0.749669,0.086387,0.428348,0.246298,0.078437,0.037643,0.196523,0.089098,0.038453,0.017542
Andhra Pradesh,Maize,2005,Kharif,15.9240905,80.1863809,2005-07-01,2005-10-28,5,Landsat 5/7 SR,0.6,0.05,datasets\test_images\2005\rgb\andhra_pradesh_2005_maize_rgb.png,datasets\test_images\2005\ndvi\andhra_pradesh_2005_maize_ndvi.png,0.208499,0.078807,0.03859,0.010533,0.609171,0.117658,-0.067989,0.059163,0.249845,0.108338,0.057317,0.013226,0.707723,0.199697,-0.109871,0.078814,0.116169,-0.265425,-0.664811,0.067744,0.424924,0.189861,0.089272,0.037173,0.264104,0.123865,0.048132,0.016779
Andhra Pradesh,Maize,2005,Rabi,15.9240905,80.1863809,2005-11-01,2006-04-28,24,Landsat 5/7 SR,0.6,0.05,datasets\test_images\2005\rgb\andhra_pradesh_2005_maize_rgb.png,datasets\test_images\2005\ndvi\andhra_pradesh_2005_maize_ndvi.png,0.137219,0.057008,0.034781,0.007325,0.691704,0.290664,-0.070528,0.099155,0.180407,0.081697,0.047308,0.010305,0.821358,0.452214,-0.207228,0.126959,0.250481,-0.475243,-0.7762,0.091788,0.446938,0.248613,0.056685,0.037363,0.200647,0.087537,0.038068,0.018863
Andhra Pradesh,Maize,2006,Kharif,15.9240905,80.1863809,2006-07-01,2006-10-28,14,Landsat 5/7 SR,0.6,0.05,datasets\test_images\2006\rgb\andhra_pradesh_2006_maize_kharif_rgb.png,datasets\test_images\2006\ndvi\andhra_pradesh_2006_maize_kharif_ndvi.png,0.161268,0.07052,0.033255,0.007923,0.745143,0.183441,-0.095531,0.10031,0.187035,0.095271,0.05025,0.010723,0.847302,0.300527,-0.194581,0.12585,0.189877,-0.342863,-0.792308,0.100044,0.470711,0.207547,0.045987,0.049422,0.226278,0.104862,0.036115,0.016627
Andhra Pradesh,Maize,2006,Rabi,15.9240905,80.1863809,2006-11-01,2007-04-28,39,Landsat 5/7 SR,0.6,0.05,datasets\test_images\2006\rgb\andhra_pradesh_2006_maize_rabi_rgb.png,datasets\test_images\2006\ndvi\andhra_pradesh_2006_maize_rabi_ndvi.png,0.120361,0.063759,0.036734,0.00839,0.659211,0.266468,-0.093321,0.102488,0.170384,0.088891,0.04772,0.010856,0.820757,0.409911,-0.177218,0.126668,0.203151,-0.432651,-0.728726,0.092333,0.419217,0.242751,0.0596,0.039614,0.203205,0.09414,0.039195,0.018545
Andhra Pradesh,Maize,2007,Kharif,15.9240905,80.1863809,2007-07-01,2007-10-28,12,Landsat 5/7 SR,0.6,0.05,datasets\test_images\2007\rgb\andhra_pradesh_2007_maize_kharif_rgb.png,datasets\test_images\2007\ndvi\andhra_pradesh_2007_maize_kharif_ndvi.png,0.232438,0.086775,0.035854,0.013415,0.849877,0.181555,-0.099014,0.100851,0.275819,0.118576,0.059298,0.016432,0.839312,0.2704,-0.146711,0.120609,0.106797,-0.307007,-0.758353,0.098103,0.521078,0.230971,0.093012,0.047925,0.28928,0.129242,0.043705,0.022635
Andhra Pradesh,Maize,2007,Rabi,15.9240905,80.1863809,2007-11-01,2008-04-28,25,Landsat 5/7 SR,0.6,0.05,datasets\test_images\2007\rgb\andhra_pradesh_2007_maize_rabi_rgb.png,datasets\test_images\2007\ndvi\andhra_pradesh_2007_maize_rabi_ndvi.png,0.11218,0.056855,0.031358,0.00816,0.715864,0.323997,-0.028625,0.124516,0.159329,0.081415,0.045657,0.010002,0.837312,0.491344,-0.057529,0.141199,0.116248,-0.491282,-0.771605,0.106723,0.459079,0.257556,0.061759,0.055062,0.189648,0.081037,0.034878,0.016457
Andhra Pradesh,Maize,2008,Kharif,15.9240905,80.1863809,2008-07-01,2008-10-28,18,Landsat 5/7 SR,0.6,0.05,datasets\test_images\2008\rgb\andhra_pradesh_2008_maize_kharif_rgb.png,datasets\test_images\2008\ndvi\andhra_pradesh_2008_maize_kharif_ndvi.png,0.13374,0.068573,0.0299,0.007568,0.706883,0.221432,-0.039773,0.106087,0.184106,0.095201,0.05498,0.009955,0.826621,0.356745,-0.087756,0.129963,0.143268,-0.374912,-0.755605,0.104907,0.461678,0.216467,0.070449,0.051331,0.203012,0.100185,0.039566,0.015096
Andhra Pradesh,Maize,2008,Rabi,15.9240905,80.1863809,2008-11-01,2009-04-28,33,Landsat 5/7 SR,0.6,0.05,datasets\test_images\2008\rgb\andhra_pradesh_2008_maize_rabi_rgb.png,datasets\test_images\2008\ndvi\andhra_pradesh_2008_maize_rabi_ndvi.png,0.111822,0.055273,0.038398,0.005817,0.685909,0.33785,-0.028051,0.093205,0.152234,0.079066,0.05069,0.008563,0.787906,0.512903,-0.044855,0.107829,0.129048,-0.504367,-0.727132,0.084006,0.435099,0.259999,0.07038,0.037464,0.188946,0.077243,0.043554,0.013728
Andhra Pradesh,Maize,2009,Kharif,15.9240905,80.1863809,2009-07-01,2009-10-28,12,Landsat 5/7 SR,0.6,0.05,datasets\test_images\2009\rgb\andhra_pradesh_2009_maize_kharif_rgb.png,datasets\test_images\2009\ndvi\andhra_pradesh_2009_maize_kharif_ndvi.png,0.12868,0.074159,0.041203,0.008246,0.648437,0.165045,-0.037974,0.077796,0.183625,0.101971,0.060865,0.011897,0.754408,0.267663,-0.064971,0.099469,0.097094,-0.306712,-0.700808,0.082134,0.425955,0.206558,0.077887,0.039894,0.208279,0.111056,0.049783,0.015678
Andhra Pradesh,Maize,2009,Rabi,15.9240905,80.1863809,2009-11-01,2010-04-28,24,Landsat 5/7 SR,0.6,0.05,datasets\test_images\2009\rgb\andhra_pradesh_2009_maize_rabi_rgb.png,datasets\test_images\2009\ndvi\andhra_pradesh_2009_maize_rabi_ndvi.png,0.132915,0.053498,0.030725,0.008444,0.731747,0.338046,-0.02666,0.104711,0.17906,0.075269,0.037793,0.010722,0.832473,0.523385,-0.065479,0.121083,0.16031,-0.52871,-0.76974,0.090913,0.456975,0.25794,0.060177,0.042297,0.193003,0.075402,0.034052,0.017035
Andhra Pradesh,Maize,2010,Kharif,15.9240905,80.1863809,2010-07-01,2010-10-28,3,Landsat 5/7 SR,0.6,0.05,datasets\test_images\2010\rgb\andhra_pradesh_2010_maize_kharif_rgb.png,datasets\test_images\2010\ndvi\andhra_pradesh_2010_maize_kharif_ndvi.png,0.335617,0.045563,0.013262,0.018619,0.893949,0.319364,-0.104931,0.191633,0.390508,0.073634,0.028745,0.021029,0.890361,0.510608,-0.281323,0.194302,0.342565,-0.48751,-0.808181,0.155192,0.605447,0.239858,0.027892,0.106156,0.395265,0.067829,0.020852,0.024517
Andhra Pradesh,Maize,2010,Rabi,15.9240905,80.1863809,2010-11-01,2011-04-28,17,Landsat 5/7 SR,0.6,0.05,datasets\test_images\2010\rgb\andhra_pradesh_2010_maize_rabi_rgb.png,datasets\test_images\2010\ndvi\andhra_pradesh_2010_maize_rabi_ndvi.png,0.136325,0.055395,0.01835,0.009466,0.753545,0.372753,-0.027467,0.095316,0.166493,0.073872,0.033557,0.011432,0.899917,0.549506,-0.071152,0.104813,0.125845,-0.54748,-0.825109,0.081767,0.475716,0.267081,0.046538,0.043693,0.197512,0.073334,0.021402,0.015809
Andhra Pradesh,Maize,2011,Kharif,15.9240905,80.1863809,2011-07-01,2011-10-28,10,Landsat 5/7 SR,0.6,0.05,datasets\test_images\2011\rgb\andhra_pradesh_2011_maize_kharif_rgb.png,datasets\test_images\2011\ndvi\andhra_pradesh_2011_maize_kharif_ndvi.png,0.139199,0.065191,0.039332,0.007188,0.681264,0.191733,-0.070489,0.082777,0.19468,0.087468,0.054677,0.009826,0.796075,0.322317,-0.197248,0.104703,0.230504,-0.369003,-0.747798,0.082032,0.439953,0.197663,0.058362,0.042507,0.21184,0.095872,0.043127,0.014678
Andhra Pradesh,Maize,2011,Rabi,15.9240905,80.1863809,2011-11-01,2012-04-28,17,Landsat 5/7 SR,0.6,0.05,datasets\test_images\2011\rgb\andhra_pradesh_2011_maize_rabi_rgb.png,datasets\test_images\2011\ndvi\andhra_pradesh_2011_maize_rabi_ndvi.png,0.136229,0.062771,0.027397,0.009174,0.787464,0.306147,-0.001632,0.099437,0.171291,0.083319,0.048847,0.011861,0.819899,0.464285,-0.00395,0.117882,0.027959,-0.49076,-0.760159,0.084497,0.485162,0.254486,0.071068,0.038195,0.226154,0.088669,0.032018,0.019581
Andhra Pradesh,Maize,2012,Kharif,15.9240905,80.1863809,2012-07-01,2012-10-28,5,Landsat 5/7 SR,0.6,0.05,datasets\test_images\2012\rgb\andhra_pradesh_2012_maize_kharif_rgb.png,datasets\test_images\2012\ndvi\andhra_pradesh_2012_maize_kharif_ndvi.png,0.820525,0.060467,0.025308,0.013058,0.850443,0.26076,-0.086602,0.145008,0.30512,0.083178,0.03804,0.014824,0.872667,0.402011,-0.134557,0.161106,0.150014,-0.437113,-0.789962,0.121555,0.540974,0.230838,0.046978,0.071076,0.324865,0.089901,0.027535,0.02211
Andhra Pradesh,Maize,2012,Rabi,15.9240905,80.1863809,2012-11-01,2013-04-28,15,Landsat 5/7 SR,0.6,0.05,datasets\test_images\2012\rgb\andhra_pradesh_2012_maize_rabi_rgb.png,datasets\test_images\2012\ndvi\andhra_pradesh_2012_maize_rabi_ndvi.png,0.207275,0.065606,0.002977,0.010302,0.840231,0.315397,-0.004619,0.104833,0.260474,0.082278,0.01461,0.012017,0.905291,0.470284,-0.009791,0.118438,0.079716,-0.48899,-0.840759,0.090525,0.549513,0.253061,0.050828,0.047213,0.280521,0.086031,0.008395,0.01787
Andhra Pradesh,Maize,2013,Kharif,15.9240905,80.1863809,2013-07-01,2013-10-28,9,Landsat 8 SR,0.6,0.05,datasets\test_images\2013\rgb\andhra_pradesh_2013_maize_kharif_rgb.png,datasets\test_images\2013\ndvi\andhra_pradesh_2013_maize_kharif_ndvi.png,0.288455,0.047425,-0.062115,0.013349,0.788855,0.29292,-0.153399,0.11265,0.337199,0.089775,0.028938,0.016364,0.882374,0.475372,-0.358284,0.133767,0.3557,-0.472629,-0.763689,0.096264,0.548124,0.259023,0.047871,0.059948,0.367353,0.08903,0.016728,0.023718
Andhra Pradesh,Maize,2013,Rabi,15.9240905,80.1863809,2013-11-01,2014-04-28,20,Landsat 8 SR,0.6,0.05,datasets\test_images\2013\rgb\andhra_pradesh_2013_maize_rabi_rgb.png,datasets\test_images\2013\ndvi\andhra_pradesh_2013_maize_rabi_ndvi.png,0.178345,0.041567,0.013345,0.007963,0.712227,0.36089,-0.055734,0.086162,0.266757,0.073751,0.041203,0.008929,0.839316,0.58367,-0.155139,0.099883,0.172695,-0.566677,-0.762454,0.075701,0.480323,0.278812,0.04838,0.040401,0.282845,0.069588,0.028965,0.015695
Andhra Pradesh,Maize,2014,Kharif,15.9240905,80.1863809,2014-07-01,2014-10-28,12,Landsat 8 SR,0.6,0.05,datasets\test_images\2014\rgb\andhra_pradesh_2014_maize_kharif_rgb.png,datasets\test_images\2014\ndvi\andhra_pradesh_2014_maize_kharif_ndvi.png,0.272904,0.056803,0.016315,0.007698,0.661406,0.172233,-0.064674,0.06339,0.352901,0.091365,0.039442,0.011419,0.809929,0.301208,-0.200957,0.078024,0.209567,-0.377908,-0.751676,0.060591,0.507988,0.211205,0.046606,0.043815,0.360684,0.109276,0.032842,0.014976
Andhra Pradesh,Maize,2014,Rabi,15.9240905,80.1863809,2014-11-01,2015-04-28,19,Landsat 8 SR,0.6,0.05,datasets\test_images\2014\rgb\andhra_pradesh_2014_maize_rabi_rgb.png,datasets\test_images\2014\ndvi\andhra_pradesh_2014_maize_rabi_ndvi.png,0.197829,0.039878,0.016315,0.008247,0.768757,0.387092,-0.003231,0.10446,0.262096,0.07134,0.036541,0.009374,0.854028,0.607722,-0.009307,0.114547,0.137396,-0.593596,-0.786086,0.085918,0.510064,0.287989,0.048352,0.047809,0.29093,0.066317,0.025417,0.017147
Andhra Pradesh,Maize,2015,Kharif,15.9240905,80.1863809,2015-07-01,2015-10-28,14,Landsat 8 SR,0.6,0.05,datasets\test_images\2015\rgb\andhra_pradesh_2015_maize_kharif_rgb.png,datasets\test_images\2015\ndvi\andhra_pradesh_2015_maize_kharif_ndvi.png,0.231516,0.046694,0.02143,0.006472,0.73874,0.226336,-0.007228,0.100834,0.294326,0.080145,0.051515,0.00891,0.857201,0.39606,-0.016763,0.119905,0.015905,-0.436224,-0.771651,0.083314,0.49058,0.226288,0.084213,0.048724,0.30479,0.084804,0.03375,0.014297
Andhra Pradesh,Maize,2015,Rabi,15.9240905,80.1863809,2015-11-01,2016-04-28,22,Landsat 8 SR,0.6,0.05,datasets\test_images\2015\rgb\andhra_pradesh_2015_maize_rabi_rgb.png,datasets\test_images\2015\ndvi\andhra_pradesh_2015_maize_rabi_ndvi.png,0.204855,0.049154,0.017085,0.009976,0.650518,0.266981,-0.07411,0.085857,0.27839,0.080371,0.041931,0.011824,0.828426,0.456512,-0.202917,0.12084,0.266801,-0.50036,-0.765288,0.084098,0.468429,0.246053,0.056878,0.0356,0.301545,0.087773,0.034946,0.021282
Andhra Pradesh,Maize,2016,Kharif,15.9240905,80.1863809,2016-07-01,2016-10-28,12,Landsat 8 SR,0.6,0.05,datasets\test_images\2016\rgb\andhra_pradesh_2016_maize_kharif_rgb.png,datasets\test_images\2016\ndvi\andhra_pradesh_2016_maize_kharif_ndvi.png,0.261615,0.052326,0.013482,0.008104,0.773632,0.173731,-0.10618,0.074929,0.330778,0.085689,0.04013,0.011708,0.878543,0.311326,-0.334602,0.096449,0.431708,-0.375745,-0.79639,0.075557,0.50444,0.204342,0.042577,0.04487,0.345105,0.100108,0.029927,0.016966
Andhra Pradesh,Maize,2016,Rabi,15.9240905,80.1863809,2016-11-01,2017-04-28,23,Landsat 8 SR,0.6,0.05,datasets\test_images\2016\rgb\andhra_pradesh_2016_maize_rabi_rgb.png,datasets\test_images\2016\ndvi\andhra_pradesh_2016_maize_rabi_ndvi.png,0.182209,0.04952,0.022585,0.009515,0.626474,0.253017,-0.038397,0.088508,0.244936,0.083104,0.048297,0.010013,0.81073,0.436443,-0.122498,0.125269,0.21546,-0.468738,-0.737605,0.086438,0.408025,0.234156,0.062295,0.038372,0.280961,0.089141,0.04013,0.019244
Andhra Pradesh,Maize,2017,Kharif,15.9240905,80.1863809,2017-07-01,2017-10-28,2,Sentinel-2 SR,0.6,0.05,datasets\test_images\2017\rgb\andhra_pradesh_2017_maize_kharif_rgb.png,datasets\test_images\2017\ndvi\andhra_pradesh_2017_maize_kharif_ndvi.png,0.43055,0.055377,0.0181,0.016183,1.012362,0.412686,-0.301453,0.278775,0.4876,0.079922,0.0202,0.015889,0.91674,0.533433,-0.94302,0.263658,0.963834,-0.519126,-0.817284,0.19003,0.6693,0.300314,0.001,0.140687,0.4915,0.073605,0.0135,0.031261
Andhra Pradesh,Maize,2017,Rabi,15.9240905,80.1863809,2017-11-01,2018-04-28,27,Sentinel-2 SR,0.6,0.05,datasets\test_images\2017\rgb\andhra_pradesh_2017_maize_rabi_rgb.png,datasets\test_images\2017\ndvi\andhra_pradesh_2017_maize_rabi_ndvi.png,0.34775,0.059766,0.02655,0.014301,0.801466,0.237622,-0.178853,0.155381,0.4003,0.084811,0.0342,0.016236,0.871541,0.366849,-0.471545,0.191591,0.64292,-0.447535,-0.783287,0.133154,0.5253,0.243813,0.0239,0.059934,0.42505,0.103849,0.0244,0.029461
Andhra Pradesh,Maize,2018,Kharif,15.9240905,80.1863809,2018-07-01,2018-10-28,1,Sentinel-2 SR,0.6,0.05,datasets\test_images\2018\rgb\andhra_pradesh_2018_maize_kharif_rgb.png,datasets\test_images\2018\ndvi\andhra_pradesh_2018_maize_kharif_ndvi.png,0.4728,0.063208,0.0238,0.018141,0.96102,0.284406,-0.089414,0.178963,0.5092,0.092812,0.036,0.019158,0.899027,0.417,-0.371943,0.205735,0.5427,-0.44344,-0.811215,0.143719,0.6406,0.257244,0.0189,0.084852,0.5276,0.09932,0.0252,0.033728
Andhra Pradesh,Maize,2018,Rabi,15.9240905,80.1863809,2018-11-01,2019-04-28,110,Sentinel-2 SR,0.6,0.05,datasets\test_images\2018\rgb\andhra_pradesh_2018_maize_rabi_rgb.png,datasets\test_images\2018\ndvi\andhra_pradesh_2018_maize_rabi_ndvi.png,0.3406,0.077294,0.04215,0.011999,0.869123,0.249615,-0.089911,0.137747,0.3934,0.099336,0.0597,0.013012,0.800057,0.360405,-0.177807,0.159462,0.314608,-0.406685,-0.697135,0.102648,0.576867,0.248379,0.0591,0.051328,0.42605,0.10842,0.0405,0.021607
Andhra Pradesh,Maize,2019,Kharif,15.9240905,80.1863809,2019-07-01,2019-10-28,39,Sentinel-2 SR,0.6,0.05,datasets\test_images\2019\rgb\andhra_pradesh_2019_maize_kharif_rgb.png,datasets\test_images\2019\ndvi\andhra_pradesh_2019_maize_kharif_ndvi.png,0.4377,0.083519,0.0386,0.012486,0.808724,0.156704,-0.215298,0.101533,0.48145,0.105278,0.0547,0.014831,0.873211,0.251485,-0.321409,0.125754,0.449416,-0.305932,-0.736966,0.094414,0.5085,0.201716,0.0431,0.048171,0.46565,0.11359,0.033,0.019717
Andhra Pradesh,Maize,2019,Rabi,15.9240905,80.1863809,2019-11-01,2020-04-28,123,Sentinel-2 SR,0.6,0.05,datasets\test_images\2019\rgb\andhra_pradesh_2019_maize_rabi_rgb.png,datasets\test_images\2019\ndvi\andhra_pradesh_2019_maize_rabi_ndvi.png,0.346975,0.06769,0.03645,0.013946,0.821779,0.356233,-0.193523,0.154718,0.39385,0.091151,0.0506,0.014149,0.831244,0.488803,-0.290185,0.17101,0.450844,-0.483211,-0.735154,0.124597,0.5055,0.283158,0.0414,0.05753,0.4119,0.087689,0.0389,0.023759
Andhra Pradesh,Rice,1997,Kharif,15.9240905,80.1863809,1997-07-01,1997-10-28,6,Landsat 5/7 SR,0.6,0.05,datasets\test_images\1997\rgb\andhra_pradesh_1997_rice_rgb.png,datasets\test_images\1997\ndvi\andhra_pradesh_1997_rice_ndvi.png,0.140505,0.069766,0.033805,0.008555,0.711315,0.125884,-0.096871,0.047928,0.182277,0.092297,0.04871,0.010731,0.782144,0.226536,-0.20898,0.06511,0.19521,-0.3178,-0.755999,0.059764,0.466325,0.1836,0.071604,0.033294,0.215772,0.110767,0.042852,0.014573
Andhra Pradesh,Rice,1997,Rabi,15.9240905,80.1863809,1997-11-01,1998-04-28,2,Landsat 5/7 SR,0.6,0.05,datasets\test_images\1997\rgb\andhra_pradesh_1997_rice_rgb.png,datasets\test_images\1997\ndvi\andhra_pradesh_1997_rice_ndvi.png,1.602213,0.137865,0.043513,0.081692,1.162916,0.536599,-0.082888,0.198125,0.597803,0.155633,0.05146,0.082139,0.852456,0.501314,-0.124006,0.172417,0.211948,-0.441784,-0.749424,0.144566,0.81981,0.395616,0.076898,0.128345,0.590542,0.135944,0.03133,0.086078
Andhra Pradesh,Rice,1999,Kharif,15.9240905,80.1863809,1999-07-01,1999-10-28,3,Landsat 5/7 SR,0.6,0.05,datasets\test_images\1999\rgb\andhra_pradesh_1999_rice_kharif_rgb.png,datasets\test_images\1999\ndvi\andhra_pradesh_1999_rice_kharif_ndvi.png,0.219265,0.060575,0.014967,0.01631,1.56881,0.309898,-0.197315,0.172348,0.24979,0.086591,0.018405,0.020449,0.955584,0.461509,-0.385947,0.17848,0.454735,-0.469073,-0.918967,0.134721,1.602213,0.255275,0.026133,0.088031,0.26354,0.088275,0.008697,0.029328
Andhra Pradesh,Rice,2000,Kharif,15.9240905,80.1863809,2000-07-01,2000-10-28,2,Landsat 5/7 SR,0.6,0.05,datasets\test_images\2000\rgb\andhra_pradesh_2000_rice_rgb.png,datasets\test_images\2000\ndvi\andhra_pradesh_2000_rice_ndvi.png,0.228615,0.060069,0.030505,0.008041,0.761741,0.191422,-0.045341,0.099048,0.250285,0.080071,0.04365,0.011693,0.838286,0.33379,-0.109375,0.117857,0.141453,-0.388574,-0.782646,0.088799,0.48068,0.190513,0.067383,0.057181,0.27091,0.090385,0.03859,0.013825
Andhra Pradesh,Rice,2000,Rabi,15.9240905,80.1863809,2000-11-01,2001-04-28,9,Landsat 5/7 SR,0.6,0.05,datasets\test_images\2000\rgb\andhra_pradesh_2000_rice_rgb.png,datasets\test_images\2000\ndvi\andhra_pradesh_2000_rice_ndvi.png,0.112139,0.057276,0.035098,0.007796,0.661006,0.271989,-0.053508,0.097972,0.15871,0.081872,0.048022,0.010555,0.797999,0.42879,-0.158287,0.123279,0.193413,-0.465646,-0.733181,0.0867,0.423851,0.246443,0.058995,0.041152,0.201445,0.090326,0.041862,0.017927
Andhra Pradesh,Rice,2001,Kharif,15.9240905,80.1863809,2001-07-01,2001-10-28,8,Landsat 5/7 SR,0.6,0.05,datasets\test_images\2001\rgb\andhra_pradesh_2001_rice_kharif_rgb.png,datasets\test_images\2001\ndvi\andhra_pradesh_2001_rice_kharif_ndvi.png,0.145785,0.069793,0.031303,0.009218,0.611615,0.143477,-0.036917,0.061933,0.194075,0.096625,0.05311,0.013051,0.786579,0.235009,-0.083564,0.086528,0.120718,-0.328809,-0.723259,0.069315,0.40104,0.207006,0.074312,0.036374,0.231255,0.117701,0.041216,0.019392
Andhra Pradesh,Rice,2001,Rabi,15.9240905,80.1863809,2001-11-01,2002-04-28,11,Landsat 5/7 SR,0.6,0.05,datasets\test_images\2001\rgb\andhra_pradesh_2001_rice_rabi_rgb.png,datasets\test_images\2001\ndvi\andhra_pradesh_2001_rice_rabi_ndvi.png,0.113115,0.048584,0.025197,0.008421,0.697419,0.34219,-0.038511,0.089619,0.159618,0.071563,0.038233,0.010144,0.851683,0.546023,-0.070169,0.110237,0.174587,-0.55076,-0.78791,0.076653,0.434343,0.262925,0.05806,0.034243,0.20205,0.07195,0.031908,0.018065
Andhra Pradesh,Rice,2002,Kharif,15.9240905,80.1863809,2002-07-01,2002-10-28,8,Landsat 5/7 SR,0.6,0.05,datasets\test_images\2002\rgb\andhra_pradesh_2002_rice_kharif_rgb.png,datasets\test_images\2002\ndvi\andhra_pradesh_2002_rice_kharif_ndvi.png,0.159893,0.071799,0.0365,0.010408,0.610715,0.170671,-0.045398,0.08586,0.18566,0.095399,0.039992,0.013598,0.757613,0.285371,-0.180626,0.11715,0.210517,-0.352199,-0.703407,0.088535,0.38971,0.202013,0.061415,0.043443,0.233702,0.110514,0.042357,0.019521
Andhra Pradesh,Rice,2002,Rabi,15.9240905,80.1863809,2002-11-01,2003-04-28,14,Landsat 5/7 SR,0.6,0.05,datasets\test_images\2002\rgb\andhra_pradesh_2002_rice_rabi_rgb.png,datasets\test_images\2002\ndvi\andhra_pradesh_2002_rice_rabi_ndvi.png,0.113871,0.0575,0.026902,0.007755,0.656023,0.231744,-0.025599,0.075675,0.158243,0.077818,0.036912,0.010415,0.849716,0.406055,-0.091675,0.105478,0.158173,-0.447833,-0.79017,0.078815,0.385571,0.21362,0.056589,0.030837,0.206423,0.084484,0.027507,0.016992
Andhra Pradesh,Rice,2003,Kharif,15.9240905,80.1863809,2003-07-01,2003-10-28,2,Landsat 5/7 SR,0.6,0.05,datasets\test_images\2003\rgb\andhra_pradesh_2003_rice_rgb.png,datasets\test_images\2003\ndvi\andhra_pradesh_2003_rice_ndvi.png,0.244098,0.061778,0.020138,0.011576,0.840009,0.357116,-0.006317,0.124872,0.281938,0.085615,0.04244,0.01356,0.905064,0.516963,-0.008878,0.128983,0.018338,-0.507691,-0.822438,0.094796,0.543187,0.271769,0.078107,0.06088,0.283587,0.083546,0.023822,0.020189
Andhra Pradesh,Rice,2003,Rabi,15.9240905,80.1863809,2003-11-01,2004-04-28,28,Landsat 5/7 SR,0.6,0.05,datasets\test_images\2003\rgb\andhra_pradesh_2003_rice_rgb.png,datasets\test_images\2003\ndvi\andhra_pradesh_2003_rice_ndvi.png,0.12692,0.064986,0.036115,0.009244,0.700894,0.233886,-0.028653,0.091841,0.172639,0.088058,0.04684,0.013006,0.821029,0.377227,-0.075602,0.123647,0.114117,-0.439114,-0.766375,0.092366,0.424938,0.231366,0.065458,0.033803,0.207371,0.101387,0.04013,0.021147
Andhra Pradesh,Rice,2004,Kharif,15.9240905,80.1863809,2004-07-01,2004-10-28,12,Landsat 5/7 SR,0.6,0.05,datasets\test_images\2004\rgb\andhra_pradesh_2004_rice_rgb.png,datasets\test_images\2004\ndvi\andhra_pradesh_2004_rice_ndvi.png,0.836118,0.071263,0.035015,0.014105,0.83399,0.212454,-0.044596,0.102373,0.291233,0.091199,0.047555,0.013686,0.839098,0.338385,-0.102056,0.12493,0.104751,-0.362851,-0.771951,0.096857,0.52314,0.208389,0.068593,0.050127,0.300706,0.09762,0.038975,0.018585
Andhra Pradesh,Rice,2004,Rabi,15.9240905,80.1863809,2004-11-01,2005-04-28,33,Landsat 5/7 SR,0.6,0.05,datasets\test_images\2004\rgb\andhra_pradesh_2004_rice_rgb.png,datasets\test_images\2004\ndvi\andhra_pradesh_2004_rice_ndvi.png,0.118312,0.063151,0.03991,0.008093,0.676789,0.28155,-0.021827,0.096103,0.161845,0.084979,0.048902,0.011202,0.80105,0.439261,-0.04932,0.116178,0.083072,-0.462234,-0.749669,0.086387,0.428348,0.246298,0.078437,0.037643,0.196523,0.089098,0.038453,0.017542
Andhra Pradesh,Rice,2005,Kharif,15.9240905,80.1863809,2005-07-01,2005-10-28,5,Landsat 5/7 SR,0.6,0.05,datasets\test_images\2005\rgb\andhra_pradesh_2005_rice_rgb.png,datasets\test_images\2005\ndvi\andhra_pradesh_2005_rice_ndvi.png,0.208499,0.078807,0.03859,0.010533,0.609171,0.117658,-0.067989,0.059163,0.249845,0.108338,0.057317,0.013226,0.707723,0.199697,-0.109871,0.078814,0.116169,-0.265425,-0.664811,0.067744,0.424924,0.189861,0.089272,0.037173,0.264104,0.123865,0.048132,0.016779
Andhra Pradesh,Rice,2005,Rabi,15.9240905,80.1863809,2005-11-01,2006-04-28,24,Landsat 5/7 SR,0.6,0.05,datasets\test_images\2005\rgb\andhra_pradesh_2005_rice_rgb.png,datasets\test_images\2005\ndvi\andhra_pradesh_2005_rice_ndvi.png,0.137219,0.057008,0.034781,0.007325,0.691704,0.290664,-0.070528,0.099155,0.180407,0.081697,0.047308,0.010305,0.821358,0.452214,-0.207228,0.126959,0.250481,-0.475243,-0.7762,0.091788,0.446938,0.248613,0.056685,0.037363,0.200647,0.087537,0.038068,0.018863
Andhra Pradesh,Rice,2006,Kharif,15.9240905,80.1863809,2006-07-01,2006-10-28,14,Landsat 5/7 SR,0.6,0.05,datasets\test_images\2006\rgb\andhra_pradesh_2006_rice_kharif_rgb.png,datasets\test_images\2006\ndvi\andhra_pradesh_2006_rice_kharif_ndvi.png,0.161268,0.07052,0.033255,0.007923,0.745143,0.183441,-0.095531,0.10031,0.187035,0.095271,0.05025,0.010723,0.847302,0.300527,-0.194581,0.12585,0.189877,-0.342863,-0.792308,0.100044,0.470711,0.207547,0.045987,0.049422,0.226278,0.104862,0.036115,0.016627
Andhra Pradesh,Rice,2006,Rabi,15.9240905,80.1863809,2006-11-01,2007-04-28,39,Landsat 5/7 SR,0.6,0.05,datasets\test_images\2006\rgb\andhra_pradesh_2006_rice_rabi_rgb.png,datasets\test_images\2006\ndvi\andhra_pradesh_2006_rice_rabi_ndvi.png,0.120361,0.063759,0.036734,0.00839,0.659211,0.266468,-0.093321,0.102488,0.170384,0.088891,0.04772,0.010856,0.820757,0.409911,-0.177218,0.126668,0.203151,-0.432651,-0.728726,0.092333,0.419217,0.242751,0.0596,0.039614,0.203205,0.09414,0.039195,0.018545
Andhra Pradesh,Rice,2007,Kharif,15.9240905,80.1863809,2007-07-01,2007-10-28,12,Landsat 5/7 SR,0.6,0.05,datasets\test_images\2007\rgb\andhra_pradesh_2007_rice_kharif_rgb.png,datasets\test_images\2007\ndvi\andhra_pradesh_2007_rice_kharif_ndvi.png,0.232438,0.086775,0.035854,0.013415,0.849877,0.181555,-0.099014,0.100851,0.275819,0.118576,0.059298,0.016432,0.839312,0.2704,-0.146711,0.120609,0.106797,-0.307007,-0.758353,0.098103,0.521078,0.230971,0.093012,0.047925,0.28928,0.129242,0.043705,0.022635
Andhra Pradesh,Rice,2007,Rabi,15.9240905,80.1863809,2007-11-01,2008-04-28,25,Landsat 5/7 SR,0.6,0.05,datasets\test_images\2007\rgb\andhra_pradesh_2007_rice_rabi_rgb.png,datasets\test_images\2007\ndvi\andhra_pradesh_2007_rice_rabi_ndvi.png,0.11218,0.056855,0.031358,0.00816,0.715864,0.323997,-0.028625,0.124516,0.159329,0.081415,0.045657,0.010002,0.837312,0.491344,-0.057529,0.141199,0.116248,-0.491282,-0.771605,0.106723,0.459079,0.257556,0.061759,0.055062,0.189648,0.081037,0.034878,0.016457
Andhra Pradesh,Rice,2008,Kharif,15.9240905,80.1863809,2008-07-01,2008-10-28,18,Landsat 5/7 SR,0.6,0.05,datasets\test_images\2008\rgb\andhra_pradesh_2008_rice_kharif_rgb.png,datasets\test_images\2008\ndvi\andhra_pradesh_2008_rice_kharif_ndvi.png,0.13374,0.068573,0.0299,0.007568,0.706883,0.221432,-0.039773,0.106087,0.184106,0.095201,0.05498,0.009955,0.826621,0.356745,-0.087756,0.129963,0.143268,-0.374912,-0.755605,0.104907,0.461678,0.216467,0.070449,0.051331,0.203012,0.100185,0.039566,0.015096
Andhra Pradesh,Rice,2008,Rabi,15.9240905,80.1863809,2008-11-01,2009-04-28,33,Landsat 5/7 SR,0.6,0.05,datasets\test_images\2008\rgb\andhra_pradesh_2008_rice_rabi_rgb.png,datasets\test_images\2008\ndvi\andhra_pradesh_2008_rice_rabi_ndvi.png,0.111822,0.055273,0.038398,0.005817,0.685909,0.33785,-0.028051,0.093205,0.152234,0.079066,0.05069,0.008563,0.787906,0.512903,-0.044855,0.107829,0.129048,-0.504367,-0.727132,0.084006,0.435099,0.259999,0.07038,0.037464,0.188946,0.077243,0.043554,0.013728
Andhra Pradesh,Rice,2009,Kharif,15.9240905,80.1863809,2009-07-01,2009-10-28,12,Landsat 5/7 SR,0.6,0.05,datasets\test_images\2009\rgb\andhra_pradesh_2009_rice_kharif_rgb.png,datasets\test_images\2009\ndvi\andhra_pradesh_2009_rice_kharif_ndvi.png,0.12868,0.074159,0.041203,0.008246,0.648437,0.165045,-0.037974,0.077796,0.183625,0.101971,0.060865,0.011897,0.754408,0.267663,-0.064971,0.099469,0.097094,-0.306712,-0.700808,0.082134,0.425955,0.206558,0.077887,0.039894,0.208279,0.111056,0.049783,0.015678
Andhra Pradesh,Rice,2009,Rabi,15.9240905,80.1863809,2009-11-01,2010-04-28,24,Landsat 5/7 SR,0.6,0.05,datasets\test_images\2009\rgb\andhra_pradesh_2009_rice_rabi_rgb.png,datasets\test_images\2009\ndvi\andhra_pradesh_2009_rice_rabi_ndvi.png,0.132915,0.053498,0.030725,0.008444,0.731747,0.338046,-0.02666,0.104711,0.17906,0.075269,0.037793,0.010722,0.832473,0.523385,-0.065479,0.121083,0.16031,-0.52871,-0.76974,0.090913,0.456975,0.25794,0.060177,0.042297,0.193003,0.075402,0.034052,0.017035
Andhra Pradesh,Rice,2010,Kharif,15.9240905,80.1863809,2010-07-01,2010-10-28,3,Landsat 5/7 SR,0.6,0.05,datasets\test_images\2010\rgb\andhra_pradesh_2010_rice_kharif_rgb.png,datasets\test_images\2010\ndvi\andhra_pradesh_2010_rice_kharif_ndvi.png,0.335617,0.045563,0.013262,0.018619,0.893949,0.319364,-0.104931,0.191633,0.390508,0.073634,0.028745,0.021029,0.890361,0.510608,-0.281323,0.194302,0.342565,-0.48751,-0.808181,0.155192,0.605447,0.239858,0.027892,0.106156,0.395265,0.067829,0.020852,0.024517
Andhra Pradesh,Rice,2010,Rabi,15.9240905,80.1863809,2010-11-01,2011-04-28,17,Landsat 5/7 SR,0.6,0.05,datasets\test_images\2010\rgb\andhra_pradesh_2010_rice_rabi_rgb.png,datasets\test_images\2010\ndvi\andhra_pradesh_2010_rice_rabi_ndvi.png,0.136325,0.055395,0.01835,0.009466,0.753545,0.372753,-0.027467,0.095316,0.166493,0.073872,0.033557,0.011432,0.899917,0.549506,-0.071152,0.104813,0.125845,-0.54748,-0.825109,0.081767,0.475716,0.267081,0.046538,0.043693,0.197512,0.073334,0.021402,0.015809
Andhra Pradesh,Rice,2011,Kharif,15.9240905,80.1863809,2011-07-01,2011-10-28,10,Landsat 5/7 SR,0.6,0.05,datasets\test_images\2011\rgb\andhra_pradesh_2011_rice_kharif_rgb.png,datasets\test_images\2011\ndvi\andhra_pradesh_2011_rice_kharif_ndvi.png,0.139199,0.065191,0.039332,0.007188,0.681264,0.191733,-0.070489,0.082777,0.19468,0.087468,0.054677,0.009826,0.796075,0.322317,-0.197248,0.104703,0.230504,-0.369003,-0.747798,0.082032,0.439953,0.197663,0.058362,0.042507,0.21184,0.095872,0.043127,0.014678
Andhra Pradesh,Rice,2011,Rabi,15.9240905,80.1863809,2011-11-01,2012-04-28,17,Landsat 5/7 SR,0.6,0.05,datasets\test_images\2011\rgb\andhra_pradesh_2011_rice_rabi_rgb.png,datasets\test_images\2011\ndvi\andhra_pradesh_2011_rice_rabi_ndvi.png,0.136229,0.062771,0.027397,0.009174,0.787464,0.306147,-0.001632,0.099437,0.171291,0.083319,0.048847,0.011861,0.819899,0.464285,-0.00395,0.117882,0.027959,-0.49076,-0.760159,0.084497,0.485162,0.254486,0.071068,0.038195,0.226154,0.088669,0.032018,0.019581
Andhra Pradesh,Rice,2012,Kharif,15.9240905,80.1863809,2012-07-01,2012-10-28,5,Landsat 5/7 SR,0.6,0.05,datasets\test_images\2012\rgb\andhra_pradesh_2012_rice_kharif_rgb.png,datasets\test_images\2012\ndvi\andhra_pradesh_2012_rice_kharif_ndvi.png,0.820525,0.060467,0.025308,0.013058,0.850443,0.26076,-0.086602,0.145008,0.30512,0.083178,0.03804,0.014824,0.872667,0.402011,-0.134557,0.161106,0.150014,-0.437113,-0.789962,0.121555,0.540974,0.230838,0.046978,0.071076,0.324865,0.089901,0.027535,0.02211
Andhra Pradesh,Rice,2012,Rabi,15.9240905,80.1863809,2012-11-01,2013-04-28,15,Landsat 5/7 SR,0.6,0.05,datasets\test_images\2012\rgb\andhra_pradesh_2012_rice_rabi_rgb.png,datasets\test_images\2012\ndvi\andhra_pradesh_2012_rice_rabi_ndvi.png,0.207275,0.065606,0.002977,0.010302,0.840231,0.315397,-0.004619,0.104833,0.260474,0.082278,0.01461,0.012017,0.905291,0.470284,-0.009791,0.118438,0.079716,-0.48899,-0.840759,0.090525,0.549513,0.253061,0.050828,0.047213,0.280521,0.086031,0.008395,0.01787
Andhra Pradesh,Rice,2013,Kharif,15.9240905,80.1863809,2013-07-01,2013-10-28,9,Landsat 8 SR,0.6,0.05,datasets\test_images\2013\rgb\andhra_pradesh_2013_rice_kharif_rgb.png,datasets\test_images\2013\ndvi\andhra_pradesh_2013_rice_kharif_ndvi.png,0.288455,0.047425,-0.062115,0.013349,0.788855,0.29292,-0.153399,0.11265,0.337199,0.089775,0.028938,0.016364,0.882374,0.475372,-0.358284,0.133767,0.3557,-0.472629,-0.763689,0.096264,0.548124,0.259023,0.047871,0.059948,0.367353,0.08903,0.016728,0.023718
Andhra Pradesh,Rice,2013,Rabi,15.9240905,80.1863809,2013-11-01,2014-04-28,20,Landsat 8 SR,0.6,0.05,datasets\test_images\2013\rgb\andhra_pradesh_2013_rice_rabi_rgb.png,datasets\test_images\2013\ndvi\andhra_pradesh_2013_rice_rabi_ndvi.png,0.178345,0.041567,0.013345,0.007963,0.712227,0.36089,-0.055734,0.086162,0.266757,0.073751,0.041203,0.008929,0.839316,0.58367,-0.155139,0.099883,0.172695,-0.566677,-0.762454,0.075701,0.480323,0.278812,0.04838,0.040401,0.282845,0.069588,0.028965,0.015695
Andhra Pradesh,Rice,2014,Kharif,15.9240905,80.1863809,2014-07-01,2014-10-28,12,Landsat 8 SR,0.6,0.05,datasets\test_images\2014\rgb\andhra_pradesh_2014_rice_kharif_rgb.png,datasets\test_images\2014\ndvi\andhra_pradesh_2014_rice_kharif_ndvi.png,0.272904,0.056803,0.016315,0.007698,0.661406,0.172233,-0.064674,0.06339,0.352901,0.091365,0.039442,0.011419,0.809929,0.301208,-0.200957,0.078024,0.209567,-0.377908,-0.751676,0.060591,0.507988,0.211205,0.046606,0.043815,0.360684,0.109276,0.032842,0.014976
Andhra Pradesh,Rice,2014,Rabi,15.9240905,80.1863809,2014-11-01,2015-04-28,19,Landsat 8 SR,0.6,0.05,datasets\test_images\2014\rgb\andhra_pradesh_2014_rice_rabi_rgb.png,datasets\test_images\2014\ndvi\andhra_pradesh_2014_rice_rabi_ndvi.png,0.197829,0.039878,0.016315,0.008247,0.768757,0.387092,-0.003231,0.10446,0.262096,0.07134,0.036541,0.009374,0.854028,0.607722,-0.009307,0.114547,0.137396,-0.593596,-0.786086,0.085918,0.510064,0.287989,0.048352,0.047809,0.29093,0.066317,0.025417,0.017147
Andhra Pradesh,Rice,2015,Kharif,15.9240905,80.1863809,2015-07-01,2015-10-28,14,Landsat 8 SR,0.6,0.05,datasets\test_images\2015\rgb\andhra_pradesh_2015_rice_kharif_rgb.png,datasets\test_images\2015\ndvi\andhra_pradesh_2015_rice_kharif_ndvi.png,0.231516,0.046694,0.02143,0.006472,0.73874,0.226336,-0.007228,0.100834,0.294326,0.080145,0.051515,0.00891,0.857201,0.39606,-0.016763,0.119905,0.015905,-0.436224,-0.771651,0.083314,0.49058,0.226288,0.084213,0.048724,0.30479,0.084804,0.03375,0.014297
Andhra Pradesh,Rice,2015,Rabi,15.9240905,80.1863809,2015-11-01,2016-04-28,22,Landsat 8 SR,0.6,0.05,datasets\test_images\2015\rgb\andhra_pradesh_2015_rice_rabi_rgb.png,datasets\test_images\2015\ndvi\andhra_pradesh_2015_rice_rabi_ndvi.png,0.204855,0.049154,0.017085,0.009976,0.650518,0.266981,-0.07411,0.085857,0.27839,0.080371,0.041931,0.011824,0.828426,0.456512,-0.202917,0.12084,0.266801,-0.50036,-0.765288,0.084098,0.468429,0.246053,0.056878,0.0356,0.301545,0.087773,0.034946,0.021282
Andhra Pradesh,Rice,2016,Kharif,15.9240905,80.1863809,2016-07-01,2016-10-28,12,Landsat 8 SR,0.6,0.05,datasets\test_images\2016\rgb\andhra_pradesh_2016_rice_kharif_rgb.png,datasets\test_images\2016\ndvi\andhra_pradesh_2016_rice_kharif_ndvi.png,0.261615,0.052326,0.013482,0.008104,0.773632,0.173731,-0.10618,0.074929,0.330778,0.085689,0.04013,0.011708,0.878543,0.311326,-0.334602,0.096449,0.431708,-0.375745,-0.79639,0.075557,0.50444,0.204342,0.042577,0.04487,0.345105,0.100108,0.029927,0.016966
Andhra Pradesh,Rice,2016,Rabi,15.9240905,80.1863809,2016-11-01,2017-04-28,23,Landsat 8 SR,0.6,0.05,datasets\test_images\2016\rgb\andhra_pradesh_2016_rice_rabi_rgb.png,datasets\test_images\2016\ndvi\andhra_pradesh_2016_rice_rabi_ndvi.png,0.182209,0.04952,0.022585,0.009515,0.626474,0.253017,-0.038397,0.088508,0.244936,0.083104,0.048297,0.010013,0.81073,0.436443,-0.122498,0.125269,0.21546,-0.468738,-0.737605,0.086438,0.408025,0.234156,0.062295,0.038372,0.280961,0.089141,0.04013,0.019244
Andhra Pradesh,Rice,2017,Kharif,15.9240905,80.1863809,2017-07-01,2017-10-28,2,Sentinel-2 SR,0.6,0.05,datasets\test_images\2017\rgb\andhra_pradesh_2017_rice_kharif_rgb.png,datasets\test_images\2017\ndvi\andhra_pradesh_2017_rice_kharif_ndvi.png,0.43055,0.055377,0.0181,0.016183,1.012362,0.412686,-0.301453,0.278775,0.4876,0.079922,0.0202,0.015889,0.91674,0.533433,-0.94302,0.263658,0.963834,-0.519126,-0.817284,0.19003,0.6693,0.300314,0.001,0.140687,0.4915,0.073605,0.0135,0.031261
Andhra Pradesh,Rice,2017,Rabi,15.9240905,80.1863809,2017-11-01,2018-04-28,27,Sentinel-2 SR,0.6,0.05,datasets\test_images\2017\rgb\andhra_pradesh_2017_rice_rabi_rgb.png,datasets\test_images\2017\ndvi\andhra_pradesh_2017_rice_rabi_ndvi.png,0.34775,0.059766,0.02655,0.014301,0.801466,0.237622,-0.178853,0.155381,0.4003,0.084811,0.0342,0.016236,0.871541,0.366849,-0.471545,0.191591,0.64292,-0.447535,-0.783287,0.133154,0.5253,0.243813,0.0239,0.059934,0.42505,0.103849,0.0244,0.029461
Andhra Pradesh,Rice,2018,Kharif,15.9240905,80.1863809,2018-07-01,2018-10-28,1,Sentinel-2 SR,0.6,0.05,datasets\test_images\2018\rgb\andhra_pradesh_2018_rice_kharif_rgb.png,datasets\test_images\2018\ndvi\andhra_pradesh_2018_rice_kharif_ndvi.png,0.4728,0.063208,0.0238,0.018141,0.96102,0.284406,-0.089414,0.178963,0.5092,0.092812,0.036,0.019158,0.899027,0.417,-0.371943,0.205735,0.5427,-0.44344,-0.811215,0.143719,0.6406,0.257244,0.0189,0.084852,0.5276,0.09932,0.0252,0.033728
Andhra Pradesh,Rice,2018,Rabi,15.9240905,80.1863809,2018-11-01,2019-04-28,110,Sentinel-2 SR,0.6,0.05,datasets\test_images\2018\rgb\andhra_pradesh_2018_rice_rabi_rgb.png,datasets\test_images\2018\ndvi\andhra_pradesh_2018_rice_rabi_ndvi.png,0.3406,0.077294,0.04215,0.011999,0.869123,0.249615,-0.089911,0.137747,0.3934,0.099336,0.0597,0.013012,0.800057,0.360405,-0.177807,0.159462,0.314608,-0.406685,-0.697135,0.102648,0.576867,0.248379,0.0591,0.051328,0.42605,0.10842,0.0405,0.021607
Andhra Pradesh,Rice,2019,Kharif,15.9240905,80.1863809,2019-07-01,2019-10-28,39,Sentinel-2 SR,0.6,0.05,datasets\test_images\2019\rgb\andhra_pradesh_2019_rice_kharif_rgb.png,datasets\test_images\2019\ndvi\andhra_pradesh_2019_rice_kharif_ndvi.png,0.4377,0.083519,0.0386,0.012486,0.808724,0.156704,-0.215298,0.101533,0.48145,0.105278,0.0547,0.014831,0.873211,0.251485,-0.321409,0.125754,0.449416,-0.305932,-0.736966,0.094414,0.5085,0.201716,0.0431,0.048171,0.46565,0.11359,0.033,0.019717
Andhra Pradesh,Rice,2019,Rabi,15.9240905,80.1863809,2019-11-01,2020-04-28,123,Sentinel-2 SR,0.6,0.05,datasets\test_images\2019\rgb\andhra_pradesh_2019_rice_rabi_rgb.png,datasets\test_images\2019\ndvi\andhra_pradesh_2019_rice_rabi_ndvi.png,0.346975,0.06769,0.03645,0.013946,0.821779,0.356233,-0.193523,0.154718,0.39385,0.091151,0.0506,0.014149,0.831244,0.488803,-0.290185,0.17101,0.450844,-0.483211,-0.735154,0.124597,0.5055,0.283158,0.0414,0.05753,0.4119,0.087689,0.0389,0.023759
Arunachal Pradesh,Maize,1997,Kharif,28.0937702,94.5921326,1997-07-01,1997-10-28,6,Landsat 5/7 SR,0.6,0.05,datasets\test_images\1997\rgb\arunachal_pradesh_1997_maize_rgb.png,datasets\test_images\1997\ndvi\arunachal_pradesh_1997_maize_ndvi.png,1.602213,0.055042,-0.002825,0.049283,0.914779,0.525312,-0.047079,0.135511,0.455545,0.075933,6.2e-05,0.047617,1.077296,0.723644,0.115582,0.142288,-0.108552,-0.659836,-0.997228,0.123804,0.659856,0.347887,0.028333,0.09221,0.461347,0.061592,-0.001835,0.050179
Arunachal Pradesh,Maize,1998,Kharif,28.0937702,94.5921326,1998-07-01,1998-10-28,6,Landsat 5/7 SR,0.6,0.05,datasets\test_images\1998\rgb\arunachal_pradesh_1998_maize_kharif_rgb.png,datasets\test_images\1998\ndvi\arunachal_pradesh_1998_maize_kharif_ndvi.png,0.814929,0.035761,-0.033763,0.039366,20.835224,0.514182,-5044.105114,13.594103,0.730517,0.05374,-0.01817,0.041579,1.203546,0.795495,-0.069943,0.125072,0.300291,-0.739309,-1.311069,0.111938,0.74281,0.338586,0.024317,0.098246,0.480818,0.042163,-0.03412,0.042195
Arunachal Pradesh,Maize,1999,Kharif,28.0937702,94.5921326,1999-07-01,1999-10-28,10,Landsat 5/7 SR,0.6,0.05,datasets\test_images\1999\rgb\arunachal_pradesh_1999_maize_kharif_rgb.png,datasets\test_images\1999\ndvi\arunachal_pradesh_1999_maize_kharif_ndvi.png,1.602213,0.026609,-0.0064,0.036879,1.505646,0.540393,-0.034126,0.159888,0.458543,0.044559,-0.002028,0.038808,1.624723,0.845304,0.082354,0.129014,-0.092224,-0.773697,-1.12662,0.107411,1.602213,0.322721,0.028167,0.114744,0.469735,0.031361,-0.008105,0.040857
Arunachal Pradesh,Maize,2000,Kharif,28.0937702,94.5921326,2000-07-01,2000-10-28,15,Landsat 5/7 SR,0.6,0.05,datasets\test_images\2000\rgb\arunachal_pradesh_2000_maize_kharif_rgb.png,datasets\test_images\2000\ndvi\arunachal_pradesh_2000_maize_kharif_ndvi.png,1.602213,0.053252,-0.002468,0.083313,0.972043,0.532341,-0.06651,0.1544,0.54294,0.070841,-0.000433,0.068407,1.095199,0.761248,0.032093,0.181764,-0.026081,-0.695837,-1.018271,0.160244,0.708655,0.348195,0.047775,0.100501,0.551217,0.057132,-0.003513,0.071597
Arunachal Pradesh,Maize,2002,Kharif,28.0937702,94.5921326,2002-07-01,2002-10-28,5,Landsat 5/7 SR,0.6,0.05,datasets\test_images\2002\rgb\arunachal_pradesh_2002_maize_rgb.png,datasets\test_images\2002\ndvi\arunachal_pradesh_2002_maize_ndvi.png,0.437862,0.031014,-0.00948,0.030275,0.923571,0.528187,0.090245,0.129627,0.46605,0.051642,-0.004612,0.032377,1.670076,0.805578,0.077869,0.1087,-0.092516,-0.735965,-1.245207,0.090422,0.646972,0.323497,0.033282,0.089366,0.481972,0.03773,-0.008353,0.034709
Arunachal Pradesh,Maize,2004,Kharif,28.0937702,94.5921326,2004-07-01,2004-10-28,4,Landsat 5/7 SR,0.6,0.05,datasets\test_images\2004\rgb\arunachal_pradesh_2004_maize_rgb.png,datasets\test_images\2004\ndvi\arunachal_pradesh_2004_maize_ndvi.png,1.602213,0.06041,-0.004695,0.091692,1.096285,0.517615,-0.304547,0.176478,0.714513,0.077732,-0.003623,0.09586,1.480537,0.75848,-0.325626,0.220291,-0.053791,-0.6974,-1.177226,0.18759,0.840353,0.343307,0.03144,0.133815,1.602213,0.067211,-0.009068,0.103703
Arunachal Pradesh,Maize,2005,Kharif,28.0937702,94.5921326,2005-07-01,2005-10-28,9,Landsat 5/7 SR,0.6,0.05,datasets\test_images\2005\rgb\arunachal_pradesh_2005_maize_rgb.png,datasets\test_images\2005\ndvi\arunachal_pradesh_2005_maize_ndvi.png,0.316202,0.024029,-0.032374,0.007655,6.664776,0.58041,-37.984469,0.151059,0.7196,0.0444,-0.02939,0.013064,1.212256,0.847482,-0.53549,0.053512,0.309934,-0.768891,-1.258,0.043381,0.798498,0.34066,0.106102,0.07574,0.631628,0.028084,-0.021525,0.01249
Arunachal Pradesh,Maize,2008,Kharif,28.0937702,94.5921326,2008-07-01,2008-10-28,13,Landsat 5/7 SR,0.6,0.05,datasets\test_images\2008\rgb\arunachal_pradesh_2008_maize_kharif_rgb.png,datasets\test_images\2008\ndvi\arunachal_pradesh_2008_maize_kharif_ndvi.png,1.602213,0.02054,0.000695,0.014299,0.884884,0.566259,-0.042805,0.110073,0.43239,0.040305,0.003527,0.015905,1.070608,0.860668,0.12015,0.065162,-0.104942,-0.78562,-0.917096,0.054468,0.581715,0.33367,0.052918,0.080308,0.419272,0.025313,-0.001175,0.015074
Arunachal Pradesh,Maize,2009,Kharif,28.0937702,94.5921326,2009-07-01,2009-10-28,9,Landsat 5/7 SR,0.6,0.05,datasets\test_images\2009\rgb\arunachal_pradesh_2009_maize_kharif_rgb.png,datasets\test_images\2009\ndvi\arunachal_pradesh_2009_maize_kharif_ndvi.png,1.602213,0.031455,-0.001202,0.052469,0.922714,0.538022,-0.05299,0.133601,0.520307,0.051313,0.001685,0.037927,0.983923,0.809481,0.090088,0.111478,-0.079455,-0.739143,-0.949767,0.099571,0.663665,0.328821,0.05267,0.094068,0.526715,0.037215,0.00053,0.038503
Arunachal Pradesh,Maize,2010,Kharif,28.0937702,94.5921326,2010-07-01,2010-10-28,10,Landsat 5/7 SR,0.6,0.05,datasets\test_images\2010\rgb\arunachal_pradesh_2010_maize_kharif_rgb.png,datasets\test_images\2010\ndvi\arunachal_pradesh_2010_maize_kharif_ndvi.png,1.602213,0.042483,-0.015475,0.05769,1.888076,0.547915,-0.297589,0.132571,0.667982,0.062156,-0.010938,0.050823,1.938539,0.787643,-0.332142,0.131486,-0.081349,-0.718103,-2.07155,0.116336,0.803255,0.343223,0.02946,0.095856,1.602213,0.047397,-0.011378,0.053431
Arunachal Pradesh,Maize,2011,Kharif,28.0937702,94.5921326,2011-07-01,2011-10-28,11,Landsat 5/7 SR,0.6,0.05,datasets\test_images\2011\rgb\arunachal_pradesh_2011_maize_kharif_rgb.png,datasets\test_images\2011\ndvi\arunachal_pradesh_2011_maize_kharif_ndvi.png,0.618895,0.025506,-0.005328,0.024062,0.958588,0.570596,0.031482,0.133405,0.642353,0.044288,0.00427,0.02682,1.066233,0.847294,0.030332,0.085226,-0.066607,-0.773587,-0.90197,0.069693,0.746935,0.339184,0.05124,0.096014,0.875154,0.029565,-0.001766,0.028238
Arunachal Pradesh,Maize,2012,Kharif,28.0937702,94.5921326,2012-07-01,2012-10-28,9,Landsat 5/7 SR,0.6,0.05,datasets\test_images\2012\rgb\arunachal_pradesh_2012_maize_kharif_rgb.png,datasets\test_images\2012\ndvi\arunachal_pradesh_2012_maize_kharif_ndvi.png,1.602213,0.093242,-0.00189,0.153213,3.32932,0.510166,-0.326899,0.18328,0.670595,0.104755,0.004242,0.125384,1.116596,0.698273,-0.389719,0.270334,-0.020984,-0.635934,-0.926421,0.233823,0.80375,0.359348,0.055434,0.117427,1.602213,0.093722,-0.00398,0.139099
Arunachal Pradesh,Maize,2013,Kharif,28.0937702,94.5921326,2013-07-01,2013-10-28,8,Landsat 8 SR,0.6,0.05,datasets\test_images\2013\rgb\arunachal_pradesh_2013_maize_kharif_rgb.png,datasets\test_images\2013\ndvi\arunachal_pradesh_2013_maize_kharif_ndvi.png,0.561544,0.024949,-0.184298,0.025248,0.934767,0.580044,0.1043,0.109671,0.563854,0.053401,-0.06998,0.028426,2.053322,0.841664,0.092754,0.082553,-0.100175,-0.746532,-1.582038,0.066491,0.757907,0.361336,0.038617,0.078106,0.57737,0.032485,-0.090688,0.029663
Arunachal Pradesh,Maize,2014,Kharif,28.0937702,94.5921326,2014-07-01,2014-10-28,10,Landsat 8 SR,0.6,0.05,datasets\test_images\2014\rgb\arunachal_pradesh_2014_maize_kharif_rgb.png,datasets\test_images\2014\ndvi\arunachal_pradesh_2014_maize_kharif_ndvi.png,0.97854,0.050755,-0.199368,0.109118,0.979919,0.561215,0.088593,0.161652,0.95379,0.07734,-0.159438,0.107756,861.603448,0.825549,-44.158654,3.411934,17.833562,-0.712261,-8.572063,0.179223,1.00956,0.367141,0.04013,0.127443,0.954313,0.05825,-0.142937,0.113987
Arunachal Pradesh,Maize,2015,Kharif,28.0937702,94.5921326,2015-07-01,2015-10-28,9,Landsat 8 SR,0.6,0.05,datasets\test_images\2015\rgb\arunachal_pradesh_2015_maize_kharif_rgb.png,datasets\test_images\2015\ndvi\arunachal_pradesh_2015_maize_kharif_ndvi.png,0.217189,0.019327,-0.061482,0.007199,0.942367,0.589868,0.108808,0.111003,0.242626,0.044077,0.00977,0.01285,1.17844,0.867916,0.320029,0.044228,-0.308769,-0.774103,-0.939772,0.038167,0.643961,0.349411,0.073377,0.079679,0.236122,0.024363,-0.019394,0.010139
Arunachal Pradesh,Rice,1997,Kharif,28.0937702,94.5921326,1997-07-01,1997-10-28,6,Landsat 5/7 SR,0.6,0.05,datasets\test_images\1997\rgb\arunachal_pradesh_1997_rice_rgb.png,datasets\test_images\1997\ndvi\arunachal_pradesh_1997_rice_ndvi.png,1.602213,0.055042,-0.002825,0.049283,0.914779,0.525312,-0.047079,0.135511,0.455545,0.075933,6.2e-05,0.047617,1.077296,0.723644,0.115582,0.142288,-0.108552,-0.659836,-0.997228,0.123804,0.659856,0.347887,0.028333,0.09221,0.461347,0.061592,-0.001835,0.050179
Arunachal Pradesh,Rice,1998,Kharif,28.0937702,94.5921326,1998-07-01,1998-10-28,6,Landsat 5/7 SR,0.6,0.05,datasets\test_images\1998\rgb\arunachal_pradesh_1998_rice_kharif_rgb.png,datasets\test_images\1998\ndvi\arunachal_pradesh_1998_rice_kharif_ndvi.png,0.814929,0.035761,-0.033763,0.039366,20.835224,0.514182,-5044.105114,13.594103,0.730517,0.05374,-0.01817,0.041579,1.203546,0.795495,-0.069943,0.125072,0.300291,-0.739309,-1.311069,0.111938,0.74281,0.338586,0.024317,0.098246,0.480818,0.042163,-0.03412,0.042195
Arunachal Pradesh,Rice,1999,Kharif,28.0937702,94.5921326,1999-07-01,1999-10-28,10,Landsat 5/7 SR,0.6,0.05,datasets\test_images\1999\rgb\arunachal_pradesh_1999_rice_kharif_rgb.png,datasets\test_images\1999\ndvi\arunachal_pradesh_1999_rice_kharif_ndvi.png,1.602213,0.026609,-0.0064,0.036879,1.505646,0.540393,-0.034126,0.159888,0.458543,0.044559,-0.002028,0.038808,1.624723,0.845304,0.082354,0.129014,-0.092224,-0.773697,-1.12662,0.107411,1.602213,0.322721,0.028167,0.114744,0.469735,0.031361,-0.008105,0.040857
Arunachal Pradesh,Rice,2000,Kharif,28.0937702,94.5921326,2000-07-01,2000-10-28,15,Landsat 5/7 SR,0.6,0.05,datasets\test_images\2000\rgb\arunachal_pradesh_2000_rice_kharif_rgb.png,datasets\test_images\2000\ndvi\arunachal_pradesh_2000_rice_kharif_ndvi.png,1.602213,0.053252,-0.002468,0.083313,0.972043,0.532341,-0.06651,0.1544,0.54294,0.070841,-0.000433,0.068407,1.095199,0.761248,0.032093,0.181764,-0.026081,-0.695837,-1.018271,0.160244,0.708655,0.348195,0.047775,0.100501,0.551217,0.057132,-0.003513,0.071597
Arunachal Pradesh,Rice,2001,Kharif,28.0937702,94.5921326,2001-07-01,2001-10-28,11,Landsat 5/7 SR,0.6,0.05,datasets\test_images\2001\rgb\arunachal_pradesh_2001_rice_kharif_rgb.png,datasets\test_images\2001\ndvi\arunachal_pradesh_2001_rice_kharif_ndvi.png,0.905555,0.040717,-0.00321,0.040057,0.924547,0.517324,0.074917,0.12462,0.473145,0.063048,0.00405,0.040156,0.987319,0.757061,0.084998,0.128816,-0.096545,-0.690633,-0.926274,0.114645,0.668285,0.330795,0.038453,0.089047,0.482605,0.049007,0.000337,0.041773
Arunachal Pradesh,Rice,2002,Kharif,28.0937702,94.5921326,2002-07-01,2002-10-28,5,Landsat 5/7 SR,0.6,0.05,datasets\test_images\2002\rgb\arunachal_pradesh_2002_rice_rgb.png,datasets\test_images\2002\ndvi\arunachal_pradesh_2002_rice_ndvi.png,0.437862,0.031014,-0.00948,0.030275,0.923571,0.528187,0.090245,0.129627,0.46605,0.051642,-0.004612,0.032377,1.670076,0.805578,0.077869,0.1087,-0.092516,-0.735965,-1.245207,0.090422,0.646972,0.323497,0.033282,0.089366,0.481972,0.03773,-0.008353,0.034709
Arunachal Pradesh,Rice,2003,Kharif,28.0937702,94.5921326,2003-07-01,2003-10-28,5,Landsat 5/7 SR,0.6,0.05,datasets\test_images\2003\rgb\arunachal_pradesh_2003_rice_rgb.png,datasets\test_images\2003\ndvi\arunachal_pradesh_2003_rice_ndvi.png,0.834385,0.026869,0.00163,0.021063,0.922971,0.548988,0.07128,0.111509,0.285004,0.046773,0.003637,0.020287,1.040621,0.815647,0.257277,0.063168,-0.305386,-0.756249,-0.927612,0.056069,0.662977,0.332928,0.035537,0.080533,0.2818,0.034425,-0.001037,0.01962
Arunachal Pradesh,Rice,2004,Kharif,28.0937702,94.5921326,2004-07-01,2004-10-28,4,Landsat 5/7 SR,0.6,0.05,datasets\test_images\2004\rgb\arunachal_pradesh_2004_rice_rgb.png,datasets\test_images\2004\ndvi\arunachal_pradesh_2004_rice_ndvi.png,1.602213,0.06041,-0.004695,0.091692,1.096285,0.517615,-0.304547,0.176478,0.714513,0.077732,-0.003623,0.09586,1.480537,0.75848,-0.325626,0.220291,-0.053791,-0.6974,-1.177226,0.18759,0.840353,0.343307,0.03144,0.133815,1.602213,0.067211,-0.009068,0.103703
Arunachal Pradesh,Rice,2005,Kharif,28.0937702,94.5921326,2005-07-01,2005-10-28,9,Landsat 5/7 SR,0.6,0.05,datasets\test_images\2005\rgb\arunachal_pradesh_2005_rice_rgb.png,datasets\test_images\2005\ndvi\arunachal_pradesh_2005_rice_ndvi.png,0.316202,0.024029,-0.032374,0.007655,6.664776,0.58041,-37.984469,0.151059,0.7196,0.0444,-0.02939,0.013064,1.212256,0.847482,-0.53549,0.053512,0.309934,-0.768891,-1.258,0.043381,0.798498,0.34066,0.106102,0.07574,0.631628,0.028084,-0.021525,0.01249
Arunachal Pradesh,Rice,2006,Kharif,28.0937702,94.5921326,2006-07-01,2006-10-28,13,Landsat 5/7 SR,0.6,0.05,datasets\test_images\2006\rgb\arunachal_pradesh_2006_rice_kharif_rgb.png,datasets\test_images\2006\ndvi\arunachal_pradesh_2006_rice_kharif_ndvi.png,0.240165,0.025573,0.00493,0.009757,0.876747,0.561293,0.131247,0.10832,0.264723,0.047584,0.009137,0.013427,0.918973,0.825746,0.221527,0.057958,-0.255265,-0.751645,-0.874774,0.047526,0.576861,0.339649,0.071893,0.072532,0.261725,0.031788,0.006016,0.013256
Arunachal Pradesh,Rice,2007,Kharif,28.0937702,94.5921326,2007-07-01,2007-10-28,11,Landsat 5/7 SR,0.6,0.05,datasets\test_images\2007\rgb\arunachal_pradesh_2007_rice_kharif_rgb.png,datasets\test_images\2007\ndvi\arunachal_pradesh_2007_rice_kharif_ndvi.png,0.287932,0.031663,0.007212,0.016087,0.880373,0.559327,0.134129,0.102944,0.324095,0.054037,0.01681,0.018503,0.931358,0.797859,0.207052,0.066798,-0.199702,-0.726589,-0.848837,0.059097,0.588851,0.34266,0.090263,0.072185,0.319695,0.03828,0.008752,0.017546
Arunachal Pradesh,Rice,2008,Kharif,28.0937702,94.5921326,2008-07-01,2008-10-28,13,Landsat 5/7 SR,0.6,0.05,datasets\test_images\2008\rgb\arunachal_pradesh_2008_rice_kharif_rgb.png,datasets\test_images\2008\ndvi\arunachal_pradesh_2008_rice_kharif_ndvi.png,1.602213,0.02054,0.000695,0.014299,0.884884,0.566259,-0.042805,0.110073,0.43239,0.040305,0.003527,0.015905,1.070608,0.860668,0.12015,0.065162,-0.104942,-0.78562,-0.917096,0.054468,0.581715,0.33367,0.052918,0.080308,0.419272,0.025313,-0.001175,0.015074
Arunachal Pradesh,Rice,2009,Kharif,28.0937702,94.5921326,2009-07-01,2009-10-28,9,Landsat 5/7 SR,0.6,0.05,datasets\test_images\2009\rgb\arunachal_pradesh_2009_rice_kharif_rgb.png,datasets\test_images\2009\ndvi\arunachal_pradesh_2009_rice_kharif_ndvi.png,1.602213,0.031455,-0.001202,0.052469,0.922714,0.538022,-0.05299,0.133601,0.520307,0.051313,0.001685,0.037927,0.983923,0.809481,0.090088,0.111478,-0.079455,-0.739143,-0.949767,0.099571,0.663665,0.328821,0.05267,0.094068,0.526715,0.037215,0.00053,0.038503
Arunachal Pradesh,Rice,2010,Kharif,28.0937702,94.5921326,2010-07-01,2010-10-28,10,Landsat 5/7 SR,0.6,0.05,datasets\test_images\2010\rgb\arunachal_pradesh_2010_rice_kharif_rgb.png,datasets\test_images\2010\ndvi\arunachal_pradesh_2010_rice_kharif_ndvi.png,1.602213,0.042483,-0.015475,0.05769,1.888076,0.547915,-0.297589,0.132571,0.667982,0.062156,-0.010938,0.050823,1.938539,0.787643,-0.332142,0.131486,-0.081349,-0.718103,-2.07155,0.116336,0.803255,0.343223,0.02946,0.095856,1.602213,0.047397,-0.011378,0.053431
Arunachal Pradesh,Rice,2011,Kharif,28.0937702,94.5921326,2011-07-01,2011-10-28,11,Landsat 5/7 SR,0.6,0.05,datasets\test_images\2011\rgb\arunachal_pradesh_2011_rice_kharif_rgb.png,datasets\test_images\2011\ndvi\arunachal_pradesh_2011_rice_kharif_ndvi.png,0.618895,0.025506,-0.005328,0.024062,0.958588,0.570596,0.031482,0.133405,0.642353,0.044288,0.00427,0.02682,1.066233,0.847294,0.030332,0.085226,-0.066607,-0.773587,-0.90197,0.069693,0.746935,0.339184,0.05124,0.096014,0.875154,0.029565,-0.001766,0.028238
Arunachal Pradesh,Rice,2012,Kharif,28.0937702,94.5921326,2012-07-01,2012-10-28,9,Landsat 5/7 SR,0.6,0.05,datasets\test_images\2012\rgb\arunachal_pradesh_2012_rice_kharif_rgb.png,datasets\test_images\2012\ndvi\arunachal_pradesh_2012_rice_kharif_ndvi.png,1.602213,0.093242,-0.00189,0.153213,3.32932,0.510166,-0.326899,0.18328,0.670595,0.104755,0.004242,0.125384,1.116596,0.698273,-0.389719,0.270334,-0.020984,-0.635934,-0.926421,0.233823,0.80375,0.359348,0.055434,0.117427,1.602213,0.093722,-0.00398,0.139099
Arunachal Pradesh,Rice,2013,Kharif,28.0937702,94.5921326,2013-07-01,2013-10-28,8,Landsat 8 SR,0.6,0.05,datasets\test_images\2013\rgb\arunachal_pradesh_2013_rice_kharif_rgb.png,datasets\test_images\2013\ndvi\arunachal_pradesh_2013_rice_kharif_ndvi.png,0.561544,0.024949,-0.184298,0.025248,0.934767,0.580044,0.1043,0.109671,0.563854,0.053401,-0.06998,0.028426,2.053322,0.841664,0.092754,0.082553,-0.100175,-0.746532,-1.582038,0.066491,0.757907,0.361336,0.038617,0.078106,0.57737,0.032485,-0.090688,0.029663
Arunachal Pradesh,Rice,2014,Kharif,28.0937702,94.5921326,2014-07-01,2014-10-28,10,Landsat 8 SR,0.6,0.05,datasets\test_images\2014\rgb\arunachal_pradesh_2014_rice_kharif_rgb.png,datasets\test_images\2014\ndvi\arunachal_pradesh_2014_rice_kharif_ndvi.png,0.97854,0.050755,-0.199368,0.109118,0.979919,0.561215,0.088593,0.161652,0.95379,0.07734,-0.159438,0.107756,861.603448,0.825549,-44.158654,3.411934,17.833562,-0.712261,-8.572063,0.179223,1.00956,0.367141,0.04013,0.127443,0.954313,0.05825,-0.142937,0.113987
Arunachal Pradesh,Rice,2015,Kharif,28.0937702,94.5921326,2015-07-01,2015-10-28,9,Landsat 8 SR,0.6,0.05,datasets\test_images\2015\rgb\arunachal_pradesh_2015_rice_kharif_rgb.png,datasets\test_images\2015\ndvi\arunachal_pradesh_2015_rice_kharif_ndvi.png,0.217189,0.019327,-0.061482,0.007199,0.942367,0.589868,0.108808,0.111003,0.242626,0.044077,0.00977,0.01285,1.17844,0.867916,0.320029,0.044228,-0.308769,-0.774103,-0.939772,0.038167,0.643961,0.349411,0.073377,0.079679,0.236122,0.024363,-0.019394,0.010139
Arunachal Pradesh,Rice,2016,Kharif,28.0937702,94.5921326,2016-07-01,2016-10-28,8,Landsat 8 SR,0.6,0.05,datasets\test_images\2016\rgb\arunachal_pradesh_2016_rice_kharif_rgb.png,datasets\test_images\2016\ndvi\arunachal_pradesh_2016_rice_kharif_ndvi.png,0.98019,0.029918,-0.19846,0.05207,1.207038,0.581385,0.070729,0.143734,0.977715,0.05414,-0.139445,0.053228,41.638143,0.854606,-27.088509,0.250887,10.2321,-0.76087,-263.736793,1.043185,1.067448,0.352564,0.020632,0.105915,1.002988,0.033906,-0.13554,0.055158
Arunachal Pradesh,Rice,2019,Kharif,28.0937702,94.5921326,2019-07-01,2019-10-28,11,Sentinel-2 SR,0.6,0.05,datasets\test_images\2019\rgb\arunachal_pradesh_2019_rice_kharif_rgb.png,datasets\test_images\2019\ndvi\arunachal_pradesh_2019_rice_kharif_ndvi.png,0.1803,0.033321,0.007,0.008175,1.050602,0.61299,0.015303,0.102133,0.2244,0.057202,0.017,0.012941,0.92317,0.834561,0.086778,0.056473,0.069666,-0.718091,-0.829068,0.047327,0.74415,0.353029,0.0417,0.067042,0.2361,0.0311,0.0095,0.01032
Assam,Maize,1997,Kharif,26.4073841,93.2551303,1997-07-01,1997-10-28,2,Landsat 5/7 SR,0.6,0.05,datasets\test_images\1997\rgb\assam_1997_maize_rgb.png,datasets\test_images\1997\ndvi\assam_1997_maize_ndvi.png,0.183872,0.022546,0.004353,0.007869,0.898062,0.529268,0.127586,0.095658,0.21602,0.039814,0.008093,0.011083,0.920352,0.835119,0.381599,0.042413,-0.367162,-0.766921,-0.870821,0.042131,0.59926,0.304563,0.06345,0.067114,0.205267,0.027175,0.005233,0.00969
Assam,Maize,1998,Kharif,26.4073841,93.2551303,1998-07-01,1998-10-28,1,Landsat 5/7 SR,0.6,0.05,datasets\test_images\1998\rgb\assam_1998_maize_rgb.png,datasets\test_images\1998\ndvi\assam_1998_maize_ndvi.png,0.043733,0.017825,0.003582,0.003676,0.833376,0.529249,0.222546,0.082163,0.092243,0.035238,0.013235,0.008014,0.93369,0.857112,0.443494,0.024619,-0.531495,-0.790048,-0.875534,0.026629,0.57407,0.301623,0.105938,0.059924,0.084267,0.023085,0.006222,0.00569
Assam,Maize,1999,Kharif,26.4073841,93.2551303,1999-07-01,1999-10-28,4,Landsat 5/7 SR,0.6,0.05,datasets\test_images\1999\rgb\assam_1999_maize_rgb.png,datasets\test_images\1999\ndvi\assam_1999_maize_ndvi.png,0.260515,0.032532,-0.00475,0.023918,0.885901,0.538481,0.055863,0.117916,0.28532,0.04912,-0.001615,0.026538,1.141958,0.805889,0.23576,0.095571,-0.252877,-0.740972,-1.095457,0.086189,0.644443,0.319523,0.025363,0.08354,0.28785,0.036391,-0.002138,0.026193
Assam,Maize,2000,Kharif,26.4073841,93.2551303,2000-07-01,2000-10-28,7,Landsat 5/7 SR,0.6,0.05,datasets\test_images\2000\rgb\assam_2000_maize_rgb.png,datasets\test_images\2000\ndvi\assam_2000_maize_ndvi.png,0.17587,0.025336,-0.00035,0.010568,0.883576,0.543978,0.103958,0.092029,0.192068,0.042306,0.002702,0.013604,0.980724,0.836515,0.374643,0.047603,-0.360226,-0.769362,-0.927577,0.045858,0.57022,0.314641,0.050085,0.065037,0.18577,0.028637,0.002345,0.011637
Assam,Maize,2001,Kharif,26.4073841,93.2551303,2001-07-01,2001-10-28,10,Landsat 5/7 SR,0.6,0.05,datasets\test_images\2001\rgb\assam_2001_maize_kharif_rgb.png,datasets\test_images\2001\ndvi\assam_2001_maize_kharif_ndvi.png,1.602213,0.068229,0.000667,0.089821,0.832265,0.511735,-0.044168,0.090557,0.40269,0.081021,0.005947,0.060276,1.013207,0.762588,0.149188,0.143506,-0.135634,-0.696056,-0.882149,0.131768,0.555425,0.340919,0.06147,0.071406,0.390508,0.066125,-0.000488,0.060542
Assam,Maize,2002,Kharif,26.4073841,93.2551303,2002-07-01,2002-10-28,7,Landsat 5/7 SR,0.6,0.05,datasets\test_images\2002\rgb\assam_2002_maize_kharif_rgb.png,datasets\test_images\2002\ndvi\assam_2002_maize_kharif_ndvi.png,0.141358,0.018348,-0.00013,0.007154,0.845685,0.54336,0.139023,0.087103,0.157583,0.034626,0.00581,0.01005,1.02794,0.872893,0.428956,0.036595,-0.41707,-0.797623,-0.89373,0.033968,0.528667,0.304083,0.065677,0.061182,0.154502,0.020881,-0.001697,0.008217
Assam,Maize,2003,Kharif,26.4073841,93.2551303,2003-07-01,2003-10-28,2,Landsat 5/7 SR,0.6,0.05,datasets\test_images\2003\rgb\assam_2003_maize_rgb.png,datasets\test_images\2003\ndvi\assam_2003_maize_ndvi.png,0.240248,0.026547,0.00482,0.016897,0.904501,0.631978,0.12541,0.130868,0.269865,0.049131,0.006222,0.019574,0.971562,0.853524,0.223364,0.074829,-0.324284,-0.768329,-0.88374,0.063328,0.612955,0.377278,0.085257,0.092389,0.271377,0.029673,0.002125,0.019355
Assam,Maize,2005,Kharif,26.4073841,93.2551303,2005-07-01,2005-10-28,10,Landsat 5/7 SR,0.6,0.05,datasets\test_images\2005\rgb\assam_2005_maize_rgb.png,datasets\test_images\2005\ndvi\assam_2005_maize_ndvi.png,0.179142,0.027164,0.005892,0.008779,0.901355,0.612804,0.110872,0.081867,0.202738,0.044688,0.017497,0.011623,0.93729,0.851834,0.381084,0.038532,-0.362681,-0.772252,-0.853666,0.035883,0.58397,0.351694,0.080253,0.060877,0.197018,0.027747,0.007295,0.009997
Assam,Maize,2006,Kharif,26.4073841,93.2551303,2006-07-01,2006-10-28,18,Landsat 5/7 SR,0.6,0.05,datasets\test_images\2006\rgb\assam_2006_maize_kharif_rgb.png,datasets\test_images\2006\ndvi\assam_2006_maize_kharif_ndvi.png,0.16069,0.021424,0.005205,0.00721,0.828967,0.557359,0.159072,0.084047,0.187695,0.039645,0.011805,0.010078,0.929953,0.850697,0.310857,0.037177,-0.287471,-0.77935,-0.864593,0.03511,0.56637,0.323026,0.07687,0.060347,0.174289,0.025469,0.00768,0.008542
Assam,Maize,2007,Kharif,26.4073841,93.2551303,2007-07-01,2007-10-28,11,Landsat 5/7 SR,0.6,0.05,datasets\test_images\2007\rgb\assam_2007_maize_kharif_rgb.png,datasets\test_images\2007\ndvi\assam_2007_maize_kharif_ndvi.png,0.288428,0.019863,-0.002248,0.009606,1.031712,0.583153,0.146015,0.101577,0.307677,0.037959,0.002702,0.011808,1.086991,0.872112,0.327883,0.041087,-0.329512,-0.795931,-0.977311,0.039338,0.621892,0.334102,0.070078,0.071215,0.291535,0.022789,-0.00354,0.009959
Assam,Maize,2008,Kharif,26.4073841,93.2551303,2008-07-01,2008-10-28,11,Landsat 5/7 SR,0.6,0.05,datasets\test_images\2008\rgb\assam_2008_maize_kharif_rgb.png,datasets\test_images\2008\ndvi\assam_2008_maize_kharif_ndvi.png,0.196165,0.022918,0.00394,0.01022,0.865966,0.564509,0.192517,0.088978,0.22482,0.043217,0.01285,0.013349,0.944855,0.843951,0.473261,0.047315,-0.440565,-0.769874,-0.887027,0.043509,0.597445,0.332555,0.091995,0.067313,0.21547,0.028069,0.006085,0.011756
Assam,Maize,2009,Kharif,26.4073841,93.2551303,2009-07-01,2009-10-28,14,Landsat 5/7 SR,0.6,0.05,datasets\test_images\2009\rgb\assam_2009_maize_kharif_rgb.png,datasets\test_images\2009\ndvi\assam_2009_maize_kharif_ndvi.png,0.289913,0.028143,-0.014018,0.016806,0.975156,0.576942,0.086082,0.115189,0.321757,0.045962,-0.008793,0.019773,1.603104,0.837889,0.143155,0.072801,-0.198136,-0.759436,-1.483869,0.067236,0.662235,0.335944,0.040598,0.079613,0.325883,0.030046,-0.009673,0.018777
Assam,Maize,2010,Kharif,26.4073841,93.2551303,2010-07-01,2010-10-28,10,Landsat 5/7 SR,0.6,0.05,datasets\test_images\2010\rgb\assam_2010_maize_kharif_rgb.png,datasets\test_images\2010\ndvi\assam_2010_maize_kharif_ndvi.png,0.30116,0.032586,-0.015723,0.025212,0.933937,0.634211,0.18081,0.134743,0.332813,0.052641,0.00383,0.026306,1.017914,0.833832,0.235177,0.08965,-0.235957,-0.757134,-0.936471,0.080905,0.617245,0.380074,0.08589,0.09167,0.333363,0.034749,-0.000955,0.026023
Assam,Maize,2011,Kharif,26.4073841,93.2551303,2011-07-01,2011-10-28,11,Landsat 5/7 SR,0.6,0.05,datasets\test_images\2011\rgb\assam_2011_maize_kharif_rgb.png,datasets\test_images\2011\ndvi\assam_2011_maize_kharif_ndvi.png,0.29291,0.022271,-0.014568,0.011838,0.912643,0.524793,0.141624,0.092305,0.31843,0.038684,-0.004475,0.014463,1.403528,0.84383,0.217177,0.054837,-0.205463,-0.773802,-1.25795,0.049607,0.597005,0.299044,0.062982,0.065143,0.306825,0.025897,-0.012038,0.0132
Assam,Maize,2012,Kharif,26.4073841,93.2551303,2012-07-01,2012-10-28,6,Landsat 5/7 SR,0.6,0.05,datasets\test_images\2012\rgb\assam_2012_maize_kharif_rgb.png,datasets\test_images\2012\ndvi\assam_2012_maize_kharif_ndvi.png,0.204195,0.019272,-0.01982,0.008572,0.997939,0.57011,0.080516,0.118325,0.218963,0.039966,-0.012368,0.011689,1.925249,0.865459,0.276546,0.051783,-0.357606,-0.783773,-1.873755,0.044213,0.679917,0.331062,0.036802,0.08011,0.208925,0.023889,-0.012835,0.009826
Assam,Maize,2013,Kharif,26.4073841,93.2551303,2013-07-01,2013-10-28,8,Landsat 8 SR,0.6,0.05,datasets\test_images\2013\rgb\assam_2013_maize_kharif_rgb.png,datasets\test_images\2013\ndvi\assam_2013_maize_kharif_ndvi.png,0.19699,0.014008,-0.079069,0.008127,0.984265,0.59042,0.122188,0.102118,0.223473,0.03507,0.002455,0.012071,1.086176,0.897533,0.360578,0.03305,-0.347939,-0.814667,-0.981157,0.032382,0.669426,0.339099,0.054787,0.073534,0.21668,0.018512,-0.010662,0.009332
Assam,Maize,2014,Kharif,26.4073841,93.2551303,2014-07-01,2014-10-28,7,Landsat 8 SR,0.6,0.05,datasets\test_images\2014\rgb\assam_2014_maize_kharif_rgb.png,datasets\test_images\2014\ndvi\assam_2014_maize_kharif_ndvi.png,0.308145,0.019603,-0.139555,0.01097,1.031054,0.592904,0.146164,0.107171,0.34197,0.044749,-0.002413,0.01413,8.647422,0.870935,0.321967,0.058768,-0.307989,-0.774259,-2.021454,0.038206,0.65338,0.348523,0.066667,0.075738,0.33152,0.024786,-0.054195,0.012661
Assam,Maize,2015,Kharif,26.4073841,93.2551303,2015-07-01,2015-10-28,4,Landsat 8 SR,0.6,0.05,datasets\test_images\2015\rgb\assam_2015_maize_kharif_rgb.png,datasets\test_images\2015\ndvi\assam_2015_maize_kharif_ndvi.png,0.177685,0.014006,-0.063875,0.006266,0.869682,0.565534,0.15798,0.081833,0.197512,0.035567,-0.0053,0.010104,1.147645,0.885767,0.354287,0.028836,-0.346399,-0.802864,-1.036276,0.029682,0.577865,0.325706,0.071755,0.059969,0.193993,0.019737,-0.020453,0.007685
Assam,Maize,2016,Kharif,26.4073841,93.2551303,2016-07-01,2016-10-28,6,Landsat 8 SR,0.6,0.05,datasets\test_images\2016\rgb\assam_2016_maize_kharif_rgb.png,datasets\test_images\2016\ndvi\assam_2016_maize_kharif_ndvi.png,0.266909,0.013838,-0.062088,0.012213,0.896452,0.610694,0.077244,0.096008,0.295261,0.040417,-0.010828,0.015958,2.14053,0.891684,0.170644,0.048804,-0.291074,-0.804308,-1.369602,0.043679,0.64128,0.367074,0.03914,0.07095,0.288593,0.022027,-0.02521,0.014206
Assam,Maize,2017,Kharif,26.4073841,93.2551303,2017-07-01,2017-10-28,7,Landsat 8 SR,0.6,0.05,datasets\test_images\2017\rgb\assam_2017_maize_kharif_rgb.png,datasets\test_images\2017\ndvi\assam_2017_maize_kharif_ndvi.png,0.840133,0.023958,-0.141893,0.03974,0.976096,0.628941,0.143744,0.08988,0.851793,0.055051,-0.013,0.040673,1.438426,0.860702,0.03473,0.077885,-0.034403,-0.754878,-1.077413,0.072246,1.014208,0.383243,0.064055,0.070059,0.909625,0.030869,-0.05755,0.042763
Assam,Maize,2018,Kharif,26.4073841,93.2551303,2018-07-01,2018-10-28,3,Landsat 8 SR,0.6,0.05,datasets\test_images\2018\rgb\assam_2018_maize_kharif_rgb.png,datasets\test_images\2018\ndvi\assam_2018_maize_kharif_ndvi.png,0.284165,0.02017,-0.139253,0.018129,0.954332,0.636961,0.130849,0.133883,0.310097,0.05857,0.00196,0.022933,1.281707,0.861774,0.347801,0.061796,-0.31151,-0.746188,-0.992782,0.053873,0.682613,0.40306,0.0992,0.113019,0.285842,0.030848,-0.03566,0.019947
Assam,Maize,2019,Kharif,26.4073841,93.2551303,2019-07-01,2019-10-28,13,Sentinel-2 SR,0.6,0.05,datasets\test_images\2019\rgb\assam_2019_maize_kharif_rgb.png,datasets\test_images\2019\ndvi\assam_2019_maize_kharif_ndvi.png,0.1559,0.041667,0.0067,0.01043,1.169791,0.689979,0.136123,0.100901,0.1721,0.062126,0.0127,0.012812,0.927249,0.84137,0.274025,0.046157,-0.258138,-0.71839,-0.825813,0.044214,0.7363,0.387102,0.0731,0.066427,0.1574,0.032156,0.0055,0.009159
Assam,Rice,1997,Autumn,26.4073841,93.2551303,1997-07-01,1997-10-28,2,Landsat 5/7 SR,0.6,0.05,datasets\test_images\1997\rgb\assam_1997_rice_rgb.png,datasets\test_images\1997\ndvi\assam_1997_rice_ndvi.png,0.183872,0.022546,0.004353,0.007869,0.898062,0.529268,0.127586,0.095658,0.21602,0.039814,0.008093,0.011083,0.920352,0.835119,0.381599,0.042413,-0.367162,-0.766921,-0.870821,0.042131,0.59926,0.304563,0.06345,0.067114,0.205267,0.027175,0.005233,0.00969
Assam,Rice,1997,Summer,26.4073841,93.2551303,1997-03-01,1997-06-28,3,Landsat 5/7 SR,0.6,0.05,datasets\test_images\1997\rgb\assam_1997_rice_rgb.png,datasets\test_images\1997\ndvi\assam_1997_rice_ndvi.png,0.121365,0.031381,0.01637,0.004907,0.532125,0.362793,0.097911,0.044035,0.149332,0.049445,0.026298,0.007611,0.801338,0.681083,0.258151,0.055131,-0.323901,-0.632498,-0.767191,0.042569,0.331328,0.220419,0.07038,0.025051,0.147023,0.041908,0.020921,0.008926
Assam,Rice,1997,Winter,26.4073841,93.2551303,1997-07-01,1997-10-28,2,Landsat 5/7 SR,0.6,0.05,datasets\test_images\1997\rgb\assam_1997_rice_rgb.png,datasets\test_images\1997\ndvi\assam_1997_rice_ndvi.png,0.183872,0.022546,0.004353,0.007869,0.898062,0.529268,0.127586,0.095658,0.21602,0.039814,0.008093,0.011083,0.920352,0.835119,0.381599,0.042413,-0.367162,-0.766921,-0.870821,0.042131,0.59926,0.304563,0.06345,0.067114,0.205267,0.027175,0.005233,0.00969
Assam,Rice,1997,Kharif,26.4073841,93.2551303,1997-07-01,1997-10-28,3,Landsat 5/7 SR,0.6,0.05,datasets\test_images\1997\rgb\assam_1997_rice_kharif_rgb.png,datasets\test_images\1997\ndvi\assam_1997_rice_kharif_ndvi.png,0.183872,0.022546,0.004353,0.007869,0.898062,0.529268,0.127586,0.095658,0.21602,0.039814,0.008093,0.011083,0.920352,0.835119,0.381599,0.042413,-0.367162,-0.766921,-0.870821,0.042131,0.59926,0.304563,0.06345,0.067114,0.205267,0.027175,0.005233,0.00969
Assam,Rice,1998,Autumn,26.4073841,93.2551303,1998-07-01,1998-10-28,1,Landsat 5/7 SR,0.6,0.05,datasets\test_images\1998\rgb\assam_1998_rice_rgb.png,datasets\test_images\1998\ndvi\assam_1998_rice_ndvi.png,0.043733,0.017825,0.003582,0.003676,0.833376,0.529249,0.222546,0.082163,0.092243,0.035238,0.013235,0.008014,0.93369,0.857112,0.443494,0.024619,-0.531495,-0.790048,-0.875534,0.026629,0.57407,0.301623,0.105938,0.059924,0.084267,0.023085,0.006222,0.00569
Assam,Rice,1998,Summer,26.4073841,93.2551303,1998-03-01,1998-06-28,6,Landsat 5/7 SR,0.6,0.05,datasets\test_images\1998\rgb\assam_1998_rice_rgb.png,datasets\test_images\1998\ndvi\assam_1998_rice_ndvi.png,0.06763,0.032361,0.016535,0.004678,0.61503,0.367597,0.1078,0.051669,0.104947,0.05145,0.029309,0.007147,0.833748,0.685078,0.24402,0.065814,-0.29307,-0.630843,-0.768474,0.04837,0.378353,0.225338,0.107973,0.027895,0.131265,0.041556,0.021183,0.009595
Assam,Rice,1998,Winter,26.4073841,93.2551303,1998-07-01,1998-10-28,1,Landsat 5/7 SR,0.6,0.05,datasets\test_images\1998\rgb\assam_1998_rice_rgb.png,datasets\test_images\1998\ndvi\assam_1998_rice_ndvi.png,0.043733,0.017825,0.003582,0.003676,0.833376,0.529249,0.222546,0.082163,0.092243,0.035238,0.013235,0.008014,0.93369,0.857112,0.443494,0.024619,-0.531495,-0.790048,-0.875534,0.026629,0.57407,0.301623,0.105938,0.059924,0.084267,0.023085,0.006222,0.00569
Assam,Rice,1998,Kharif,26.4073841,93.2551303,1998-07-01,1998-10-28,2,Landsat 5/7 SR,0.6,0.05,datasets\test_images\1998\rgb\assam_1998_rice_kharif_rgb.png,datasets\test_images\1998\ndvi\assam_1998_rice_kharif_ndvi.png,0.043733,0.017825,0.003582,0.003676,0.833376,0.529249,0.222546,0.082163,0.092243,0.035238,0.013235,0.008014,0.93369,0.857112,0.443494,0.024619,-0.531495,-0.790048,-0.875534,0.026629,0.57407,0.301623,0.105938,0.059924,0.084267,0.023085,0.006222,0.00569
Assam,Rice,1999,Autumn,26.4073841,93.2551303,1999-07-01,1999-10-28,4,Landsat 5/7 SR,0.6,0.05,datasets\test_images\1999\rgb\assam_1999_rice_rgb.png,datasets\test_images\1999\ndvi\assam_1999_rice_ndvi.png,0.260515,0.032532,-0.00475,0.023918,0.885901,0.538481,0.055863,0.117916,0.28532,0.04912,-0.001615,0.026538,1.141958,0.805889,0.23576,0.095571,-0.252877,-0.740972,-1.095457,0.086189,0.644443,0.319523,0.025363,0.08354,0.28785,0.036391,-0.002138,0.026193
Assam,Rice,1999,Summer,26.4073841,93.2551303,1999-03-01,1999-06-28,8,Landsat 5/7 SR,0.6,0.05,datasets\test_images\1999\rgb\assam_1999_rice_rgb.png,datasets\test_images\1999\ndvi\assam_1999_rice_ndvi.png,0.11504,0.044538,0.02825,0.008214,0.5591,0.35369,0.074799,0.054886,0.124816,0.063868,0.040171,0.009954,0.761511,0.606522,0.171198,0.072545,-0.23921,-0.577206,-0.709863,0.05411,0.355968,0.233511,0.110888,0.027861,0.151148,0.057379,0.035249,0.011762
Assam,Rice,1999,Winter,26.4073841,93.2551303,1999-07-01,1999-10-28,4,Landsat 5/7 SR,0.6,0.05,datasets\test_images\1999\rgb\assam_1999_rice_rgb.png,datasets\test_images\1999\ndvi\assam_1999_rice_ndvi.png,0.260515,0.032532,-0.00475,0.023918,0.885901,0.538481,0.055863,0.117916,0.28532,0.04912,-0.001615,0.026538,1.141958,0.805889,0.23576,0.095571,-0.252877,-0.740972,-1.095457,0.086189,0.644443,0.319523,0.025363,0.08354,0.28785,0.036391,-0.002138,0.026193
Assam,Rice,1999,Kharif,26.4073841,93.2551303,1999-07-01,1999-10-28,9,Landsat 5/7 SR,0.6,0.05,datasets\test_images\1999\rgb\assam_1999_rice_kharif_rgb.png,datasets\test_images\1999\ndvi\assam_1999_rice_kharif_ndvi.png,0.260515,0.032785,-0.00475,0.024379,0.886947,0.539187,0.055863,0.118048,0.28532,0.049411,-0.001615,0.026966,1.141958,0.805338,0.23576,0.096282,-0.252877,-0.740405,-1.095457,0.086946,0.644443,0.320126,0.025363,0.083734,0.28785,0.036628,-0.002138,0.026553
Assam,Rice,2000,Autumn,26.4073841,93.2551303,2000-07-01,2000-10-28,7,Landsat 5/7 SR,0.6,0.05,datasets\test_images\2000\rgb\assam_2000_rice_rgb.png,datasets\test_images\2000\ndvi\assam_2000_rice_ndvi.png,0.17587,0.025336,-0.00035,0.010568,0.883576,0.543978,0.103958,0.092029,0.192068,0.042306,0.002702,0.013604,0.980724,0.836515,0.374643,0.047603,-0.360226,-0.769362,-0.927577,0.045858,0.57022,0.314641,0.050085,0.065037,0.18577,0.028637,0.002345,0.011637
Assam,Rice,2000,Summer,26.4073841,93.2551303,2000-03-01,2000-06-28,8,Landsat 5/7 SR,0.6,0.05,datasets\test_images\2000\rgb\assam_2000_rice_rgb.png,datasets\test_images\2000\ndvi\assam_2000_rice_ndvi.png,0.074972,0.034349,0.020193,0.004502,0.535161,0.353237,0.119591,0.051835,0.107643,0.048376,0.030587,0.007093,0.780437,0.665797,0.266443,0.063756,-0.348263,-0.63456,-0.73624,0.046411,0.347277,0.216002,0.115301,0.028283,0.138937,0.043332,0.02539,0.009092
Assam,Rice,2000,Winter,26.4073841,93.2551303,2000-07-01,2000-10-28,7,Landsat 5/7 SR,0.6,0.05,datasets\test_images\2000\rgb\assam_2000_rice_rgb.png,datasets\test_images\2000\ndvi\assam_2000_rice_ndvi.png,0.17587,0.025336,-0.00035,0.010568,0.883576,0.543978,0.103958,0.092029,0.192068,0.042306,0.002702,0.013604,0.980724,0.836515,0.374643,0.047603,-0.360226,-0.769362,-0.927577,0.045858,0.57022,0.314641,0.050085,0.065037,0.18577,0.028637,0.002345,0.011637
Assam,Rice,2000,Kharif,26.4073841,93.2551303,2000-07-01,2000-10-28,12,Landsat 5/7 SR,0.6,0.05,datasets\test_images\2000\rgb\assam_2000_rice_kharif_rgb.png,datasets\test_images\2000\ndvi\assam_2000_rice_kharif_ndvi.png,0.17587,0.026362,0.001823,0.010952,0.883576,0.546177,0.118117,0.089232,0.192068,0.043648,0.002702,0.01363,0.980724,0.832304,0.374643,0.050458,-0.360226,-0.765031,-0.927542,0.047328,0.57022,0.317445,0.054457,0.062772,0.18577,0.029807,0.002812,0.012152
Assam,Rice,2001,Autumn,26.4073841,93.2551303,2001-07-01,2001-10-28,10,Landsat 5/7 SR,0.6,0.05,datasets\test_images\2001\rgb\assam_2001_rice_autumn_rgb.png,datasets\test_images\2001\ndvi\assam_2001_rice_autumn_ndvi.png,1.602213,0.068229,0.000667,0.089821,0.832265,0.511735,-0.044168,0.090557,0.40269,0.081021,0.005947,0.060276,1.013207,0.762588,0.149188,0.143506,-0.135634,-0.696056,-0.882149,0.131768,0.555425,0.340919,0.06147,0.071406,0.390508,0.066125,-0.000488,0.060542
Assam,Rice,2001,Summer,26.4073841,93.2551303,2001-03-01,2001-06-28,13,Landsat 5/7 SR,0.6,0.05,datasets\test_images\2001\rgb\assam_2001_rice_summer_rgb.png,datasets\test_images\2001\ndvi\assam_2001_rice_summer_ndvi.png,0.073281,0.04056,0.028333,0.004124,0.508685,0.333812,0.105447,0.045769,0.10426,0.057234,0.038233,0.006486,0.747688,0.61232,0.252268,0.05662,-0.324136,-0.578596,-0.691418,0.04332,0.324315,0.213734,0.11108,0.024829,0.128845,0.051347,0.033035,0.008451
Assam,Rice,2001,Winter,26.4073841,93.2551303,2001-07-01,2001-10-28,10,Landsat 5/7 SR,0.6,0.05,datasets\test_images\2001\rgb\assam_2001_rice_winter_rgb.png,datasets\test_images\2001\ndvi\assam_2001_rice_winter_ndvi.png,1.602213,0.068229,0.000667,0.089821,0.832265,0.511735,-0.044168,0.090557,0.40269,0.081021,0.005947,0.060276,1.013207,0.762588,0.149188,0.143506,-0.135634,-0.696056,-0.882149,0.131768,0.555425,0.340919,0.06147,0.071406,0.390508,0.066125,-0.000488,0.060542
Assam,Rice,2001,Kharif,26.4073841,93.2551303,2001-07-01,2001-10-28,10,Landsat 5/7 SR,0.6,0.05,datasets\test_images\2001\rgb\assam_2001_rice_kharif_rgb.png,datasets\test_images\2001\ndvi\assam_2001_rice_kharif_ndvi.png,1.602213,0.068229,0.000667,0.089821,0.832265,0.511735,-0.044168,0.090557,0.40269,0.081021,0.005947,0.060276,1.013207,0.762588,0.149188,0.143506,-0.135634,-0.696056,-0.882149,0.131768,0.555425,0.340919,0.06147,0.071406,0.390508,0.066125,-0.000488,0.060542
Assam,Rice,2002,Autumn,26.4073841,93.2551303,2002-07-01,2002-10-28,7,Landsat 5/7 SR,0.6,0.05,datasets\test_images\2002\rgb\assam_2002_rice_autumn_rgb.png,datasets\test_images\2002\ndvi\assam_2002_rice_autumn_ndvi.png,0.141358,0.018348,-0.00013,0.007154,0.845685,0.54336,0.139023,0.087103,0.157583,0.034626,0.00581,0.01005,1.02794,0.872893,0.428956,0.036595,-0.41707,-0.797623,-0.89373,0.033968,0.528667,0.304083,0.065677,0.061182,0.154502,0.020881,-0.001697,0.008217
Assam,Rice,2002,Summer,26.4073841,93.2551303,2002-03-01,2002-06-28,7,Landsat 5/7 SR,0.6,0.05,datasets\test_images\2002\rgb\assam_2002_rice_summer_rgb.png,datasets\test_images\2002\ndvi\assam_2002_rice_summer_ndvi.png,0.149718,0.03289,3.5e-05,0.010403,0.792822,0.478898,0.119819,0.074623,0.173698,0.051608,0.007708,0.012551,1.030704,0.756577,0.28908,0.075081,-0.348471,-0.693342,-0.85746,0.055855,0.494485,0.284988,0.086467,0.044329,0.176723,0.039562,-0.001642,0.013623
Assam,Rice,2002,Winter,26.4073841,93.2551303,2002-07-01,2002-10-28,7,Landsat 5/7 SR,0.6,0.05,datasets\test_images\2002\rgb\assam_2002_rice_winter_rgb.png,datasets\test_images\2002\ndvi\assam_2002_rice_winter_ndvi.png,0.141358,0.018348,-0.00013,0.007154,0.845685,0.54336,0.139023,0.087103,0.157583,0.034626,0.00581,0.01005,1.02794,0.872893,0.428956,0.036595,-0.41707,-0.797623,-0.89373,0.033968,0.528667,0.304083,0.065677,0.061182,0.154502,0.020881,-0.001697,0.008217
Assam,Rice,2002,Kharif,26.4073841,93.2551303,2002-07-01,2002-10-28,7,Landsat 5/7 SR,0.6,0.05,datasets\test_images\2002\rgb\assam_2002_rice_kharif_rgb.png,datasets\test_images\2002\ndvi\assam_2002_rice_kharif_ndvi.png,0.141358,0.018348,-0.00013,0.007154,0.845685,0.54336,0.139023,0.087103,0.157583,0.034626,0.00581,0.01005,1.02794,0.872893,0.428956,0.036595,-0.41707,-0.797623,-0.89373,0.033968,0.528667,0.304083,0.065677,0.061182,0.154502,0.020881,-0.001697,0.008217
Assam,Rice,2003,Autumn,26.4073841,93.2551303,2003-07-01,2003-10-28,2,Landsat 5/7 SR,0.6,0.05,datasets\test_images\2003\rgb\assam_2003_rice_rgb.png,datasets\test_images\2003\ndvi\assam_2003_rice_ndvi.png,0.240248,0.026547,0.00482,0.016897,0.904501,0.631978,0.12541,0.130868,0.269865,0.049131,0.006222,0.019574,0.971562,0.853524,0.223364,0.074829,-0.324284,-0.768329,-0.88374,0.063328,0.612955,0.377278,0.085257,0.092389,0.271377,0.029673,0.002125,0.019355
Assam,Rice,2003,Summer,26.4073841,93.2551303,2003-03-01,2003-06-28,7,Landsat 5/7 SR,0.6,0.05,datasets\test_images\2003\rgb\assam_2003_rice_rgb.png,datasets\test_images\2003\ndvi\assam_2003_rice_ndvi.png,0.066599,0.028674,0.01318,0.004634,0.632207,0.418811,0.138147,0.057108,0.097963,0.045175,0.022283,0.007723,0.850167,0.744584,0.287239,0.053847,-0.393432,-0.682268,-0.779881,0.039389,0.388253,0.243528,0.088722,0.035638,0.128295,0.034766,0.014995,0.008778
Assam,Rice,2003,Winter,26.4073841,93.2551303,2003-07-01,2003-10-28,2,Landsat 5/7 SR,0.6,0.05,datasets\test_images\2003\rgb\assam_2003_rice_rgb.png,datasets\test_images\2003\ndvi\assam_2003_rice_ndvi.png,0.240248,0.026547,0.00482,0.016897,0.904501,0.631978,0.12541,0.130868,0.269865,0.049131,0.006222,0.019574,0.971562,0.853524,0.223364,0.074829,-0.324284,-0.768329,-0.88374,0.063328,0.612955,0.377278,0.085257,0.092389,0.271377,0.029673,0.002125,0.019355
Assam,Rice,2003,Kharif,26.4073841,93.2551303,2003-07-01,2003-10-28,2,Landsat 5/7 SR,0.6,0.05,datasets\test_images\2003\rgb\assam_2003_rice_kharif_rgb.png,datasets\test_images\2003\ndvi\assam_2003_rice_kharif_ndvi.png,0.240248,0.026547,0.00482,0.016897,0.904501,0.631978,0.12541,0.130868,0.269865,0.049131,0.006222,0.019574,0.971562,0.853524,0.223364,0.074829,-0.324284,-0.768329,-0.88374,0.063328,0.612955,0.377278,0.085257,0.092389,0.271377,0.029673,0.002125,0.019355
Assam,Rice,2004,Autumn,26.4073841,93.2551303,2004-07-01,2004-10-28,8,Landsat 5/7 SR,0.6,0.05,datasets\test_images\2004\rgb\assam_2004_rice_rgb.png,datasets\test_images\2004\ndvi\assam_2004_rice_ndvi.png,0.348598,0.0351,0.00042,0.024027,0.985452,0.560863,0.085904,0.10545,0.391442,0.050289,0.007405,0.024818,1.064497,0.810478,0.244112,0.072515,-0.153777,-0.738543,-0.905233,0.072727,0.644195,0.324155,0.051432,0.074724,0.386383,0.035622,-0.00299,0.022356
Assam,Rice,2004,Summer,26.4073841,93.2551303,2004-03-01,2004-06-28,9,Landsat 5/7 SR,0.6,0.05,datasets\test_images\2004\rgb\assam_2004_rice_rgb.png,datasets\test_images\2004\ndvi\assam_2004_rice_ndvi.png,1.602213,0.047959,0.019037,0.012784,0.871841,0.363008,-0.035715,0.076765,0.368397,0.063065,0.024537,0.011723,0.89302,0.611563,-0.017723,0.071206,0.021632,-0.565912,-0.808133,0.064035,0.555755,0.229715,0.080747,0.043566,0.37695,0.054338,0.014802,0.011725
Assam,Rice,2004,Winter,26.4073841,93.2551303,2004-07-01,2004-10-28,8,Landsat 5/7 SR,0.6,0.05,datasets\test_images\2004\rgb\assam_2004_rice_rgb.png,datasets\test_images\2004\ndvi\assam_2004_rice_ndvi.png,0.348598,0.0351,0.00042,0.024027,0.985452,0.560863,0.085904,0.10545,0.391442,0.050289,0.007405,0.024818,1.064497,0.810478,0.244112,0.072515,-0.153777,-0.738543,-0.905233,0.072727,0.644195,0.324155,0.051432,0.074724,0.386383,0.035622,-0.00299,0.022356
Assam,Rice,2004,Kharif,26.4073841,93.2551303,2004-07-01,2004-10-28,13,Landsat 5/7 SR,0.6,0.05,datasets\test_images\2004\rgb\assam_2004_rice_kharif_rgb.png,datasets\test_images\2004\ndvi\assam_2004_rice_kharif_ndvi.png,0.316367,0.03546,0.00042,0.023952,0.985452,0.561079,0.085904,0.104493,0.357673,0.050717,0.007405,0.02482,1.064497,0.808994,0.229624,0.072874,-0.153777,-0.737207,-0.905233,0.072816,0.644195,0.324723,0.051432,0.074218,0.340238,0.036028,-0.00299,0.022403
Assam,Rice,2005,Autumn,26.4073841,93.2551303,2005-07-01,2005-10-28,10,Landsat 5/7 SR,0.6,0.05,datasets\test_images\2005\rgb\assam_2005_rice_rgb.png,datasets\test_images\2005\ndvi\assam_2005_rice_ndvi.png,0.179142,0.027164,0.005892,0.008779,0.901355,0.612804,0.110872,0.081867,0.202738,0.044688,0.017497,0.011623,0.93729,0.851834,0.381084,0.038532,-0.362681,-0.772252,-0.853666,0.035883,0.58397,0.351694,0.080253,0.060877,0.197018,0.027747,0.007295,0.009997
Assam,Rice,2005,Summer,26.4073841,93.2551303,2005-03-01,2005-06-28,12,Landsat 5/7 SR,0.6,0.05,datasets\test_images\2005\rgb\assam_2005_rice_rgb.png,datasets\test_images\2005\ndvi\assam_2005_rice_ndvi.png,0.069968,0.032259,0.013152,0.006589,0.625054,0.417021,0.150062,0.055095,0.111176,0.053736,0.022393,0.010934,0.829252,0.714224,0.303039,0.050363,-0.355862,-0.65635,-0.776113,0.040626,0.41149,0.255748,0.110063,0.040388,0.130124,0.042257,0.015022,0.010232
Assam,Rice,2005,Winter,26.4073841,93.2551303,2005-07-01,2005-10-28,10,Landsat 5/7 SR,0.6,0.05,datasets\test_images\2005\rgb\assam_2005_rice_rgb.png,datasets\test_images\2005\ndvi\assam_2005_rice_ndvi.png,0.179142,0.027164,0.005892,0.008779,0.901355,0.612804,0.110872,0.081867,0.202738,0.044688,0.017497,0.011623,0.93729,0.851834,0.381084,0.038532,-0.362681,-0.772252,-0.853666,0.035883,0.58397,0.351694,0.080253,0.060877,0.197018,0.027747,0.007295,0.009997
Assam,Rice,2005,Kharif,26.4073841,93.2551303,2005-07-01,2005-10-28,12,Landsat 5/7 SR,0.6,0.05,datasets\test_images\2005\rgb\assam_2005_rice_kharif_rgb.png,datasets\test_images\2005\ndvi\assam_2005_rice_kharif_ndvi.png,0.179142,0.027164,0.005892,0.008779,0.901355,0.612804,0.110872,0.081867,0.202738,0.044688,0.017497,0.011623,0.93729,0.851834,0.381084,0.038532,-0.362681,-0.772252,-0.853666,0.035883,0.58397,0.351694,0.080253,0.060877,0.197018,0.027747,0.007295,0.009997
Assam,Rice,2006,Autumn,26.4073841,93.2551303,2006-07-01,2006-10-28,18,Landsat 5/7 SR,0.6,0.05,datasets\test_images\2006\rgb\assam_2006_rice_autumn_rgb.png,datasets\test_images\2006\ndvi\assam_2006_rice_autumn_ndvi.png,0.16069,0.021424,0.005205,0.00721,0.828967,0.557359,0.159072,0.084047,0.187695,0.039645,0.011805,0.010078,0.929953,0.850697,0.310857,0.037177,-0.287471,-0.77935,-0.864593,0.03511,0.56637,0.323026,0.07687,0.060347,0.174289,0.025469,0.00768,0.008542
Assam,Rice,2006,Summer,26.4073841,93.2551303,2006-03-01,2006-06-28,9,Landsat 5/7 SR,0.6,0.05,datasets\test_images\2006\rgb\assam_2006_rice_summer_rgb.png,datasets\test_images\2006\ndvi\assam_2006_rice_summer_ndvi.png,0.094814,0.055525,0.025225,0.008613,0.557794,0.342318,0.145654,0.044085,0.111108,0.072593,0.039415,0.007596,0.741738,0.585154,0.265698,0.059024,-0.27032,-0.533158,-0.690585,0.048832,0.373787,0.220556,0.115507,0.02296,0.119743,0.061827,0.033475,0.009242
Assam,Rice,2006,Winter,26.4073841,93.2551303,2006-07-01,2006-10-28,18,Landsat 5/7 SR,0.6,0.05,datasets\test_images\2006\rgb\assam_2006_rice_winter_rgb.png,datasets\test_images\2006\ndvi\assam_2006_rice_winter_ndvi.png,0.16069,0.021424,0.005205,0.00721,0.828967,0.557359,0.159072,0.084047,0.187695,0.039645,0.011805,0.010078,0.929953,0.850697,0.310857,0.037177,-0.287471,-0.77935,-0.864593,0.03511,0.56637,0.323026,0.07687,0.060347,0.174289,0.025469,0.00768,0.008542
Assam,Rice,2006,Kharif,26.4073841,93.2551303,2006-07-01,2006-10-28,18,Landsat 5/7 SR,0.6,0.05,datasets\test_images\2006\rgb\assam_2006_rice_kharif_rgb.png,datasets\test_images\2006\ndvi\assam_2006_rice_kharif_ndvi.png,0.16069,0.021424,0.005205,0.00721,0.828967,0.557359,0.159072,0.084047,0.187695,0.039645,0.011805,0.010078,0.929953,0.850697,0.310857,0.037177,-0.287471,-0.77935,-0.864593,0.03511,0.56637,0.323026,0.07687,0.060347,0.174289,0.025469,0.00768,0.008542
Assam,Rice,2007,Autumn,26.4073841,93.2551303,2007-07-01,2007-10-28,11,Landsat 5/7 SR,0.6,0.05,datasets\test_images\2007\rgb\assam_2007_rice_autumn_rgb.png,datasets\test_images\2007\ndvi\assam_2007_rice_autumn_ndvi.png,0.288428,0.019863,-0.002248,0.009606,1.031712,0.583153,0.146015,0.101577,0.307677,0.037959,0.002702,0.011808,1.086991,0.872112,0.327883,0.041087,-0.329512,-0.795931,-0.977311,0.039338,0.621892,0.334102,0.070078,0.071215,0.291535,0.022789,-0.00354,0.009959
Assam,Rice,2007,Summer,26.4073841,93.2551303,2007-03-01,2007-06-28,19,Landsat 5/7 SR,0.6,0.05,datasets\test_images\2007\rgb\assam_2007_rice_summer_rgb.png,datasets\test_images\2007\ndvi\assam_2007_rice_summer_ndvi.png,0.073295,0.03744,0.023135,0.004714,0.579099,0.408766,0.133233,0.049045,0.111438,0.055505,0.034685,0.007749,0.795572,0.693035,0.289564,0.053075,-0.350989,-0.631214,-0.731745,0.040865,0.357563,0.246418,0.120843,0.02895,0.142072,0.044693,0.026779,0.008998
Assam,Rice,2007,Winter,26.4073841,93.2551303,2007-07-01,2007-10-28,11,Landsat 5/7 SR,0.6,0.05,datasets\test_images\2007\rgb\assam_2007_rice_winter_rgb.png,datasets\test_images\2007\ndvi\assam_2007_rice_winter_ndvi.png,0.288428,0.019863,-0.002248,0.009606,1.031712,0.583153,0.146015,0.101577,0.307677,0.037959,0.002702,0.011808,1.086991,0.872112,0.327883,0.041087,-0.329512,-0.795931,-0.977311,0.039338,0.621892,0.334102,0.070078,0.071215,0.291535,0.022789,-0.00354,0.009959
Assam,Rice,2007,Kharif,26.4073841,93.2551303,2007-07-01,2007-10-28,11,Landsat 5/7 SR,0.6,0.05,datasets\test_images\2007\rgb\assam_2007_rice_kharif_rgb.png,datasets\test_images\2007\ndvi\assam_2007_rice_kharif_ndvi.png,0.288428,0.019863,-0.002248,0.009606,1.031712,0.583153,0.146015,0.101577,0.307677,0.037959,0.002702,0.011808,1.086991,0.872112,0.327883,0.041087,-0.329512,-0.795931,-0.977311,0.039338,0.621892,0.334102,0.070078,0.071215,0.291535,0.022789,-0.00354,0.009959
Assam,Rice,2008,Autumn,26.4073841,93.2551303,2008-07-01,2008-10-28,11,Landsat 5/7 SR,0.6,0.05,datasets\test_images\2008\rgb\assam_2008_rice_autumn_rgb.png,datasets\test_images\2008\ndvi\assam_2008_rice_autumn_ndvi.png,0.196165,0.022918,0.00394,0.01022,0.865966,0.564509,0.192517,0.088978,0.22482,0.043217,0.01285,0.013349,0.944855,0.843951,0.473261,0.047315,-0.440565,-0.769874,-0.887027,0.043509,0.597445,0.332555,0.091995,0.067313,0.21547,0.028069,0.006085,0.011756
Assam,Rice,2008,Summer,26.4073841,93.2551303,2008-03-01,2008-06-28,21,Landsat 5/7 SR,0.6,0.05,datasets\test_images\2008\rgb\assam_2008_rice_summer_rgb.png,datasets\test_images\2008\ndvi\assam_2008_rice_summer_ndvi.png,0.136999,0.032412,0.011502,0.007544,0.6711,0.393349,0.097369,0.063975,0.158999,0.050885,0.021402,0.010417,0.818388,0.700673,0.280638,0.055286,-0.288406,-0.646288,-0.773035,0.042691,0.427275,0.239329,0.080335,0.042671,0.14474,0.041375,0.016067,0.010367
Assam,Rice,2008,Winter,26.4073841,93.2551303,2008-07-01,2008-10-28,11,Landsat 5/7 SR,0.6,0.05,datasets\test_images\2008\rgb\assam_2008_rice_winter_rgb.png,datasets\test_images\2008\ndvi\assam_2008_rice_winter_ndvi.png,0.196165,0.022918,0.00394,0.01022,0.865966,0.564509,0.192517,0.088978,0.22482,0.043217,0.01285,0.013349,0.944855,0.843951,0.473261,0.047315,-0.440565,-0.769874,-0.887027,0.043509,0.597445,0.332555,0.091995,0.067313,0.21547,0.028069,0.006085,0.011756
Assam,Rice,2008,Kharif,26.4073841,93.2551303,2008-07-01,2008-10-28,11,Landsat 5/7 SR,0.6,0.05,datasets\test_images\2008\rgb\assam_2008_rice_kharif_rgb.png,datasets\test_images\2008\ndvi\assam_2008_rice_kharif_ndvi.png,0.196165,0.022918,0.00394,0.01022,0.865966,0.564509,0.192517,0.088978,0.22482,0.043217,0.01285,0.013349,0.944855,0.843951,0.473261,0.047315,-0.440565,-0.769874,-0.887027,0.043509,0.597445,0.332555,0.091995,0.067313,0.21547,0.028069,0.006085,0.011756
Assam,Rice,2009,Autumn,26.4073841,93.2551303,2009-07-01,2009-10-28,14,Landsat 5/7 SR,0.6,0.05,datasets\test_images\2009\rgb\assam_2009_rice_autumn_rgb.png,datasets\test_images\2009\ndvi\assam_2009_rice_autumn_ndvi.png,0.289913,0.028143,-0.014018,0.016806,0.975156,0.576942,0.086082,0.115189,0.321757,0.045962,-0.008793,0.019773,1.603104,0.837889,0.143155,0.072801,-0.198136,-0.759436,-1.483869,0.067236,0.662235,0.335944,0.040598,0.079613,0.325883,0.030046,-0.009673,0.018777
Assam,Rice,2009,Summer,26.4073841,93.2551303,2009-03-01,2009-06-28,24,Landsat 5/7 SR,0.6,0.05,datasets\test_images\2009\rgb\assam_2009_rice_summer_rgb.png,datasets\test_images\2009\ndvi\assam_2009_rice_summer_ndvi.png,0.097316,0.045519,0.027012,0.007558,0.499825,0.338198,0.110492,0.046149,0.114957,0.066696,0.044777,0.008418,0.748019,0.58679,0.210451,0.071791,-0.23581,-0.548848,-0.685316,0.05346,0.328193,0.225624,0.129752,0.02016,0.129711,0.059232,0.034823,0.011142
Assam,Rice,2009,Winter,26.4073841,93.2551303,2009-07-01,2009-10-28,14,Landsat 5/7 SR,0.6,0.05,datasets\test_images\2009\rgb\assam_2009_rice_winter_rgb.png,datasets\test_images\2009\ndvi\assam_2009_rice_winter_ndvi.png,0.289913,0.028143,-0.014018,0.016806,0.975156,0.576942,0.086082,0.115189,0.321757,0.045962,-0.008793,0.019773,1.603104,0.837889,0.143155,0.072801,-0.198136,-0.759436,-1.483869,0.067236,0.662235,0.335944,0.040598,0.079613,0.325883,0.030046,-0.009673,0.018777
Assam,Rice,2009,Kharif,26.4073841,93.2551303,2009-07-01,2009-10-28,14,Landsat 5/7 SR,0.6,0.05,datasets\test_images\2009\rgb\assam_2009_rice_kharif_rgb.png,datasets\test_images\2009\ndvi\assam_2009_rice_kharif_ndvi.png,0.289913,0.028143,-0.014018,0.016806,0.975156,0.576942,0.086082,0.115189,0.321757,0.045962,-0.008793,0.019773,1.603104,0.837889,0.143155,0.072801,-0.198136,-0.759436,-1.483869,0.067236,0.662235,0.335944,0.040598,0.079613,0.325883,0.030046,-0.009673,0.018777
Assam,Rice,2010,Autumn,26.4073841,93.2551303,2010-07-01,2010-10-28,10,Landsat 5/7 SR,0.6,0.05,datasets\test_images\2010\rgb\assam_2010_rice_autumn_rgb.png,datasets\test_images\2010\ndvi\assam_2010_rice_autumn_ndvi.png,0.30116,0.032586,-0.015723,0.025212,0.933937,0.634211,0.18081,0.134743,0.332813,0.052641,0.00383,0.026306,1.017914,0.833832,0.235177,0.08965,-0.235957,-0.757134,-0.936471,0.080905,0.617245,0.380074,0.08589,0.09167,0.333363,0.034749,-0.000955,0.026023
Assam,Rice,2010,Summer,26.4073841,93.2551303,2010-03-01,2010-06-28,11,Landsat 5/7 SR,0.6,0.05,datasets\test_images\2010\rgb\assam_2010_rice_summer_rgb.png,datasets\test_images\2010\ndvi\assam_2010_rice_summer_ndvi.png,0.103985,0.04026,0.019368,0.007135,0.601496,0.391073,0.133371,0.04575,0.125462,0.05932,0.026957,0.0113,0.810991,0.667214,0.296449,0.061377,-0.325607,-0.620691,-0.761377,0.05305,0.39158,0.242659,0.09788,0.026282,0.117818,0.049422,0.021787,0.010902
Assam,Rice,2010,Winter,26.4073841,93.2551303,2010-07-01,2010-10-28,10,Landsat 5/7 SR,0.6,0.05,datasets\test_images\2010\rgb\assam_2010_rice_winter_rgb.png,datasets\test_images\2010\ndvi\assam_2010_rice_winter_ndvi.png,0.30116,0.032586,-0.015723,0.025212,0.933937,0.634211,0.18081,0.134743,0.332813,0.052641,0.00383,0.026306,1.017914,0.833832,0.235177,0.08965,-0.235957,-0.757134,-0.936471,0.080905,0.617245,0.380074,0.08589,0.09167,0.333363,0.034749,-0.000955,0.026023
Assam,Rice,2010,Kharif,26.4073841,93.2551303,2010-07-01,2010-10-28,10,Landsat 5/7 SR,0.6,0.05,datasets\test_images\2010\rgb\assam_2010_rice_kharif_rgb.png,datasets\test_images\2010\ndvi\assam_2010_rice_kharif_ndvi.png,0.30116,0.032586,-0.015723,0.025212,0.933937,0.634211,0.18081,0.134743,0.332813,0.052641,0.00383,0.026306,1.017914,0.833832,0.235177,0.08965,-0.235957,-0.757134,-0.936471,0.080905,0.617245,0.380074,0.08589,0.09167,0.333363,0.034749,-0.000955,0.026023
Assam,Rice,2011,Autumn,26.4073841,93.2551303,2011-07-01,2011-10-28,11,Landsat 5/7 SR,0.6,0.05,datasets\test_images\2011\rgb\assam_2011_rice_autumn_rgb.png,datasets\test_images\2011\ndvi\assam_2011_rice_autumn_ndvi.png,0.29291,0.022271,-0.014568,0.011838,0.912643,0.524793,0.141624,0.092305,0.31843,0.038684,-0.004475,0.014463,1.403528,0.84383,0.217177,0.054837,-0.205463,-0.773802,-1.25795,0.049607,0.597005,0.299044,0.062982,0.065143,0.306825,0.025897,-0.012038,0.0132
Assam,Rice,2011,Summer,26.4073841,93.2551303,2011-03-01,2011-06-28,18,Landsat 5/7 SR,0.6,0.05,datasets\test_images\2011\rgb\assam_2011_rice_summer_rgb.png,datasets\test_images\2011\ndvi\assam_2011_rice_summer_ndvi.png,0.144823,0.054127,0.021375,0.012887,0.815951,0.45575,0.138748,0.08628,0.15695,0.06997,0.027177,0.011599,0.844799,0.654607,0.271848,0.086345,-0.248365,-0.59663,-0.759681,0.071077,0.506035,0.281106,0.101152,0.045664,0.16872,0.05751,0.015765,0.013174
Assam,Rice,2011,Winter,26.4073841,93.2551303,2011-07-01,2011-10-28,11,Landsat 5/7 SR,0.6,0.05,datasets\test_images\2011\rgb\assam_2011_rice_winter_rgb.png,datasets\test_images\2011\ndvi\assam_2011_rice_winter_ndvi.png,0.29291,0.022271,-0.014568,0.011838,0.912643,0.524793,0.141624,0.092305,0.31843,0.038684,-0.004475,0.014463,1.403528,0.84383,0.217177,0.054837,-0.205463,-0.773802,-1.25795,0.049607,0.597005,0.299044,0.062982,0.065143,0.306825,0.025897,-0.012038,0.0132
Assam,Rice,2011,Kharif,26.4073841,93.2551303,2011-07-01,2011-10-28,11,Landsat 5/7 SR,0.6,0.05,datasets\test_images\2011\rgb\assam_2011_rice_kharif_rgb.png,datasets\test_images\2011\ndvi\assam_2011_rice_kharif_ndvi.png,0.29291,0.022271,-0.014568,0.011838,0.912643,0.524793,0.141624,0.092305,0.31843,0.038684,-0.004475,0.014463,1.403528,0.84383,0.217177,0.054837,-0.205463,-0.773802,-1.25795,0.049607,0.597005,0.299044,0.062982,0.065143,0.306825,0.025897,-0.012038,0.0132
Assam,Rice,2012,Summer,26.4073841,93.2551303,2012-03-01,2012-06-28,12,Landsat 5/7 SR,0.6,0.05,datasets\test_images\2012\rgb\assam_2012_rice_summer_rgb.png,datasets\test_images\2012\ndvi\assam_2012_rice_summer_ndvi.png,0.112785,0.052805,0.029378,0.009723,0.597954,0.348074,0.111726,0.058726,0.126095,0.069342,0.046648,0.008939,0.778884,0.571726,0.227465,0.073314,-0.23968,-0.539913,-0.707177,0.062691,0.379535,0.233113,0.132667,0.030507,0.144767,0.06271,0.036252,0.010456
Assam,Rice,2012,Winter,26.4073841,93.2551303,2012-07-01,2012-10-28,6,Landsat 5/7 SR,0.6,0.05,datasets\test_images\2012\rgb\assam_2012_rice_winter_rgb.png,datasets\test_images\2012\ndvi\assam_2012_rice_winter_ndvi.png,0.204195,0.019272,-0.01982,0.008572,0.997939,0.57011,0.080516,0.118325,0.218963,0.039966,-0.012368,0.011689,1.925249,0.865459,0.276546,0.051783,-0.357606,-0.783773,-1.873755,0.044213,0.679917,0.331062,0.036802,0.08011,0.208925,0.023889,-0.012835,0.009826
Assam,Rice,2012,Kharif,26.4073841,93.2551303,2012-07-01,2012-10-28,6,Landsat 5/7 SR,0.6,0.05,datasets\test_images\2012\rgb\assam_2012_rice_kharif_rgb.png,datasets\test_images\2012\ndvi\assam_2012_rice_kharif_ndvi.png,0.204195,0.019272,-0.01982,0.008572,0.997939,0.57011,0.080516,0.118325,0.218963,0.039966,-0.012368,0.011689,1.925249,0.865459,0.276546,0.051783,-0.357606,-0.783773,-1.873755,0.044213,0.679917,0.331062,0.036802,0.08011,0.208925,0.023889,-0.012835,0.009826
Assam,Rice,2013,Autumn,26.4073841,93.2551303,2013-07-01,2013-10-28,8,Landsat 8 SR,0.6,0.05,datasets\test_images\2013\rgb\assam_2013_rice_autumn_rgb.png,datasets\test_images\2013\ndvi\assam_2013_rice_autumn_ndvi.png,0.19699,0.014008,-0.079069,0.008127,0.984265,0.59042,0.122188,0.102118,0.223473,0.03507,0.002455,0.012071,1.086176,0.897533,0.360578,0.03305,-0.347939,-0.814667,-0.981157,0.032382,0.669426,0.339099,0.054787,0.073534,0.21668,0.018512,-0.010662,0.009332
Assam,Rice,2013,Summer,26.4073841,93.2551303,2013-03-01,2013-06-28,2,Landsat 8 SR,0.6,0.05,datasets\test_images\2013\rgb\assam_2013_rice_summer_rgb.png,datasets\test_images\2013\ndvi\assam_2013_rice_summer_ndvi.png,0.23439,0.020792,-0.07768,0.009736,0.855408,0.59468,0.147641,0.101655,0.261533,0.059627,0.018625,0.013444,1.037168,0.815779,0.323739,0.081168,-0.311313,-0.72611,-0.848736,0.060375,0.586637,0.383293,0.11526,0.057754,0.251,0.037625,-0.007032,0.015835
Assam,Rice,2013,Winter,26.4073841,93.2551303,2013-07-01,2013-10-28,8,Landsat 8 SR,0.6,0.05,datasets\test_images\2013\rgb\assam_2013_rice_winter_rgb.png,datasets\test_images\2013\ndvi\assam_2013_rice_winter_ndvi.png,0.19699,0.014008,-0.079069,0.008127,0.984265,0.59042,0.122188,0.102118,0.223473,0.03507,0.002455,0.012071,1.086176,0.897533,0.360578,0.03305,-0.347939,-0.814667,-0.981157,0.032382,0.669426,0.339099,0.054787,0.073534,0.21668,0.018512,-0.010662,0.009332
Assam,Rice,2013,Kharif,26.4073841,93.2551303,2013-07-01,2013-10-28,8,Landsat 8 SR,0.6,0.05,datasets\test_images\2013\rgb\assam_2013_rice_kharif_rgb.png,datasets\test_images\2013\ndvi\assam_2013_rice_kharif_ndvi.png,0.19699,0.014008,-0.079069,0.008127,0.984265,0.59042,0.122188,0.102118,0.223473,0.03507,0.002455,0.012071,1.086176,0.897533,0.360578,0.03305,-0.347939,-0.814667,-0.981157,0.032382,0.669426,0.339099,0.054787,0.073534,0.21668,0.018512,-0.010662,0.009332
Assam,Rice,2014,Autumn,26.4073841,93.2551303,2014-07-01,2014-10-28,7,Landsat 8 SR,0.6,0.05,datasets\test_images\2014\rgb\assam_2014_rice_autumn_rgb.png,datasets\test_images\2014\ndvi\assam_2014_rice_autumn_ndvi.png,0.308145,0.019603,-0.139555,0.01097,1.031054,0.592904,0.146164,0.107171,0.34197,0.044749,-0.002413,0.01413,8.647422,0.870935,0.321967,0.058768,-0.307989,-0.774259,-2.021454,0.038206,0.65338,0.348523,0.066667,0.075738,0.33152,0.024786,-0.054195,0.012661
Assam,Rice,2014,Kharif,26.4073841,93.2551303,2014-07-01,2014-10-28,7,Landsat 8 SR,0.6,0.05,datasets\test_images\2014\rgb\assam_2014_rice_kharif_rgb.png,datasets\test_images\2014\ndvi\assam_2014_rice_kharif_ndvi.png,0.308145,0.019603,-0.139555,0.01097,1.031054,0.592904,0.146164,0.107171,0.34197,0.044749,-0.002413,0.01413,8.647422,0.870935,0.321967,0.058768,-0.307989,-0.774259,-2.021454,0.038206,0.65338,0.348523,0.066667,0.075738,0.33152,0.024786,-0.054195,0.012661
Assam,Rice,2014,Summer,26.4073841,93.2551303,2014-03-01,2014-06-28,14,Landsat 8 SR,0.6,0.05,datasets\test_images\2014\rgb\assam_2014_rice_summer_rgb.png,datasets\test_images\2014\ndvi\assam_2014_rice_summer_ndvi.png,0.05432,0.014837,0.002029,0.004797,0.585368,0.379554,0.117232,0.051558,0.101675,0.047662,0.02561,0.007703,0.915293,0.734869,0.314811,0.075897,-0.382441,-0.670747,-0.774905,0.047435,0.369443,0.243961,0.109705,0.024618,0.137425,0.037338,0.00988,0.011323
Assam,Rice,2014,Winter,26.4073841,93.2551303,2014-07-01,2014-10-28,7,Landsat 8 SR,0.6,0.05,datasets\test_images\2014\rgb\assam_2014_rice_winter_rgb.png,datasets\test_images\2014\ndvi\assam_2014_rice_winter_ndvi.png,0.308145,0.019603,-0.139555,0.01097,1.031054,0.592904,0.146164,0.107171,0.34197,0.044749,-0.002413,0.01413,8.647422,0.870935,0.321967,0.058768,-0.307989,-0.774259,-2.021454,0.038206,0.65338,0.348523,0.066667,0.075738,0.33152,0.024786,-0.054195,0.012661
Assam,Rice,2015,Kharif,26.4073841,93.2551303,2015-07-01,2015-10-28,4,Landsat 8 SR,0.6,0.05,datasets\test_images\2015\rgb\assam_2015_rice_kharif_rgb.png,datasets\test_images\2015\ndvi\assam_2015_rice_kharif_ndvi.png,0.177685,0.014006,-0.063875,0.006266,0.869682,0.565534,0.15798,0.081833,0.197512,0.035567,-0.0053,0.010104,1.147645,0.885767,0.354287,0.028836,-0.346399,-0.802864,-1.036276,0.029682,0.577865,0.325706,0.071755,0.059969,0.193993,0.019737,-0.020453,0.007685
Assam,Rice,2015,Autumn,26.4073841,93.2551303,2015-07-01,2015-10-28,4,Landsat 8 SR,0.6,0.05,datasets\test_images\2015\rgb\assam_2015_rice_autumn_rgb.png,datasets\test_images\2015\ndvi\assam_2015_rice_autumn_ndvi.png,0.177685,0.014006,-0.063875,0.006266,0.869682,0.565534,0.15798,0.081833,0.197512,0.035567,-0.0053,0.010104,1.147645,0.885767,0.354287,0.028836,-0.346399,-0.802864,-1.036276,0.029682,0.577865,0.325706,0.071755,0.059969,0.193993,0.019737,-0.020453,0.007685
Assam,Rice,2015,Summer,26.4073841,93.2551303,2015-03-01,2015-06-28,13,Landsat 8 SR,0.6,0.05,datasets\test_images\2015\rgb\assam_2015_rice_summer_rgb.png,datasets\test_images\2015\ndvi\assam_2015_rice_summer_ndvi.png,0.055145,0.020074,0.003967,0.003918,0.590494,0.384887,0.134618,0.05202,0.095542,0.05036,0.029226,0.006672,0.903093,0.756102,0.352757,0.070895,-0.376783,-0.658632,-0.752974,0.044602,0.357645,0.231715,0.098403,0.027758,0.118368,0.031592,0.01043,0.010566
Assam,Rice,2015,Winter,26.4073841,93.2551303,2015-07-01,2015-10-28,4,Landsat 8 SR,0.6,0.05,datasets\test_images\2015\rgb\assam_2015_rice_winter_rgb.png,datasets\test_images\2015\ndvi\assam_2015_rice_winter_ndvi.png,0.177685,0.014006,-0.063875,0.006266,0.869682,0.565534,0.15798,0.081833,0.197512,0.035567,-0.0053,0.010104,1.147645,0.885767,0.354287,0.028836,-0.346399,-0.802864,-1.036276,0.029682,0.577865,0.325706,0.071755,0.059969,0.193993,0.019737,-0.020453,0.007685
Assam,Rice,2016,Kharif,26.4073841,93.2551303,2016-07-01,2016-10-28,6,Landsat 8 SR,0.6,0.05,datasets\test_images\2016\rgb\assam_2016_rice_kharif_rgb.png,datasets\test_images\2016\ndvi\assam_2016_rice_kharif_ndvi.png,0.266909,0.013838,-0.062088,0.012213,0.896452,0.610694,0.077244,0.096008,0.295261,0.040417,-0.010828,0.015958,2.14053,0.891684,0.170644,0.048804,-0.291074,-0.804308,-1.369602,0.043679,0.64128,0.367074,0.03914,0.07095,0.288593,0.022027,-0.02521,0.014206
Assam,Rice,2016,Autumn,26.4073841,93.2551303,2016-07-01,2016-10-28,6,Landsat 8 SR,0.6,0.05,datasets\test_images\2016\rgb\assam_2016_rice_autumn_rgb.png,datasets\test_images\2016\ndvi\assam_2016_rice_autumn_ndvi.png,0.266909,0.013838,-0.062088,0.012213,0.896452,0.610694,0.077244,0.096008,0.295261,0.040417,-0.010828,0.015958,2.14053,0.891684,0.170644,0.048804,-0.291074,-0.804308,-1.369602,0.043679,0.64128,0.367074,0.03914,0.07095,0.288593,0.022027,-0.02521,0.014206
Assam,Rice,2016,Summer,26.4073841,93.2551303,2016-03-01,2016-06-28,7,Landsat 8 SR,0.6,0.05,datasets\test_images\2016\rgb\assam_2016_rice_summer_rgb.png,datasets\test_images\2016\ndvi\assam_2016_rice_summer_ndvi.png,0.163467,0.018466,-0.018046,0.006277,0.665333,0.398415,0.12853,0.044543,0.159755,0.049659,0.019368,0.00816,0.946386,0.758403,0.312465,0.06378,-0.306437,-0.66051,-0.777316,0.047426,0.344115,0.24355,0.097385,0.022951,0.164677,0.033448,0.006112,0.010167
Assam,Rice,2016,Winter,26.4073841,93.2551303,2016-07-01,2016-10-28,6,Landsat 8 SR,0.6,0.05,datasets\test_images\2016\rgb\assam_2016_rice_winter_rgb.png,datasets\test_images\2016\ndvi\assam_2016_rice_winter_ndvi.png,0.266909,0.013838,-0.062088,0.012213,0.896452,0.610694,0.077244,0.096008,0.295261,0.040417,-0.010828,0.015958,2.14053,0.891684,0.170644,0.048804,-0.291074,-0.804308,-1.369602,0.043679,0.64128,0.367074,0.03914,0.07095,0.288593,0.022027,-0.02521,0.014206
Assam,Rice,2019,Kharif,26.4073841,93.2551303,2019-07-01,2019-10-28,13,Sentinel-2 SR,0.6,0.05,datasets\test_images\2019\rgb\assam_2019_rice_kharif_rgb.png,datasets\test_images\2019\ndvi\assam_2019_rice_kharif_ndvi.png,0.1559,0.041667,0.0067,0.01043,1.169791,0.689979,0.136123,0.100901,0.1721,0.062126,0.0127,0.012812,0.927249,0.84137,0.274025,0.046157,-0.258138,-0.71839,-0.825813,0.044214,0.7363,0.387102,0.0731,0.066427,0.1574,0.032156,0.0055,0.009159
Bihar,Maize,1997,Kharif,25.6440845,85.906508,1997-07-01,1997-10-28,4,Landsat 5/7 SR,0.6,0.05,datasets\test_images\1997\rgb\bihar_1997_maize_rgb.png,datasets\test_images\1997\ndvi\bihar_1997_maize_ndvi.png,0.254767,0.06195,0.02638,0.014648,0.746414,0.316842,-0.064233,0.099913,0.292058,0.08756,0.040034,0.018544,0.808696,0.483171,-0.181974,0.127365,0.274818,-0.441091,-0.725144,0.12532,0.46374,0.246599,0.0431,0.056296,0.284137,0.079608,0.02704,0.0213
Bihar,Maize,1997,Rabi,25.6440845,85.906508,1997-11-01,1998-04-28,6,Landsat 5/7 SR,0.6,0.05,datasets\test_images\1997\rgb\bihar_1997_maize_rgb.png,datasets\test_images\1997\ndvi\bihar_1997_maize_ndvi.png,0.113913,0.077702,0.049122,0.006476,0.668627,0.346229,-0.039558,0.096968,0.145097,0.097021,0.060507,0.00873,0.714258,0.48311,-0.083721,0.103157,0.188975,-0.422514,-0.64761,0.091963,0.40324,0.245708,0.055447,0.042702,0.149979,0.082643,0.05014,0.010596
Bihar,Maize,1997,Summer,25.6440845,85.906508,1997-03-01,1997-06-28,5,Landsat 5/7 SR,0.6,0.05,datasets\test_images\1997\rgb\bihar_1997_maize_rgb.png,datasets\test_images\1997\ndvi\bihar_1997_maize_ndvi.png,0.167386,0.098415,0.038672,0.01891,0.495843,0.207904,-0.031082,0.065153,0.230829,0.138509,0.055283,0.025405,0.626251,0.285745,-0.101476,0.099102,0.176959,-0.314843,-0.59639,0.082891,0.364534,0.267603,0.038562,0.02405,0.273138,0.148326,0.045025,0.031793
Bihar,Maize,1998,Kharif,25.6440845,85.906508,1998-07-01,1998-10-28,1,Landsat 5/7 SR,0.6,0.05,datasets\test_images\1998\rgb\bihar_1998_maize_rgb.png,datasets\test_images\1998\ndvi\bihar_1998_maize_ndvi.png,0.265217,0.075869,0.037985,0.02181,0.80729,0.344343,-0.033365,0.158221,0.315763,0.096513,0.038975,0.029795,0.790624,0.483974,-0.10227,0.123265,0.244547,-0.406586,-0.695922,0.121404,0.543573,0.246477,0.049315,0.107426,0.312765,0.080196,0.026737,0.029665
Bihar,Maize,1998,Rabi,25.6440845,85.906508,1998-11-01,1999-04-28,8,Landsat 5/7 SR,0.6,0.05,datasets\test_images\1998\rgb\bihar_1998_maize_rgb.png,datasets\test_images\1998\ndvi\bihar_1998_maize_ndvi.png,0.131018,0.064356,0.0277,0.012209,0.58672,0.274174,-0.070654,0.068265,0.17675,0.093687,0.03518,0.015345,0.712929,0.432006,-0.171154,0.099454,0.250158,-0.427022,-0.672662,0.088568,0.3896,0.244101,0.029433,0.031852,0.212087,0.092893,0.025583,0.018996
Bihar,Maize,1998,Summer,25.6440845,85.906508,1998-03-01,1998-06-28,3,Landsat 5/7 SR,0.6,0.05,datasets\test_images\1998\rgb\bihar_1998_maize_rgb.png,datasets\test_images\1998\ndvi\bihar_1998_maize_ndvi.png,0.201472,0.109361,0.038755,0.027371,0.590739,0.189657,-0.022151,0.075817,0.25078,0.142672,0.051708,0.036306,0.625282,0.256755,-0.05898,0.098449,0.144384,-0.289101,-0.590212,0.081314,0.41644,0.257524,0.061497,0.052867,0.28554,0.154743,0.058376,0.045941
Bihar,Maize,1999,Kharif,25.6440845,85.906508,1999-07-01,1999-10-28,10,Landsat 5/7 SR,0.6,0.05,datasets\test_images\1999\rgb\bihar_1999_maize_kharif_rgb.png,datasets\test_images\1999\ndvi\bihar_1999_maize_kharif_ndvi.png,1.602213,0.113874,0.033255,0.050237,0.87431,0.366585,-0.089986,0.120291,0.51071,0.137153,0.042275,0.043347,0.815402,0.415639,-0.311363,0.13472,0.404997,-0.362653,-0.720297,0.127099,0.664215,0.297612,0.033695,0.071294,0.512305,0.121944,0.02858,0.04545
Bihar,Maize,1999,Rabi,25.6440845,85.906508,1999-11-01,2000-04-28,13,Landsat 5/7 SR,0.6,0.05,datasets\test_images\1999\rgb\bihar_1999_maize_rabi_rgb.png,datasets\test_images\1999\ndvi\bihar_1999_maize_rabi_ndvi.png,0.108165,0.074489,0.05201,0.006815,0.523717,0.275113,-0.049543,0.069821,0.134153,0.09535,0.062103,0.010009,0.672341,0.418683,-0.084113,0.089161,0.171579,-0.400371,-0.608756,0.087279,0.343977,0.223047,0.05729,0.032643,0.15409,0.091067,0.053853,0.010846
Bihar,Maize,2000,Kharif,25.6440845,85.906508,2000-07-01,2000-10-28,12,Landsat 5/7 SR,0.6,0.05,datasets\test_images\2000\rgb\bihar_2000_maize_kharif_rgb.png,datasets\test_images\2000\ndvi\bihar_2000_maize_kharif_ndvi.png,0.122644,0.047797,0.02737,0.010096,0.708942,0.309948,-0.016098,0.116332,0.153554,0.068515,0.032677,0.014301,0.839473,0.52913,-0.051533,0.130269,0.137561,-0.473442,-0.743656,0.13371,0.434645,0.215527,0.03177,0.068215,0.16839,0.058652,0.023328,0.015466
Bihar,Maize,2000,Rabi,25.6440845,85.906508,2000-11-01,2001-04-28,10,Landsat 5/7 SR,0.6,0.05,datasets\test_images\2000\rgb\bihar_2000_maize_rabi_rgb.png,datasets\test_images\2000\ndvi\bihar_2000_maize_rabi_ndvi.png,0.11999,0.087992,0.064193,0.006683,0.518238,0.252219,-0.05152,0.071015,0.148453,0.107734,0.06895,0.009542,0.618313,0.369041,-0.098614,0.088407,0.187674,-0.351032,-0.569773,0.084237,0.336498,0.222833,0.05234,0.033562,0.163247,0.100997,0.055695,0.012127
Bihar,Maize,2000,Summer,25.6440845,85.906508,2000-03-01,2000-06-28,8,Landsat 5/7 SR,0.6,0.05,datasets\test_images\2000\rgb\bihar_2000_maize_summer_rgb.png,datasets\test_images\2000\ndvi\bihar_2000_maize_summer_ndvi.png,0.134647,0.080631,0.05509,0.009735,0.524596,0.278892,0.006662,0.063347,0.180215,0.108171,0.064852,0.013481,0.650727,0.412807,0.023203,0.082615,0.03475,-0.410553,-0.61431,0.073122,0.370048,0.26149,0.060893,0.03125,0.196825,0.10353,0.054513,0.016573
Bihar,Maize,2001,Autumn,25.6440845,85.906508,2001-07-01,2001-10-28,6,Landsat 5/7 SR,0.6,0.05,datasets\test_images\2001\rgb\bihar_2001_maize_autumn_rgb.png,datasets\test_images\2001\ndvi\bihar_2001_maize_autumn_ndvi.png,0.360588,0.069386,0.024812,0.018099,0.999066,0.417791,0.009504,0.128086,0.38003,0.084227,0.018652,0.019769,0.866311,0.565948,0.017177,0.11625,0.061351,-0.518818,-0.791818,0.109856,0.610893,0.277607,0.03408,0.069947,0.391855,0.074089,0.01098,0.022443
Bihar,Maize,2001,Rabi,25.6440845,85.906508,2001-11-01,2002-04-28,7,Landsat 5/7 SR,0.6,0.05,datasets\test_images\2001\rgb\bihar_2001_maize_rabi_rgb.png,datasets\test_images\2001\ndvi\bihar_2001_maize_rabi_ndvi.png,0.117872,0.0696,0.041436,0.009024,0.573735,0.31077,-0.023647,0.067551,0.154778,0.089873,0.050814,0.011244,0.721986,0.471888,-0.063606,0.086808,0.119521,-0.453354,-0.658974,0.07193,0.366033,0.245915,0.044557,0.03104,0.190624,0.085437,0.036239,0.014798
Bihar,Maize,2002,Rabi,25.6440845,85.906508,2002-11-01,2003-04-28,6,Landsat 5/7 SR,0.6,0.05,datasets\test_images\2002\rgb\bihar_2002_maize_rabi_rgb.png,datasets\test_images\2002\ndvi\bihar_2002_maize_rabi_ndvi.png,0.109169,0.059784,0.03254,0.007109,0.543391,0.311013,-0.018316,0.059343,0.142306,0.082546,0.037352,0.010544,0.713946,0.490878,-0.033252,0.076373,0.103498,-0.483653,-0.663333,0.068594,0.341723,0.246255,0.039044,0.032642,0.163742,0.081032,0.024895,0.013732
Bihar,Maize,2003,Kharif,25.6440845,85.906508,2003-07-01,2003-10-28,2,Landsat 5/7 SR,0.6,0.05,datasets\test_images\2003\rgb\bihar_2003_maize_rgb.png,datasets\test_images\2003\ndvi\bihar_2003_maize_ndvi.png,1.602213,0.085345,0.016893,0.053851,0.89154,0.372485,-0.133277,0.169495,0.426918,0.106982,0.022888,0.046348,0.85177,0.476478,-0.34873,0.17992,0.395703,-0.418316,-0.765966,0.173976,0.582458,0.273579,0.019092,0.098082,0.44471,0.093597,0.013455,0.047238
Bihar,Maize,2003,Rabi,25.6440845,85.906508,2003-11-01,2004-04-28,16,Landsat 5/7 SR,0.6,0.05,datasets\test_images\2003\rgb\bihar_2003_maize_rgb.png,datasets\test_images\2003\ndvi\bihar_2003_maize_ndvi.png,0.10316,0.065421,0.03859,0.007873,0.638455,0.295475,-0.020268,0.083547,0.130248,0.085484,0.044585,0.010283,0.795578,0.460117,-0.053853,0.103179,0.158874,-0.437192,-0.715746,0.093224,0.382477,0.230619,0.037793,0.039919,0.13792,0.08036,0.029762,0.01371
Bihar,Maize,2003,Summer,25.6440845,85.906508,2003-03-01,2003-06-28,4,Landsat 5/7 SR,0.6,0.05,datasets\test_images\2003\rgb\bihar_2003_maize_rgb.png,datasets\test_images\2003\ndvi\bihar_2003_maize_ndvi.png,0.12208,0.077649,0.03936,0.01019,0.536313,0.237107,-0.007469,0.066378,0.163495,0.103323,0.046922,0.013477,0.678133,0.359171,-0.019512,0.0986,0.061713,-0.399902,-0.635503,0.076902,0.364658,0.244754,0.052821,0.026221,0.19831,0.113553,0.03672,0.020432
Bihar,Maize,2004,Kharif,25.6440845,85.906508,2004-07-01,2004-10-28,8,Landsat 5/7 SR,0.6,0.05,datasets\test_images\2004\rgb\bihar_2004_maize_rgb.png,datasets\test_images\2004\ndvi\bihar_2004_maize_ndvi.png,0.155644,0.066201,0.027287,0.011626,0.755635,0.394229,-0.023705,0.097658,0.182112,0.090759,0.037903,0.013284,0.841121,0.55069,-0.08452,0.10745,0.202503,-0.517709,-0.762347,0.09076,0.484227,0.286886,0.049728,0.048768,0.182415,0.082223,0.027535,0.018616
Bihar,Maize,2004,Rabi,25.6440845,85.906508,2004-11-01,2005-04-28,16,Landsat 5/7 SR,0.6,0.05,datasets\test_images\2004\rgb\bihar_2004_maize_rgb.png,datasets\test_images\2004\ndvi\bihar_2004_maize_ndvi.png,0.11944,0.082962,0.044365,0.01002,0.548794,0.252937,-0.027028,0.062858,0.149085,0.103183,0.05234,0.011653,0.679718,0.375206,-0.054202,0.083383,0.157211,-0.382116,-0.642603,0.069827,0.350605,0.232071,0.046455,0.028423,0.189922,0.103682,0.042412,0.015603
Bihar,Maize,2004,Summer,25.6440845,85.906508,2004-03-01,2004-06-28,10,Landsat 5/7 SR,0.6,0.05,datasets\test_images\2004\rgb\bihar_2004_maize_rgb.png,datasets\test_images\2004\ndvi\bihar_2004_maize_ndvi.png,0.149855,0.093761,0.05553,0.012518,0.498372,0.226784,0.02163,0.060581,0.18995,0.125138,0.067438,0.016208,0.614004,0.315686,0.037071,0.08459,-0.015903,-0.350141,-0.568141,0.067703,0.369525,0.265319,0.071851,0.026716,0.22053,0.134753,0.058473,0.022745
Bihar,Maize,2005,Kharif,25.6440845,85.906508,2005-07-01,2005-10-28,7,Landsat 5/7 SR,0.6,0.05,datasets\test_images\2005\rgb\bihar_2005_maize_rgb.png,datasets\test_images\2005\ndvi\bihar_2005_maize_ndvi.png,1.602213,0.085023,0.032183,0.034837,0.853324,0.4119,-0.049883,0.111812,0.448849,0.108914,0.042509,0.029817,0.860121,0.512072,-0.136883,0.130215,0.235971,-0.474935,-0.766991,0.11616,0.606218,0.315441,0.032458,0.056741,0.45593,0.099114,0.03287,0.032896
Bihar,Maize,2005,Rabi,25.6440845,85.906508,2005-11-01,2006-04-28,17,Landsat 5/7 SR,0.6,0.05,datasets\test_images\2005\rgb\bihar_2005_maize_rgb.png,datasets\test_images\2005\ndvi\bihar_2005_maize_ndvi.png,0.12857,0.08133,0.043925,0.010894,0.495981,0.256121,-0.028052,0.049764,0.17554,0.104254,0.05949,0.013163,0.664804,0.376411,-0.113877,0.073038,0.193602,-0.388064,-0.654592,0.062729,0.337089,0.244765,0.045932,0.022208,0.217065,0.10726,0.049301,0.016132
Bihar,Maize,2005,Summer,25.6440845,85.906508,2005-03-01,2005-06-28,10,Landsat 5/7 SR,0.6,0.05,datasets\test_images\2005\rgb\bihar_2005_maize_rgb.png,datasets\test_images\2005\ndvi\bihar_2005_maize_ndvi.png,0.162656,0.10158,0.044777,0.015874,0.481619,0.19596,-0.013658,0.063497,0.21734,0.12906,0.051144,0.02354,0.639856,0.280353,-0.047645,0.092529,0.057526,-0.323569,-0.607293,0.072667,0.34241,0.257041,0.051598,0.02454,0.265493,0.141727,0.046263,0.032072
Bihar,Maize,2006,Kharif,25.6440845,85.906508,2006-07-01,2006-10-28,12,Landsat 5/7 SR,0.6,0.05,datasets\test_images\2006\rgb\bihar_2006_maize_kharif_rgb.png,datasets\test_images\2006\ndvi\bihar_2006_maize_kharif_ndvi.png,0.159219,0.076487,0.03562,0.01146,0.667306,0.380374,-0.066216,0.093663,0.204168,0.09925,0.055145,0.011668,0.809749,0.510408,-0.119441,0.108415,0.162431,-0.468612,-0.724106,0.10197,0.443555,0.281144,0.05652,0.046826,0.205873,0.088014,0.035208,0.015664
Bihar,Maize,2006,Rabi,25.6440845,85.906508,2006-11-01,2007-04-28,19,Landsat 5/7 SR,0.6,0.05,datasets\test_images\2006\rgb\bihar_2006_maize_rabi_rgb.png,datasets\test_images\2006\ndvi\bihar_2006_maize_rabi_ndvi.png,0.131196,0.083214,0.047101,0.011163,0.534696,0.297939,-0.026706,0.068672,0.152633,0.101554,0.053426,0.013238,0.671852,0.414119,-0.048967,0.081637,0.17289,-0.411104,-0.631078,0.07695,0.36804,0.254603,0.048792,0.031638,0.183928,0.099796,0.038782,0.014371
Bihar,Maize,2007,Rabi,25.6440845,85.906508,2007-11-01,2008-04-28,16,Landsat 5/7 SR,0.6,0.05,datasets\test_images\2007\rgb\bihar_2007_maize_rabi_rgb.png,datasets\test_images\2007\ndvi\bihar_2007_maize_rabi_ndvi.png,0.11427,0.078944,0.051199,0.007156,0.498753,0.265002,-0.042014,0.073131,0.139955,0.098414,0.05905,0.007854,0.65201,0.398529,-0.105221,0.095271,0.173637,-0.395494,-0.602605,0.087468,0.325319,0.232577,0.054017,0.033961,0.171924,0.093697,0.048655,0.010549
Bihar,Maize,2008,Rabi,25.6440845,85.906508,2008-11-01,2009-04-28,22,Landsat 5/7 SR,0.6,0.05,datasets\test_images\2008\rgb\bihar_2008_maize_rabi_rgb.png,datasets\test_images\2008\ndvi\bihar_2008_maize_rabi_ndvi.png,0.120403,0.087314,0.054155,0.009222,0.564988,0.310638,-0.016857,0.068428,0.146803,0.108863,0.065568,0.010541,0.60904,0.396918,-0.04323,0.071054,0.145684,-0.374664,-0.565881,0.066871,0.343249,0.248167,0.060095,0.031599,0.164787,0.102769,0.056259,0.011414
Bihar,Maize,2009,Rabi,25.6440845,85.906508,2009-11-01,2010-04-28,15,Landsat 5/7 SR,0.6,0.05,datasets\test_images\2009\rgb\bihar_2009_maize_rabi_rgb.png,datasets\test_images\2009\ndvi\bihar_2009_maize_rabi_ndvi.png,0.123249,0.081574,0.046125,0.008898,0.450014,0.251458,-0.013766,0.049483,0.166369,0.106189,0.051515,0.010909,0.619733,0.357305,-0.048754,0.067725,0.17816,-0.383552,-0.585569,0.058609,0.316409,0.24628,0.041313,0.023344,0.19941,0.112466,0.037132,0.015424
Bihar,Maize,2010,Rabi,25.6440845,85.906508,2010-11-01,2011-04-28,19,Landsat 5/7 SR,0.6,0.05,datasets\test_images\2010\rgb\bihar_2010_maize_rabi_rgb.png,datasets\test_images\2010\ndvi\bihar_2010_maize_rabi_ndvi.png,0.133314,0.094195,0.06334,0.009787,0.502725,0.289677,-0.028066,0.051371,0.159645,0.113779,0.078135,0.010589,0.586994,0.374988,-0.047195,0.059247,0.110839,-0.367568,-0.545347,0.052758,0.314387,0.248587,0.065458,0.021284,0.195271,0.111314,0.066324,0.012176
Bihar,Rice,1997,Autumn,25.6440845,85.906508,1997-07-01,1997-10-28,4,Landsat 5/7 SR,0.6,0.05,datasets\test_images\1997\rgb\bihar_1997_rice_rgb.png,datasets\test_images\1997\ndvi\bihar_1997_rice_ndvi.png,0.254767,0.06195,0.02638,0.014648,0.746414,0.316842,-0.064233,0.099913,0.292058,0.08756,0.040034,0.018544,0.808696,0.483171,-0.181974,0.127365,0.274818,-0.441091,-0.725144,0.12532,0.46374,0.246599,0.0431,0.056296,0.284137,0.079608,0.02704,0.0213
Bihar,Rice,1997,Summer,25.6440845,85.906508,1997-03-01,1997-06-28,5,Landsat 5/7 SR,0.6,0.05,datasets\test_images\1997\rgb\bihar_1997_rice_rgb.png,datasets\test_images\1997\ndvi\bihar_1997_rice_ndvi.png,0.167386,0.098415,0.038672,0.01891,0.495843,0.207904,-0.031082,0.065153,0.230829,0.138509,0.055283,0.025405,0.626251,0.285745,-0.101476,0.099102,0.176959,-0.314843,-0.59639,0.082891,0.364534,0.267603,0.038562,0.02405,0.273138,0.148326,0.045025,0.031793
Bihar,Rice,1997,Winter,25.6440845,85.906508,1997-07-01,1997-10-28,4,Landsat 5/7 SR,0.6,0.05,datasets\test_images\1997\rgb\bihar_1997_rice_rgb.png,datasets\test_images\1997\ndvi\bihar_1997_rice_ndvi.png,0.254767,0.06195,0.02638,0.014648,0.746414,0.316842,-0.064233,0.099913,0.292058,0.08756,0.040034,0.018544,0.808696,0.483171,-0.181974,0.127365,0.274818,-0.441091,-0.725144,0.12532,0.46374,0.246599,0.0431,0.056296,0.284137,0.079608,0.02704,0.0213
Bihar,Rice,1997,Kharif,25.6440845,85.906508,1997-07-01,1997-10-28,4,Landsat 5/7 SR,0.6,0.05,datasets\test_images\1997\rgb\bihar_1997_rice_kharif_rgb.png,datasets\test_images\1997\ndvi\bihar_1997_rice_kharif_ndvi.png,0.254767,0.06195,0.02638,0.014648,0.746414,0.316842,-0.064233,0.099913,0.292058,0.08756,0.040034,0.018544,0.808696,0.483171,-0.181974,0.127365,0.274818,-0.441091,-0.725144,0.12532,0.46374,0.246599,0.0431,0.056296,0.284137,0.079608,0.02704,0.0213
Bihar,Rice,1998,Summer,25.6440845,85.906508,1998-03-01,1998-06-28,3,Landsat 5/7 SR,0.6,0.05,datasets\test_images\1998\rgb\bihar_1998_rice_rgb.png,datasets\test_images\1998\ndvi\bihar_1998_rice_ndvi.png,0.201472,0.109361,0.038755,0.027371,0.590739,0.189657,-0.022151,0.075817,0.25078,0.142672,0.051708,0.036306,0.625282,0.256755,-0.05898,0.098449,0.144384,-0.289101,-0.590212,0.081314,0.41644,0.257524,0.061497,0.052867,0.28554,0.154743,0.058376,0.045941
Bihar,Rice,1998,Winter,25.6440845,85.906508,1998-07-01,1998-10-28,1,Landsat 5/7 SR,0.6,0.05,datasets\test_images\1998\rgb\bihar_1998_rice_rgb.png,datasets\test_images\1998\ndvi\bihar_1998_rice_ndvi.png,0.265217,0.075869,0.037985,0.02181,0.80729,0.344343,-0.033365,0.158221,0.315763,0.096513,0.038975,0.029795,0.790624,0.483974,-0.10227,0.123265,0.244547,-0.406586,-0.695922,0.121404,0.543573,0.246477,0.049315,0.107426,0.312765,0.080196,0.026737,0.029665
Bihar,Rice,1998,Kharif,25.6440845,85.906508,1998-07-01,1998-10-28,2,Landsat 5/7 SR,0.6,0.05,datasets\test_images\1998\rgb\bihar_1998_rice_kharif_rgb.png,datasets\test_images\1998\ndvi\bihar_1998_rice_kharif_ndvi.png,0.38366,0.085042,0.037985,0.028296,0.80729,0.35329,-0.033365,0.13813,0.423178,0.107829,0.038975,0.033711,0.790624,0.470846,-0.10227,0.127134,0.244547,-0.401422,-0.695922,0.117654,0.543573,0.261375,0.049315,0.087329,0.410143,0.091554,0.026737,0.034283
Bihar,Rice,1999,Kharif,25.6440845,85.906508,1999-07-01,1999-10-28,10,Landsat 5/7 SR,0.6,0.05,datasets\test_images\1999\rgb\bihar_1999_rice_kharif_rgb.png,datasets\test_images\1999\ndvi\bihar_1999_rice_kharif_ndvi.png,1.602213,0.113874,0.033255,0.050237,0.87431,0.366585,-0.089986,0.120291,0.51071,0.137153,0.042275,0.043347,0.815402,0.415639,-0.311363,0.13472,0.404997,-0.362653,-0.720297,0.127099,0.664215,0.297612,0.033695,0.071294,0.512305,0.121944,0.02858,0.04545
Bihar,Rice,2000,Autumn,25.6440845,85.906508,2000-07-01,2000-10-28,12,Landsat 5/7 SR,0.6,0.05,datasets\test_images\2000\rgb\bihar_2000_rice_autumn_rgb.png,datasets\test_images\2000\ndvi\bihar_2000_rice_autumn_ndvi.png,0.122644,0.047797,0.02737,0.010096,0.708942,0.309948,-0.016098,0.116332,0.153554,0.068515,0.032677,0.014301,0.839473,0.52913,-0.051533,0.130269,0.137561,-0.473442,-0.743656,0.13371,0.434645,0.215527,0.03177,0.068215,0.16839,0.058652,0.023328,0.015466
Bihar,Rice,2000,Kharif,25.6440845,85.906508,2000-07-01,2000-10-28,12,Landsat 5/7 SR,0.6,0.05,datasets\test_images\2000\rgb\bihar_2000_rice_kharif_rgb.png,datasets\test_images\2000\ndvi\bihar_2000_rice_kharif_ndvi.png,0.122644,0.047797,0.02737,0.010096,0.708942,0.309948,-0.016098,0.116332,0.153554,0.068515,0.032677,0.014301,0.839473,0.52913,-0.051533,0.130269,0.137561,-0.473442,-0.743656,0.13371,0.434645,0.215527,0.03177,0.068215,0.16839,0.058652,0.023328,0.015466
Bihar,Rice,2000,Summer,25.6440845,85.906508,2000-03-01,2000-06-28,8,Landsat 5/7 SR,0.6,0.05,datasets\test_images\2000\rgb\bihar_2000_rice_summer_rgb.png,datasets\test_images\2000\ndvi\bihar_2000_rice_summer_ndvi.png,0.134647,0.080631,0.05509,0.009735,0.524596,0.278892,0.006662,0.063347,0.180215,0.108171,0.064852,0.013481,0.650727,0.412807,0.023203,0.082615,0.03475,-0.410553,-0.61431,0.073122,0.370048,0.26149,0.060893,0.03125,0.196825,0.10353,0.054513,0.016573
Bihar,Rice,2001,Kharif,25.6440845,85.906508,2001-07-01,2001-10-28,6,Landsat 5/7 SR,0.6,0.05,datasets\test_images\2001\rgb\bihar_2001_rice_kharif_rgb.png,datasets\test_images\2001\ndvi\bihar_2001_rice_kharif_ndvi.png,0.360588,0.069386,0.024812,0.018099,0.999066,0.417791,0.009504,0.128086,0.38003,0.084227,0.018652,0.019769,0.866311,0.565948,0.017177,0.11625,0.061351,-0.518818,-0.791818,0.109856,0.610893,0.277607,0.03408,0.069947,0.391855,0.074089,0.01098,0.022443
Bihar,Rice,2002,Kharif,25.6440845,85.906508,2002-07-01,2002-10-28,6,Landsat 5/7 SR,0.6,0.05,datasets\test_images\2002\rgb\bihar_2002_rice_kharif_rgb.png,datasets\test_images\2002\ndvi\bihar_2002_rice_kharif_ndvi.png,0.133658,0.056137,0.028607,0.008662,0.775845,0.397756,0.011477,0.098822,0.157266,0.078932,0.033214,0.011633,0.83217,0.588499,0.044015,0.097009,0.085891,-0.529758,-0.749392,0.093573,0.482798,0.268424,0.032031,0.056396,0.160869,0.066376,0.0211,0.013905
Bihar,Rice,2003,Autumn,25.6440845,85.906508,2003-07-01,2003-10-28,2,Landsat 5/7 SR,0.6,0.05,datasets\test_images\2003\rgb\bihar_2003_rice_rgb.png,datasets\test_images\2003\ndvi\bihar_2003_rice_ndvi.png,1.602213,0.085345,0.016893,0.053851,0.89154,0.372485,-0.133277,0.169495,0.426918,0.106982,0.022888,0.046348,0.85177,0.476478,-0.34873,0.17992,0.395703,-0.418316,-0.765966,0.173976,0.582458,0.273579,0.019092,0.098082,0.44471,0.093597,0.013455,0.047238
Bihar,Rice,2003,Kharif,25.6440845,85.906508,2003-07-01,2003-10-28,2,Landsat 5/7 SR,0.6,0.05,datasets\test_images\2003\rgb\bihar_2003_rice_rgb.png,datasets\test_images\2003\ndvi\bihar_2003_rice_ndvi.png,1.602213,0.085345,0.016893,0.053851,0.89154,0.372485,-0.133277,0.169495,0.426918,0.106982,0.022888,0.046348,0.85177,0.476478,-0.34873,0.17992,0.395703,-0.418316,-0.765966,0.173976,0.582458,0.273579,0.019092,0.098082,0.44471,0.093597,0.013455,0.047238
Bihar,Rice,2003,Summer,25.6440845,85.906508,2003-03-01,2003-06-28,4,Landsat 5/7 SR,0.6,0.05,datasets\test_images\2003\rgb\bihar_2003_rice_rgb.png,datasets\test_images\2003\ndvi\bihar_2003_rice_ndvi.png,0.12208,0.077649,0.03936,0.01019,0.536313,0.237107,-0.007469,0.066378,0.163495,0.103323,0.046922,0.013477,0.678133,0.359171,-0.019512,0.0986,0.061713,-0.399902,-0.635503,0.076902,0.364658,0.244754,0.052821,0.026221,0.19831,0.113553,0.03672,0.020432
Bihar,Rice,2003,Winter,25.6440845,85.906508,2003-07-01,2003-10-28,2,Landsat 5/7 SR,0.6,0.05,datasets\test_images\2003\rgb\bihar_2003_rice_rgb.png,datasets\test_images\2003\ndvi\bihar_2003_rice_ndvi.png,1.602213,0.085345,0.016893,0.053851,0.89154,0.372485,-0.133277,0.169495,0.426918,0.106982,0.022888,0.046348,0.85177,0.476478,-0.34873,0.17992,0.395703,-0.418316,-0.765966,0.173976,0.582458,0.273579,0.019092,0.098082,0.44471,0.093597,0.013455,0.047238
Bihar,Rice,2004,Autumn,25.6440845,85.906508,2004-07-01,2004-10-28,8,Landsat 5/7 SR,0.6,0.05,datasets\test_images\2004\rgb\bihar_2004_rice_rgb.png,datasets\test_images\2004\ndvi\bihar_2004_rice_ndvi.png,0.155644,0.066201,0.027287,0.011626,0.755635,0.394229,-0.023705,0.097658,0.182112,0.090759,0.037903,0.013284,0.841121,0.55069,-0.08452,0.10745,0.202503,-0.517709,-0.762347,0.09076,0.484227,0.286886,0.049728,0.048768,0.182415,0.082223,0.027535,0.018616
Bihar,Rice,2004,Summer,25.6440845,85.906508,2004-03-01,2004-06-28,10,Landsat 5/7 SR,0.6,0.05,datasets\test_images\2004\rgb\bihar_2004_rice_rgb.png,datasets\test_images\2004\ndvi\bihar_2004_rice_ndvi.png,0.149855,0.093761,0.05553,0.012518,0.498372,0.226784,0.02163,0.060581,0.18995,0.125138,0.067438,0.016208,0.614004,0.315686,0.037071,0.08459,-0.015903,-0.350141,-0.568141,0.067703,0.369525,0.265319,0.071851,0.026716,0.22053,0.134753,0.058473,0.022745
Bihar,Rice,2004,Winter,25.6440845,85.906508,2004-07-01,2004-10-28,8,Landsat 5/7 SR,0.6,0.05,datasets\test_images\2004\rgb\bihar_2004_rice_rgb.png,datasets\test_images\2004\ndvi\bihar_2004_rice_ndvi.png,0.155644,0.066201,0.027287,0.011626,0.755635,0.394229,-0.023705,0.097658,0.182112,0.090759,0.037903,0.013284,0.841121,0.55069,-0.08452,0.10745,0.202503,-0.517709,-0.762347,0.09076,0.484227,0.286886,0.049728,0.048768,0.182415,0.082223,0.027535,0.018616
Bihar,Rice,2004,Kharif,25.6440845,85.906508,2004-07-01,2004-10-28,10,Landsat 5/7 SR,0.6,0.05,datasets\test_images\2004\rgb\bihar_2004_rice_kharif_rgb.png,datasets\test_images\2004\ndvi\bihar_2004_rice_kharif_ndvi.png,0.155644,0.066375,0.027287,0.011672,0.755635,0.394649,-0.023705,0.097654,0.182112,0.090885,0.037903,0.013276,0.841121,0.549734,-0.08452,0.107816,0.202503,-0.516834,-0.762347,0.091057,0.484227,0.287133,0.049728,0.048764,0.182415,0.082377,0.027535,0.018645
Bihar,Rice,2005,Autumn,25.6440845,85.906508,2005-07-01,2005-10-28,7,Landsat 5/7 SR,0.6,0.05,datasets\test_images\2005\rgb\bihar_2005_rice_rgb.png,datasets\test_images\2005\ndvi\bihar_2005_rice_ndvi.png,1.602213,0.085023,0.032183,0.034837,0.853324,0.4119,-0.049883,0.111812,0.448849,0.108914,0.042509,0.029817,0.860121,0.512072,-0.136883,0.130215,0.235971,-0.474935,-0.766991,0.11616,0.606218,0.315441,0.032458,0.056741,0.45593,0.099114,0.03287,0.032896
Bihar,Rice,2005,Summer,25.6440845,85.906508,2005-03-01,2005-06-28,10,Landsat 5/7 SR,0.6,0.05,datasets\test_images\2005\rgb\bihar_2005_rice_rgb.png,datasets\test_images\2005\ndvi\bihar_2005_rice_ndvi.png,0.162656,0.10158,0.044777,0.015874,0.481619,0.19596,-0.013658,0.063497,0.21734,0.12906,0.051144,0.02354,0.639856,0.280353,-0.047645,0.092529,0.057526,-0.323569,-0.607293,0.072667,0.34241,0.257041,0.051598,0.02454,0.265493,0.141727,0.046263,0.032072
Bihar,Rice,2005,Winter,25.6440845,85.906508,2005-07-01,2005-10-28,7,Landsat 5/7 SR,0.6,0.05,datasets\test_images\2005\rgb\bihar_2005_rice_rgb.png,datasets\test_images\2005\ndvi\bihar_2005_rice_ndvi.png,1.602213,0.085023,0.032183,0.034837,0.853324,0.4119,-0.049883,0.111812,0.448849,0.108914,0.042509,0.029817,0.860121,0.512072,-0.136883,0.130215,0.235971,-0.474935,-0.766991,0.11616,0.606218,0.315441,0.032458,0.056741,0.45593,0.099114,0.03287,0.032896
Bihar,Rice,2005,Kharif,25.6440845,85.906508,2005-07-01,2005-10-28,10,Landsat 5/7 SR,0.6,0.05,datasets\test_images\2005\rgb\bihar_2005_rice_kharif_rgb.png,datasets\test_images\2005\ndvi\bihar_2005_rice_kharif_ndvi.png,1.602213,0.085029,0.032183,0.031865,0.853324,0.416774,-0.04123,0.112369,0.448849,0.108628,0.038727,0.028643,0.826461,0.516532,-0.136883,0.128809,0.235971,-0.479282,-0.747307,0.115032,0.596428,0.317577,0.032458,0.057339,0.44867,0.098623,0.02407,0.031726
Bihar,Rice,2006,Kharif,25.6440845,85.906508,2006-07-01,2006-10-28,12,Landsat 5/7 SR,0.6,0.05,datasets\test_images\2006\rgb\bihar_2006_rice_kharif_rgb.png,datasets\test_images\2006\ndvi\bihar_2006_rice_kharif_ndvi.png,0.159219,0.076487,0.03562,0.01146,0.667306,0.380374,-0.066216,0.093663,0.204168,0.09925,0.055145,0.011668,0.809749,0.510408,-0.119441,0.108415,0.162431,-0.468612,-0.724106,0.10197,0.443555,0.281144,0.05652,0.046826,0.205873,0.088014,0.035208,0.015664
Bihar,Rice,2007,Kharif,25.6440845,85.906508,2007-07-01,2007-10-28,5,Landsat 5/7 SR,0.6,0.05,datasets\test_images\2007\rgb\bihar_2007_rice_kharif_rgb.png,datasets\test_images\2007\ndvi\bihar_2007_rice_kharif_ndvi.png,1.602213,0.060162,-0.001037,0.023821,0.756495,0.281732,-0.119149,0.154009,0.408438,0.081386,0.003555,0.027404,1.122627,0.459865,-0.404663,0.198594,0.55839,-0.390865,-0.892744,0.210237,0.513103,0.212719,0.00823,0.092121,0.400187,0.070983,-0.0031,0.029438
Bihar,Rice,2008,Kharif,25.6440845,85.906508,2008-07-01,2008-10-28,10,Landsat 5/7 SR,0.6,0.05,datasets\test_images\2008\rgb\bihar_2008_rice_kharif_rgb.png,datasets\test_images\2008\ndvi\bihar_2008_rice_kharif_ndvi.png,0.145593,0.059993,0.030615,0.008852,0.721567,0.405391,-0.008511,0.106992,0.173794,0.084588,0.042275,0.011788,0.811203,0.580583,-0.039414,0.108843,0.202074,-0.51767,-0.746983,0.107911,0.450705,0.275125,0.04409,0.058763,0.179266,0.06991,0.032952,0.013343
Bihar,Rice,2009,Kharif,25.6440845,85.906508,2009-07-01,2009-10-28,7,Landsat 5/7 SR,0.6,0.05,datasets\test_images\2009\rgb\bihar_2009_rice_kharif_rgb.png,datasets\test_images\2009\ndvi\bihar_2009_rice_kharif_ndvi.png,0.132461,0.054984,0.02099,0.01147,0.76052,0.417611,-0.017897,0.101894,0.163646,0.080526,0.028222,0.01465,0.857862,0.594041,-0.04998,0.111442,0.219745,-0.558261,-0.782422,0.098376,0.473035,0.290237,0.030739,0.0473,0.172611,0.072609,0.020426,0.01913
Bihar,Rice,2010,Kharif,25.6440845,85.906508,2010-07-01,2010-10-28,8,Landsat 5/7 SR,0.6,0.05,datasets\test_images\2010\rgb\bihar_2010_rice_kharif_rgb.png,datasets\test_images\2010\ndvi\bihar_2010_rice_kharif_ndvi.png,0.228038,0.077617,0.036885,0.017019,0.785493,0.420075,0.035063,0.090461,0.25562,0.099688,0.048655,0.01887,0.79823,0.531873,0.053357,0.102079,0.030541,-0.498027,-0.729523,0.086015,0.482275,0.307222,0.06191,0.038328,0.253723,0.091534,0.031921,0.02232
Bihar,Rice,2011,Kharif,25.6440845,85.906508,2011-07-01,2011-10-28,8,Landsat 5/7 SR,0.6,0.05,datasets\test_images\2011\rgb\bihar_2011_rice_kharif_rgb.png,datasets\test_images\2011\ndvi\bihar_2011_rice_kharif_ndvi.png,0.300528,0.076284,0.01175,0.022034,0.926982,0.464924,-0.029249,0.121712,0.317275,0.104879,0.012767,0.024948,0.986968,0.567127,-0.105909,0.117862,0.209473,-0.519625,-0.799127,0.099121,0.601983,0.342197,0.036637,0.067846,0.31436,0.091873,0.00075,0.028489
Bihar,Rice,2012,Kharif,25.6440845,85.906508,2012-07-01,2012-10-28,5,Landsat 5/7 SR,0.6,0.05,datasets\test_images\2012\rgb\bihar_2012_rice_kharif_rgb.png,datasets\test_images\2012\ndvi\bihar_2012_rice_kharif_ndvi.png,1.602213,0.074148,0.01296,0.038182,2.142566,0.480088,-0.04802,0.112866,0.442757,0.095848,0.025005,0.030274,0.872966,0.597829,-0.136101,0.115628,0.217984,-0.546833,-0.775974,0.096256,0.649338,0.32844,0.041697,0.059883,0.867413,0.082676,0.010072,0.033374
Bihar,Rice,2013,Kharif,25.6440845,85.906508,2013-07-01,2013-10-28,6,Landsat 8 SR,0.6,0.05,datasets\test_images\2013\rgb\bihar_2013_rice_kharif_rgb.png,datasets\test_images\2013\ndvi\bihar_2013_rice_kharif_ndvi.png,0.334628,0.052753,-0.094813,0.017717,0.925342,0.502667,-0.034955,0.09727,0.378325,0.094577,0.019945,0.022152,0.990128,0.654235,-0.102689,0.102293,0.162878,-0.587538,-0.868953,0.079185,0.605557,0.367182,0.050992,0.053608,0.384403,0.076822,0.002263,0.026296
Bihar,Rice,2014,Kharif,25.6440845,85.906508,2014-07-01,2014-10-28,5,Landsat 8 SR,0.6,0.05,datasets\test_images\2014\rgb\bihar_2014_rice_kharif_rgb.png,datasets\test_images\2014\ndvi\bihar_2014_rice_kharif_ndvi.png,0.222304,0.043486,-0.077556,0.010485,0.902472,0.508936,-0.073155,0.113457,0.24649,0.078565,-0.015833,0.013154,1.601724,0.691446,-0.193607,0.095607,0.296506,-0.618407,-1.339667,0.076883,0.634267,0.34234,0.042536,0.062175,0.245486,0.060262,-0.032498,0.016336
Bihar,Rice,2015,Kharif,25.6440845,85.906508,2015-07-01,2015-10-28,7,Landsat 8 SR,0.6,0.05,datasets\test_images\2015\rgb\bihar_2015_rice_kharif_rgb.png,datasets\test_images\2015\ndvi\bihar_2015_rice_kharif_ndvi.png,0.202421,0.052578,-0.055446,0.012677,0.854997,0.459005,-0.028449,0.092599,0.253283,0.093883,0.035909,0.016327,0.958325,0.624169,-0.075347,0.10276,0.167478,-0.563547,-0.833019,0.080226,0.556498,0.338979,0.05223,0.045837,0.244428,0.077967,0.009179,0.021334
Bihar,Rice,2016,Kharif,25.6440845,85.906508,2016-07-01,2016-10-28,7,Landsat 8 SR,0.6,0.05,datasets\test_images\2016\rgb\bihar_2016_rice_kharif_rgb.png,datasets\test_images\2016\ndvi\bihar_2016_rice_kharif_ndvi.png,0.304762,0.046261,-0.076016,0.016627,0.984225,0.46864,0.002623,0.097334,0.337597,0.082072,-0.001051,0.018591,1.915717,0.664349,-0.007785,0.100396,0.191218,-0.589913,-1.529447,0.078944,0.561943,0.325275,0.036418,0.055427,0.335755,0.065259,-0.002632,0.021493
Bihar,Rice,2017,Kharif,25.6440845,85.906508,2017-07-01,2017-10-28,1,Sentinel-2 SR,0.6,0.05,datasets\test_images\2017\rgb\bihar_2017_rice_kharif_rgb.png,datasets\test_images\2017\ndvi\bihar_2017_rice_kharif_ndvi.png,0.2371,0.046348,0.0043,0.02014,0.845209,0.37548,-0.13775,0.145172,0.2847,0.079802,0.0204,0.022004,0.912005,0.568702,-0.648415,0.197013,0.681046,-0.545464,-0.835001,0.158489,0.5834,0.284573,0.0111,0.063644,0.307,0.075047,0.0151,0.032222
Bihar,Rice,2018,Kharif,25.6440845,85.906508,2018-07-01,2018-10-28,3,Sentinel-2 SR,0.6,0.05,datasets\test_images\2018\rgb\bihar_2018_rice_kharif_rgb.png,datasets\test_images\2018\ndvi\bihar_2018_rice_kharif_ndvi.png,0.2405,0.062516,0.0187,0.021471,0.932742,0.433998,-0.096384,0.136966,0.2766,0.090506,0.0242,0.022498,0.893793,0.573313,-0.291399,0.165717,0.356623,-0.537154,-0.789404,0.123557,0.6273,0.310749,0.0278,0.048619,0.3029,0.082952,0.0191,0.032803
Bihar,Rice,2019,Kharif,25.6440845,85.906508,2019-07-01,2019-10-28,9,Sentinel-2 SR,0.6,0.05,datasets\test_images\2019\rgb\bihar_2019_rice_kharif_rgb.png,datasets\test_images\2019\ndvi\bihar_2019_rice_kharif_ndvi.png,0.2532,0.082813,0.0034,0.023315,2.066629,0.479381,-0.128827,0.138603,0.2755,0.110522,0.02185,0.024654,0.929331,0.577265,-0.382781,0.143926,0.482222,-0.499355,-0.821106,0.118283,0.5794,0.333488,0.0088,0.057784,0.29675,0.087569,0.0122,0.030337
Chhattisgarh,Maize,2000,Kharif,21.6637359,81.8406351,2000-07-01,2000-10-28,5,Landsat 5/7 SR,0.6,0.05,datasets\test_images\2000\rgb\chhattisgarh_2000_maize_kharif_rgb.png,datasets\test_images\2000\ndvi\chhattisgarh_2000_maize_kharif_ndvi.png,0.119358,0.049103,0.02935,0.007877,0.756916,0.389679,-0.12786,0.080121,0.174825,0.07887,0.039814,0.01225,0.833092,0.5882,-0.274168,0.098365,0.310507,-0.564818,-0.750011,0.06611,0.482866,0.28611,0.065251,0.037844,0.191793,0.074008,0.03166,0.020161
Chhattisgarh,Maize,2001,Kharif,21.6637359,81.8406351,2001-07-01,2001-10-28,7,Landsat 5/7 SR,0.6,0.05,datasets\test_images\2001\rgb\chhattisgarh_2001_maize_kharif_rgb.png,datasets\test_images\2001\ndvi\chhattisgarh_2001_maize_kharif_ndvi.png,0.106419,0.049637,0.029927,0.009413,0.694212,0.356069,-0.121005,0.087111,0.19116,0.079054,0.042151,0.01425,0.817269,0.557363,-0.246527,0.121112,0.328663,-0.54538,-0.752991,0.090053,0.444504,0.270676,0.056891,0.038733,0.218729,0.077331,0.035152,0.023698
Chhattisgarh,Maize,2002,Kharif,21.6637359,81.8406351,2002-07-01,2002-10-28,5,Landsat 5/7 SR,0.6,0.05,datasets\test_images\2002\rgb\chhattisgarh_2002_maize_kharif_rgb.png,datasets\test_images\2002\ndvi\chhattisgarh_2002_maize_kharif_ndvi.png,0.114407,0.051343,0.029762,0.00943,0.655723,0.288257,-0.164372,0.084053,0.19578,0.082337,0.043402,0.01541,0.799671,0.482888,-0.338452,0.116168,0.314357,-0.488387,-0.73636,0.089338,0.426986,0.247119,0.041587,0.043346,0.223252,0.084952,0.033269,0.025845
Chhattisgarh,Maize,2003,Kharif,21.6637359,81.8406351,2003-07-01,2003-10-28,2,Landsat 5/7 SR,0.6,0.05,datasets\test_images\2003\rgb\chhattisgarh_2003_maize_rgb.png,datasets\test_images\2003\ndvi\chhattisgarh_2003_maize_ndvi.png,0.29841,0.092975,0.04794,0.023413,0.891123,0.413934,-0.156975,0.142323,0.321757,0.106546,0.042605,0.028474,0.827246,0.503012,-0.247925,0.140707,0.276504,-0.449708,-0.733409,0.115116,0.506172,0.287704,0.067823,0.074415,0.328385,0.094736,0.024345,0.036235
Chhattisgarh,Maize,2004,Kharif,21.6637359,81.8406351,2004-07-01,2004-10-28,8,Landsat 5/7 SR,0.6,0.05,datasets\test_images\2004\rgb\chhattisgarh_2004_maize_rgb.png,datasets\test_images\2004\ndvi\chhattisgarh_2004_maize_ndvi.png,0.094979,0.045714,0.025693,0.008217,0.773957,0.381183,-0.13367,0.081732,0.16971,0.073238,0.037683,0.013055,0.857884,0.598396,-0.314159,0.107982,0.398318,-0.568633,-0.774925,0.084796,0.49586,0.270989,0.043898,0.039985,0.2037,0.067797,0.027122,0.020184
Chhattisgarh,Maize,2005,Kharif,21.6637359,81.8406351,2005-07-01,2005-10-28,3,Landsat 5/7 SR,0.6,0.05,datasets\test_images\2005\rgb\chhattisgarh_2005_maize_rgb.png,datasets\test_images\2005\ndvi\chhattisgarh_2005_maize_ndvi.png,0.100355,0.046874,0.025252,0.008176,0.692091,0.365832,-0.156967,0.082578,0.187943,0.074698,0.04024,0.012791,0.835996,0.578855,-0.347742,0.112241,0.377383,-0.55701,-0.757295,0.087919,0.442565,0.267055,0.046235,0.037182,0.195532,0.070605,0.028443,0.020894
Chhattisgarh,Maize,2006,Kharif,21.6637359,81.8406351,2006-07-01,2006-10-28,6,Landsat 5/7 SR,0.6,0.05,datasets\test_images\2006\rgb\chhattisgarh_2006_maize_kharif_rgb.png,datasets\test_images\2006\ndvi\chhattisgarh_2006_maize_kharif_ndvi.png,0.107106,0.047688,0.02858,0.009605,0.725252,0.376459,-0.121665,0.087756,0.181604,0.07478,0.04398,0.015398,0.826092,0.58932,-0.272918,0.122035,0.33725,-0.563893,-0.750124,0.091101,0.462571,0.27097,0.052478,0.038583,0.201665,0.070275,0.03243,0.024538
Chhattisgarh,Maize,2007,Kharif,21.6637359,81.8406351,2007-07-01,2007-10-28,7,Landsat 5/7 SR,0.6,0.05,datasets\test_images\2007\rgb\chhattisgarh_2007_maize_kharif_rgb.png,datasets\test_images\2007\ndvi\chhattisgarh_2007_maize_kharif_ndvi.png,0.842566,0.045206,0.011035,0.016409,0.943797,0.402724,-0.138691,0.089723,0.271281,0.075233,0.03001,0.018952,0.878866,0.618812,-0.306126,0.115314,0.312523,-0.5741,-0.796172,0.098432,0.598531,0.281351,0.030587,0.049062,0.278789,0.065678,0.01527,0.022548
Chhattisgarh,Maize,2008,Kharif,21.6637359,81.8406351,2008-07-01,2008-10-28,8,Landsat 5/7 SR,0.6,0.05,datasets\test_images\2008\rgb\chhattisgarh_2008_maize_kharif_rgb.png,datasets\test_images\2008\ndvi\chhattisgarh_2008_maize_kharif_ndvi.png,0.135775,0.060956,0.019395,0.008925,0.720132,0.361905,-0.063456,0.077343,0.19765,0.085713,0.048022,0.013215,0.810511,0.55147,-0.116215,0.096558,0.170514,-0.514735,-0.734201,0.068959,0.453373,0.263269,0.069748,0.03579,0.193937,0.080887,0.034685,0.020492
Chhattisgarh,Maize,2009,Kharif,21.6637359,81.8406351,2009-07-01,2009-10-28,5,Landsat 5/7 SR,0.6,0.05,datasets\test_images\2009\rgb\chhattisgarh_2009_maize_kharif_rgb.png,datasets\test_images\2009\ndvi\chhattisgarh_2009_maize_kharif_ndvi.png,0.836544,0.063142,0.028443,0.023923,0.813894,0.408918,-0.099381,0.103251,0.304515,0.089647,0.042509,0.02411,0.834628,0.574643,-0.209689,0.127625,0.283173,-0.529092,-0.758626,0.09947,0.503821,0.289385,0.06576,0.042634,0.313246,0.079397,0.027769,0.029684
Chhattisgarh,Maize,2010,Kharif,21.6637359,81.8406351,2010-07-01,2010-10-28,3,Landsat 5/7 SR,0.6,0.05,datasets\test_images\2010\rgb\chhattisgarh_2010_maize_kharif_rgb.png,datasets\test_images\2010\ndvi\chhattisgarh_2010_maize_kharif_ndvi.png,0.13363,0.04719,0.024427,0.00836,0.778473,0.37652,-0.045835,0.092067,0.15145,0.064043,0.033887,0.011243,0.871292,0.595871,-0.110698,0.120155,0.21539,-0.600638,-0.792771,0.084293,0.49729,0.26056,0.055695,0.034488,0.1894,0.065629,0.02253,0.020394
Chhattisgarh,Rice,1997,Kharif,21.6637359,81.8406351,1997-07-01,1997-10-28,1,Landsat 5/7 SR,0.6,0.05,datasets\test_images\1997\rgb\chhattisgarh_1997_rice_kharif_rgb.png,datasets\test_images\1997\ndvi\chhattisgarh_1997_rice_kharif_ndvi.png,0.22185,0.060342,0.030477,0.011355,0.81765,0.264083,-0.165526,0.107078,0.25397,0.098267,0.045327,0.017832,0.835466,0.421058,-0.359387,0.133638,0.395406,-0.408936,-0.77598,0.117212,0.560733,0.24081,0.052038,0.057166,0.256198,0.096142,0.036637,0.024767
Chhattisgarh,Rice,1999,Kharif,21.6637359,81.8406351,1999-07-01,1999-10-28,5,Landsat 5/7 SR,0.6,0.05,datasets\test_images\1999\rgb\chhattisgarh_1999_rice_kharif_rgb.png,datasets\test_images\1999\ndvi\chhattisgarh_1999_rice_kharif_ndvi.png,0.288565,0.058048,0.006195,0.034774,0.752227,0.308749,-0.169738,0.125559,0.32679,0.084395,0.016122,0.038535,0.914188,0.521072,-0.425049,0.217648,0.496613,-0.507825,-0.825303,0.162043,0.535872,0.248907,0.014253,0.0565,0.351485,0.086546,0.007405,0.053739
Chhattisgarh,Rice,2000,Kharif,21.6637359,81.8406351,2000-07-01,2000-10-28,5,Landsat 5/7 SR,0.6,0.05,datasets\test_images\2000\rgb\chhattisgarh_2000_rice_kharif_rgb.png,datasets\test_images\2000\ndvi\chhattisgarh_2000_rice_kharif_ndvi.png,0.119358,0.049103,0.02935,0.007877,0.756916,0.389679,-0.12786,0.080121,0.174825,0.07887,0.039814,0.01225,0.833092,0.5882,-0.274168,0.098365,0.310507,-0.564818,-0.750011,0.06611,0.482866,0.28611,0.065251,0.037844,0.191793,0.074008,0.03166,0.020161
Chhattisgarh,Rice,2001,Kharif,21.6637359,81.8406351,2001-07-01,2001-10-28,7,Landsat 5/7 SR,0.6,0.05,datasets\test_images\2001\rgb\chhattisgarh_2001_rice_kharif_rgb.png,datasets\test_images\2001\ndvi\chhattisgarh_2001_rice_kharif_ndvi.png,0.106419,0.049637,0.029927,0.009413,0.694212,0.356069,-0.121005,0.087111,0.19116,0.079054,0.042151,0.01425,0.817269,0.557363,-0.246527,0.121112,0.328663,-0.54538,-0.752991,0.090053,0.444504,0.270676,0.056891,0.038733,0.218729,0.077331,0.035152,0.023698
Chhattisgarh,Rice,2002,Kharif,21.6637359,81.8406351,2002-07-01,2002-10-28,5,Landsat 5/7 SR,0.6,0.05,datasets\test_images\2002\rgb\chhattisgarh_2002_rice_kharif_rgb.png,datasets\test_images\2002\ndvi\chhattisgarh_2002_rice_kharif_ndvi.png,0.114407,0.051343,0.029762,0.00943,0.655723,0.288257,-0.164372,0.084053,0.19578,0.082337,0.043402,0.01541,0.799671,0.482888,-0.338452,0.116168,0.314357,-0.488387,-0.73636,0.089338,0.426986,0.247119,0.041587,0.043346,0.223252,0.084952,0.033269,0.025845
Chhattisgarh,Rice,2003,Kharif,21.6637359,81.8406351,2003-07-01,2003-10-28,2,Landsat 5/7 SR,0.6,0.05,datasets\test_images\2003\rgb\chhattisgarh_2003_rice_rgb.png,datasets\test_images\2003\ndvi\chhattisgarh_2003_rice_ndvi.png,0.29841,0.092975,0.04794,0.023413,0.891123,0.413934,-0.156975,0.142323,0.321757,0.106546,0.042605,0.028474,0.827246,0.503012,-0.247925,0.140707,0.276504,-0.449708,-0.733409,0.115116,0.506172,0.287704,0.067823,0.074415,0.328385,0.094736,0.024345,0.036235
Chhattisgarh,Rice,2004,Kharif,21.6637359,81.8406351,2004-07-01,2004-10-28,8,Landsat 5/7 SR,0.6,0.05,datasets\test_images\2004\rgb\chhattisgarh_2004_rice_rgb.png,datasets\test_images\2004\ndvi\chhattisgarh_2004_rice_ndvi.png,0.094979,0.045714,0.025693,0.008217,0.773957,0.381183,-0.13367,0.081732,0.16971,0.073238,0.037683,0.013055,0.857884,0.598396,-0.314159,0.107982,0.398318,-0.568633,-0.774925,0.084796,0.49586,0.270989,0.043898,0.039985,0.2037,0.067797,0.027122,0.020184
Chhattisgarh,Rice,2005,Kharif,21.6637359,81.8406351,2005-07-01,2005-10-28,3,Landsat 5/7 SR,0.6,0.05,datasets\test_images\2005\rgb\chhattisgarh_2005_rice_rgb.png,datasets\test_images\2005\ndvi\chhattisgarh_2005_rice_ndvi.png,0.100355,0.046874,0.025252,0.008176,0.692091,0.365832,-0.156967,0.082578,0.187943,0.074698,0.04024,0.012791,0.835996,0.578855,-0.347742,0.112241,0.377383,-0.55701,-0.757295,0.087919,0.442565,0.267055,0.046235,0.037182,0.195532,0.070605,0.028443,0.020894
Chhattisgarh,Rice,2006,Kharif,21.6637359,81.8406351,2006-07-01,2006-10-28,6,Landsat 5/7 SR,0.6,0.05,datasets\test_images\2006\rgb\chhattisgarh_2006_rice_kharif_rgb.png,datasets\test_images\2006\ndvi\chhattisgarh_2006_rice_kharif_ndvi.png,0.107106,0.047688,0.02858,0.009605,0.725252,0.376459,-0.121665,0.087756,0.181604,0.07478,0.04398,0.015398,0.826092,0.58932,-0.272918,0.122035,0.33725,-0.563893,-0.750124,0.091101,0.462571,0.27097,0.052478,0.038583,0.201665,0.070275,0.03243,0.024538
Chhattisgarh,Rice,2007,Kharif,21.6637359,81.8406351,2007-07-01,2007-10-28,7,Landsat 5/7 SR,0.6,0.05,datasets\test_images\2007\rgb\chhattisgarh_2007_rice_kharif_rgb.png,datasets\test_images\2007\ndvi\chhattisgarh_2007_rice_kharif_ndvi.png,0.842566,0.045206,0.011035,0.016409,0.943797,0.402724,-0.138691,0.089723,0.271281,0.075233,0.03001,0.018952,0.878866,0.618812,-0.306126,0.115314,0.312523,-0.5741,-0.796172,0.098432,0.598531,0.281351,0.030587,0.049062,0.278789,0.065678,0.01527,0.022548
Chhattisgarh,Rice,2008,Kharif,21.6637359,81.8406351,2008-07-01,2008-10-28,8,Landsat 5/7 SR,0.6,0.05,datasets\test_images\2008\rgb\chhattisgarh_2008_rice_kharif_rgb.png,datasets\test_images\2008\ndvi\chhattisgarh_2008_rice_kharif_ndvi.png,0.135775,0.060956,0.019395,0.008925,0.720132,0.361905,-0.063456,0.077343,0.19765,0.085713,0.048022,0.013215,0.810511,0.55147,-0.116215,0.096558,0.170514,-0.514735,-0.734201,0.068959,0.453373,0.263269,0.069748,0.03579,0.193937,0.080887,0.034685,0.020492
Chhattisgarh,Rice,2009,Kharif,21.6637359,81.8406351,2009-07-01,2009-10-28,5,Landsat 5/7 SR,0.6,0.05,datasets\test_images\2009\rgb\chhattisgarh_2009_rice_kharif_rgb.png,datasets\test_images\2009\ndvi\chhattisgarh_2009_rice_kharif_ndvi.png,0.836544,0.063142,0.028443,0.023923,0.813894,0.408918,-0.099381,0.103251,0.304515,0.089647,0.042509,0.02411,0.834628,0.574643,-0.209689,0.127625,0.283173,-0.529092,-0.758626,0.09947,0.503821,0.289385,0.06576,0.042634,0.313246,0.079397,0.027769,0.029684
Chhattisgarh,Rice,2010,Kharif,21.6637359,81.8406351,2010-07-01,2010-10-28,3,Landsat 5/7 SR,0.6,0.05,datasets\test_images\2010\rgb\chhattisgarh_2010_rice_kharif_rgb.png,datasets\test_images\2010\ndvi\chhattisgarh_2010_rice_kharif_ndvi.png,0.13363,0.04719,0.024427,0.00836,0.778473,0.37652,-0.045835,0.092067,0.15145,0.064043,0.033887,0.011243,0.871292,0.595871,-0.110698,0.120155,0.21539,-0.600638,-0.792771,0.084293,0.49729,0.26056,0.055695,0.034488,0.1894,0.065629,0.02253,0.020394
Chhattisgarh,Rice,2011,Kharif,21.6637359,81.8406351,2011-07-01,2011-10-28,5,Landsat 5/7 SR,0.6,0.05,datasets\test_images\2011\rgb\chhattisgarh_2011_rice_kharif_rgb.png,datasets\test_images\2011\ndvi\chhattisgarh_2011_rice_kharif_ndvi.png,0.193786,0.053697,0.030807,0.009666,0.770791,0.357802,-0.106749,0.08653,0.22955,0.08007,0.042963,0.014622,0.82475,0.547721,-0.235582,0.114548,0.280753,-0.531102,-0.739536,0.0862,0.500205,0.264922,0.05542,0.035654,0.231406,0.078075,0.031124,0.023026
Chhattisgarh,Rice,2012,Kharif,21.6637359,81.8406351,2012-07-01,2012-10-28,2,Landsat 5/7 SR,0.6,0.05,datasets\test_images\2012\rgb\chhattisgarh_2012_rice_kharif_rgb.png,datasets\test_images\2012\ndvi\chhattisgarh_2012_rice_kharif_ndvi.png,0.095116,0.036818,0.013785,0.010059,0.817316,0.4248,-0.124848,0.101184,0.166932,0.063299,0.030175,0.015456,0.895882,0.66714,-0.30997,0.135574,0.314949,-0.631979,-0.815909,0.099224,0.544673,0.285427,0.039965,0.041972,0.187805,0.056967,0.017882,0.025158
Chhattisgarh,Rice,2013,Kharif,21.6637359,81.8406351,2013-07-01,2013-10-28,3,Landsat 8 SR,0.6,0.05,datasets\test_images\2013\rgb\chhattisgarh_2013_rice_kharif_rgb.png,datasets\test_images\2013\ndvi\chhattisgarh_2013_rice_kharif_ndvi.png,0.141962,0.025064,-0.056973,0.009741,0.87952,0.414461,-0.17175,0.100739,0.208072,0.061863,0.009742,0.014239,6.085749,0.704434,-3.545841,0.11913,15.374512,-0.624595,-1.030174,0.102582,0.563152,0.274634,0.021114,0.058271,0.230499,0.04709,-0.015503,0.019933
Chhattisgarh,Rice,2014,Kharif,21.6637359,81.8406351,2014-07-01,2014-10-28,4,Landsat 8 SR,0.6,0.05,datasets\test_images\2014\rgb\chhattisgarh_2014_rice_kharif_rgb.png,datasets\test_images\2014\ndvi\chhattisgarh_2014_rice_kharif_ndvi.png,0.226773,0.029609,-0.090371,0.015933,0.770997,0.376958,-0.217007,0.105094,0.259099,0.07026,-0.009948,0.020004,1.844198,0.629526,-0.490152,0.138199,0.530319,-0.577048,-1.578431,0.116932,0.524941,0.271445,0.040886,0.056555,0.282983,0.060213,-0.018019,0.025295
Chhattisgarh,Rice,2015,Kharif,21.6637359,81.8406351,2015-07-01,2015-10-28,5,Landsat 8 SR,0.6,0.05,datasets\test_images\2015\rgb\chhattisgarh_2015_rice_kharif_rgb.png,datasets\test_images\2015\ndvi\chhattisgarh_2015_rice_kharif_ndvi.png,0.13264,0.029975,-0.003238,0.010683,0.73446,0.446492,-0.042366,0.079635,0.185852,0.073135,0.038755,0.013923,0.921331,0.703698,-0.09759,0.10555,0.074119,-0.610479,-0.748967,0.070235,0.509335,0.30524,0.086275,0.043065,0.195739,0.053977,0.007295,0.021763
Chhattisgarh,Rice,2016,Kharif,21.6637359,81.8406351,2016-07-01,2016-10-28,3,Landsat 8 SR,0.6,0.05,datasets\test_images\2016\rgb\chhattisgarh_2016_rice_kharif_rgb.png,datasets\test_images\2016\ndvi\chhattisgarh_2016_rice_kharif_ndvi.png,0.287314,0.030792,-0.081489,0.012712,0.857479,0.414794,-0.170787,0.100305,0.343043,0.069616,0.019533,0.017477,1.061788,0.666763,-0.421667,0.1221,0.415814,-0.613263,-0.903569,0.095889,0.59695,0.294292,0.026847,0.057149,0.36375,0.058245,0.000612,0.023432
Chhattisgarh,Rice,2018,Kharif,21.6637359,81.8406351,2018-07-01,2018-10-28,7,Sentinel-2 SR,0.6,0.05,datasets\test_images\2018\rgb\chhattisgarh_2018_rice_kharif_rgb.png,datasets\test_images\2018\ndvi\chhattisgarh_2018_rice_kharif_ndvi.png,0.225,0.051887,0.0229,0.015955,0.873207,0.449507,-0.197259,0.143547,0.2795,0.078813,0.03595,0.02129,0.882305,0.626,-0.41136,0.183183,0.506298,-0.573096,-0.7871,0.135684,0.5483,0.300336,0.0172,0.053953,0.3203,0.068864,0.0205,0.036234
Chhattisgarh,Rice,2019,Kharif,21.6637359,81.8406351,2019-07-01,2019-10-28,12,Sentinel-2 SR,0.6,0.05,datasets\test_images\2019\rgb\chhattisgarh_2019_rice_kharif_rgb.png,datasets\test_images\2019\ndvi\chhattisgarh_2019_rice_kharif_ndvi.png,0.2316,0.102684,0.0497,0.018203,1.132535,0.457586,-0.165848,0.174296,0.2801,0.123381,0.0521,0.019643,0.845881,0.470851,-0.290618,0.141645,0.231991,-0.397638,-0.724334,0.100533,0.6114,0.300278,0.0553,0.059825,0.3161,0.10762,0.0305,0.029558
Delhi,Maize,2002,Kharif,28.6328027,77.2197713,2002-07-01,2002-10-28,7,Landsat 5/7 SR,0.6,0.05,datasets\test_images\2002\rgb\delhi_2002_maize_rgb.png,datasets\test_images\2002\ndvi\delhi_2002_maize_ndvi.png,0.205611,0.072658,0.033172,0.017356,0.643432,0.228639,-0.035216,0.122042,0.266648,0.097218,0.038535,0.020436,0.752488,0.360358,-0.083947,0.183643,0.11897,-0.37578,-0.692765,0.151761,0.422999,0.221343,0.040405,0.04496,0.304446,0.101847,0.028938,0.029786
Delhi,Maize,2003,Kharif,28.6328027,77.2197713,2003-07-01,2003-10-28,3,Landsat 5/7 SR,0.6,0.05,datasets\test_images\2003\rgb\delhi_2003_maize_rgb.png,datasets\test_images\2003\ndvi\delhi_2003_maize_ndvi.png,0.220695,0.073898,0.028085,0.018847,0.658667,0.220694,-0.090323,0.127115,0.2807,0.097247,0.048517,0.020891,0.784261,0.349856,-0.226431,0.192285,0.233702,-0.363527,-0.720439,0.160596,0.42854,0.213002,0.06587,0.04728,0.316367,0.101098,0.036335,0.029678
Delhi,Maize,2004,Kharif,28.6328027,77.2197713,2004-07-01,2004-10-28,8,Landsat 5/7 SR,0.6,0.05,datasets\test_images\2004\rgb\delhi_2004_maize_rgb.png,datasets\test_images\2004\ndvi\delhi_2004_maize_ndvi.png,0.238212,0.09523,0.031633,0.020449,0.68769,0.236883,-0.0979,0.121792,0.276603,0.116005,0.05223,0.021468,0.748581,0.328581,-0.129632,0.160437,0.089111,-0.337922,-0.683439,0.134167,0.433105,0.241846,0.065458,0.042794,0.297915,0.119666,0.043017,0.029533
Delhi,Maize,2005,Kharif,28.6328027,77.2197713,2005-07-01,2005-10-28,10,Landsat 5/7 SR,0.6,0.05,datasets\test_images\2005\rgb\delhi_2005_maize_rgb.png,datasets\test_images\2005\ndvi\delhi_2005_maize_ndvi.png,0.218577,0.081887,0.03232,0.018397,0.597602,0.241885,-0.047795,0.12875,0.257188,0.105854,0.051378,0.022071,0.767697,0.352387,-0.113589,0.179309,0.128439,-0.364681,-0.706301,0.147657,0.398386,0.235523,0.058046,0.046987,0.274292,0.109634,0.037627,0.03142
Delhi,Maize,2006,Kharif,28.6328027,77.2197713,2006-07-01,2006-10-28,10,Landsat 5/7 SR,0.6,0.05,datasets\test_images\2006\rgb\delhi_2006_maize_kharif_rgb.png,datasets\test_images\2006\ndvi\delhi_2006_maize_kharif_ndvi.png,0.203961,0.084086,0.02781,0.021996,0.633188,0.246367,-0.106586,0.129535,0.250147,0.106262,0.04101,0.024199,0.81734,0.363555,-0.142488,0.182733,0.147046,-0.37029,-0.741743,0.150028,0.405591,0.235532,0.05267,0.046029,0.284853,0.108604,0.02968,0.03349
Delhi,Maize,2013,Kharif,28.6328027,77.2197713,2013-07-01,2013-10-28,11,Landsat 8 SR,0.6,0.05,datasets\test_images\2013\rgb\delhi_2013_maize_kharif_rgb.png,datasets\test_images\2013\ndvi\delhi_2013_maize_kharif_ndvi.png,0.379494,0.072142,0.023754,0.020376,0.982043,0.264217,-0.0687,0.132764,0.436336,0.102807,0.057414,0.021734,0.788314,0.397605,-0.178255,0.188004,0.239641,-0.381142,-0.700018,0.154528,0.53711,0.23919,0.057152,0.052181,0.472884,0.099641,0.039718,0.03024
Delhi,Maize,2014,Kharif,28.6328027,77.2197713,2014-07-01,2014-10-28,14,Landsat 8 SR,0.6,0.05,datasets\test_images\2014\rgb\delhi_2014_maize_kharif_rgb.png,datasets\test_images\2014\ndvi\delhi_2014_maize_kharif_ndvi.png,0.369223,0.072539,0.029996,0.020565,0.808734,0.249366,-0.001124,0.115462,0.440997,0.102384,0.057482,0.021757,0.756983,0.385175,-0.002827,0.169572,0.076692,-0.376849,-0.677002,0.135713,0.524323,0.232207,0.061773,0.046398,0.467329,0.100612,0.03793,0.03113
Delhi,Maize,2015,Kharif,28.6328027,77.2197713,2015-07-01,2015-10-28,14,Landsat 8 SR,0.6,0.05,datasets\test_images\2015\rgb\delhi_2015_maize_kharif_rgb.png,datasets\test_images\2015\ndvi\delhi_2015_maize_kharif_ndvi.png,0.324892,0.070897,0.030367,0.020365,0.977033,0.259175,0.016078,0.124768,0.406994,0.099778,0.041917,0.021983,0.778745,0.401653,0.01629,0.183083,0.057428,-0.393674,-0.693907,0.14838,0.507369,0.229808,0.05102,0.048628,0.450238,0.097938,0.035757,0.030896
Delhi,Maize,2016,Kharif,28.6328027,77.2197713,2016-07-01,2016-10-28,13,Landsat 8 SR,0.6,0.05,datasets\test_images\2016\rgb\delhi_2016_maize_kharif_rgb.png,datasets\test_images\2016\ndvi\delhi_2016_maize_kharif_ndvi.png,0.28114,0.069604,0.02737,0.0197,0.600832,0.270507,0.021754,0.115052,0.35528,0.098784,0.044887,0.020265,0.759575,0.413674,0.072939,0.167684,0.043901,-0.393715,-0.683867,0.137972,0.51181,0.236191,0.05663,0.048667,0.414762,0.095426,0.032884,0.02942
Delhi,Maize,2017,Kharif,28.6328027,77.2197713,2017-07-01,2017-10-28,4,Sentinel-2 SR,0.6,0.05,datasets\test_images\2017\rgb\delhi_2017_maize_kharif_rgb.png,datasets\test_images\2017\ndvi\delhi_2017_maize_kharif_ndvi.png,0.46785,0.066752,0.0119,0.031015,1.177525,0.240412,-1.292407,0.147341,0.5163,0.08862,0.0244,0.032238,0.879951,0.397934,-0.373762,0.240754,0.512474,-0.414994,-0.811426,0.200537,0.6138,0.218629,0.01565,0.060102,0.58325,0.092014,0.022,0.04325
Delhi,Maize,2018,Kharif,28.6328027,77.2197713,2018-07-01,2018-10-28,4,Sentinel-2 SR,0.6,0.05,datasets\test_images\2018\rgb\delhi_2018_maize_kharif_rgb.png,datasets\test_images\2018\ndvi\delhi_2018_maize_kharif_ndvi.png,0.63345,0.066141,0.0087,0.032005,2.578205,0.236983,-0.512103,0.152186,0.56295,0.089062,0.0253,0.032398,0.871978,0.388398,-0.401932,0.251028,0.598082,-0.395895,-0.795344,0.212306,0.6272,0.213935,0.02045,0.061758,0.6225,0.091892,0.02425,0.042858
Delhi,Maize,2019,Kharif,28.6328027,77.2197713,2019-07-01,2019-10-28,14,Sentinel-2 SR,0.6,0.05,datasets\test_images\2019\rgb\delhi_2019_maize_kharif_rgb.png,datasets\test_images\2019\ndvi\delhi_2019_maize_kharif_ndvi.png,0.46125,0.109504,0.0288,0.027147,1.142748,0.253961,-0.082543,0.154227,0.48935,0.12112,0.0521,0.026969,0.789131,0.323666,-0.195255,0.194525,0.317516,-0.293487,-0.697509,0.161663,0.56145,0.23286,0.041,0.053752,0.5061,0.113558,0.0378,0.036394
Delhi,Rice,1997,Kharif,28.6328027,77.2197713,1997-07-01,1997-10-28,9,Landsat 5/7 SR,0.6,0.05,datasets\test_images\1997\rgb\delhi_1997_rice_kharif_rgb.png,datasets\test_images\1997\ndvi\delhi_1997_rice_kharif_ndvi.png,0.227708,0.078459,0.037298,0.01694,0.672946,0.252447,-0.048811,0.136467,0.286722,0.101599,0.047912,0.01951,0.796897,0.373824,-0.130011,0.184635,0.139274,-0.383641,-0.742108,0.155093,0.468195,0.226656,0.058858,0.052,0.32613,0.102588,0.043292,0.027173
Delhi,Rice,1998,Kharif,28.6328027,77.2197713,1998-07-01,1998-10-28,8,Landsat 5/7 SR,0.6,0.05,datasets\test_images\1998\rgb\delhi_1998_rice_kharif_rgb.png,datasets\test_images\1998\ndvi\delhi_1998_rice_kharif_ndvi.png,0.268394,0.073535,0.035716,0.017933,0.645888,0.234543,-0.087267,0.130825,0.332537,0.100454,0.055186,0.0211,0.752856,0.353498,-0.309595,0.189541,0.393071,-0.345148,-0.689841,0.162679,0.434865,0.222638,0.050717,0.04502,0.360808,0.100466,0.043774,0.029183
Delhi,Rice,1999,Kharif,28.6328027,77.2197713,1999-07-01,1999-10-28,6,Landsat 5/7 SR,0.6,0.05,datasets\test_images\1999\rgb\delhi_1999_rice_kharif_rgb.png,datasets\test_images\1999\ndvi\delhi_1999_rice_kharif_ndvi.png,0.191944,0.075302,0.043416,0.013829,0.567571,0.201897,-0.071593,0.103793,0.238982,0.097933,0.058665,0.016628,0.69233,0.322641,-0.154135,0.159316,0.193344,-0.34645,-0.647378,0.13416,0.376675,0.209878,0.057881,0.039015,0.271157,0.103741,0.05102,0.024666
Delhi,Rice,2000,Kharif,28.6328027,77.2197713,2000-07-01,2000-10-28,6,Landsat 5/7 SR,0.6,0.05,datasets\test_images\2000\rgb\delhi_2000_rice_kharif_rgb.png,datasets\test_images\2000\ndvi\delhi_2000_rice_kharif_ndvi.png,0.215882,0.081405,0.039085,0.019642,0.586325,0.215718,-0.100213,0.121805,0.259333,0.10526,0.057015,0.01991,0.725593,0.327334,-0.18283,0.175963,0.199874,-0.349369,-0.670252,0.147675,0.39829,0.214432,0.064357,0.044718,0.274842,0.108944,0.045822,0.028243
Delhi,Rice,2001,Kharif,28.6328027,77.2197713,2001-07-01,2001-10-28,7,Landsat 5/7 SR,0.6,0.05,datasets\test_images\2001\rgb\delhi_2001_rice_kharif_rgb.png,datasets\test_images\2001\ndvi\delhi_2001_rice_kharif_ndvi.png,0.229165,0.082491,0.042275,0.018231,0.593708,0.237579,-0.060923,0.125591,0.268408,0.108094,0.063175,0.020517,0.715419,0.350049,-0.134644,0.173499,0.142917,-0.365698,-0.6639,0.142869,0.412535,0.233601,0.070325,0.047844,0.293708,0.112209,0.050305,0.029415
Delhi,Rice,2002,Kharif,28.6328027,77.2197713,2002-07-01,2002-10-28,7,Landsat 5/7 SR,0.6,0.05,datasets\test_images\2002\rgb\delhi_2002_rice_rgb.png,datasets\test_images\2002\ndvi\delhi_2002_rice_ndvi.png,0.205611,0.072658,0.033172,0.017356,0.643432,0.228639,-0.035216,0.122042,0.266648,0.097218,0.038535,0.020436,0.752488,0.360358,-0.083947,0.183643,0.11897,-0.37578,-0.692765,0.151761,0.422999,0.221343,0.040405,0.04496,0.304446,0.101847,0.028938,0.029786
Delhi,Rice,2003,Kharif,28.6328027,77.2197713,2003-07-01,2003-10-28,3,Landsat 5/7 SR,0.6,0.05,datasets\test_images\2003\rgb\delhi_2003_rice_rgb.png,datasets\test_images\2003\ndvi\delhi_2003_rice_ndvi.png,0.220695,0.073898,0.028085,0.018847,0.658667,0.220694,-0.090323,0.127115,0.2807,0.097247,0.048517,0.020891,0.784261,0.349856,-0.226431,0.192285,0.233702,-0.363527,-0.720439,0.160596,0.42854,0.213002,0.06587,0.04728,0.316367,0.101098,0.036335,0.029678
Delhi,Rice,2004,Kharif,28.6328027,77.2197713,2004-07-01,2004-10-28,8,Landsat 5/7 SR,0.6,0.05,datasets\test_images\2004\rgb\delhi_2004_rice_rgb.png,datasets\test_images\2004\ndvi\delhi_2004_rice_ndvi.png,0.238212,0.09523,0.031633,0.020449,0.68769,0.236883,-0.0979,0.121792,0.276603,0.116005,0.05223,0.021468,0.748581,0.328581,-0.129632,0.160437,0.089111,-0.337922,-0.683439,0.134167,0.433105,0.241846,0.065458,0.042794,0.297915,0.119666,0.043017,0.029533
Delhi,Rice,2005,Kharif,28.6328027,77.2197713,2005-07-01,2005-10-28,10,Landsat 5/7 SR,0.6,0.05,datasets\test_images\2005\rgb\delhi_2005_rice_rgb.png,datasets\test_images\2005\ndvi\delhi_2005_rice_ndvi.png,0.218577,0.081887,0.03232,0.018397,0.597602,0.241885,-0.047795,0.12875,0.257188,0.105854,0.051378,0.022071,0.767697,0.352387,-0.113589,0.179309,0.128439,-0.364681,-0.706301,0.147657,0.398386,0.235523,0.058046,0.046987,0.274292,0.109634,0.037627,0.03142
Delhi,Rice,2006,Kharif,28.6328027,77.2197713,2006-07-01,2006-10-28,10,Landsat 5/7 SR,0.6,0.05,datasets\test_images\2006\rgb\delhi_2006_rice_kharif_rgb.png,datasets\test_images\2006\ndvi\delhi_2006_rice_kharif_ndvi.png,0.203961,0.084086,0.02781,0.021996,0.633188,0.246367,-0.106586,0.129535,0.250147,0.106262,0.04101,0.024199,0.81734,0.363555,-0.142488,0.182733,0.147046,-0.37029,-0.741743,0.150028,0.405591,0.235532,0.05267,0.046029,0.284853,0.108604,0.02968,0.03349
Delhi,Rice,2007,Kharif,28.6328027,77.2197713,2007-07-01,2007-10-28,5,Landsat 5/7 SR,0.6,0.05,datasets\test_images\2007\rgb\delhi_2007_rice_kharif_rgb.png,datasets\test_images\2007\ndvi\delhi_2007_rice_kharif_ndvi.png,0.23131,0.082293,0.036967,0.019079,0.636025,0.242148,-0.074665,0.119209,0.273303,0.104181,0.041381,0.021437,0.77354,0.359366,-0.114808,0.167557,0.102078,-0.370641,-0.708083,0.138778,0.397603,0.229966,0.047349,0.047158,0.316367,0.107068,0.034492,0.02957
Delhi,Rice,2008,Kharif,28.6328027,77.2197713,2008-07-01,2008-10-28,16,Landsat 5/7 SR,0.6,0.05,datasets\test_images\2008\rgb\delhi_2008_rice_kharif_rgb.png,datasets\test_images\2008\ndvi\delhi_2008_rice_kharif_ndvi.png,0.203068,0.099611,0.043127,0.018552,0.597217,0.233551,-0.07316,0.121468,0.260295,0.123477,0.06653,0.0207,0.704959,0.325129,-0.1288,0.16039,0.191111,-0.315674,-0.651658,0.134292,0.39466,0.233091,0.094566,0.039789,0.28862,0.121099,0.053578,0.028561
Delhi,Rice,2009,Kharif,28.6328027,77.2197713,2009-07-01,2009-10-28,23,Landsat 5/7 SR,0.6,0.05,datasets\test_images\2009\rgb\delhi_2009_rice_kharif_rgb.png,datasets\test_images\2009\ndvi\delhi_2009_rice_kharif_ndvi.png,0.231365,0.084025,0.040708,0.0186,0.698574,0.236332,-0.019599,0.120447,0.302714,0.110872,0.06081,0.021741,0.725455,0.345549,-0.053776,0.167922,0.09001,-0.343434,-0.661912,0.139798,0.434013,0.232208,0.079991,0.043815,0.330915,0.110935,0.050291,0.029821
Delhi,Rice,2010,Kharif,28.6328027,77.2197713,2010-07-01,2010-10-28,17,Landsat 5/7 SR,0.6,0.05,datasets\test_images\2010\rgb\delhi_2010_rice_kharif_rgb.png,datasets\test_images\2010\ndvi\delhi_2010_rice_kharif_ndvi.png,0.339798,0.09557,0.042605,0.021094,0.689779,0.218159,-0.124484,0.129258,0.435003,0.117534,0.063533,0.022938,0.78771,0.30852,-0.248372,0.174189,0.271931,-0.300382,-0.691015,0.149239,0.51478,0.220011,0.07412,0.043012,0.457608,0.115852,0.044777,0.029642
Delhi,Rice,2011,Kharif,28.6328027,77.2197713,2011-07-01,2011-10-28,14,Landsat 5/7 SR,0.6,0.05,datasets\test_images\2011\rgb\delhi_2011_rice_kharif_rgb.png,datasets\test_images\2011\ndvi\delhi_2011_rice_kharif_ndvi.png,0.35088,0.087094,0.036032,0.023277,0.834629,0.244354,-0.047562,0.133343,0.453813,0.110466,0.05784,0.024779,0.770056,0.361438,-0.129033,0.186935,0.173548,-0.355465,-0.711918,0.158085,0.515275,0.23343,0.058032,0.0494,0.476693,0.109622,0.045355,0.033174
Delhi,Rice,2012,Kharif,28.6328027,77.2197713,2012-07-01,2012-10-28,9,Landsat 5/7 SR,0.6,0.05,datasets\test_images\2012\rgb\delhi_2012_rice_kharif_rgb.png,datasets\test_images\2012\ndvi\delhi_2012_rice_kharif_ndvi.png,0.316684,0.078453,0.03188,0.019473,0.708643,0.245072,-0.052201,0.126011,0.391937,0.100524,0.04827,0.022393,0.815047,0.36316,-0.105921,0.175605,0.106679,-0.372911,-0.751777,0.145695,0.521504,0.227716,0.056025,0.047964,0.463272,0.103725,0.03782,0.031018
Delhi,Rice,2013,Kharif,28.6328027,77.2197713,2013-07-01,2013-10-28,11,Landsat 8 SR,0.6,0.05,datasets\test_images\2013\rgb\delhi_2013_rice_kharif_rgb.png,datasets\test_images\2013\ndvi\delhi_2013_rice_kharif_ndvi.png,0.379494,0.072142,0.023754,0.020376,0.982043,0.264217,-0.0687,0.132764,0.436336,0.102807,0.057414,0.021734,0.788314,0.397605,-0.178255,0.188004,0.239641,-0.381142,-0.700018,0.154528,0.53711,0.23919,0.057152,0.052181,0.472884,0.099641,0.039718,0.03024
Delhi,Rice,2014,Kharif,28.6328027,77.2197713,2014-07-01,2014-10-28,14,Landsat 8 SR,0.6,0.05,datasets\test_images\2014\rgb\delhi_2014_rice_kharif_rgb.png,datasets\test_images\2014\ndvi\delhi_2014_rice_kharif_ndvi.png,0.369223,0.072539,0.029996,0.020565,0.808734,0.249366,-0.001124,0.115462,0.440997,0.102384,0.057482,0.021757,0.756983,0.385175,-0.002827,0.169572,0.076692,-0.376849,-0.677002,0.135713,0.524323,0.232207,0.061773,0.046398,0.467329,0.100612,0.03793,0.03113
Delhi,Rice,2015,Kharif,28.6328027,77.2197713,2015-07-01,2015-10-28,14,Landsat 8 SR,0.6,0.05,datasets\test_images\2015\rgb\delhi_2015_rice_kharif_rgb.png,datasets\test_images\2015\ndvi\delhi_2015_rice_kharif_ndvi.png,0.324892,0.070897,0.030367,0.020365,0.977033,0.259175,0.016078,0.124768,0.406994,0.099778,0.041917,0.021983,0.778745,0.401653,0.01629,0.183083,0.057428,-0.393674,-0.693907,0.14838,0.507369,0.229808,0.05102,0.048628,0.450238,0.097938,0.035757,0.030896
Delhi,Rice,2016,Kharif,28.6328027,77.2197713,2016-07-01,2016-10-28,13,Landsat 8 SR,0.6,0.05,datasets\test_images\2016\rgb\delhi_2016_rice_kharif_rgb.png,datasets\test_images\2016\ndvi\delhi_2016_rice_kharif_ndvi.png,0.28114,0.069604,0.02737,0.0197,0.600832,0.270507,0.021754,0.115052,0.35528,0.098784,0.044887,0.020265,0.759575,0.413674,0.072939,0.167684,0.043901,-0.393715,-0.683867,0.137972,0.51181,0.236191,0.05663,0.048667,0.414762,0.095426,0.032884,0.02942
Delhi,Rice,2017,Kharif,28.6328027,77.2197713,2017-07-01,2017-10-28,4,Sentinel-2 SR,0.6,0.05,datasets\test_images\2017\rgb\delhi_2017_rice_kharif_rgb.png,datasets\test_images\2017\ndvi\delhi_2017_rice_kharif_ndvi.png,0.46785,0.066752,0.0119,0.031015,1.177525,0.240412,-1.292407,0.147341,0.5163,0.08862,0.0244,0.032238,0.879951,0.397934,-0.373762,0.240754,0.512474,-0.414994,-0.811426,0.200537,0.6138,0.218629,0.01565,0.060102,0.58325,0.092014,0.022,0.04325
Delhi,Rice,2018,Kharif,28.6328027,77.2197713,2018-07-01,2018-10-28,4,Sentinel-2 SR,0.6,0.05,datasets\test_images\2018\rgb\delhi_2018_rice_kharif_rgb.png,datasets\test_images\2018\ndvi\delhi_2018_rice_kharif_ndvi.png,0.63345,0.066141,0.0087,0.032005,2.578205,0.236983,-0.512103,0.152186,0.56295,0.089062,0.0253,0.032398,0.871978,0.388398,-0.401932,0.251028,0.598082,-0.395895,-0.795344,0.212306,0.6272,0.213935,0.02045,0.061758,0.6225,0.091892,0.02425,0.042858
Delhi,Rice,2019,Kharif,28.6328027,77.2197713,2019-07-01,2019-10-28,14,Sentinel-2 SR,0.6,0.05,datasets\test_images\2019\rgb\delhi_2019_rice_kharif_rgb.png,datasets\test_images\2019\ndvi\delhi_2019_rice_kharif_ndvi.png,0.46125,0.109504,0.0288,0.027147,1.142748,0.253961,-0.082543,0.154227,0.48935,0.12112,0.0521,0.026969,0.789131,0.323666,-0.195255,0.194525,0.317516,-0.293487,-0.697509,0.161663,0.56145,0.23286,0.041,0.053752,0.5061,0.113558,0.0378,0.036394
Goa,Rice,1997,Kharif,15.3004543,74.0855134,1997-07-01,1997-10-28,5,Landsat 5/7 SR,0.6,0.05,datasets\test_images\1997\rgb\goa_1997_rice_rgb.png,datasets\test_images\1997\ndvi\goa_1997_rice_ndvi.png,0.168747,0.035289,0.018267,0.006694,0.818797,0.447391,-0.107207,0.120577,0.222373,0.060522,0.035537,0.010967,0.864534,0.683639,-0.363067,0.140226,0.274418,-0.641787,-0.79919,0.113702,0.523718,0.293164,0.03859,0.057656,0.250862,0.052293,0.02176,0.019358
Goa,Rice,1997,Rabi,15.3004543,74.0855134,1997-11-01,1998-04-28,12,Landsat 5/7 SR,0.6,0.05,datasets\test_images\1997\rgb\goa_1997_rice_rgb.png,datasets\test_images\1997\ndvi\goa_1997_rice_ndvi.png,0.11438,0.047496,0.028938,0.008655,0.646652,0.268768,-0.107235,0.095341,0.17818,0.070764,0.040102,0.013798,0.814693,0.473001,-0.357742,0.151131,0.39593,-0.503244,-0.74034,0.115887,0.401618,0.220366,0.030972,0.040002,0.264915,0.077807,0.0332,0.024956
Goa,Rice,1998,Kharif,15.3004543,74.0855134,1998-07-01,1998-10-28,3,Landsat 5/7 SR,0.6,0.05,datasets\test_images\1998\rgb\goa_1998_rice_rgb.png,datasets\test_images\1998\ndvi\goa_1998_rice_ndvi.png,1.602213,0.067884,-0.009136,0.033135,0.844378,0.517914,-0.143566,0.125085,0.44548,0.089031,0.03441,0.030486,0.852276,0.643714,-0.406566,0.127344,0.47526,-0.576656,-0.762559,0.110111,0.585125,0.335242,0.033035,0.069888,0.483623,0.072199,0.021457,0.032388
Goa,Rice,1998,Rabi,15.3004543,74.0855134,1998-11-01,1999-04-28,21,Landsat 5/7 SR,0.6,0.05,datasets\test_images\1998\rgb\goa_1998_rice_rgb.png,datasets\test_images\1998\ndvi\goa_1998_rice_ndvi.png,0.131925,0.046253,0.027205,0.006328,0.660384,0.291379,-0.115317,0.093029,0.164595,0.063453,0.036692,0.010289,0.79773,0.517909,-0.326153,0.140361,0.380483,-0.532644,-0.728793,0.110821,0.404917,0.218188,0.040762,0.040247,0.257022,0.066311,0.028608,0.019409
Goa,Rice,1999,Kharif,15.3004543,74.0855134,1999-07-01,1999-10-28,5,Landsat 5/7 SR,0.6,0.05,datasets\test_images\1999\rgb\goa_1999_rice_rgb.png,datasets\test_images\1999\ndvi\goa_1999_rice_ndvi.png,0.184918,0.060834,0.011612,0.027945,0.764609,0.46944,-0.013176,0.101126,0.24253,0.083913,0.028635,0.028161,0.906592,0.629627,-0.054074,0.12574,0.125043,-0.584922,-0.816321,0.105838,0.492423,0.319159,0.04662,0.060247,0.27927,0.073331,0.013785,0.030459
Goa,Rice,1999,Rabi,15.3004543,74.0855134,1999-11-01,2000-04-28,5,Landsat 5/7 SR,0.6,0.05,datasets\test_images\1999\rgb\goa_1999_rice_rgb.png,datasets\test_images\1999\ndvi\goa_1999_rice_ndvi.png,0.124308,0.042407,0.025101,0.007361,0.666989,0.276797,-0.109809,0.097681,0.181054,0.063243,0.035812,0.011202,0.830927,0.502815,-0.383778,0.149904,0.375213,-0.530275,-0.757897,0.112295,0.402374,0.214478,0.029639,0.041474,0.249158,0.069183,0.023561,0.022765
Goa,Rice,2000,Kharif,15.3004543,74.0855134,2000-07-01,2000-10-28,8,Landsat 5/7 SR,0.6,0.05,datasets\test_images\2000\rgb\goa_2000_rice_rgb.png,datasets\test_images\2000\ndvi\goa_2000_rice_ndvi.png,1.602213,0.031978,0.010732,0.013572,1.665743,0.501961,-0.133798,0.119808,0.384169,0.05541,0.020522,0.014514,1.052064,0.752316,-0.397082,0.132358,0.290272,-0.680154,-0.856808,0.113606,0.540919,0.30569,0.025679,0.063121,1.000018,0.040935,0.00779,0.018724
Goa,Rice,2000,Rabi,15.3004543,74.0855134,2000-11-01,2001-04-28,10,Landsat 5/7 SR,0.6,0.05,datasets\test_images\2000\rgb\goa_2000_rice_rgb.png,datasets\test_images\2000\ndvi\goa_2000_rice_ndvi.png,0.1355,0.04821,0.029103,0.007169,0.694597,0.28937,-0.055461,0.095591,0.189895,0.067999,0.04266,0.010485,0.818214,0.505538,-0.178253,0.141149,0.191306,-0.52371,-0.753173,0.105769,0.42678,0.223028,0.03716,0.039398,0.244262,0.072358,0.032348,0.021257
Goa,Rice,2001,Kharif,15.3004543,74.0855134,2001-07-01,2001-10-28,7,Landsat 5/7 SR,0.6,0.05,datasets\test_images\2001\rgb\goa_2001_rice_kharif_rgb.png,datasets\test_images\2001\ndvi\goa_2001_rice_kharif_ndvi.png,0.819631,0.040464,0.010086,0.025687,1.807717,0.466407,-0.099434,0.119887,0.342878,0.062609,0.024427,0.025307,0.910359,0.704428,-0.429518,0.143683,0.501411,-0.650686,-0.833176,0.122941,0.535103,0.298885,0.025252,0.064797,0.812894,0.051757,0.012176,0.028668
Goa,Rice,2001,Rabi,15.3004543,74.0855134,2001-11-01,2002-04-28,4,Landsat 5/7 SR,0.6,0.05,datasets\test_images\2001\rgb\goa_2001_rice_rabi_rgb.png,datasets\test_images\2001\ndvi\goa_2001_rice_rabi_ndvi.png,0.112675,0.047363,0.031165,0.006151,0.66818,0.283349,-0.066654,0.092096,0.1586,0.065111,0.042853,0.009356,0.815445,0.50229,-0.236494,0.135318,0.26221,-0.523538,-0.740379,0.100669,0.403309,0.214439,0.040501,0.039166,0.231571,0.069977,0.030092,0.020207
Goa,Rice,2002,Kharif,15.3004543,74.0855134,2002-07-01,2002-10-28,6,Landsat 5/7 SR,0.6,0.05,datasets\test_images\2002\rgb\goa_2002_rice_kharif_rgb.png,datasets\test_images\2002\ndvi\goa_2002_rice_kharif_ndvi.png,1.602213,0.055358,0.007268,0.028311,3.135757,0.559842,-0.057196,0.128813,0.434535,0.078392,0.01362,0.026438,0.887841,0.698349,-0.441216,0.118217,0.117556,-0.639824,-0.802521,0.101614,0.640702,0.365656,0.060233,0.077186,1.602213,0.063484,0.00801,0.029626
Goa,Rice,2002,Rabi,15.3004543,74.0855134,2002-11-01,2003-04-28,8,Landsat 5/7 SR,0.6,0.05,datasets\test_images\2002\rgb\goa_2002_rice_rabi_rgb.png,datasets\test_images\2002\ndvi\goa_2002_rice_rabi_ndvi.png,0.107079,0.036624,0.01978,0.007337,0.699034,0.308818,-0.068554,0.101472,0.156716,0.055252,0.029281,0.010393,0.862768,0.570294,-0.264315,0.157406,0.330668,-0.580128,-0.786491,0.115214,0.403103,0.219359,0.030079,0.041932,0.243328,0.057565,0.016177,0.021623
Goa,Rice,2003,Kharif,15.3004543,74.0855134,2003-07-01,2003-10-28,4,Landsat 5/7 SR,0.6,0.05,datasets\test_images\2003\rgb\goa_2003_rice_rgb.png,datasets\test_images\2003\ndvi\goa_2003_rice_ndvi.png,0.144864,0.040032,0.00537,0.006459,0.746944,0.459893,-0.04111,0.102415,0.204181,0.063226,0.02473,0.008632,0.876676,0.687894,-0.105491,0.111385,0.010219,-0.637832,-0.792998,0.0812,0.496987,0.29372,0.038672,0.049781,0.258879,0.052574,0.013675,0.0139
Goa,Rice,2003,Rabi,15.3004543,74.0855134,2003-11-01,2004-04-28,11,Landsat 5/7 SR,0.6,0.05,datasets\test_images\2003\rgb\goa_2003_rice_rgb.png,datasets\test_images\2003\ndvi\goa_2003_rice_ndvi.png,0.12252,0.042381,0.018185,0.009805,0.683552,0.307931,-0.067352,0.104663,0.175485,0.060849,0.025954,0.013613,0.859648,0.546909,-0.272642,0.159402,0.337843,-0.560757,-0.78433,0.116517,0.412975,0.225816,0.033447,0.040747,0.231475,0.064085,0.017772,0.024696
Goa,Rice,2004,Kharif,15.3004543,74.0855134,2004-07-01,2004-10-28,2,Landsat 5/7 SR,0.6,0.05,datasets\test_images\2004\rgb\goa_2004_rice_rgb.png,datasets\test_images\2004\ndvi\goa_2004_rice_ndvi.png,0.154104,0.030676,-0.002536,0.009107,0.7953,0.427155,-0.113176,0.121288,0.213641,0.050537,0.009289,0.012256,0.926324,0.719224,-0.340614,0.124997,0.361736,-0.664208,-0.857382,0.098995,0.483389,0.260524,0.037902,0.068092,0.258246,0.040842,0.005576,0.016698
Goa,Rice,2005,Kharif,15.3004543,74.0855134,2005-07-01,2005-10-28,4,Landsat 5/7 SR,0.6,0.05,datasets\test_images\2005\rgb\goa_2005_rice_rgb.png,datasets\test_images\2005\ndvi\goa_2005_rice_ndvi.png,0.224957,0.034391,0.009344,0.016194,0.819835,0.497301,-0.116929,0.121543,0.251275,0.054987,0.024895,0.015757,0.92355,0.744353,-0.433127,0.142608,0.380463,-0.680062,-0.834976,0.121562,0.509349,0.300159,0.02737,0.061323,0.25397,0.041969,0.010031,0.018947
Goa,Rice,2006,Kharif,15.3004543,74.0855134,2006-07-01,2006-10-28,4,Landsat 5/7 SR,0.6,0.05,datasets\test_images\2006\rgb\goa_2006_rice_kharif_rgb.png,datasets\test_images\2006\ndvi\goa_2006_rice_kharif_ndvi.png,0.814283,0.030564,0.011283,0.01272,0.902359,0.488654,-0.091308,0.119038,0.37266,0.05234,0.025349,0.014569,0.905831,0.752153,-0.373055,0.133658,0.305108,-0.689474,-0.818512,0.111665,0.590611,0.297207,0.025885,0.063577,0.374283,0.040037,0.013262,0.018877
Goa,Rice,2007,Kharif,15.3004543,74.0855134,2007-07-01,2007-10-28,6,Landsat 5/7 SR,0.6,0.05,datasets\test_images\2007\rgb\goa_2007_rice_kharif_rgb.png,datasets\test_images\2007\ndvi\goa_2007_rice_kharif_ndvi.png,0.21107,0.035027,0.014967,0.012005,0.883952,0.506469,-0.018063,0.107664,0.220915,0.055397,0.03265,0.012232,0.885517,0.752369,-0.062987,0.105434,0.111447,-0.684753,-0.805369,0.087529,0.54239,0.303387,0.046262,0.056233,0.25034,0.041475,0.017552,0.013868
Goa,Rice,2008,Kharif,15.3004543,74.0855134,2008-07-01,2008-10-28,2,Landsat 5/7 SR,0.6,0.05,datasets\test_images\2008\rgb\goa_2008_rice_kharif_rgb.png,datasets\test_images\2008\ndvi\goa_2008_rice_kharif_ndvi.png,0.147215,0.039568,0.019643,0.00729,0.804635,0.49278,-0.103194,0.101479,0.164705,0.061077,0.03573,0.009194,0.868029,0.71673,-0.261233,0.108417,0.184352,-0.659692,-0.790049,0.083323,0.475455,0.306267,0.046235,0.049712,0.220502,0.048954,0.023328,0.014529
Goa,Rice,2008,Rabi,15.3004543,74.0855134,2008-11-01,2009-04-28,20,Landsat 5/7 SR,0.6,0.05,datasets\test_images\2008\rgb\goa_2008_rice_rabi_rgb.png,datasets\test_images\2008\ndvi\goa_2008_rice_rabi_ndvi.png,0.115727,0.04404,0.01714,0.008144,0.748288,0.289529,-0.045433,0.093648,0.168129,0.058424,0.025431,0.009606,0.876401,0.532973,-0.149939,0.139417,0.17324,-0.544662,-0.800802,0.103775,0.447487,0.206134,0.025775,0.039323,0.246435,0.060714,0.01659,0.01861
Goa,Rice,2009,Kharif,15.3004543,74.0855134,2009-07-01,2009-10-28,5,Landsat 5/7 SR,0.6,0.05,datasets\test_images\2009\rgb\goa_2009_rice_kharif_rgb.png,datasets\test_images\2009\ndvi\goa_2009_rice_kharif_ndvi.png,0.230843,0.034253,0.014074,0.012477,0.957448,0.522068,-0.066084,0.11609,0.245555,0.049014,0.023025,0.014353,0.903788,0.767663,-0.161143,0.111684,0.115546,-0.717681,-0.833937,0.092982,0.610232,0.308194,0.050057,0.062238,0.235737,0.038808,0.011145,0.016025
Goa,Rice,2009,Rabi,15.3004543,74.0855134,2009-11-01,2010-04-28,17,Landsat 5/7 SR,0.6,0.05,datasets\test_images\2009\rgb\goa_2009_rice_rabi_rgb.png,datasets\test_images\2009\ndvi\goa_2009_rice_rabi_ndvi.png,0.120292,0.035573,0.013125,0.008061,0.760675,0.348046,-0.041488,0.1029,0.168748,0.046048,0.01978,0.009377,0.892184,0.637401,-0.123999,0.149295,0.187554,-0.642916,-0.836583,0.109468,0.459835,0.223362,0.034836,0.043422,0.222579,0.047057,0.012932,0.018507
Goa,Rice,2010,Kharif,15.3004543,74.0855134,2010-07-01,2010-10-28,1,Landsat 5/7 SR,0.6,0.05,datasets\test_images\2010\rgb\goa_2010_rice_kharif_rgb.png,datasets\test_images\2010\ndvi\goa_2010_rice_kharif_ndvi.png,0.05718,0.028353,0.00955,0.00743,0.707885,0.489205,0.031966,0.089051,0.084515,0.042941,0.02143,0.008468,0.92077,0.775371,0.125234,0.099234,-0.060046,-0.732154,-0.872968,0.088269,0.422903,0.287201,0.052918,0.045709,0.10844,0.034924,0.012987,0.010905
Goa,Rice,2010,Rabi,15.3004543,74.0855134,2010-11-01,2011-04-28,5,Landsat 5/7 SR,0.6,0.05,datasets\test_images\2010\rgb\goa_2010_rice_rabi_rgb.png,datasets\test_images\2010\ndvi\goa_2010_rice_rabi_ndvi.png,0.131348,0.031514,0.012547,0.007046,0.742158,0.327084,-0.097636,0.107024,0.17279,0.044204,0.018061,0.009605,0.907613,0.622956,-0.91493,0.164206,0.930414,-0.639593,-0.841944,0.126351,0.435773,0.212468,0.00174,0.047145,0.255153,0.047454,0.009192,0.019882
Goa,Rice,2011,Kharif,15.3004543,74.0855134,2011-07-01,2011-10-28,11,Landsat 5/7 SR,0.6,0.05,datasets\test_images\2011\rgb\goa_2011_rice_kharif_rgb.png,datasets\test_images\2011\ndvi\goa_2011_rice_kharif_ndvi.png,0.342162,0.045123,-0.002358,0.019508,0.946469,0.517911,-0.07024,0.117714,0.360615,0.055794,-0.001725,0.018026,1.225368,0.730553,-0.167947,0.115965,0.043693,-0.685159,-1.051153,0.091309,0.565958,0.30372,0.035785,0.057822,0.375493,0.046313,-0.007005,0.020613
Goa,Rice,2011,Rabi,15.3004543,74.0855134,2011-11-01,2012-04-28,24,Landsat 5/7 SR,0.6,0.05,datasets\test_images\2011\rgb\goa_2011_rice_rabi_rgb.png,datasets\test_images\2011\ndvi\goa_2011_rice_rabi_ndvi.png,0.122767,0.039025,0.018432,0.007567,0.738557,0.311808,-0.126868,0.098114,0.17048,0.055555,0.02858,0.010348,0.858407,0.567486,-0.447804,0.149535,0.328909,-0.572201,-0.782431,0.106948,0.450746,0.218616,0.034438,0.039492,0.249982,0.056943,0.018831,0.020682
Goa,Rice,2012,Kharif,15.3004543,74.0855134,2012-07-01,2012-10-28,9,Landsat 5/7 SR,0.6,0.05,datasets\test_images\2012\rgb\goa_2012_rice_kharif_rgb.png,datasets\test_images\2012\ndvi\goa_2012_rice_kharif_ndvi.png,0.245802,0.03131,-0.014458,0.015148,0.823036,0.487078,-0.039487,0.119298,0.26761,0.051702,0.021815,0.018075,0.916562,0.751334,-0.201264,0.130297,0.286681,-0.696675,-0.844754,0.106001,0.565298,0.297123,0.030285,0.066456,0.2675,0.040962,0.010072,0.021431
Goa,Rice,2012,Rabi,15.3004543,74.0855134,2012-11-01,2013-04-28,16,Landsat 5/7 SR,0.6,0.05,datasets\test_images\2012\rgb\goa_2012_rice_rabi_rgb.png,datasets\test_images\2012\ndvi\goa_2012_rice_rabi_ndvi.png,0.141577,0.034255,0.011214,0.007586,0.733024,0.332243,-0.091995,0.102245,0.185646,0.050139,0.021347,0.009972,0.905212,0.618114,-0.310971,0.153669,0.357321,-0.610976,-0.817698,0.11815,0.451888,0.217358,0.01516,0.043682,0.240124,0.049475,0.011722,0.019641
Goa,Rice,2013,Kharif,15.3004543,74.0855134,2013-07-01,2013-10-28,5,Landsat 8 SR,0.6,0.05,datasets\test_images\2013\rgb\goa_2013_rice_kharif_rgb.png,datasets\test_images\2013\ndvi\goa_2013_rice_kharif_ndvi.png,0.35352,0.029652,-0.19032,0.022967,0.787042,0.474906,-0.024899,0.108893,0.393175,0.065005,-0.0889,0.028726,3.8519,0.73921,-0.084674,0.129739,0.113394,-0.646837,-3.232126,0.109362,0.60212,0.307065,0.04585,0.069489,0.416028,0.046751,-0.099075,0.033712
Goa,Rice,2013,Rabi,15.3004543,74.0855134,2013-11-01,2014-04-28,20,Landsat 8 SR,0.6,0.05,datasets\test_images\2013\rgb\goa_2013_rice_rabi_rgb.png,datasets\test_images\2013\ndvi\goa_2013_rice_rabi_ndvi.png,0.157307,0.032119,0.009852,0.010711,0.763474,0.337358,-0.032034,0.097112,0.191105,0.054775,0.028277,0.010567,0.887573,0.615409,-0.161004,0.149638,0.363971,-0.598777,-0.802282,0.122728,0.494925,0.232756,0.021512,0.045072,0.245912,0.051773,0.01593,0.020544
Goa,Rice,2014,Kharif,15.3004543,74.0855134,2014-07-01,2014-10-28,14,Landsat 8 SR,0.6,0.05,datasets\test_images\2014\rgb\goa_2014_rice_kharif_rgb.png,datasets\test_images\2014\ndvi\goa_2014_rice_kharif_ndvi.png,0.136132,0.025318,0.008175,0.006013,0.759101,0.501406,-0.006404,0.093275,0.172185,0.057149,0.036816,0.006537,0.92423,0.77565,-0.022478,0.089718,0.061575,-0.676655,-0.785724,0.081854,0.496534,0.307275,0.048407,0.05301,0.209613,0.037193,0.007047,0.010077
Goa,Rice,2014,Rabi,15.3004543,74.0855134,2014-11-01,2015-04-28,27,Landsat 8 SR,0.6,0.05,datasets\test_images\2014\rgb\goa_2014_rice_rabi_rgb.png,datasets\test_images\2014\ndvi\goa_2014_rice_rabi_ndvi.png,0.162656,0.029325,0.011489,0.00963,0.767609,0.372656,-0.023439,0.094925,0.218715,0.052856,0.027727,0.009603,0.891674,0.667298,-0.125407,0.138106,0.309658,-0.626165,-0.793278,0.11294,0.494389,0.243348,0.02891,0.045826,0.26717,0.045774,0.015792,0.018293
Goa,Rice,2015,Kharif,15.3004543,74.0855134,2015-07-01,2015-10-28,17,Landsat 8 SR,0.6,0.05,datasets\test_images\2015\rgb\goa_2015_rice_kharif_rgb.png,datasets\test_images\2015\ndvi\goa_2015_rice_kharif_ndvi.png,0.184175,0.026103,-0.003623,0.007026,0.827866,0.544506,-0.04767,0.116962,0.255483,0.060671,0.030257,0.010496,0.909129,0.778401,-0.193098,0.107079,0.286188,-0.68706,-0.800968,0.093187,0.562493,0.350794,0.040845,0.068862,0.306468,0.040108,0.011447,0.01388
Goa,Rice,2015,Rabi,15.3004543,74.0855134,2015-11-01,2016-04-28,31,Landsat 8 SR,0.6,0.05,datasets\test_images\2015\rgb\goa_2015_rice_rabi_rgb.png,datasets\test_images\2015\ndvi\goa_2015_rice_rabi_ndvi.png,0.127786,0.030066,0.01142,0.010287,0.752815,0.343821,-0.10159,0.097348,0.180985,0.053444,0.028552,0.010331,0.884571,0.6348,-0.346084,0.145691,0.345499,-0.605434,-0.791293,0.115768,0.487363,0.231704,0.02946,0.045219,0.232946,0.048564,0.015861,0.019134
Goa,Rice,2016,Kharif,15.3004543,74.0855134,2016-07-01,2016-10-28,12,Landsat 8 SR,0.6,0.05,datasets\test_images\2016\rgb\goa_2016_rice_kharif_rgb.png,datasets\test_images\2016\ndvi\goa_2016_rice_kharif_ndvi.png,0.646313,0.037322,-0.17987,0.051263,0.929245,0.543141,-0.055981,0.121859,0.645323,0.085816,-0.074408,0.049304,4.617502,0.741925,-0.142998,0.137922,0.046942,-0.63541,-3.438091,0.112841,0.793932,0.378181,0.044118,0.084647,0.65976,0.059556,-0.087223,0.053582
Goa,Rice,2016,Rabi,15.3004543,74.0855134,2016-11-01,2017-04-28,26,Landsat 8 SR,0.6,0.05,datasets\test_images\2016\rgb\goa_2016_rice_rabi_rgb.png,datasets\test_images\2016\ndvi\goa_2016_rice_rabi_ndvi.png,0.109169,0.030671,0.012204,0.010357,0.730549,0.335635,-0.092638,0.094792,0.155369,0.055174,0.031619,0.009735,0.870496,0.624438,-0.296515,0.145575,0.259488,-0.591449,-0.789311,0.111487,0.473104,0.229235,0.028277,0.043963,0.244111,0.04951,0.016755,0.019162
Goa,Rice,2017,Kharif,15.3004543,74.0855134,2017-07-01,2017-10-28,8,Landsat 8 SR,0.6,0.05,datasets\test_images\2017\rgb\goa_2017_rice_kharif_rgb.png,datasets\test_images\2017\ndvi\goa_2017_rice_kharif_ndvi.png,0.197746,0.02495,0.00515,0.005535,1.085493,0.551679,-0.021615,0.116259,0.183556,0.056929,0.026256,0.007698,0.900541,0.789392,-0.095406,0.11263,0.115058,-0.704566,-0.804982,0.094303,0.571416,0.345017,0.043513,0.064361,0.218316,0.037825,0.014885,0.01162
Goa,Rice,2017,Rabi,15.3004543,74.0855134,2017-11-01,2018-04-28,48,Sentinel-2 SR,0.6,0.05,datasets\test_images\2017\rgb\goa_2017_rice_rabi_rgb.png,datasets\test_images\2017\ndvi\goa_2017_rice_rabi_ndvi.png,0.1682,0.034451,0.0141,0.008431,0.827636,0.321542,-0.114295,0.113478,0.2076,0.051552,0.0263,0.010045,0.902515,0.601433,-0.494545,0.186517,0.545817,-0.589289,-0.813333,0.150409,0.5087,0.212635,0.0124,0.047001,0.3005,0.049992,0.0164,0.021965
Goa,Rice,2018,Kharif,15.3004543,74.0855134,2018-07-01,2018-10-28,12,Landsat 8 SR,0.6,0.05,datasets\test_images\2018\rgb\goa_2018_rice_kharif_rgb.png,datasets\test_images\2018\ndvi\goa_2018_rice_kharif_ndvi.png,0.22185,0.026285,-0.094208,0.008394,0.90856,0.556797,-0.084558,0.133236,0.247233,0.056779,0.012245,0.011405,18.054901,0.78967,-157.799894,0.479706,2.403206,-0.701068,-0.851475,0.123417,0.609201,0.344714,-0.006263,0.075381,0.242475,0.037152,-0.000694,0.015935
Goa,Rice,2018,Rabi,15.3004543,74.0855134,2018-11-01,2019-04-28,130,Sentinel-2 SR,0.6,0.05,datasets\test_images\2018\rgb\goa_2018_rice_rabi_rgb.png,datasets\test_images\2018\ndvi\goa_2018_rice_rabi_ndvi.png,0.1797,0.035269,0.0182,0.008945,0.787315,0.305635,-0.070843,0.111262,0.2725,0.053928,0.0268,0.01106,0.891724,0.568927,-0.320872,0.184854,0.475418,-0.56985,-0.808482,0.15198,0.4902,0.21333,0.0151,0.04603,0.3859,0.054628,0.0199,0.023905
Goa,Rice,2019,Kharif,15.3004543,74.0855134,2019-07-01,2019-10-28,32,Sentinel-2 SR,0.6,0.05,datasets\test_images\2019\rgb\goa_2019_rice_kharif_rgb.png,datasets\test_images\2019\ndvi\goa_2019_rice_kharif_ndvi.png,0.2903,0.04049,0.0031,0.010689,1.645327,0.539241,-0.247929,0.15236,0.2782,0.06393,0.008,0.013852,0.940594,0.752202,-0.888544,0.185042,0.895994,-0.640384,-0.816627,0.1658,0.5969,0.314849,0.00405,0.074301,0.31005,0.039654,0.0021,0.017925
Goa,Rice,2019,Rabi,15.3004543,74.0855134,2019-11-01,2020-04-28,143,Sentinel-2 SR,0.6,0.05,datasets\test_images\2019\rgb\goa_2019_rice_rabi_rgb.png,datasets\test_images\2019\ndvi\goa_2019_rice_rabi_ndvi.png,0.186,0.034622,0.0158,0.009,0.854982,0.333512,-0.083299,0.11679,0.22235,0.05249,0.02705,0.010491,0.898343,0.6194,-0.359827,0.19398,0.505039,-0.588617,-0.811035,0.16025,0.5135,0.219582,0.0147,0.047131,0.2913,0.048208,0.0196,0.022542
Gujarat,Maize,1997,Whole Year,22.3850051,71.745261,1997-01-01,1997-12-28,35,Landsat 5/7 SR,0.6,0.05,datasets\test_images\1997\rgb\gujarat_1997_maize_rgb.png,datasets\test_images\1997\ndvi\gujarat_1997_maize_ndvi.png,0.238982,0.069023,0.046813,0.013047,0.523568,0.10538,0.017767,0.041726,0.282598,0.093735,0.060177,0.019249,0.668383,0.198867,0.035938,0.065966,-0.072762,-0.293432,-0.637166,0.057918,0.360326,0.17931,0.107285,0.031982,0.30622,0.112693,0.062817,0.02435
Gujarat,Maize,1998,Kharif,22.3850051,71.745261,1998-07-01,1998-10-28,2,Landsat 5/7 SR,0.6,0.05,datasets\test_images\1998\rgb\gujarat_1998_maize_rgb.png,datasets\test_images\1998\ndvi\gujarat_1998_maize_ndvi.png,0.283863,0.061354,0.02352,0.016701,0.764308,0.249378,-0.110759,0.089843,0.316367,0.089941,0.030285,0.021935,0.837029,0.411246,-0.255831,0.120316,0.174868,-0.431931,-0.751762,0.095361,0.508799,0.229181,0.051955,0.048491,0.325855,0.095252,0.025637,0.027851
Gujarat,Maize,1999,Kharif,22.3850051,71.745261,1999-07-01,1999-10-28,12,Landsat 5/7 SR,0.6,0.05,datasets\test_images\1999\rgb\gujarat_1999_maize_kharif_rgb.png,datasets\test_images\1999\ndvi\gujarat_1999_maize_kharif_ndvi.png,0.214535,0.065049,0.041546,0.011618,0.716965,0.211614,-0.097783,0.080473,0.253901,0.089764,0.054691,0.016613,0.781356,0.353477,-0.220913,0.112837,0.192768,-0.403256,-0.719493,0.085088,0.461554,0.213955,0.081641,0.036296,0.276699,0.101948,0.047954,0.023569
Gujarat,Maize,2000,Kharif,22.3850051,71.745261,2000-07-01,2000-10-28,18,Landsat 5/7 SR,0.6,0.05,datasets\test_images\2000\rgb\gujarat_2000_maize_kharif_rgb.png,datasets\test_images\2000\ndvi\gujarat_2000_maize_kharif_ndvi.png,0.24594,0.073063,0.048215,0.011828,0.555312,0.165243,-0.042925,0.061419,0.300638,0.100726,0.06499,0.017269,0.667953,0.279825,-0.081859,0.08943,-0.051384,-0.350718,-0.630502,0.067445,0.40082,0.205615,0.107093,0.03451,0.315969,0.116753,0.063134,0.02383
Gujarat,Maize,2001,Kharif,22.3850051,71.745261,2001-07-01,2001-10-28,8,Landsat 5/7 SR,0.6,0.05,datasets\test_images\2001\rgb\gujarat_2001_maize_kharif_rgb.png,datasets\test_images\2001\ndvi\gujarat_2001_maize_kharif_ndvi.png,0.211647,0.076673,0.033695,0.018251,0.679423,0.245334,-0.04997,0.074507,0.254273,0.104699,0.045245,0.022928,0.77658,0.368187,-0.092887,0.102005,0.09139,-0.408818,-0.700383,0.081061,0.451145,0.249418,0.054017,0.039881,0.276823,0.115328,0.041423,0.027983
Gujarat,Maize,2002,Kharif,22.3850051,71.745261,2002-07-01,2002-10-28,13,Landsat 5/7 SR,0.6,0.05,datasets\test_images\2002\rgb\gujarat_2002_maize_kharif_rgb.png,datasets\test_images\2002\ndvi\gujarat_2002_maize_kharif_ndvi.png,0.212913,0.081399,0.038686,0.018578,0.6342,0.152961,-0.100449,0.064135,0.254286,0.107318,0.053371,0.022004,0.758963,0.251486,-0.193828,0.104248,0.158291,-0.325381,-0.695774,0.089937,0.427179,0.21085,0.064192,0.033217,0.279765,0.125894,0.05157,0.028175
Gujarat,Maize,2003,Kharif,22.3850051,71.745261,2003-07-01,2003-10-28,4,Landsat 5/7 SR,0.6,0.05,datasets\test_images\2003\rgb\gujarat_2003_maize_rgb.png,datasets\test_images\2003\ndvi\gujarat_2003_maize_ndvi.png,0.242475,0.058978,0.03001,0.013687,0.781899,0.269687,-0.145941,0.113285,0.282061,0.084339,0.037463,0.016651,0.834624,0.432159,-0.322782,0.147808,0.310467,-0.46914,-0.761883,0.108152,0.499655,0.238689,0.03991,0.047334,0.289775,0.093009,0.02913,0.025427
Gujarat,Maize,2004,Kharif,22.3850051,71.745261,2004-07-01,2004-10-28,8,Landsat 5/7 SR,0.6,0.05,datasets\test_images\2004\rgb\gujarat_2004_maize_rgb.png,datasets\test_images\2004\ndvi\gujarat_2004_maize_ndvi.png,0.212431,0.070945,0.03661,0.0114,0.896924,0.239376,-0.114406,0.093368,0.228739,0.094314,0.042742,0.016035,0.768047,0.371292,-0.222041,0.117373,0.137179,-0.417381,-0.70848,0.088092,0.543174,0.23318,0.064014,0.043524,0.276451,0.105388,0.042577,0.023411
Gujarat,Maize,2005,Kharif,22.3850051,71.745261,2005-07-01,2005-10-28,6,Landsat 5/7 SR,0.6,0.05,datasets\test_images\2005\rgb\gujarat_2005_maize_rgb.png,datasets\test_images\2005\ndvi\gujarat_2005_maize_ndvi.png,0.228656,0.065097,0.02979,0.012953,0.696561,0.287385,-0.096356,0.111404,0.280343,0.089797,0.045767,0.016938,0.812969,0.442272,-0.284004,0.141387,0.320538,-0.471819,-0.758851,0.106696,0.465885,0.252046,0.047349,0.046236,0.299895,0.096853,0.033214,0.025727
Gujarat,Maize,2006,Kharif,22.3850051,71.745261,2006-07-01,2006-10-28,6,Landsat 5/7 SR,0.6,0.05,datasets\test_images\2006\rgb\gujarat_2006_maize_kharif_rgb.png,datasets\test_images\2006\ndvi\gujarat_2006_maize_kharif_ndvi.png,0.267046,0.059118,0.030505,0.013454,0.812176,0.325518,-0.103349,0.126452,0.324439,0.083151,0.04607,0.016567,0.841954,0.489831,-0.24454,0.152201,0.262143,-0.510547,-0.769799,0.11065,0.507094,0.26363,0.056052,0.052397,0.350206,0.08826,0.034822,0.026473
Gujarat,Maize,2007,Kharif,22.3850051,71.745261,2007-07-01,2007-10-28,7,Landsat 5/7 SR,0.6,0.05,datasets\test_images\2007\rgb\gujarat_2007_maize_kharif_rgb.png,datasets\test_images\2007\ndvi\gujarat_2007_maize_kharif_ndvi.png,0.3082,0.06338,0.03111,0.014526,0.704935,0.333338,-0.155571,0.104215,0.381556,0.091457,0.039607,0.018609,0.818883,0.487958,-0.436159,0.131984,0.367246,-0.49645,-0.755603,0.10515,0.465555,0.274811,0.044255,0.046824,0.401893,0.092714,0.032403,0.023772
Gujarat,Maize,2008,Kharif,22.3850051,71.745261,2008-07-01,2008-10-28,13,Landsat 5/7 SR,0.6,0.05,datasets\test_images\2008\rgb\gujarat_2008_maize_kharif_rgb.png,datasets\test_images\2008\ndvi\gujarat_2008_maize_kharif_ndvi.png,0.317151,0.061317,0.036692,0.011704,0.664131,0.264813,-0.108547,0.084041,0.406526,0.087077,0.050855,0.016127,0.783581,0.430432,-0.260684,0.11649,0.267963,-0.454107,-0.718492,0.092244,0.456164,0.231824,0.050401,0.036672,0.404986,0.092293,0.04145,0.021977
Gujarat,Maize,2009,Kharif,22.3850051,71.745261,2009-07-01,2009-10-28,15,Landsat 5/7 SR,0.6,0.05,datasets\test_images\2009\rgb\gujarat_2009_maize_kharif_rgb.png,datasets\test_images\2009\ndvi\gujarat_2009_maize_kharif_ndvi.png,0.287245,0.073096,0.049398,0.011896,0.703668,0.187026,-0.033579,0.076199,0.36166,0.098127,0.064688,0.01753,0.758726,0.302046,-0.066953,0.103008,0.140508,-0.373738,-0.7041,0.079028,0.466064,0.217563,0.063808,0.038022,0.396709,0.115914,0.060865,0.023595
Gujarat,Maize,2010,Kharif,22.3850051,71.745261,2010-07-01,2010-10-28,5,Landsat 5/7 SR,0.6,0.05,datasets\test_images\2010\rgb\gujarat_2010_maize_kharif_rgb.png,datasets\test_images\2010\ndvi\gujarat_2010_maize_kharif_ndvi.png,0.264241,0.063979,0.032939,0.014309,0.759534,0.300632,-0.10417,0.11367,0.323504,0.08393,0.0475,0.016832,0.81619,0.453178,-0.239321,0.14117,0.128903,-0.502082,-0.758527,0.099577,0.47628,0.257014,0.06411,0.046046,0.367834,0.095734,0.041835,0.026937
Gujarat,Maize,2010,Rabi,22.3850051,71.745261,2010-11-01,2011-04-28,25,Landsat 5/7 SR,0.6,0.05,datasets\test_images\2010\rgb\gujarat_2010_maize_rabi_rgb.png,datasets\test_images\2010\ndvi\gujarat_2010_maize_rabi_ndvi.png,0.254231,0.062127,0.038425,0.012311,0.658842,0.215966,-0.090355,0.085111,0.309671,0.082356,0.050333,0.016687,0.801936,0.370936,-0.207912,0.131982,0.140248,-0.437208,-0.754766,0.102438,0.404807,0.216231,0.054114,0.033547,0.353094,0.09585,0.042715,0.024105
Gujarat,Rice,1997,Kharif,22.3850051,71.745261,1997-07-01,1997-10-28,12,Landsat 5/7 SR,0.6,0.05,datasets\test_images\1997\rgb\gujarat_1997_rice_kharif_rgb.png,datasets\test_images\1997\ndvi\gujarat_1997_rice_kharif_ndvi.png,0.22955,0.06704,0.039415,0.012977,0.781747,0.236745,-0.093751,0.094692,0.256858,0.094648,0.054595,0.017151,0.804776,0.37896,-0.198466,0.121647,0.15864,-0.411726,-0.755522,0.095999,0.523772,0.22788,0.060356,0.044457,0.275722,0.102906,0.043678,0.023962
Gujarat,Rice,1998,Kharif,22.3850051,71.745261,1998-07-01,1998-10-28,2,Landsat 5/7 SR,0.6,0.05,datasets\test_images\1998\rgb\gujarat_1998_rice_rgb.png,datasets\test_images\1998\ndvi\gujarat_1998_rice_ndvi.png,0.283863,0.061354,0.02352,0.016701,0.764308,0.249378,-0.110759,0.089843,0.316367,0.089941,0.030285,0.021935,0.837029,0.411246,-0.255831,0.120316,0.174868,-0.431931,-0.751762,0.095361,0.508799,0.229181,0.051955,0.048491,0.325855,0.095252,0.025637,0.027851
Gujarat,Rice,1999,Kharif,22.3850051,71.745261,1999-07-01,1999-10-28,12,Landsat 5/7 SR,0.6,0.05,datasets\test_images\1999\rgb\gujarat_1999_rice_kharif_rgb.png,datasets\test_images\1999\ndvi\gujarat_1999_rice_kharif_ndvi.png,0.214535,0.065049,0.041546,0.011618,0.716965,0.211614,-0.097783,0.080473,0.253901,0.089764,0.054691,0.016613,0.781356,0.353477,-0.220913,0.112837,0.192768,-0.403256,-0.719493,0.085088,0.461554,0.213955,0.081641,0.036296,0.276699,0.101948,0.047954,0.023569
Gujarat,Rice,2000,Kharif,22.3850051,71.745261,2000-07-01,2000-10-28,18,Landsat 5/7 SR,0.6,0.05,datasets\test_images\2000\rgb\gujarat_2000_rice_kharif_rgb.png,datasets\test_images\2000\ndvi\gujarat_2000_rice_kharif_ndvi.png,0.24594,0.073063,0.048215,0.011828,0.555312,0.165243,-0.042925,0.061419,0.300638,0.100726,0.06499,0.017269,0.667953,0.279825,-0.081859,0.08943,-0.051384,-0.350718,-0.630502,0.067445,0.40082,0.205615,0.107093,0.03451,0.315969,0.116753,0.063134,0.02383
Gujarat,Rice,2000,Summer,22.3850051,71.745261,2000-03-01,2000-06-28,18,Landsat 5/7 SR,0.6,0.05,datasets\test_images\2000\rgb\gujarat_2000_rice_summer_rgb.png,datasets\test_images\2000\ndvi\gujarat_2000_rice_summer_ndvi.png,0.210066,0.081258,0.053605,0.014083,0.495427,0.070183,0.011573,0.023985,0.274224,0.109215,0.069005,0.02113,0.603724,0.124914,0.017278,0.03328,-0.077896,-0.230561,-0.61307,0.032978,0.386328,0.176186,0.103352,0.035555,0.297599,0.136272,0.07577,0.026698
Gujarat,Rice,2001,Kharif,22.3850051,71.745261,2001-07-01,2001-10-28,8,Landsat 5/7 SR,0.6,0.05,datasets\test_images\2001\rgb\gujarat_2001_rice_kharif_rgb.png,datasets\test_images\2001\ndvi\gujarat_2001_rice_kharif_ndvi.png,0.211647,0.076673,0.033695,0.018251,0.679423,0.245334,-0.04997,0.074507,0.254273,0.104699,0.045245,0.022928,0.77658,0.368187,-0.092887,0.102005,0.09139,-0.408818,-0.700383,0.081061,0.451145,0.249418,0.054017,0.039881,0.276823,0.115328,0.041423,0.027983
Gujarat,Rice,2002,Kharif,22.3850051,71.745261,2002-07-01,2002-10-28,13,Landsat 5/7 SR,0.6,0.05,datasets\test_images\2002\rgb\gujarat_2002_rice_kharif_rgb.png,datasets\test_images\2002\ndvi\gujarat_2002_rice_kharif_ndvi.png,0.212913,0.081399,0.038686,0.018578,0.6342,0.152961,-0.100449,0.064135,0.254286,0.107318,0.053371,0.022004,0.758963,0.251486,-0.193828,0.104248,0.158291,-0.325381,-0.695774,0.089937,0.427179,0.21085,0.064192,0.033217,0.279765,0.125894,0.05157,0.028175
Gujarat,Rice,2003,Kharif,22.3850051,71.745261,2003-07-01,2003-10-28,4,Landsat 5/7 SR,0.6,0.05,datasets\test_images\2003\rgb\gujarat_2003_rice_rgb.png,datasets\test_images\2003\ndvi\gujarat_2003_rice_ndvi.png,0.242475,0.058978,0.03001,0.013687,0.781899,0.269687,-0.145941,0.113285,0.282061,0.084339,0.037463,0.016651,0.834624,0.432159,-0.322782,0.147808,0.310467,-0.46914,-0.761883,0.108152,0.499655,0.238689,0.03991,0.047334,0.289775,0.093009,0.02913,0.025427
Gujarat,Rice,2003,Summer,22.3850051,71.745261,2003-03-01,2003-06-28,4,Landsat 5/7 SR,0.6,0.05,datasets\test_images\2003\rgb\gujarat_2003_rice_rgb.png,datasets\test_images\2003\ndvi\gujarat_2003_rice_ndvi.png,0.192796,0.084923,0.059641,0.01352,0.422842,0.067569,0.010967,0.019839,0.236054,0.109689,0.07093,0.020349,0.539209,0.11877,0.015467,0.028229,-0.085627,-0.240587,-0.556495,0.030524,0.349175,0.181561,0.113362,0.033775,0.274361,0.14265,0.090372,0.026988
Gujarat,Rice,2004,Kharif,22.3850051,71.745261,2004-07-01,2004-10-28,8,Landsat 5/7 SR,0.6,0.05,datasets\test_images\2004\rgb\gujarat_2004_rice_rgb.png,datasets\test_images\2004\ndvi\gujarat_2004_rice_ndvi.png,0.212431,0.070945,0.03661,0.0114,0.896924,0.239376,-0.114406,0.093368,0.228739,0.094314,0.042742,0.016035,0.768047,0.371292,-0.222041,0.117373,0.137179,-0.417381,-0.70848,0.088092,0.543174,0.23318,0.064014,0.043524,0.276451,0.105388,0.042577,0.023411
Gujarat,Rice,2004,Summer,22.3850051,71.745261,2004-03-01,2004-06-28,7,Landsat 5/7 SR,0.6,0.05,datasets\test_images\2004\rgb\gujarat_2004_rice_rgb.png,datasets\test_images\2004\ndvi\gujarat_2004_rice_ndvi.png,0.218687,0.085321,0.047198,0.014227,0.439336,0.073191,0.000433,0.021096,0.252925,0.110249,0.0607,0.02102,0.623787,0.112166,0.000504,0.02937,-0.069305,-0.226241,-0.652998,0.034066,0.371395,0.191906,0.10998,0.040446,0.296897,0.143868,0.075522,0.029049
Gujarat,Rice,2005,Kharif,22.3850051,71.745261,2005-07-01,2005-10-28,6,Landsat 5/7 SR,0.6,0.05,datasets\test_images\2005\rgb\gujarat_2005_rice_rgb.png,datasets\test_images\2005\ndvi\gujarat_2005_rice_ndvi.png,0.228656,0.065097,0.02979,0.012953,0.696561,0.287385,-0.096356,0.111404,0.280343,0.089797,0.045767,0.016938,0.812969,0.442272,-0.284004,0.141387,0.320538,-0.471819,-0.758851,0.106696,0.465885,0.252046,0.047349,0.046236,0.299895,0.096853,0.033214,0.025727
Gujarat,Rice,2005,Summer,22.3850051,71.745261,2005-03-01,2005-06-28,15,Landsat 5/7 SR,0.6,0.05,datasets\test_images\2005\rgb\gujarat_2005_rice_rgb.png,datasets\test_images\2005\ndvi\gujarat_2005_rice_ndvi.png,0.203906,0.08049,0.053137,0.012725,0.481422,0.07797,0.015642,0.027824,0.261862,0.105839,0.067547,0.019727,0.617455,0.137432,0.018604,0.039673,-0.090141,-0.262565,-0.603686,0.038643,0.365249,0.18286,0.107464,0.035818,0.2972,0.137478,0.077475,0.026341
Gujarat,Rice,2006,Kharif,22.3850051,71.745261,2006-07-01,2006-10-28,6,Landsat 5/7 SR,0.6,0.05,datasets\test_images\2006\rgb\gujarat_2006_rice_kharif_rgb.png,datasets\test_images\2006\ndvi\gujarat_2006_rice_kharif_ndvi.png,0.267046,0.059118,0.030505,0.013454,0.812176,0.325518,-0.103349,0.126452,0.324439,0.083151,0.04607,0.016567,0.841954,0.489831,-0.24454,0.152201,0.262143,-0.510547,-0.769799,0.11065,0.507094,0.26363,0.056052,0.052397,0.350206,0.08826,0.034822,0.026473
Gujarat,Rice,2007,Kharif,22.3850051,71.745261,2007-07-01,2007-10-28,7,Landsat 5/7 SR,0.6,0.05,datasets\test_images\2007\rgb\gujarat_2007_rice_kharif_rgb.png,datasets\test_images\2007\ndvi\gujarat_2007_rice_kharif_ndvi.png,0.3082,0.06338,0.03111,0.014526,0.704935,0.333338,-0.155571,0.104215,0.381556,0.091457,0.039607,0.018609,0.818883,0.487958,-0.436159,0.131984,0.367246,-0.49645,-0.755603,0.10515,0.465555,0.274811,0.044255,0.046824,0.401893,0.092714,0.032403,0.023772
Gujarat,Rice,2008,Kharif,22.3850051,71.745261,2008-07-01,2008-10-28,13,Landsat 5/7 SR,0.6,0.05,datasets\test_images\2008\rgb\gujarat_2008_rice_kharif_rgb.png,datasets\test_images\2008\ndvi\gujarat_2008_rice_kharif_ndvi.png,0.317151,0.061317,0.036692,0.011704,0.664131,0.264813,-0.108547,0.084041,0.406526,0.087077,0.050855,0.016127,0.783581,0.430432,-0.260684,0.11649,0.267963,-0.454107,-0.718492,0.092244,0.456164,0.231824,0.050401,0.036672,0.404986,0.092293,0.04145,0.021977
Gujarat,Rice,2009,Kharif,22.3850051,71.745261,2009-07-01,2009-10-28,15,Landsat 5/7 SR,0.6,0.05,datasets\test_images\2009\rgb\gujarat_2009_rice_kharif_rgb.png,datasets\test_images\2009\ndvi\gujarat_2009_rice_kharif_ndvi.png,0.287245,0.073096,0.049398,0.011896,0.703668,0.187026,-0.033579,0.076199,0.36166,0.098127,0.064688,0.01753,0.758726,0.302046,-0.066953,0.103008,0.140508,-0.373738,-0.7041,0.079028,0.466064,0.217563,0.063808,0.038022,0.396709,0.115914,0.060865,0.023595
Gujarat,Rice,2010,Kharif,22.3850051,71.745261,2010-07-01,2010-10-28,5,Landsat 5/7 SR,0.6,0.05,datasets\test_images\2010\rgb\gujarat_2010_rice_kharif_rgb.png,datasets\test_images\2010\ndvi\gujarat_2010_rice_kharif_ndvi.png,0.264241,0.063979,0.032939,0.014309,0.759534,0.300632,-0.10417,0.11367,0.323504,0.08393,0.0475,0.016832,0.81619,0.453178,-0.239321,0.14117,0.128903,-0.502082,-0.758527,0.099577,0.47628,0.257014,0.06411,0.046046,0.367834,0.095734,0.041835,0.026937
Gujarat,Rice,2011,Kharif,22.3850051,71.745261,2011-07-01,2011-10-28,3,Landsat 5/7 SR,0.6,0.05,datasets\test_images\2011\rgb\gujarat_2011_rice_kharif_rgb.png,datasets\test_images\2011\ndvi\gujarat_2011_rice_kharif_ndvi.png,0.344335,0.055703,0.021457,0.020447,0.814897,0.382287,-0.106924,0.108473,0.378958,0.083382,0.03265,0.023271,0.860407,0.562829,-0.305686,0.132953,0.292182,-0.540731,-0.770136,0.105641,0.540382,0.283533,0.059614,0.05351,0.392487,0.078409,0.024097,0.02717
Gujarat,Rice,2012,Kharif,22.3850051,71.745261,2012-07-01,2012-10-28,6,Landsat 5/7 SR,0.6,0.05,datasets\test_images\2012\rgb\gujarat_2012_rice_kharif_rgb.png,datasets\test_images\2012\ndvi\gujarat_2012_rice_kharif_ndvi.png,0.297406,0.057438,0.035579,0.011461,0.782828,0.286995,-0.085073,0.091984,0.346439,0.08231,0.051034,0.015538,0.826994,0.461868,-0.195937,0.116936,0.139566,-0.486138,-0.744432,0.084941,0.512924,0.241803,0.053192,0.045265,0.375919,0.087964,0.041794,0.02243
Gujarat,Rice,2013,Kharif,22.3850051,71.745261,2013-07-01,2013-10-28,9,Landsat 8 SR,0.6,0.05,datasets\test_images\2013\rgb\gujarat_2013_rice_kharif_rgb.png,datasets\test_images\2013\ndvi\gujarat_2013_rice_kharif_ndvi.png,0.267981,0.042738,-0.013481,0.011126,0.758454,0.381526,-0.106814,0.113577,0.348034,0.080002,0.037077,0.015064,0.842628,0.582365,-0.300248,0.139347,0.319739,-0.560983,-0.765613,0.107312,0.540534,0.293182,0.029914,0.055162,0.375108,0.074898,0.024565,0.022549
Gujarat,Rice,2014,Kharif,22.3850051,71.745261,2014-07-01,2014-10-28,11,Landsat 8 SR,0.6,0.05,datasets\test_images\2014\rgb\gujarat_2014_rice_kharif_rgb.png,datasets\test_images\2014\ndvi\gujarat_2014_rice_kharif_ndvi.png,0.300211,0.044971,-0.002509,0.011909,0.802223,0.335943,-0.113507,0.119821,0.382326,0.080008,0.034107,0.01593,0.846748,0.534678,-0.409888,0.146443,0.363657,-0.535407,-0.765748,0.109758,0.551052,0.269932,0.049164,0.056943,0.414598,0.080342,0.025555,0.024262
Gujarat,Rice,2015,Kharif,22.3850051,71.745261,2015-07-01,2015-10-28,12,Landsat 8 SR,0.6,0.05,datasets\test_images\2015\rgb\gujarat_2015_rice_kharif_rgb.png,datasets\test_images\2015\ndvi\gujarat_2015_rice_kharif_ndvi.png,0.274265,0.048972,0.015119,0.012423,0.705776,0.307145,-0.053027,0.114162,0.327024,0.084087,0.04145,0.015428,0.833194,0.491548,-0.145797,0.142142,0.194834,-0.511465,-0.765659,0.100357,0.481739,0.262415,0.046125,0.051621,0.371546,0.088838,0.038672,0.025124
Gujarat,Rice,2016,Kharif,22.3850051,71.745261,2016-07-01,2016-10-28,8,Landsat 8 SR,0.6,0.05,datasets\test_images\2016\rgb\gujarat_2016_rice_kharif_rgb.png,datasets\test_images\2016\ndvi\gujarat_2016_rice_kharif_ndvi.png,0.237291,0.041377,0.01483,0.01014,0.720566,0.341162,-0.074918,0.097125,0.320025,0.075767,0.048325,0.013158,0.844165,0.557009,-0.216981,0.125578,0.260892,-0.543845,-0.762205,0.098663,0.495379,0.263686,0.05751,0.047219,0.356985,0.073075,0.035991,0.020007
Gujarat,Rice,2018,Kharif,22.3850051,71.745261,2018-07-01,2018-10-28,8,Sentinel-2 SR,0.6,0.05,datasets\test_images\2018\rgb\gujarat_2018_rice_kharif_rgb.png,datasets\test_images\2018\ndvi\gujarat_2018_rice_kharif_ndvi.png,0.445,0.053885,0.01655,0.022388,0.861231,0.309101,-0.15507,0.132057,0.47665,0.083882,0.03195,0.024473,0.903445,0.48608,-0.391168,0.180023,0.497512,-0.516725,-0.812881,0.123603,0.5743,0.266181,0.012,0.053498,0.50365,0.091841,0.0182,0.039149
Gujarat,Rice,2019,Kharif,22.3850051,71.745261,2019-07-01,2019-10-28,21,Sentinel-2 SR,0.6,0.05,datasets\test_images\2019\rgb\gujarat_2019_rice_kharif_rgb.png,datasets\test_images\2019\ndvi\gujarat_2019_rice_kharif_ndvi.png,0.4335,0.064375,0.0311,0.019709,1.25621,0.421726,-0.141209,0.172339,0.4573,0.089736,0.04835,0.019775,0.882306,0.575978,-0.329598,0.193057,0.466142,-0.516779,-0.780309,0.149964,0.5654,0.290945,0.029,0.070027,0.4657,0.075527,0.0244,0.030572
Haryana,Maize,1997,Kharif,29.0,76.0,1997-07-01,1997-10-28,5,Landsat 5/7 SR,0.6,0.05,datasets\test_images\1997\rgb\haryana_1997_maize_rgb.png,datasets\test_images\1997\ndvi\haryana_1997_maize_ndvi.png,0.22295,0.095747,0.062831,0.013598,0.697868,0.296717,0.013124,0.116208,0.262234,0.132782,0.082934,0.019444,0.730628,0.366945,0.025915,0.128778,0.018781,-0.391569,-0.672925,0.091887,0.478618,0.315517,0.101208,0.038885,0.278514,0.14083,0.067795,0.03176
Haryana,Maize,1998,Kharif,29.0,76.0,1998-07-01,1998-10-28,2,Landsat 5/7 SR,0.6,0.05,datasets\test_images\1998\rgb\haryana_1998_maize_rgb.png,datasets\test_images\1998\ndvi\haryana_1998_maize_ndvi.png,0.196069,0.083205,0.045767,0.020201,0.867187,0.390758,0.047099,0.125684,0.246957,0.126915,0.075082,0.026679,0.758903,0.479887,0.075129,0.137756,-0.120758,-0.469767,-0.696219,0.102019,0.668216,0.353033,0.133713,0.043153,0.280178,0.124748,0.057098,0.038714
Haryana,Maize,1999,Kharif,29.0,76.0,1999-07-01,1999-10-28,3,Landsat 5/7 SR,0.6,0.05,datasets\test_images\1999\rgb\haryana_1999_maize_kharif_rgb.png,datasets\test_images\1999\ndvi\haryana_1999_maize_kharif_ndvi.png,0.165832,0.102403,0.071727,0.011147,0.609077,0.170247,0.004919,0.067301,0.239945,0.145045,0.097,0.017378,0.640326,0.23429,0.007004,0.084916,-0.053756,-0.293976,-0.589715,0.058901,0.444132,0.284059,0.129532,0.021361,0.299262,0.165446,0.088695,0.027311
Haryana,Maize,2000,Kharif,29.0,76.0,2000-07-01,2000-10-28,3,Landsat 5/7 SR,0.6,0.05,datasets\test_images\2000\rgb\haryana_2000_maize_kharif_rgb.png,datasets\test_images\2000\ndvi\haryana_2000_maize_kharif_ndvi.png,0.183405,0.081459,0.042096,0.019864,0.720577,0.331649,-0.014084,0.124095,0.253117,0.121456,0.060947,0.02794,0.745437,0.423316,-0.02292,0.146709,-0.056569,-0.453664,-0.696816,0.099739,0.494815,0.33517,0.112593,0.039062,0.314003,0.135179,0.050113,0.044576
Haryana,Maize,2001,Kharif,29.0,76.0,2001-07-01,2001-10-28,4,Landsat 5/7 SR,0.6,0.05,datasets\test_images\2001\rgb\haryana_2001_maize_kharif_rgb.png,datasets\test_images\2001\ndvi\haryana_2001_maize_kharif_ndvi.png,0.156634,0.088925,0.059682,0.011688,0.699144,0.338954,0.007228,0.106351,0.229605,0.130081,0.089052,0.014889,0.71825,0.431679,0.012054,0.112964,-0.031732,-0.44755,-0.663621,0.078536,0.515,0.322635,0.132833,0.039453,0.278253,0.136659,0.075165,0.026844
Haryana,Maize,2002,Kharif,29.0,76.0,2002-07-01,2002-10-28,5,Landsat 5/7 SR,0.6,0.05,datasets\test_images\2002\rgb\haryana_2002_maize_kharif_rgb.png,datasets\test_images\2002\ndvi\haryana_2002_maize_kharif_ndvi.png,0.168665,0.086056,0.037765,0.019641,0.686312,0.27995,0.028525,0.125723,0.246243,0.126992,0.055365,0.026683,0.773451,0.374231,0.065536,0.156028,-0.082208,-0.41834,-0.709929,0.108904,0.463053,0.314012,0.110475,0.032222,0.298878,0.141603,0.04519,0.042544
Haryana,Maize,2003,Kharif,29.0,76.0,2003-07-01,2003-10-28,2,Landsat 5/7 SR,0.6,0.05,datasets\test_images\2003\rgb\haryana_2003_maize_rgb.png,datasets\test_images\2003\ndvi\haryana_2003_maize_ndvi.png,0.179693,0.109395,0.028938,0.025738,0.769872,0.270987,-0.026831,0.122923,0.221218,0.137482,0.052835,0.023328,0.810611,0.3346,-0.058348,0.148934,0.060999,-0.353654,-0.743463,0.116546,0.479855,0.290608,0.114105,0.037572,0.266895,0.144658,0.038892,0.034434
Haryana,Maize,2004,Kharif,29.0,76.0,2004-07-01,2004-10-28,5,Landsat 5/7 SR,0.6,0.05,datasets\test_images\2004\rgb\haryana_2004_maize_rgb.png,datasets\test_images\2004\ndvi\haryana_2004_maize_ndvi.png,0.174302,0.101734,0.03265,0.025613,0.75494,0.296477,-0.004165,0.135795,0.233482,0.141225,0.047115,0.029691,0.819206,0.364259,-0.01216,0.159998,0.000757,-0.392962,-0.743924,0.118512,0.509583,0.330181,0.080968,0.039301,0.274458,0.153244,0.043623,0.044111
Haryana,Maize,2005,Kharif,29.0,76.0,2005-07-01,2005-10-28,6,Landsat 5/7 SR,0.6,0.05,datasets\test_images\2005\rgb\haryana_2005_maize_rgb.png,datasets\test_images\2005\ndvi\haryana_2005_maize_ndvi.png,0.15398,0.094454,0.062515,0.012251,0.595099,0.308723,0.044615,0.091083,0.223473,0.134737,0.090647,0.015716,0.724075,0.381408,0.085163,0.101986,-0.126622,-0.401063,-0.653864,0.070065,0.435525,0.322314,0.131898,0.029921,0.26739,0.141699,0.075908,0.026315
Haryana,Maize,2006,Kharif,29.0,76.0,2006-07-01,2006-10-28,4,Landsat 5/7 SR,0.6,0.05,datasets\test_images\2006\rgb\haryana_2006_maize_kharif_rgb.png,datasets\test_images\2006\ndvi\haryana_2006_maize_kharif_ndvi.png,0.166369,0.089885,0.035675,0.015442,0.756342,0.331501,0.029552,0.127668,0.225645,0.128272,0.047775,0.020639,0.817929,0.415289,0.040938,0.141221,-0.048873,-0.445323,-0.742808,0.097561,0.505925,0.329773,0.088778,0.040624,0.27982,0.138169,0.035043,0.035263
Haryana,Maize,2007,Kharif,29.0,76.0,2007-07-01,2007-10-28,3,Landsat 5/7 SR,0.6,0.05,datasets\test_images\2007\rgb\haryana_2007_maize_kharif_rgb.png,datasets\test_images\2007\ndvi\haryana_2007_maize_kharif_ndvi.png,0.163165,0.099875,0.036362,0.015818,0.700784,0.364569,0.02393,0.104542,0.223225,0.135175,0.052368,0.018,0.8076,0.435681,0.029317,0.110572,-0.048336,-0.440838,-0.736589,0.080401,0.522617,0.33362,0.127387,0.039647,0.265905,0.136606,0.036747,0.026946
Haryana,Maize,2008,Kharif,29.0,76.0,2008-07-01,2008-10-28,7,Landsat 5/7 SR,0.6,0.05,datasets\test_images\2008\rgb\haryana_2008_maize_kharif_rgb.png,datasets\test_images\2008\ndvi\haryana_2008_maize_kharif_ndvi.png,0.162065,0.097406,0.048517,0.015156,0.650876,0.284927,0.027048,0.089054,0.2532,0.137146,0.068263,0.017292,0.719946,0.358183,0.061674,0.104867,-0.054462,-0.378891,-0.658021,0.076568,0.464097,0.307432,0.108069,0.032801,0.288483,0.144179,0.059559,0.0259
Haryana,Maize,2009,Kharif,29.0,76.0,2009-07-01,2009-10-28,12,Landsat 5/7 SR,0.6,0.05,datasets\test_images\2009\rgb\haryana_2009_maize_kharif_rgb.png,datasets\test_images\2009\ndvi\haryana_2009_maize_kharif_ndvi.png,0.181067,0.086964,0.039676,0.018107,0.723132,0.314067,0.057504,0.124951,0.242241,0.126789,0.060645,0.025134,0.775316,0.403032,0.071347,0.149093,-0.082029,-0.427419,-0.703583,0.108682,0.495173,0.318395,0.115287,0.036088,0.277304,0.135753,0.047005,0.038593
Haryana,Maize,2010,Kharif,29.0,76.0,2010-07-01,2010-10-28,10,Landsat 5/7 SR,0.6,0.05,datasets\test_images\2010\rgb\haryana_2010_maize_kharif_rgb.png,datasets\test_images\2010\ndvi\haryana_2010_maize_kharif_ndvi.png,0.191792,0.08658,0.043568,0.016151,0.760133,0.326125,0.027552,0.131463,0.249048,0.126972,0.06147,0.020686,0.780559,0.419917,0.08036,0.152304,-0.05064,-0.436817,-0.710739,0.108873,0.505375,0.318015,0.098925,0.039688,0.279902,0.130449,0.048545,0.034122
Haryana,Rice,1997,Kharif,29.0,76.0,1997-07-01,1997-10-28,5,Landsat 5/7 SR,0.6,0.05,datasets\test_images\1997\rgb\haryana_1997_rice_rgb.png,datasets\test_images\1997\ndvi\haryana_1997_rice_ndvi.png,0.22295,0.095747,0.062831,0.013598,0.697868,0.296717,0.013124,0.116208,0.262234,0.132782,0.082934,0.019444,0.730628,0.366945,0.025915,0.128778,0.018781,-0.391569,-0.672925,0.091887,0.478618,0.315517,0.101208,0.038885,0.278514,0.14083,0.067795,0.03176
Haryana,Rice,1998,Kharif,29.0,76.0,1998-07-01,1998-10-28,2,Landsat 5/7 SR,0.6,0.05,datasets\test_images\1998\rgb\haryana_1998_rice_rgb.png,datasets\test_images\1998\ndvi\haryana_1998_rice_ndvi.png,0.196069,0.083205,0.045767,0.020201,0.867187,0.390758,0.047099,0.125684,0.246957,0.126915,0.075082,0.026679,0.758903,0.479887,0.075129,0.137756,-0.120758,-0.469767,-0.696219,0.102019,0.668216,0.353033,0.133713,0.043153,0.280178,0.124748,0.057098,0.038714
Haryana,Rice,1999,Kharif,29.0,76.0,1999-07-01,1999-10-28,3,Landsat 5/7 SR,0.6,0.05,datasets\test_images\1999\rgb\haryana_1999_rice_kharif_rgb.png,datasets\test_images\1999\ndvi\haryana_1999_rice_kharif_ndvi.png,0.165832,0.102403,0.071727,0.011147,0.609077,0.170247,0.004919,0.067301,0.239945,0.145045,0.097,0.017378,0.640326,0.23429,0.007004,0.084916,-0.053756,-0.293976,-0.589715,0.058901,0.444132,0.284059,0.129532,0.021361,0.299262,0.165446,0.088695,0.027311
Haryana,Rice,2000,Kharif,29.0,76.0,2000-07-01,2000-10-28,3,Landsat 5/7 SR,0.6,0.05,datasets\test_images\2000\rgb\haryana_2000_rice_kharif_rgb.png,datasets\test_images\2000\ndvi\haryana_2000_rice_kharif_ndvi.png,0.183405,0.081459,0.042096,0.019864,0.720577,0.331649,-0.014084,0.124095,0.253117,0.121456,0.060947,0.02794,0.745437,0.423316,-0.02292,0.146709,-0.056569,-0.453664,-0.696816,0.099739,0.494815,0.33517,0.112593,0.039062,0.314003,0.135179,0.050113,0.044576
Haryana,Rice,2001,Kharif,29.0,76.0,2001-07-01,2001-10-28,4,Landsat 5/7 SR,0.6,0.05,datasets\test_images\2001\rgb\haryana_2001_rice_kharif_rgb.png,datasets\test_images\2001\ndvi\haryana_2001_rice_kharif_ndvi.png,0.156634,0.088925,0.059682,0.011688,0.699144,0.338954,0.007228,0.106351,0.229605,0.130081,0.089052,0.014889,0.71825,0.431679,0.012054,0.112964,-0.031732,-0.44755,-0.663621,0.078536,0.515,0.322635,0.132833,0.039453,0.278253,0.136659,0.075165,0.026844
Haryana,Rice,2002,Kharif,29.0,76.0,2002-07-01,2002-10-28,5,Landsat 5/7 SR,0.6,0.05,datasets\test_images\2002\rgb\haryana_2002_rice_kharif_rgb.png,datasets\test_images\2002\ndvi\haryana_2002_rice_kharif_ndvi.png,0.168665,0.086056,0.037765,0.019641,0.686312,0.27995,0.028525,0.125723,0.246243,0.126992,0.055365,0.026683,0.773451,0.374231,0.065536,0.156028,-0.082208,-0.41834,-0.709929,0.108904,0.463053,0.314012,0.110475,0.032222,0.298878,0.141603,0.04519,0.042544
Haryana,Rice,2003,Kharif,29.0,76.0,2003-07-01,2003-10-28,2,Landsat 5/7 SR,0.6,0.05,datasets\test_images\2003\rgb\haryana_2003_rice_rgb.png,datasets\test_images\2003\ndvi\haryana_2003_rice_ndvi.png,0.179693,0.109395,0.028938,0.025738,0.769872,0.270987,-0.026831,0.122923,0.221218,0.137482,0.052835,0.023328,0.810611,0.3346,-0.058348,0.148934,0.060999,-0.353654,-0.743463,0.116546,0.479855,0.290608,0.114105,0.037572,0.266895,0.144658,0.038892,0.034434
Haryana,Rice,2004,Kharif,29.0,76.0,2004-07-01,2004-10-28,5,Landsat 5/7 SR,0.6,0.05,datasets\test_images\2004\rgb\haryana_2004_rice_rgb.png,datasets\test_images\2004\ndvi\haryana_2004_rice_ndvi.png,0.174302,0.101734,0.03265,0.025613,0.75494,0.296477,-0.004165,0.135795,0.233482,0.141225,0.047115,0.029691,0.819206,0.364259,-0.01216,0.159998,0.000757,-0.392962,-0.743924,0.118512,0.509583,0.330181,0.080968,0.039301,0.274458,0.153244,0.043623,0.044111
Haryana,Rice,2005,Kharif,29.0,76.0,2005-07-01,2005-10-28,6,Landsat 5/7 SR,0.6,0.05,datasets\test_images\2005\rgb\haryana_2005_rice_rgb.png,datasets\test_images\2005\ndvi\haryana_2005_rice_ndvi.png,0.15398,0.094454,0.062515,0.012251,0.595099,0.308723,0.044615,0.091083,0.223473,0.134737,0.090647,0.015716,0.724075,0.381408,0.085163,0.101986,-0.126622,-0.401063,-0.653864,0.070065,0.435525,0.322314,0.131898,0.029921,0.26739,0.141699,0.075908,0.026315
Haryana,Rice,2006,Kharif,29.0,76.0,2006-07-01,2006-10-28,4,Landsat 5/7 SR,0.6,0.05,datasets\test_images\2006\rgb\haryana_2006_rice_kharif_rgb.png,datasets\test_images\2006\ndvi\haryana_2006_rice_kharif_ndvi.png,0.166369,0.089885,0.035675,0.015442,0.756342,0.331501,0.029552,0.127668,0.225645,0.128272,0.047775,0.020639,0.817929,0.415289,0.040938,0.141221,-0.048873,-0.445323,-0.742808,0.097561,0.505925,0.329773,0.088778,0.040624,0.27982,0.138169,0.035043,0.035263
Haryana,Rice,2007,Kharif,29.0,76.0,2007-07-01,2007-10-28,3,Landsat 5/7 SR,0.6,0.05,datasets\test_images\2007\rgb\haryana_2007_rice_kharif_rgb.png,datasets\test_images\2007\ndvi\haryana_2007_rice_kharif_ndvi.png,0.163165,0.099875,0.036362,0.015818,0.700784,0.364569,0.02393,0.104542,0.223225,0.135175,0.052368,0.018,0.8076,0.435681,0.029317,0.110572,-0.048336,-0.440838,-0.736589,0.080401,0.522617,0.33362,0.127387,0.039647,0.265905,0.136606,0.036747,0.026946
Haryana,Rice,2008,Kharif,29.0,76.0,2008-07-01,2008-10-28,7,Landsat 5/7 SR,0.6,0.05,datasets\test_images\2008\rgb\haryana_2008_rice_kharif_rgb.png,datasets\test_images\2008\ndvi\haryana_2008_rice_kharif_ndvi.png,0.162065,0.097406,0.048517,0.015156,0.650876,0.284927,0.027048,0.089054,0.2532,0.137146,0.068263,0.017292,0.719946,0.358183,0.061674,0.104867,-0.054462,-0.378891,-0.658021,0.076568,0.464097,0.307432,0.108069,0.032801,0.288483,0.144179,0.059559,0.0259
Haryana,Rice,2009,Kharif,29.0,76.0,2009-07-01,2009-10-28,12,Landsat 5/7 SR,0.6,0.05,datasets\test_images\2009\rgb\haryana_2009_rice_kharif_rgb.png,datasets\test_images\2009\ndvi\haryana_2009_rice_kharif_ndvi.png,0.181067,0.086964,0.039676,0.018107,0.723132,0.314067,0.057504,0.124951,0.242241,0.126789,0.060645,0.025134,0.775316,0.403032,0.071347,0.149093,-0.082029,-0.427419,-0.703583,0.108682,0.495173,0.318395,0.115287,0.036088,0.277304,0.135753,0.047005,0.038593
Haryana,Rice,2010,Kharif,29.0,76.0,2010-07-01,2010-10-28,10,Landsat 5/7 SR,0.6,0.05,datasets\test_images\2010\rgb\haryana_2010_rice_kharif_rgb.png,datasets\test_images\2010\ndvi\haryana_2010_rice_kharif_ndvi.png,0.191792,0.08658,0.043568,0.016151,0.760133,0.326125,0.027552,0.131463,0.249048,0.126972,0.06147,0.020686,0.780559,0.419917,0.08036,0.152304,-0.05064,-0.436817,-0.710739,0.108873,0.505375,0.318015,0.098925,0.039688,0.279902,0.130449,0.048545,0.034122
Haryana,Rice,2011,Kharif,29.0,76.0,2011-07-01,2011-10-28,6,Landsat 5/7 SR,0.6,0.05,datasets\test_images\2011\rgb\haryana_2011_rice_kharif_rgb.png,datasets\test_images\2011\ndvi\haryana_2011_rice_kharif_ndvi.png,0.18038,0.096131,0.033007,0.02426,0.783363,0.381264,0.039623,0.132312,0.23879,0.127353,0.05762,0.024089,0.819866,0.450749,0.057719,0.150694,-0.045457,-0.44004,-0.753146,0.115705,0.536615,0.33213,0.111822,0.044926,0.282213,0.123349,0.03892,0.034553
Haryana,Rice,2012,Kharif,29.0,76.0,2012-07-01,2012-10-28,3,Landsat 5/7 SR,0.6,0.05,datasets\test_images\2012\rgb\haryana_2012_rice_kharif_rgb.png,datasets\test_images\2012\ndvi\haryana_2012_rice_kharif_ndvi.png,0.165076,0.075424,0.030037,0.017254,0.819228,0.366099,-0.016901,0.170782,0.228038,0.110338,0.048545,0.022655,0.836834,0.465395,-0.037,0.186236,0.033427,-0.48939,-0.774399,0.132552,0.568158,0.331382,0.08281,0.060368,0.277524,0.118638,0.03573,0.039951
Haryana,Rice,2013,Kharif,29.0,76.0,2013-07-01,2013-10-28,6,Landsat 8 SR,0.6,0.05,datasets\test_images\2013\rgb\haryana_2013_rice_kharif_rgb.png,datasets\test_images\2013\ndvi\haryana_2013_rice_kharif_ndvi.png,0.245239,0.078416,-0.036554,0.017403,0.713545,0.275018,0.030384,0.086836,0.275723,0.132993,0.050896,0.018616,0.871121,0.38399,0.062481,0.113752,0.057055,-0.366453,-0.717047,0.078112,0.529245,0.305119,0.101125,0.040163,0.27773,0.127667,0.03023,0.029836
Haryana,Rice,2014,Kharif,29.0,76.0,2014-07-01,2014-10-28,7,Landsat 8 SR,0.6,0.05,datasets\test_images\2014\rgb\haryana_2014_rice_kharif_rgb.png,datasets\test_images\2014\ndvi\haryana_2014_rice_kharif_ndvi.png,0.204085,0.069814,0.025239,0.017648,0.692617,0.34012,0.015317,0.095285,0.289995,0.114274,0.061883,0.021053,0.794705,0.468682,0.078652,0.127567,0.019702,-0.473653,-0.701965,0.087275,0.489728,0.33042,0.077104,0.033899,0.31403,0.117088,0.04145,0.035333
Haryana,Rice,2015,Kharif,29.0,76.0,2015-07-01,2015-10-28,7,Landsat 8 SR,0.6,0.05,datasets\test_images\2015\rgb\haryana_2015_rice_kharif_rgb.png,datasets\test_images\2015\ndvi\haryana_2015_rice_kharif_ndvi.png,0.186595,0.071511,0.027232,0.018211,0.6578,0.28753,0.010668,0.099367,0.24374,0.112966,0.06356,0.020659,0.807656,0.417781,0.027098,0.144526,0.041477,-0.440697,-0.734502,0.09818,0.433476,0.285887,0.085244,0.025622,0.276575,0.11971,0.044063,0.034913
Haryana,Rice,2016,Kharif,29.0,76.0,2016-07-01,2016-10-28,6,Landsat 8 SR,0.6,0.05,datasets\test_images\2016\rgb\haryana_2016_rice_kharif_rgb.png,datasets\test_images\2016\ndvi\haryana_2016_rice_kharif_ndvi.png,0.194707,0.071059,0.02792,0.020147,0.747689,0.336169,0.025002,0.131373,0.275008,0.113357,0.046785,0.023216,0.804556,0.453635,0.000193,0.163958,0.096638,-0.471133,-0.750608,0.115175,0.523085,0.325136,0.063642,0.045957,0.285155,0.12104,0.041038,0.038936
Haryana,Rice,2017,Kharif,29.0,76.0,2017-07-01,2017-10-28,17,Sentinel-2 SR,0.6,0.05,datasets\test_images\2017\rgb\haryana_2017_rice_kharif_rgb.png,datasets\test_images\2017\ndvi\haryana_2017_rice_kharif_ndvi.png,0.45415,0.054832,0.00115,0.027818,1.641434,0.265778,-0.076657,0.147528,0.51215,0.096192,0.0168,0.032933,0.927887,0.426021,-0.184602,0.225815,0.396325,-0.486576,-0.844456,0.157083,0.4853,0.279727,0.0156,0.040394,0.52675,0.113816,0.0139,0.054361
Haryana,Rice,2018,Kharif,29.0,76.0,2018-07-01,2018-10-28,17,Sentinel-2 SR,0.6,0.05,datasets\test_images\2018\rgb\haryana_2018_rice_kharif_rgb.png,datasets\test_images\2018\ndvi\haryana_2018_rice_kharif_ndvi.png,0.446,0.05219,0.0,0.025915,1.303073,0.281345,-0.236107,0.13726,0.5006,0.094072,0.01435,0.031111,0.916211,0.449139,-0.383188,0.205994,0.426943,-0.490902,-0.845653,0.150216,0.5489,0.278567,0.0309,0.050564,0.51895,0.106412,0.0176,0.048295
Haryana,Rice,2019,Kharif,29.0,76.0,2019-07-01,2019-10-28,72,Sentinel-2 SR,0.6,0.05,datasets\test_images\2019\rgb\haryana_2019_rice_kharif_rgb.png,datasets\test_images\2019\ndvi\haryana_2019_rice_kharif_ndvi.png,0.3759,0.078375,0.0214,0.028367,1.262105,0.328685,-0.041511,0.153721,0.4431,0.11414,0.0455,0.03061,0.852764,0.442515,-0.166932,0.199602,0.348259,-0.452156,-0.761026,0.138935,0.4802,0.300119,0.0514,0.035944,0.4677,0.115749,0.0259,0.049077
Himachal Pradesh,Maize,1998,Kharif,31.9292352,77.1828462,1998-07-01,1998-10-28,4,Landsat 5/7 SR,0.6,0.05,datasets\test_images\1998\rgb\himachal_pradesh_1998_maize_rgb.png,datasets\test_images\1998\ndvi\himachal_pradesh_1998_maize_ndvi.png,0.838276,0.040501,-0.004337,0.032663,0.734606,0.300265,-0.099985,0.11701,0.515,0.063976,0.006635,0.038488,0.950103,0.589297,-0.199983,0.121536,0.245636,-0.536535,-0.831582,0.105661,0.629895,0.213199,0.011392,0.095418,0.53007,0.056989,0.002098,0.039979
Himachal Pradesh,Maize,1999,Kharif,31.9292352,77.1828462,1999-07-01,1999-10-28,4,Landsat 5/7 SR,0.6,0.05,datasets\test_images\1999\rgb\himachal_pradesh_1999_maize_kharif_rgb.png,datasets\test_images\1999\ndvi\himachal_pradesh_1999_maize_kharif_ndvi.png,0.240399,0.03651,-0.00156,0.020934,0.789797,0.342511,-0.082104,0.12727,0.286489,0.055373,-7.5e-05,0.029006,1.935799,0.654879,-0.185685,0.120583,0.200999,-0.608051,-1.005129,0.094125,0.538581,0.225411,0.010485,0.095045,0.309327,0.049716,-0.00563,0.031224
Himachal Pradesh,Maize,2000,Kharif,31.9292352,77.1828462,2000-07-01,2000-10-28,4,Landsat 5/7 SR,0.6,0.05,datasets\test_images\2000\rgb\himachal_pradesh_2000_maize_kharif_rgb.png,datasets\test_images\2000\ndvi\himachal_pradesh_2000_maize_kharif_ndvi.png,0.18676,0.03485,-0.000515,0.018794,0.660519,0.259705,-0.126224,0.087696,0.235957,0.052753,0.000502,0.026768,1.110288,0.580992,-0.311897,0.157612,0.404218,-0.575176,-0.959776,0.111684,0.439073,0.189477,0.012987,0.072358,0.25397,0.055488,-0.000845,0.035605
Himachal Pradesh,Maize,2001,Kharif,31.9292352,77.1828462,2001-07-01,2001-10-28,5,Landsat 5/7 SR,0.6,0.05,datasets\test_images\2001\rgb\himachal_pradesh_2001_maize_kharif_rgb.png,datasets\test_images\2001\ndvi\himachal_pradesh_2001_maize_kharif_ndvi.png,0.170343,0.040953,0.0035,0.019092,0.676929,0.26574,-0.080985,0.088999,0.2147,0.061197,0.005507,0.028273,0.856763,0.543272,-0.23124,0.133263,0.26986,-0.539607,-0.797442,0.098277,0.488201,0.203219,0.019904,0.077187,0.237828,0.064049,0.004586,0.03707
Himachal Pradesh,Maize,2002,Kharif,31.9292352,77.1828462,2002-07-01,2002-10-28,2,Landsat 5/7 SR,0.6,0.05,datasets\test_images\2002\rgb\himachal_pradesh_2002_maize_kharif_rgb.png,datasets\test_images\2002\ndvi\himachal_pradesh_2002_maize_kharif_ndvi.png,0.187131,0.048161,-0.00618,0.024422,0.639659,0.272451,-0.086488,0.085706,0.216006,0.066297,-0.000817,0.030906,1.741375,0.552297,-0.249447,0.14927,0.374033,-0.538068,-1.09253,0.115148,0.438275,0.205756,0.008367,0.071536,0.236274,0.067243,-0.003787,0.036762
Himachal Pradesh,Maize,2003,Kharif,31.9292352,77.1828462,2003-07-01,2003-10-28,2,Landsat 5/7 SR,0.6,0.05,datasets\test_images\2003\rgb\himachal_pradesh_2003_maize_rgb.png,datasets\test_images\2003\ndvi\himachal_pradesh_2003_maize_ndvi.png,0.16971,0.075169,0.005315,0.025652,0.618784,0.211537,-0.014014,0.061413,0.199437,0.092151,0.010898,0.03181,0.769212,0.357874,-0.025048,0.096241,0.063705,-0.395599,-0.698964,0.078771,0.43811,0.211792,0.040763,0.066652,0.23076,0.103383,0.005892,0.042967
Himachal Pradesh,Maize,2004,Kharif,31.9292352,77.1828462,2004-07-01,2004-10-28,3,Landsat 5/7 SR,0.6,0.05,datasets\test_images\2004\rgb\himachal_pradesh_2004_maize_rgb.png,datasets\test_images\2004\ndvi\himachal_pradesh_2004_maize_ndvi.png,0.177712,0.034955,-0.00563,0.018012,0.73972,0.336025,-0.095953,0.102542,0.214562,0.054743,-0.00057,0.025149,1.249812,0.653309,-0.214384,0.129682,0.236426,-0.613316,-1.038258,0.100275,0.51445,0.223177,0.01824,0.077778,0.231612,0.04987,-0.00332,0.028831
Himachal Pradesh,Maize,2005,Kharif,31.9292352,77.1828462,2005-07-01,2005-10-28,4,Landsat 5/7 SR,0.6,0.05,datasets\test_images\2005\rgb\himachal_pradesh_2005_maize_rgb.png,datasets\test_images\2005\ndvi\himachal_pradesh_2005_maize_ndvi.png,0.167152,0.031298,-0.00717,0.016797,0.797149,0.367542,-0.080477,0.122335,0.198613,0.051382,-0.00189,0.025456,1.354835,0.700792,-0.168465,0.115783,0.178424,-0.646402,-1.176708,0.093154,0.545883,0.235096,0.014033,0.09233,0.226223,0.043777,-0.002784,0.026618
Himachal Pradesh,Maize,2006,Kharif,31.9292352,77.1828462,2006-07-01,2006-10-28,2,Landsat 5/7 SR,0.6,0.05,datasets\test_images\2006\rgb\himachal_pradesh_2006_maize_kharif_rgb.png,datasets\test_images\2006\ndvi\himachal_pradesh_2006_maize_kharif_ndvi.png,0.300019,0.030887,-0.00299,0.017339,0.660028,0.294826,-0.106273,0.102502,0.366514,0.048904,0.000736,0.026059,1.72672,0.64426,-0.327471,0.132646,0.391199,-0.614231,-0.942813,0.100429,0.511205,0.199707,0.011612,0.08597,0.360258,0.047445,-0.00321,0.031501
Himachal Pradesh,Maize,2007,Kharif,31.9292352,77.1828462,2007-07-01,2007-10-28,2,Landsat 5/7 SR,0.6,0.05,datasets\test_images\2007\rgb\himachal_pradesh_2007_maize_kharif_rgb.png,datasets\test_images\2007\ndvi\himachal_pradesh_2007_maize_kharif_ndvi.png,0.173959,0.033281,-0.002495,0.017094,0.704724,0.314071,-0.078757,0.108457,0.195051,0.051651,6.2e-05,0.025539,1.4026,0.632412,-0.202366,0.124316,0.222595,-0.59821,-0.994991,0.098937,0.471,0.21089,0.007653,0.085045,0.221218,0.04842,-0.002633,0.02986
Himachal Pradesh,Maize,2008,Kharif,31.9292352,77.1828462,2008-07-01,2008-10-28,9,Landsat 5/7 SR,0.6,0.05,datasets\test_images\2008\rgb\himachal_pradesh_2008_maize_kharif_rgb.png,datasets\test_images\2008\ndvi\himachal_pradesh_2008_maize_kharif_ndvi.png,0.172597,0.036664,0.001052,0.016959,0.693654,0.320873,-0.090697,0.109597,0.223404,0.057788,0.007212,0.024639,0.863658,0.615375,-0.206268,0.106741,0.253872,-0.571584,-0.787132,0.09128,0.51148,0.21842,0.020138,0.083392,0.220695,0.052191,0.00548,0.027069
Himachal Pradesh,Maize,2009,Kharif,31.9292352,77.1828462,2009-07-01,2009-10-28,11,Landsat 5/7 SR,0.6,0.05,datasets\test_images\2009\rgb\himachal_pradesh_2009_maize_kharif_rgb.png,datasets\test_images\2009\ndvi\himachal_pradesh_2009_maize_kharif_ndvi.png,0.16652,0.040469,0.004256,0.018333,0.687761,0.302542,-0.065184,0.091601,0.200923,0.061074,0.010444,0.024958,0.850598,0.578839,-0.141561,0.118427,0.204344,-0.547882,-0.769451,0.091469,0.473654,0.212467,0.02704,0.071772,0.224957,0.057624,0.007061,0.030624
Himachal Pradesh,Maize,2010,Kharif,31.9292352,77.1828462,2010-07-01,2010-10-28,8,Landsat 5/7 SR,0.6,0.05,datasets\test_images\2010\rgb\himachal_pradesh_2010_maize_kharif_rgb.png,datasets\test_images\2010\ndvi\himachal_pradesh_2010_maize_kharif_ndvi.png,0.175237,0.034131,0.001438,0.015995,0.735444,0.340984,-0.09331,0.119107,0.211208,0.052694,0.005095,0.024356,0.906775,0.645559,-0.243395,0.097549,0.319928,-0.605282,-0.787169,0.085949,0.560375,0.224339,0.017662,0.093377,0.23043,0.047953,0.001052,0.025383
Himachal Pradesh,Rice,1997,Kharif,31.9292352,77.1828462,1997-07-01,1997-10-28,2,Landsat 5/7 SR,0.6,0.05,datasets\test_images\1997\rgb\himachal_pradesh_1997_rice_kharif_rgb.png,datasets\test_images\1997\ndvi\himachal_pradesh_1997_rice_kharif_ndvi.png,0.223803,0.030269,-0.002275,0.015258,0.811743,0.372293,-0.123978,0.133959,0.266015,0.053103,0.00086,0.024051,0.910559,0.696693,-0.284273,0.111278,0.278531,-0.630075,-0.923214,0.097436,0.57968,0.235917,0.017635,0.094341,0.278775,0.042455,0.00163,0.023084
Himachal Pradesh,Rice,1998,Kharif,31.9292352,77.1828462,1998-07-01,1998-10-28,4,Landsat 5/7 SR,0.6,0.05,datasets\test_images\1998\rgb\himachal_pradesh_1998_rice_rgb.png,datasets\test_images\1998\ndvi\himachal_pradesh_1998_rice_ndvi.png,0.838276,0.040501,-0.004337,0.032663,0.734606,0.300265,-0.099985,0.11701,0.515,0.063976,0.006635,0.038488,0.950103,0.589297,-0.199983,0.121536,0.245636,-0.536535,-0.831582,0.105661,0.629895,0.213199,0.011392,0.095418,0.53007,0.056989,0.002098,0.039979
Himachal Pradesh,Rice,1999,Kharif,31.9292352,77.1828462,1999-07-01,1999-10-28,4,Landsat 5/7 SR,0.6,0.05,datasets\test_images\1999\rgb\himachal_pradesh_1999_rice_kharif_rgb.png,datasets\test_images\1999\ndvi\himachal_pradesh_1999_rice_kharif_ndvi.png,0.240399,0.03651,-0.00156,0.020934,0.789797,0.342511,-0.082104,0.12727,0.286489,0.055373,-7.5e-05,0.029006,1.935799,0.654879,-0.185685,0.120583,0.200999,-0.608051,-1.005129,0.094125,0.538581,0.225411,0.010485,0.095045,0.309327,0.049716,-0.00563,0.031224
Himachal Pradesh,Rice,2000,Kharif,31.9292352,77.1828462,2000-07-01,2000-10-28,4,Landsat 5/7 SR,0.6,0.05,datasets\test_images\2000\rgb\himachal_pradesh_2000_rice_kharif_rgb.png,datasets\test_images\2000\ndvi\himachal_pradesh_2000_rice_kharif_ndvi.png,0.18676,0.03485,-0.000515,0.018794,0.660519,0.259705,-0.126224,0.087696,0.235957,0.052753,0.000502,0.026768,1.110288,0.580992,-0.311897,0.157612,0.404218,-0.575176,-0.959776,0.111684,0.439073,0.189477,0.012987,0.072358,0.25397,0.055488,-0.000845,0.035605
Himachal Pradesh,Rice,2001,Kharif,31.9292352,77.1828462,2001-07-01,2001-10-28,5,Landsat 5/7 SR,0.6,0.05,datasets\test_images\2001\rgb\himachal_pradesh_2001_rice_kharif_rgb.png,datasets\test_images\2001\ndvi\himachal_pradesh_2001_rice_kharif_ndvi.png,0.170343,0.040953,0.0035,0.019092,0.676929,0.26574,-0.080985,0.088999,0.2147,0.061197,0.005507,0.028273,0.856763,0.543272,-0.23124,0.133263,0.26986,-0.539607,-0.797442,0.098277,0.488201,0.203219,0.019904,0.077187,0.237828,0.064049,0.004586,0.03707
Himachal Pradesh,Rice,2002,Kharif,31.9292352,77.1828462,2002-07-01,2002-10-28,2,Landsat 5/7 SR,0.6,0.05,datasets\test_images\2002\rgb\himachal_pradesh_2002_rice_kharif_rgb.png,datasets\test_images\2002\ndvi\himachal_pradesh_2002_rice_kharif_ndvi.png,0.187131,0.048161,-0.00618,0.024422,0.639659,0.272451,-0.086488,0.085706,0.216006,0.066297,-0.000817,0.030906,1.741375,0.552297,-0.249447,0.14927,0.374033,-0.538068,-1.09253,0.115148,0.438275,0.205756,0.008367,0.071536,0.236274,0.067243,-0.003787,0.036762
Himachal Pradesh,Rice,2003,Kharif,31.9292352,77.1828462,2003-07-01,2003-10-28,2,Landsat 5/7 SR,0.6,0.05,datasets\test_images\2003\rgb\himachal_pradesh_2003_rice_rgb.png,datasets\test_images\2003\ndvi\himachal_pradesh_2003_rice_ndvi.png,0.16971,0.075169,0.005315,0.025652,0.618784,0.211537,-0.014014,0.061413,0.199437,0.092151,0.010898,0.03181,0.769212,0.357874,-0.025048,0.096241,0.063705,-0.395599,-0.698964,0.078771,0.43811,0.211792,0.040763,0.066652,0.23076,0.103383,0.005892,0.042967
Himachal Pradesh,Rice,2004,Kharif,31.9292352,77.1828462,2004-07-01,2004-10-28,3,Landsat 5/7 SR,0.6,0.05,datasets\test_images\2004\rgb\himachal_pradesh_2004_rice_rgb.png,datasets\test_images\2004\ndvi\himachal_pradesh_2004_rice_ndvi.png,0.177712,0.034955,-0.00563,0.018012,0.73972,0.336025,-0.095953,0.102542,0.214562,0.054743,-0.00057,0.025149,1.249812,0.653309,-0.214384,0.129682,0.236426,-0.613316,-1.038258,0.100275,0.51445,0.223177,0.01824,0.077778,0.231612,0.04987,-0.00332,0.028831
Himachal Pradesh,Rice,2005,Kharif,31.9292352,77.1828462,2005-07-01,2005-10-28,4,Landsat 5/7 SR,0.6,0.05,datasets\test_images\2005\rgb\himachal_pradesh_2005_rice_rgb.png,datasets\test_images\2005\ndvi\himachal_pradesh_2005_rice_ndvi.png,0.167152,0.031298,-0.00717,0.016797,0.797149,0.367542,-0.080477,0.122335,0.198613,0.051382,-0.00189,0.025456,1.354835,0.700792,-0.168465,0.115783,0.178424,-0.646402,-1.176708,0.093154,0.545883,0.235096,0.014033,0.09233,0.226223,0.043777,-0.002784,0.026618
Himachal Pradesh,Rice,2006,Kharif,31.9292352,77.1828462,2006-07-01,2006-10-28,2,Landsat 5/7 SR,0.6,0.05,datasets\test_images\2006\rgb\himachal_pradesh_2006_rice_kharif_rgb.png,datasets\test_images\2006\ndvi\himachal_pradesh_2006_rice_kharif_ndvi.png,0.300019,0.030887,-0.00299,0.017339,0.660028,0.294826,-0.106273,0.102502,0.366514,0.048904,0.000736,0.026059,1.72672,0.64426,-0.327471,0.132646,0.391199,-0.614231,-0.942813,0.100429,0.511205,0.199707,0.011612,0.08597,0.360258,0.047445,-0.00321,0.031501
Himachal Pradesh,Rice,2007,Kharif,31.9292352,77.1828462,2007-07-01,2007-10-28,2,Landsat 5/7 SR,0.6,0.05,datasets\test_images\2007\rgb\himachal_pradesh_2007_rice_kharif_rgb.png,datasets\test_images\2007\ndvi\himachal_pradesh_2007_rice_kharif_ndvi.png,0.173959,0.033281,-0.002495,0.017094,0.704724,0.314071,-0.078757,0.108457,0.195051,0.051651,6.2e-05,0.025539,1.4026,0.632412,-0.202366,0.124316,0.222595,-0.59821,-0.994991,0.098937,0.471,0.21089,0.007653,0.085045,0.221218,0.04842,-0.002633,0.02986
Himachal Pradesh,Rice,2008,Kharif,31.9292352,77.1828462,2008-07-01,2008-10-28,9,Landsat 5/7 SR,0.6,0.05,datasets\test_images\2008\rgb\himachal_pradesh_2008_rice_kharif_rgb.png,datasets\test_images\2008\ndvi\himachal_pradesh_2008_rice_kharif_ndvi.png,0.172597,0.036664,0.001052,0.016959,0.693654,0.320873,-0.090697,0.109597,0.223404,0.057788,0.007212,0.024639,0.863658,0.615375,-0.206268,0.106741,0.253872,-0.571584,-0.787132,0.09128,0.51148,0.21842,0.020138,0.083392,0.220695,0.052191,0.00548,0.027069
Himachal Pradesh,Rice,2009,Kharif,31.9292352,77.1828462,2009-07-01,2009-10-28,11,Landsat 5/7 SR,0.6,0.05,datasets\test_images\2009\rgb\himachal_pradesh_2009_rice_kharif_rgb.png,datasets\test_images\2009\ndvi\himachal_pradesh_2009_rice_kharif_ndvi.png,0.16652,0.040469,0.004256,0.018333,0.687761,0.302542,-0.065184,0.091601,0.200923,0.061074,0.010444,0.024958,0.850598,0.578839,-0.141561,0.118427,0.204344,-0.547882,-0.769451,0.091469,0.473654,0.212467,0.02704,0.071772,0.224957,0.057624,0.007061,0.030624
Himachal Pradesh,Rice,2010,Kharif,31.9292352,77.1828462,2010-07-01,2010-10-28,8,Landsat 5/7 SR,0.6,0.05,datasets\test_images\2010\rgb\himachal_pradesh_2010_rice_kharif_rgb.png,datasets\test_images\2010\ndvi\himachal_pradesh_2010_rice_kharif_ndvi.png,0.175237,0.034131,0.001438,0.015995,0.735444,0.340984,-0.09331,0.119107,0.211208,0.052694,0.005095,0.024356,0.906775,0.645559,-0.243395,0.097549,0.319928,-0.605282,-0.787169,0.085949,0.560375,0.224339,0.017662,0.093377,0.23043,0.047953,0.001052,0.025383
Himachal Pradesh,Rice,2011,Kharif,31.9292352,77.1828462,2011-07-01,2011-10-28,10,Landsat 5/7 SR,0.6,0.05,datasets\test_images\2011\rgb\himachal_pradesh_2011_rice_kharif_rgb.png,datasets\test_images\2011\ndvi\himachal_pradesh_2011_rice_kharif_ndvi.png,0.142622,0.0362,-0.001257,0.01714,0.694187,0.34466,-0.080063,0.109153,0.170508,0.053669,0.001548,0.024689,1.092767,0.658129,-0.184636,0.114052,0.266997,-0.618168,-0.86829,0.093894,0.481024,0.225911,0.021622,0.083826,0.190129,0.049347,-0.000653,0.026834
Himachal Pradesh,Rice,2012,Kharif,31.9292352,77.1828462,2012-07-01,2012-10-28,2,Landsat 5/7 SR,0.6,0.05,datasets\test_images\2012\rgb\himachal_pradesh_2012_rice_kharif_rgb.png,datasets\test_images\2012\ndvi\himachal_pradesh_2012_rice_kharif_ndvi.png,0.148232,0.028263,-0.005795,0.016536,0.764431,0.342736,-0.116253,0.120707,0.18456,0.04721,-0.00222,0.024306,1.696343,0.703956,-0.35694,0.12725,0.457738,-0.648938,-1.22476,0.104038,0.536175,0.2166,0.013125,0.090167,0.21272,0.040497,-0.007665,0.026016
Himachal Pradesh,Rice,2013,Kharif,31.9292352,77.1828462,2013-07-01,2013-10-28,8,Landsat 8 SR,0.6,0.05,datasets\test_images\2013\rgb\himachal_pradesh_2013_rice_kharif_rgb.png,datasets\test_images\2013\ndvi\himachal_pradesh_2013_rice_kharif_ndvi.png,0.267844,0.028751,-0.099708,0.020149,0.649993,0.294275,-0.129214,0.097377,0.301284,0.050522,-0.056505,0.027689,1214.074904,0.662867,-222.167394,5.221697,2271.118323,-0.582314,-185.39749,6.346828,0.548536,0.205596,0.003912,0.086311,0.305725,0.048144,-0.06943,0.033277
Himachal Pradesh,Rice,2014,Kharif,31.9292352,77.1828462,2014-07-01,2014-10-28,7,Landsat 8 SR,0.6,0.05,datasets\test_images\2014\rgb\himachal_pradesh_2014_rice_kharif_rgb.png,datasets\test_images\2014\ndvi\himachal_pradesh_2014_rice_kharif_ndvi.png,0.276025,0.030793,-0.068454,0.015967,0.884085,0.401595,-0.105539,0.102767,0.30006,0.057431,-0.042507,0.022322,2.649575,0.71004,-0.237571,0.117645,0.232871,-0.636981,-14.375827,0.100416,0.597142,0.261041,0.037765,0.074971,0.28653,0.045603,-0.029129,0.024573
Himachal Pradesh,Rice,2015,Kharif,31.9292352,77.1828462,2015-07-01,2015-10-28,7,Landsat 8 SR,0.6,0.05,datasets\test_images\2015\rgb\himachal_pradesh_2015_rice_kharif_rgb.png,datasets\test_images\2015\ndvi\himachal_pradesh_2015_rice_kharif_ndvi.png,0.180407,0.027206,-0.002151,0.014853,0.835022,0.376605,-0.120103,0.117527,0.233015,0.050804,0.001492,0.023093,0.910743,0.721922,-0.333969,0.120541,0.361105,-0.653148,-0.834644,0.096762,0.550833,0.239253,0.01219,0.084762,0.23516,0.040967,0.000832,0.02466
Himachal Pradesh,Rice,2016,Kharif,31.9292352,77.1828462,2016-07-01,2016-10-28,7,Landsat 8 SR,0.6,0.05,datasets\test_images\2016\rgb\himachal_pradesh_2016_rice_kharif_rgb.png,datasets\test_images\2016\ndvi\himachal_pradesh_2016_rice_kharif_ndvi.png,0.128639,0.028859,-0.009425,0.016312,0.788888,0.353839,-0.155589,0.112576,0.16795,0.050551,0.001534,0.023391,0.972831,0.699307,-0.472533,0.126578,0.494684,-0.631305,-0.871263,0.095376,0.50774,0.225548,0.014198,0.081292,0.185963,0.042491,-0.000611,0.026261
Himachal Pradesh,Rice,2017,Kharif,31.9292352,77.1828462,2017-07-01,2017-10-28,4,Sentinel-2 SR,0.6,0.05,datasets\test_images\2017\rgb\himachal_pradesh_2017_rice_kharif_rgb.png,datasets\test_images\2017\ndvi\himachal_pradesh_2017_rice_kharif_ndvi.png,0.3214,0.036029,0.0,0.0203,5.632915,0.355987,-1.347213,0.117024,0.48645,0.058958,0.0,0.026049,1.0,0.653265,-0.52484,0.169279,0.594614,-0.60928,-1.0,0.132054,1.1809,0.239437,0.0232,0.073015,0.4976,0.052563,0.0,0.031436
Himachal Pradesh,Rice,2018,Kharif,31.9292352,77.1828462,2018-07-01,2018-10-28,3,Sentinel-2 SR,0.6,0.05,datasets\test_images\2018\rgb\himachal_pradesh_2018_rice_kharif_rgb.png,datasets\test_images\2018\ndvi\himachal_pradesh_2018_rice_kharif_ndvi.png,0.5538,0.029645,0.0,0.021091,7.166508,0.387126,-0.805253,0.127261,0.7033,0.054848,0.0,0.026612,1.0,0.701138,-0.86722,0.169458,0.906736,-0.647317,-1.0,0.13945,1.3928,0.254389,0.0027,0.08684,0.5292,0.046848,0.0,0.030752
Himachal Pradesh,Rice,2019,Kharif,31.9292352,77.1828462,2019-07-01,2019-10-28,32,Sentinel-2 SR,0.6,0.05,datasets\test_images\2019\rgb\himachal_pradesh_2019_rice_kharif_rgb.png,datasets\test_images\2019\ndvi\himachal_pradesh_2019_rice_kharif_ndvi.png,0.5448,0.037916,0.00245,0.020798,1.154433,0.435645,-0.247138,0.130025,0.5672,0.064705,0.0029,0.026714,0.955591,0.69802,-0.440823,0.153489,0.469273,-0.618377,-0.876758,0.124123,0.9704,0.276129,0.0267,0.079229,0.536,0.049376,0.0012,0.028808
Jammu and Kashmir,Maize,1997,Kharif,33.6649297,75.1629584,1997-07-01,1997-10-28,9,Landsat 5/7 SR,0.6,0.05,datasets\test_images\1997\rgb\jammu_and_kashmir_1997_maize_rgb.png,datasets\test_images\1997\ndvi\jammu_and_kashmir_1997_maize_ndvi.png,0.14133,0.047166,0.020591,0.011651,0.74899,0.388624,0.040082,0.092992,0.172487,0.076338,0.037724,0.016424,0.853893,0.591916,0.056531,0.123445,-0.079781,-0.579682,-0.784198,0.090678,0.470203,0.287686,0.124321,0.035676,0.194185,0.073653,0.025541,0.023677
Jammu and Kashmir,Maize,2002,Kharif,33.6649297,75.1629584,2002-07-01,2002-10-28,7,Landsat 5/7 SR,0.6,0.05,datasets\test_images\2002\rgb\jammu_and_kashmir_2002_maize_rgb.png,datasets\test_images\2002\ndvi\jammu_and_kashmir_2002_maize_ndvi.png,0.122273,0.048787,0.020577,0.012872,0.557183,0.276995,0.04988,0.074917,0.16058,0.073434,0.03276,0.018083,0.816908,0.47978,0.086281,0.134257,-0.1333,-0.517438,-0.754314,0.09386,0.369773,0.235915,0.127717,0.026057,0.213586,0.081567,0.025335,0.027821
Jammu and Kashmir,Maize,2003,Kharif,33.6649297,75.1629584,2003-07-01,2003-10-28,9,Landsat 5/7 SR,0.6,0.05,datasets\test_images\2003\rgb\jammu_and_kashmir_2003_maize_rgb.png,datasets\test_images\2003\ndvi\jammu_and_kashmir_2003_maize_ndvi.png,0.134153,0.044161,0.020165,0.012047,0.712848,0.364121,0.047193,0.100634,0.160676,0.068658,0.031495,0.016747,0.889352,0.591076,0.069647,0.141503,-0.121177,-0.592987,-0.811814,0.100631,0.423287,0.259891,0.101235,0.039948,0.203232,0.069946,0.022723,0.0257
Jammu and Kashmir,Maize,2004,Kharif,33.6649297,75.1629584,2004-07-01,2004-10-28,16,Landsat 5/7 SR,0.6,0.05,datasets\test_images\2004\rgb\jammu_and_kashmir_2004_maize_rgb.png,datasets\test_images\2004\ndvi\jammu_and_kashmir_2004_maize_ndvi.png,0.127484,0.038381,0.01824,0.013415,0.726997,0.391965,0.048497,0.127602,0.178538,0.061053,0.03265,0.015371,0.894962,0.639238,0.084168,0.175346,-0.159205,-0.61772,-0.82073,0.121505,0.428925,0.260946,0.110475,0.046551,0.23637,0.056934,0.021939,0.025946
Jammu and Kashmir,Maize,2005,Kharif,33.6649297,75.1629584,2005-07-01,2005-10-28,15,Landsat 5/7 SR,0.6,0.05,datasets\test_images\2005\rgb\jammu_and_kashmir_2005_maize_rgb.png,datasets\test_images\2005\ndvi\jammu_and_kashmir_2005_maize_ndvi.png,0.129464,0.04833,0.01967,0.013648,0.624987,0.28499,0.039506,0.086369,0.203838,0.071638,0.030904,0.018193,0.843874,0.486926,0.067074,0.148315,-0.137915,-0.529958,-0.782009,0.103788,0.391168,0.241377,0.105332,0.039175,0.264076,0.080051,0.02308,0.028119
Jammu and Kashmir,Maize,2014,Kharif,33.6649297,75.1629584,2014-07-01,2014-10-28,21,Landsat 8 SR,0.6,0.05,datasets\test_images\2014\rgb\jammu_and_kashmir_2014_maize_kharif_rgb.png,datasets\test_images\2014\ndvi\jammu_and_kashmir_2014_maize_kharif_ndvi.png,0.12274,0.033173,0.009949,0.011756,0.622894,0.359747,0.005653,0.098745,0.161006,0.059805,0.02748,0.016478,0.874216,0.633436,0.01667,0.15659,0.01124,-0.608989,-0.806162,0.121823,0.41578,0.252615,0.067974,0.043597,0.190981,0.054102,0.019546,0.023553
Jammu and Kashmir,Maize,2015,Kharif,33.6649297,75.1629584,2015-07-01,2015-10-28,20,Landsat 8 SR,0.6,0.05,datasets\test_images\2015\rgb\jammu_and_kashmir_2015_maize_kharif_rgb.png,datasets\test_images\2015\ndvi\jammu_and_kashmir_2015_maize_kharif_ndvi.png,0.118752,0.035617,0.013427,0.012751,0.711352,0.403627,0.002037,0.106301,0.179802,0.061455,0.030725,0.017936,0.87985,0.656944,0.006369,0.153207,0.011383,-0.6153,-0.807069,0.11953,0.453813,0.27381,0.069569,0.044268,0.202352,0.053633,0.0189,0.02561
Jammu and Kashmir,Maize,2016,Kharif,33.6649297,75.1629584,2016-07-01,2016-10-28,20,Landsat 8 SR,0.6,0.05,datasets\test_images\2016\rgb\jammu_and_kashmir_2016_maize_kharif_rgb.png,datasets\test_images\2016\ndvi\jammu_and_kashmir_2016_maize_kharif_ndvi.png,0.136188,0.037999,0.014926,0.012214,0.601512,0.362778,0.040429,0.09276,0.185825,0.064252,0.031206,0.017271,0.852731,0.625672,0.065258,0.147178,-0.085744,-0.597435,-0.783597,0.111893,0.3709,0.250622,0.087897,0.036243,0.207935,0.059738,0.020866,0.02512
Jammu and Kashmir,Maize,2017,Kharif,33.6649297,75.1629584,2017-07-01,2017-10-28,1,Sentinel-2 SR,0.6,0.05,datasets\test_images\2017\rgb\jammu_and_kashmir_2017_maize_kharif_rgb.png,datasets\test_images\2017\ndvi\jammu_and_kashmir_2017_maize_kharif_ndvi.png,0.7036,0.046194,0.0,0.027301,3.078089,0.284427,-0.248739,0.105144,0.5908,0.07526,0.0033,0.035872,0.911941,0.515259,-0.429834,0.205788,0.508103,-0.538214,-0.96718,0.157052,0.6165,0.242105,0.0258,0.060894,0.5908,0.084106,0.0088,0.051485
Jammu and Kashmir,Maize,2018,Kharif,33.6649297,75.1629584,2018-07-01,2018-10-28,2,Sentinel-2 SR,0.6,0.05,datasets\test_images\2018\rgb\jammu_and_kashmir_2018_maize_kharif_rgb.png,datasets\test_images\2018\ndvi\jammu_and_kashmir_2018_maize_kharif_ndvi.png,0.8295,0.05252,0.0045,0.023749,2.022037,0.269659,-0.315109,0.10479,0.8857,0.074396,0.0155,0.030034,0.879817,0.485931,-0.308174,0.195527,0.357628,-0.497769,-0.826198,0.149345,0.91685,0.220057,0.02945,0.046358,0.8987,0.079615,0.01265,0.042303
Jammu and Kashmir,Maize,2019,Kharif,33.6649297,75.1629584,2019-07-01,2019-10-28,22,Sentinel-2 SR,0.6,0.05,datasets\test_images\2019\rgb\jammu_and_kashmir_2019_maize_kharif_rgb.png,datasets\test_images\2019\ndvi\jammu_and_kashmir_2019_maize_kharif_ndvi.png,0.3257,0.045421,0.0128,0.022181,1.108872,0.379056,-0.088104,0.124256,0.3479,0.069402,0.023,0.025545,0.899162,0.619505,-0.271514,0.192662,0.305008,-0.564375,-0.832417,0.151489,0.4908,0.262748,0.0377,0.046227,0.3414,0.059384,0.01595,0.034473
Jammu and Kashmir,Rice,1997,Kharif,33.6649297,75.1629584,1997-07-01,1997-10-28,9,Landsat 5/7 SR,0.6,0.05,datasets\test_images\1997\rgb\jammu_and_kashmir_1997_rice_rgb.png,datasets\test_images\1997\ndvi\jammu_and_kashmir_1997_rice_ndvi.png,0.14133,0.047166,0.020591,0.011651,0.74899,0.388624,0.040082,0.092992,0.172487,0.076338,0.037724,0.016424,0.853893,0.591916,0.056531,0.123445,-0.079781,-0.579682,-0.784198,0.090678,0.470203,0.287686,0.124321,0.035676,0.194185,0.073653,0.025541,0.023677
Jammu and Kashmir,Rice,1998,Kharif,33.6649297,75.1629584,1998-07-01,1998-10-28,16,Landsat 5/7 SR,0.6,0.05,datasets\test_images\1998\rgb\jammu_and_kashmir_1998_rice_kharif_rgb.png,datasets\test_images\1998\ndvi\jammu_and_kashmir_1998_rice_kharif_ndvi.png,0.134235,0.054138,0.024482,0.011686,0.60048,0.308434,0.032688,0.071046,0.183666,0.085096,0.039002,0.018513,0.784402,0.463968,0.065965,0.119728,-0.101692,-0.483775,-0.741031,0.090462,0.414625,0.28411,0.103229,0.041472,0.207495,0.089222,0.030175,0.025604
Jammu and Kashmir,Rice,1999,Kharif,33.6649297,75.1629584,1999-07-01,1999-10-28,12,Landsat 5/7 SR,0.6,0.05,datasets\test_images\1999\rgb\jammu_and_kashmir_1999_rice_kharif_rgb.png,datasets\test_images\1999\ndvi\jammu_and_kashmir_1999_rice_kharif_ndvi.png,0.126012,0.042418,0.018873,0.016781,0.722401,0.378659,0.041338,0.140801,0.173505,0.067959,0.03155,0.021384,0.877967,0.596587,0.060498,0.192507,-0.108743,-0.58692,-0.809576,0.138131,0.428155,0.269815,0.12615,0.046039,0.212033,0.067508,0.022723,0.033934
Jammu and Kashmir,Rice,2000,Kharif,33.6649297,75.1629584,2000-07-01,2000-10-28,15,Landsat 5/7 SR,0.6,0.05,datasets\test_images\2000\rgb\jammu_and_kashmir_2000_rice_kharif_rgb.png,datasets\test_images\2000\ndvi\jammu_and_kashmir_2000_rice_kharif_ndvi.png,0.123056,0.04185,0.02286,0.010925,0.725139,0.381513,0.05886,0.082828,0.163797,0.069677,0.032925,0.015494,0.845276,0.60894,0.080479,0.118642,-0.13427,-0.605565,-0.792866,0.087298,0.46957,0.278684,0.126892,0.040447,0.21239,0.068921,0.026298,0.023142
Jammu and Kashmir,Rice,2001,Kharif,33.6649297,75.1629584,2001-07-01,2001-10-28,9,Landsat 5/7 SR,0.6,0.05,datasets\test_images\2001\rgb\jammu_and_kashmir_2001_rice_kharif_rgb.png,datasets\test_images\2001\ndvi\jammu_and_kashmir_2001_rice_kharif_ndvi.png,0.12549,0.047745,0.020577,0.010967,0.691517,0.375786,0.076268,0.083504,0.163055,0.076218,0.031509,0.018639,0.806222,0.562512,0.11434,0.107381,-0.158523,-0.563263,-0.753986,0.07931,0.452382,0.287614,0.141605,0.043763,0.21261,0.079203,0.02451,0.025051
Jammu and Kashmir,Rice,2002,Kharif,33.6649297,75.1629584,2002-07-01,2002-10-28,7,Landsat 5/7 SR,0.6,0.05,datasets\test_images\2002\rgb\jammu_and_kashmir_2002_rice_rgb.png,datasets\test_images\2002\ndvi\jammu_and_kashmir_2002_rice_ndvi.png,0.122273,0.048787,0.020577,0.012872,0.557183,0.276995,0.04988,0.074917,0.16058,0.073434,0.03276,0.018083,0.816908,0.47978,0.086281,0.134257,-0.1333,-0.517438,-0.754314,0.09386,0.369773,0.235915,0.127717,0.026057,0.213586,0.081567,0.025335,0.027821
Jammu and Kashmir,Rice,2003,Kharif,33.6649297,75.1629584,2003-07-01,2003-10-28,9,Landsat 5/7 SR,0.6,0.05,datasets\test_images\2003\rgb\jammu_and_kashmir_2003_rice_rgb.png,datasets\test_images\2003\ndvi\jammu_and_kashmir_2003_rice_ndvi.png,0.134153,0.044161,0.020165,0.012047,0.712848,0.364121,0.047193,0.100634,0.160676,0.068658,0.031495,0.016747,0.889352,0.591076,0.069647,0.141503,-0.121177,-0.592987,-0.811814,0.100631,0.423287,0.259891,0.101235,0.039948,0.203232,0.069946,0.022723,0.0257
Jammu and Kashmir,Rice,2004,Kharif,33.6649297,75.1629584,2004-07-01,2004-10-28,16,Landsat 5/7 SR,0.6,0.05,datasets\test_images\2004\rgb\jammu_and_kashmir_2004_rice_rgb.png,datasets\test_images\2004\ndvi\jammu_and_kashmir_2004_rice_ndvi.png,0.127484,0.038381,0.01824,0.013415,0.726997,0.391965,0.048497,0.127602,0.178538,0.061053,0.03265,0.015371,0.894962,0.639238,0.084168,0.175346,-0.159205,-0.61772,-0.82073,0.121505,0.428925,0.260946,0.110475,0.046551,0.23637,0.056934,0.021939,0.025946
Jammu and Kashmir,Rice,2005,Kharif,33.6649297,75.1629584,2005-07-01,2005-10-28,15,Landsat 5/7 SR,0.6,0.05,datasets\test_images\2005\rgb\jammu_and_kashmir_2005_rice_rgb.png,datasets\test_images\2005\ndvi\jammu_and_kashmir_2005_rice_ndvi.png,0.129464,0.04833,0.01967,0.013648,0.624987,0.28499,0.039506,0.086369,0.203838,0.071638,0.030904,0.018193,0.843874,0.486926,0.067074,0.148315,-0.137915,-0.529958,-0.782009,0.103788,0.391168,0.241377,0.105332,0.039175,0.264076,0.080051,0.02308,0.028119
Jammu and Kashmir,Rice,2006,Kharif,33.6649297,75.1629584,2006-07-01,2006-10-28,18,Landsat 5/7 SR,0.6,0.05,datasets\test_images\2006\rgb\jammu_and_kashmir_2006_rice_kharif_rgb.png,datasets\test_images\2006\ndvi\jammu_and_kashmir_2006_rice_kharif_ndvi.png,0.139955,0.048699,0.016343,0.013175,0.707501,0.302416,0.036745,0.106771,0.220874,0.06924,0.03012,0.017554,0.892617,0.504676,0.064203,0.159047,-0.121993,-0.537172,-0.811685,0.113997,0.438055,0.2472,0.113101,0.046275,0.282103,0.075516,0.019725,0.026504
Jammu and Kashmir,Rice,2007,Kharif,33.6649297,75.1629584,2007-07-01,2007-10-28,14,Landsat 5/7 SR,0.6,0.05,datasets\test_images\2007\rgb\jammu_and_kashmir_2007_rice_kharif_rgb.png,datasets\test_images\2007\ndvi\jammu_and_kashmir_2007_rice_kharif_ndvi.png,0.19644,0.053046,0.019395,0.015931,0.692645,0.270428,0.038295,0.094248,0.228697,0.075989,0.02836,0.020863,0.846118,0.463301,0.058555,0.15917,-0.129133,-0.506764,-0.784596,0.115866,0.43525,0.234,0.111548,0.035476,0.276163,0.085083,0.020935,0.031395
Jammu and Kashmir,Rice,2008,Kharif,33.6649297,75.1629584,2008-07-01,2008-10-28,19,Landsat 5/7 SR,0.6,0.05,datasets\test_images\2008\rgb\jammu_and_kashmir_2008_rice_kharif_rgb.png,datasets\test_images\2008\ndvi\jammu_and_kashmir_2008_rice_kharif_ndvi.png,0.146033,0.050418,0.02242,0.012818,0.55777,0.257159,0.043477,0.079326,0.19501,0.074594,0.034493,0.018673,0.825696,0.452343,0.056434,0.140699,-0.121702,-0.501763,-0.767121,0.103949,0.392075,0.229519,0.121337,0.037296,0.238488,0.082662,0.027342,0.026876
Jammu and Kashmir,Rice,2009,Kharif,33.6649297,75.1629584,2009-07-01,2009-10-28,29,Landsat 5/7 SR,0.6,0.05,datasets\test_images\2009\rgb\jammu_and_kashmir_2009_rice_kharif_rgb.png,datasets\test_images\2009\ndvi\jammu_and_kashmir_2009_rice_kharif_ndvi.png,0.146129,0.041711,0.023273,0.011102,0.609782,0.382945,0.082868,0.081747,0.195326,0.066064,0.034025,0.015365,0.818251,0.62426,0.113116,0.117408,-0.146579,-0.605416,-0.773292,0.089706,0.413085,0.271978,0.137838,0.042231,0.246559,0.061023,0.028415,0.021808
Jammu and Kashmir,Rice,2010,Kharif,33.6649297,75.1629584,2010-07-01,2010-10-28,16,Landsat 5/7 SR,0.6,0.05,datasets\test_images\2010\rgb\jammu_and_kashmir_2010_rice_kharif_rgb.png,datasets\test_images\2010\ndvi\jammu_and_kashmir_2010_rice_kharif_ndvi.png,0.138676,0.05016,0.020138,0.011919,0.587914,0.288016,0.056684,0.074971,0.174591,0.071294,0.031137,0.015901,0.809868,0.492892,0.07479,0.123323,-0.107041,-0.51358,-0.752488,0.094575,0.388596,0.229521,0.108976,0.033968,0.194817,0.076208,0.025954,0.022321
Jammu and Kashmir,Rice,2011,Kharif,33.6649297,75.1629584,2011-07-01,2011-10-28,15,Landsat 5/7 SR,0.6,0.05,datasets\test_images\2011\rgb\jammu_and_kashmir_2011_rice_kharif_rgb.png,datasets\test_images\2011\ndvi\jammu_and_kashmir_2011_rice_kharif_ndvi.png,0.129051,0.040988,0.019065,0.011949,0.687253,0.448657,0.069066,0.101094,0.188039,0.062677,0.029776,0.016013,0.868227,0.669427,0.10172,0.122848,-0.140539,-0.634876,-0.8178,0.093077,0.417733,0.290212,0.117295,0.043565,0.233964,0.056976,0.02198,0.021624
Jammu and Kashmir,Rice,2012,Kharif,33.6649297,75.1629584,2012-07-01,2012-10-28,14,Landsat 5/7 SR,0.6,0.05,datasets\test_images\2012\rgb\jammu_and_kashmir_2012_rice_kharif_rgb.png,datasets\test_images\2012\ndvi\jammu_and_kashmir_2012_rice_kharif_ndvi.png,0.125146,0.042557,0.01725,0.011523,0.650485,0.335967,0.041569,0.081521,0.165888,0.064507,0.026531,0.016565,0.84511,0.585469,0.07306,0.128301,-0.119085,-0.582057,-0.785173,0.0958,0.418805,0.245142,0.107711,0.036725,0.197925,0.063929,0.020742,0.023813
Jammu and Kashmir,Rice,2013,Kharif,33.6649297,75.1629584,2013-07-01,2013-10-28,21,Landsat 8 SR,0.6,0.05,datasets\test_images\2013\rgb\jammu_and_kashmir_2013_rice_kharif_rgb.png,datasets\test_images\2013\ndvi\jammu_and_kashmir_2013_rice_kharif_ndvi.png,0.142114,0.033704,0.01428,0.010645,0.604635,0.378506,0.060273,0.083052,0.190459,0.061636,0.029927,0.014522,0.844051,0.656351,0.106753,0.124943,-0.1267,-0.607753,-0.772974,0.092982,0.402882,0.258403,0.106872,0.039375,0.207248,0.053251,0.02088,0.020664
Jammu and Kashmir,Rice,2014,Kharif,33.6649297,75.1629584,2014-07-01,2014-10-28,21,Landsat 8 SR,0.6,0.05,datasets\test_images\2014\rgb\jammu_and_kashmir_2014_rice_kharif_rgb.png,datasets\test_images\2014\ndvi\jammu_and_kashmir_2014_rice_kharif_ndvi.png,0.12274,0.033173,0.009949,0.011756,0.622894,0.359747,0.005653,0.098745,0.161006,0.059805,0.02748,0.016478,0.874216,0.633436,0.01667,0.15659,0.01124,-0.608989,-0.806162,0.121823,0.41578,0.252615,0.067974,0.043597,0.190981,0.054102,0.019546,0.023553
Jammu and Kashmir,Rice,2015,Kharif,33.6649297,75.1629584,2015-07-01,2015-10-28,20,Landsat 8 SR,0.6,0.05,datasets\test_images\2015\rgb\jammu_and_kashmir_2015_rice_kharif_rgb.png,datasets\test_images\2015\ndvi\jammu_and_kashmir_2015_rice_kharif_ndvi.png,0.118752,0.035617,0.013427,0.012751,0.711352,0.403627,0.002037,0.106301,0.179802,0.061455,0.030725,0.017936,0.87985,0.656944,0.006369,0.153207,0.011383,-0.6153,-0.807069,0.11953,0.453813,0.27381,0.069569,0.044268,0.202352,0.053633,0.0189,0.02561
Jammu and Kashmir,Rice,2016,Kharif,33.6649297,75.1629584,2016-07-01,2016-10-28,20,Landsat 8 SR,0.6,0.05,datasets\test_images\2016\rgb\jammu_and_kashmir_2016_rice_kharif_rgb.png,datasets\test_images\2016\ndvi\jammu_and_kashmir_2016_rice_kharif_ndvi.png,0.136188,0.037999,0.014926,0.012214,0.601512,0.362778,0.040429,0.09276,0.185825,0.064252,0.031206,0.017271,0.852731,0.625672,0.065258,0.147178,-0.085744,-0.597435,-0.783597,0.111893,0.3709,0.250622,0.087897,0.036243,0.207935,0.059738,0.020866,0.02512
Jammu and Kashmir,Rice,2017,Kharif,33.6649297,75.1629584,2017-07-01,2017-10-28,1,Sentinel-2 SR,0.6,0.05,datasets\test_images\2017\rgb\jammu_and_kashmir_2017_rice_kharif_rgb.png,datasets\test_images\2017\ndvi\jammu_and_kashmir_2017_rice_kharif_ndvi.png,0.7036,0.046194,0.0,0.027301,3.078089,0.284427,-0.248739,0.105144,0.5908,0.07526,0.0033,0.035872,0.911941,0.515259,-0.429834,0.205788,0.508103,-0.538214,-0.96718,0.157052,0.6165,0.242105,0.0258,0.060894,0.5908,0.084106,0.0088,0.051485
Jammu and Kashmir,Rice,2018,Kharif,33.6649297,75.1629584,2018-07-01,2018-10-28,2,Sentinel-2 SR,0.6,0.05,datasets\test_images\2018\rgb\jammu_and_kashmir_2018_rice_kharif_rgb.png,datasets\test_images\2018\ndvi\jammu_and_kashmir_2018_rice_kharif_ndvi.png,0.8295,0.05252,0.0045,0.023749,2.022037,0.269659,-0.315109,0.10479,0.8857,0.074396,0.0155,0.030034,0.879817,0.485931,-0.308174,0.195527,0.357628,-0.497769,-0.826198,0.149345,0.91685,0.220057,0.02945,0.046358,0.8987,0.079615,0.01265,0.042303
Jammu and Kashmir,Rice,2019,Kharif,33.6649297,75.1629584,2019-07-01,2019-10-28,22,Sentinel-2 SR,0.6,0.05,datasets\test_images\2019\rgb\jammu_and_kashmir_2019_rice_kharif_rgb.png,datasets\test_images\2019\ndvi\jammu_and_kashmir_2019_rice_kharif_ndvi.png,0.3257,0.045421,0.0128,0.022181,1.108872,0.379056,-0.088104,0.124256,0.3479,0.069402,0.023,0.025545,0.899162,0.619505,-0.271514,0.192662,0.305008,-0.564375,-0.832417,0.151489,0.4908,0.262748,0.0377,0.046227,0.3414,0.059384,0.01595,0.034473
Jharkhand,Maize,2002,Autumn,23.4559809,85.2557301,2002-07-01,2002-10-28,7,Landsat 5/7 SR,0.6,0.05,datasets\test_images\2002\rgb\jharkhand_2002_maize_rgb.png,datasets\test_images\2002\ndvi\jharkhand_2002_maize_ndvi.png,0.151065,0.050408,0.02836,0.008081,0.632009,0.407815,-0.114215,0.070998,0.254149,0.080639,0.047253,0.012202,0.817566,0.600687,-0.199975,0.091478,0.140263,-0.579624,-0.739526,0.058264,0.410156,0.299674,0.05861,0.03123,0.324398,0.076311,0.031303,0.021333
Jharkhand,Maize,2003,Autumn,23.4559809,85.2557301,2003-07-01,2003-10-28,3,Landsat 5/7 SR,0.6,0.05,datasets\test_images\2003\rgb\jharkhand_2003_maize_rgb.png,datasets\test_images\2003\ndvi\jharkhand_2003_maize_ndvi.png,0.273193,0.080876,0.03221,0.021702,0.755199,0.435381,-0.023461,0.116293,0.300885,0.111118,0.045327,0.03138,0.813821,0.530419,-0.033743,0.127347,-0.01306,-0.527615,-0.747524,0.085279,0.538072,0.355268,0.114737,0.055592,0.401947,0.112826,0.031192,0.045443
Jharkhand,Maize,2004,Autumn,23.4559809,85.2557301,2004-07-01,2004-10-28,11,Landsat 5/7 SR,0.6,0.05,datasets\test_images\2004\rgb\jharkhand_2004_maize_rgb.png,datasets\test_images\2004\ndvi\jharkhand_2004_maize_ndvi.png,0.170191,0.052817,0.026737,0.010304,0.707661,0.379925,-0.146692,0.070625,0.265933,0.085607,0.040928,0.015061,0.831616,0.561996,-0.25557,0.096768,0.292289,-0.557376,-0.746696,0.064075,0.446442,0.308454,0.044008,0.032939,0.320108,0.085342,0.031385,0.024263
Jharkhand,Maize,2005,Autumn,23.4559809,85.2557301,2005-07-01,2005-10-28,10,Landsat 5/7 SR,0.6,0.05,datasets\test_images\2005\rgb\jharkhand_2005_maize_rgb.png,datasets\test_images\2005\ndvi\jharkhand_2005_maize_ndvi.png,1.602213,0.092876,-0.1351,0.075972,1.269845,0.373788,-5.188935,0.087294,0.440283,0.119901,-0.08384,0.042102,2.308454,0.475287,-0.43555,0.110943,0.623022,-0.476796,-4.515304,0.103499,1.602213,0.332045,-0.016465,0.056782,0.482908,0.120346,-0.052022,0.045301
Jharkhand,Rice,1997,Kharif,23.4559809,85.2557301,1997-07-01,1997-10-28,10,Landsat 5/7 SR,0.6,0.05,datasets\test_images\1997\rgb\jharkhand_1997_rice_kharif_rgb.png,datasets\test_images\1997\ndvi\jharkhand_1997_rice_kharif_ndvi.png,0.144327,0.046988,0.023355,0.009759,0.638609,0.378381,-0.157504,0.072843,0.264943,0.082709,0.036885,0.016168,0.812283,0.57872,-0.349802,0.098037,0.352317,-0.556151,-0.74642,0.072115,0.44042,0.292711,0.058775,0.038622,0.310372,0.07824,0.031082,0.023048
Jharkhand,Rice,1998,Kharif,23.4559809,85.2557301,1998-07-01,1998-10-28,4,Landsat 5/7 SR,0.6,0.05,datasets\test_images\1998\rgb\jharkhand_1998_rice_kharif_rgb.png,datasets\test_images\1998\ndvi\jharkhand_1998_rice_kharif_ndvi.png,0.248635,0.125498,0.063698,0.026209,0.77368,0.405017,0.079449,0.092078,0.270278,0.149389,0.070985,0.029301,0.712552,0.418911,0.113804,0.072989,-0.118359,-0.376443,-0.609048,0.061648,0.517613,0.331006,0.170123,0.064422,0.256638,0.135383,0.047253,0.029263
Jharkhand,Rice,1999,Kharif,23.4559809,85.2557301,1999-07-01,1999-10-28,9,Landsat 5/7 SR,0.6,0.05,datasets\test_images\1999\rgb\jharkhand_1999_rice_kharif_rgb.png,datasets\test_images\1999\ndvi\jharkhand_1999_rice_kharif_ndvi.png,0.281965,0.057711,0.009275,0.015392,0.81199,0.382014,-0.201545,0.075459,0.331932,0.093256,0.018267,0.020332,0.868579,0.551819,-0.351951,0.10002,0.424582,-0.535257,-0.784885,0.080352,0.506557,0.307256,0.01857,0.044666,0.373774,0.089426,0.01384,0.025729
Jharkhand,Rice,2000,Kharif,23.4559809,85.2557301,2000-07-01,2000-10-28,12,Landsat 5/7 SR,0.6,0.05,datasets\test_images\2000\rgb\jharkhand_2000_rice_kharif_rgb.png,datasets\test_images\2000\ndvi\jharkhand_2000_rice_kharif_ndvi.png,0.169847,0.051804,0.028745,0.00971,0.613434,0.349333,-0.122842,0.069553,0.27696,0.086358,0.043265,0.015007,0.805112,0.531618,-0.253426,0.102664,0.309202,-0.543146,-0.73768,0.063138,0.405165,0.288447,0.046125,0.030323,0.33581,0.089459,0.03375,0.026929
Jharkhand,Rice,2001,Kharif,23.4559809,85.2557301,2001-07-01,2001-10-28,6,Landsat 5/7 SR,0.6,0.05,datasets\test_images\2001\rgb\jharkhand_2001_rice_kharif_rgb.png,datasets\test_images\2001\ndvi\jharkhand_2001_rice_kharif_ndvi.png,0.155341,0.054555,0.02858,0.010487,0.666834,0.404701,-0.127118,0.07501,0.252004,0.085979,0.045121,0.015935,0.812752,0.576962,-0.216989,0.097902,0.154104,-0.565102,-0.74534,0.06395,0.45879,0.311409,0.062914,0.033244,0.300033,0.084151,0.032114,0.025392
Jharkhand,Rice,2002,Autumn,23.4559809,85.2557301,2002-07-01,2002-10-28,7,Landsat 5/7 SR,0.6,0.05,datasets\test_images\2002\rgb\jharkhand_2002_rice_rgb.png,datasets\test_images\2002\ndvi\jharkhand_2002_rice_ndvi.png,0.151065,0.050408,0.02836,0.008081,0.632009,0.407815,-0.114215,0.070998,0.254149,0.080639,0.047253,0.012202,0.817566,0.600687,-0.199975,0.091478,0.140263,-0.579624,-0.739526,0.058264,0.410156,0.299674,0.05861,0.03123,0.324398,0.076311,0.031303,0.021333
Jharkhand,Rice,2002,Winter,23.4559809,85.2557301,2002-07-01,2002-10-28,7,Landsat 5/7 SR,0.6,0.05,datasets\test_images\2002\rgb\jharkhand_2002_rice_rgb.png,datasets\test_images\2002\ndvi\jharkhand_2002_rice_ndvi.png,0.151065,0.050408,0.02836,0.008081,0.632009,0.407815,-0.114215,0.070998,0.254149,0.080639,0.047253,0.012202,0.817566,0.600687,-0.199975,0.091478,0.140263,-0.579624,-0.739526,0.058264,0.410156,0.299674,0.05861,0.03123,0.324398,0.076311,0.031303,0.021333
Jharkhand,Rice,2002,Kharif,23.4559809,85.2557301,2002-07-01,2002-10-28,8,Landsat 5/7 SR,0.6,0.05,datasets\test_images\2002\rgb\jharkhand_2002_rice_kharif_rgb.png,datasets\test_images\2002\ndvi\jharkhand_2002_rice_kharif_ndvi.png,0.151065,0.050408,0.02836,0.008081,0.632009,0.407815,-0.114215,0.070998,0.254149,0.080639,0.047253,0.012202,0.817566,0.600687,-0.199975,0.091478,0.140263,-0.579624,-0.739526,0.058264,0.410156,0.299674,0.05861,0.03123,0.324398,0.076311,0.031303,0.021333
Jharkhand,Rice,2003,Autumn,23.4559809,85.2557301,2003-07-01,2003-10-28,3,Landsat 5/7 SR,0.6,0.05,datasets\test_images\2003\rgb\jharkhand_2003_rice_rgb.png,datasets\test_images\2003\ndvi\jharkhand_2003_rice_ndvi.png,0.273193,0.080876,0.03221,0.021702,0.755199,0.435381,-0.023461,0.116293,0.300885,0.111118,0.045327,0.03138,0.813821,0.530419,-0.033743,0.127347,-0.01306,-0.527615,-0.747524,0.085279,0.538072,0.355268,0.114737,0.055592,0.401947,0.112826,0.031192,0.045443
Jharkhand,Rice,2003,Winter,23.4559809,85.2557301,2003-07-01,2003-10-28,3,Landsat 5/7 SR,0.6,0.05,datasets\test_images\2003\rgb\jharkhand_2003_rice_rgb.png,datasets\test_images\2003\ndvi\jharkhand_2003_rice_ndvi.png,0.273193,0.080876,0.03221,0.021702,0.755199,0.435381,-0.023461,0.116293,0.300885,0.111118,0.045327,0.03138,0.813821,0.530419,-0.033743,0.127347,-0.01306,-0.527615,-0.747524,0.085279,0.538072,0.355268,0.114737,0.055592,0.401947,0.112826,0.031192,0.045443
Jharkhand,Rice,2003,Kharif,23.4559809,85.2557301,2003-07-01,2003-10-28,5,Landsat 5/7 SR,0.6,0.05,datasets\test_images\2003\rgb\jharkhand_2003_rice_kharif_rgb.png,datasets\test_images\2003\ndvi\jharkhand_2003_rice_kharif_ndvi.png,1.602213,0.089324,0.03221,0.029165,3.109504,0.409331,-0.040568,0.116383,0.453125,0.122192,0.045327,0.036217,0.813821,0.49171,-0.463388,0.132494,0.129025,-0.489006,-0.744365,0.103271,0.587517,0.352539,0.066365,0.057287,1.602213,0.123304,0.031192,0.046244
Jharkhand,Rice,2004,Autumn,23.4559809,85.2557301,2004-07-01,2004-10-28,11,Landsat 5/7 SR,0.6,0.05,datasets\test_images\2004\rgb\jharkhand_2004_rice_rgb.png,datasets\test_images\2004\ndvi\jharkhand_2004_rice_ndvi.png,0.170191,0.052817,0.026737,0.010304,0.707661,0.379925,-0.146692,0.070625,0.265933,0.085607,0.040928,0.015061,0.831616,0.561996,-0.25557,0.096768,0.292289,-0.557376,-0.746696,0.064075,0.446442,0.308454,0.044008,0.032939,0.320108,0.085342,0.031385,0.024263
Jharkhand,Rice,2004,Winter,23.4559809,85.2557301,2004-07-01,2004-10-28,11,Landsat 5/7 SR,0.6,0.05,datasets\test_images\2004\rgb\jharkhand_2004_rice_rgb.png,datasets\test_images\2004\ndvi\jharkhand_2004_rice_ndvi.png,0.170191,0.052817,0.026737,0.010304,0.707661,0.379925,-0.146692,0.070625,0.265933,0.085607,0.040928,0.015061,0.831616,0.561996,-0.25557,0.096768,0.292289,-0.557376,-0.746696,0.064075,0.446442,0.308454,0.044008,0.032939,0.320108,0.085342,0.031385,0.024263
Jharkhand,Rice,2004,Kharif,23.4559809,85.2557301,2004-07-01,2004-10-28,17,Landsat 5/7 SR,0.6,0.05,datasets\test_images\2004\rgb\jharkhand_2004_rice_kharif_rgb.png,datasets\test_images\2004\ndvi\jharkhand_2004_rice_kharif_ndvi.png,0.170191,0.052828,0.026737,0.01031,0.707661,0.379927,-0.146692,0.070615,0.265933,0.085622,0.040928,0.015068,0.831616,0.561962,-0.25557,0.096759,0.292289,-0.557333,-0.746696,0.064065,0.446442,0.308467,0.044008,0.032949,0.320108,0.085355,0.031385,0.024267
Jharkhand,Rice,2005,Autumn,23.4559809,85.2557301,2005-07-01,2005-10-28,10,Landsat 5/7 SR,0.6,0.05,datasets\test_images\2005\rgb\jharkhand_2005_rice_rgb.png,datasets\test_images\2005\ndvi\jharkhand_2005_rice_ndvi.png,1.602213,0.092876,-0.1351,0.075972,1.269845,0.373788,-5.188935,0.087294,0.440283,0.119901,-0.08384,0.042102,2.308454,0.475287,-0.43555,0.110943,0.623022,-0.476796,-4.515304,0.103499,1.602213,0.332045,-0.016465,0.056782,0.482908,0.120346,-0.052022,0.045301
Jharkhand,Rice,2005,Winter,23.4559809,85.2557301,2005-07-01,2005-10-28,10,Landsat 5/7 SR,0.6,0.05,datasets\test_images\2005\rgb\jharkhand_2005_rice_rgb.png,datasets\test_images\2005\ndvi\jharkhand_2005_rice_ndvi.png,1.602213,0.092876,-0.1351,0.075972,1.269845,0.373788,-5.188935,0.087294,0.440283,0.119901,-0.08384,0.042102,2.308454,0.475287,-0.43555,0.110943,0.623022,-0.476796,-4.515304,0.103499,1.602213,0.332045,-0.016465,0.056782,0.482908,0.120346,-0.052022,0.045301
Jharkhand,Rice,2005,Kharif,23.4559809,85.2557301,2005-07-01,2005-10-28,16,Landsat 5/7 SR,0.6,0.05,datasets\test_images\2005\rgb\jharkhand_2005_rice_kharif_rgb.png,datasets\test_images\2005\ndvi\jharkhand_2005_rice_kharif_ndvi.png,1.602213,0.093124,-0.1351,0.066435,1.269845,0.373311,-0.340884,0.0856,0.440283,0.123061,-0.08384,0.038982,2.308454,0.46724,-0.43555,0.108832,0.623022,-0.468584,-4.515304,0.101074,1.602213,0.337771,-0.016465,0.05527,0.482908,0.123169,-0.052022,0.042377
Jharkhand,Rice,2006,Kharif,23.4559809,85.2557301,2006-07-01,2006-10-28,18,Landsat 5/7 SR,0.6,0.05,datasets\test_images\2006\rgb\jharkhand_2006_rice_kharif_rgb.png,datasets\test_images\2006\ndvi\jharkhand_2006_rice_kharif_ndvi.png,0.157225,0.053676,-0.03115,0.009536,0.679809,0.395237,-0.172168,0.07669,0.242571,0.084059,0.002744,0.013648,0.88515,0.570719,-0.313351,0.095734,0.281775,-0.562438,-1.143836,0.064533,0.438605,0.30349,0.047637,0.032941,0.273261,0.083743,0.021279,0.022597
Jharkhand,Rice,2007,Kharif,23.4559809,85.2557301,2007-07-01,2007-10-28,14,Landsat 5/7 SR,0.6,0.05,datasets\test_images\2007\rgb\jharkhand_2007_rice_kharif_rgb.png,datasets\test_images\2007\ndvi\jharkhand_2007_rice_kharif_ndvi.png,1.602213,0.095192,-0.138923,0.060911,116.797753,0.391986,-97.71097,0.499192,0.672795,0.131497,-0.086453,0.043042,3.41693,0.462263,-33.576419,0.175693,3.959535,-0.447903,-18.090541,0.168831,1.602213,0.3395,-0.011405,0.067251,1.602213,0.126749,-0.053783,0.04637
Jharkhand,Rice,2008,Kharif,23.4559809,85.2557301,2008-07-01,2008-10-28,16,Landsat 5/7 SR,0.6,0.05,datasets\test_images\2008\rgb\jharkhand_2008_rice_kharif_rgb.png,datasets\test_images\2008\ndvi\jharkhand_2008_rice_kharif_ndvi.png,0.832969,0.053369,-0.042796,0.012139,0.752204,0.428345,-0.138405,0.084296,0.2532,0.085432,-0.00739,0.015425,1.083564,0.599792,-0.226178,0.103059,0.202035,-0.578954,-1.212492,0.069007,0.473778,0.322045,0.054966,0.033487,0.269782,0.081219,-0.002028,0.024164
Jharkhand,Rice,2009,Kharif,23.4559809,85.2557301,2009-07-01,2009-10-28,17,Landsat 5/7 SR,0.6,0.05,datasets\test_images\2009\rgb\jharkhand_2009_rice_kharif_rgb.png,datasets\test_images\2009\ndvi\jharkhand_2009_rice_kharif_ndvi.png,0.181714,0.05218,-0.030958,0.010069,0.799057,0.408645,-0.119881,0.084819,0.26068,0.084455,0.00174,0.014797,0.857259,0.583045,-0.298057,0.094324,0.293212,-0.573792,-1.361377,0.06819,0.537825,0.312418,0.046455,0.044988,0.323311,0.082714,0.015517,0.02243
Jharkhand,Rice,2010,Kharif,23.4559809,85.2557301,2010-07-01,2010-10-28,12,Landsat 5/7 SR,0.6,0.05,datasets\test_images\2010\rgb\jharkhand_2010_rice_kharif_rgb.png,datasets\test_images\2010\ndvi\jharkhand_2010_rice_kharif_ndvi.png,0.197513,0.056193,0.019725,0.011033,0.764655,0.384761,-0.071524,0.077175,0.225975,0.085101,0.0288,0.014772,0.842046,0.550743,-0.134848,0.092911,0.152997,-0.562292,-0.771095,0.065276,0.464262,0.306778,0.057757,0.034907,0.305505,0.08888,0.01978,0.022593
Jharkhand,Rice,2011,Kharif,23.4559809,85.2557301,2011-07-01,2011-10-28,13,Landsat 5/7 SR,0.6,0.05,datasets\test_images\2011\rgb\jharkhand_2011_rice_kharif_rgb.png,datasets\test_images\2011\ndvi\jharkhand_2011_rice_kharif_ndvi.png,1.602213,0.070907,-0.135265,0.038631,15.586002,0.446286,-14.073983,0.149984,0.623625,0.1061,-0.083868,0.03411,1.563015,0.563772,-0.627516,0.135791,0.299712,-0.541363,-2.095734,0.116121,0.603495,0.353017,0.061305,0.056814,1.602213,0.100747,-0.05205,0.040463
Jharkhand,Rice,2012,Kharif,23.4559809,85.2557301,2012-07-01,2012-10-28,7,Landsat 5/7 SR,0.6,0.05,datasets\test_images\2012\rgb\jharkhand_2012_rice_kharif_rgb.png,datasets\test_images\2012\ndvi\jharkhand_2012_rice_kharif_ndvi.png,0.252897,0.059191,-0.143928,0.017282,0.897276,0.426763,-0.103187,0.097218,0.278665,0.089093,0.033475,0.021589,0.873921,0.586931,-0.165551,0.118644,0.131097,-0.567693,-0.796598,0.081197,0.549705,0.321141,0.034658,0.040825,0.278775,0.084943,0.017635,0.031135
Jharkhand,Rice,2013,Kharif,23.4559809,85.2557301,2013-07-01,2013-10-28,13,Landsat 8 SR,0.6,0.05,datasets\test_images\2013\rgb\jharkhand_2013_rice_kharif_rgb.png,datasets\test_images\2013\ndvi\jharkhand_2013_rice_kharif_ndvi.png,0.296595,0.033362,-0.164993,0.017602,0.855611,0.501738,-0.177332,0.123934,0.33867,0.079176,-0.03929,0.024116,1.311122,0.705742,-0.363626,0.123274,0.405429,-0.639079,-1.184464,0.087022,0.59981,0.363766,0.038645,0.077437,0.343702,0.063504,-0.052848,0.031702
Jharkhand,Rice,2014,Kharif,23.4559809,85.2557301,2014-07-01,2014-10-28,17,Landsat 8 SR,0.6,0.05,datasets\test_images\2014\rgb\jharkhand_2014_rice_kharif_rgb.png,datasets\test_images\2014\ndvi\jharkhand_2014_rice_kharif_ndvi.png,0.150377,0.035608,-0.070901,0.011814,0.79428,0.485174,-0.14013,0.100391,0.217216,0.079483,-0.010346,0.017981,1.113835,0.683991,-0.300241,0.117244,0.291472,-0.636207,-1.105921,0.08214,0.513171,0.356879,0.037009,0.0436,0.260213,0.067537,-0.014829,0.026756
Jharkhand,Rice,2015,Kharif,23.4559809,85.2557301,2015-07-01,2015-10-28,19,Landsat 8 SR,0.6,0.05,datasets\test_images\2015\rgb\jharkhand_2015_rice_kharif_rgb.png,datasets\test_images\2015\ndvi\jharkhand_2015_rice_kharif_ndvi.png,0.366445,0.042838,-0.199478,0.018577,0.756195,0.38045,-0.136579,0.08701,0.407365,0.093757,-0.01157,0.021583,1.376359,0.566153,-0.250408,0.105442,0.131641,-0.552251,-1.207227,0.072043,0.596125,0.327851,0.050992,0.049627,0.41171,0.091003,-0.019517,0.029023
Jharkhand,Rice,2016,Kharif,23.4559809,85.2557301,2016-07-01,2016-10-28,14,Landsat 8 SR,0.6,0.05,datasets\test_images\2016\rgb\jharkhand_2016_rice_kharif_rgb.png,datasets\test_images\2016\ndvi\jharkhand_2016_rice_kharif_ndvi.png,0.240564,0.035858,-0.101908,0.013093,0.838127,0.467514,-0.18856,0.096997,0.277606,0.081607,0.021829,0.017403,1.050848,0.667158,-0.406033,0.110522,0.409823,-0.621092,-0.943334,0.074234,0.555425,0.356851,0.023163,0.050646,0.309121,0.070569,0.002125,0.025807
Jharkhand,Rice,2017,Kharif,23.4559809,85.2557301,2017-07-01,2017-10-28,2,Sentinel-2 SR,0.6,0.05,datasets\test_images\2017\rgb\jharkhand_2017_rice_kharif_rgb.png,datasets\test_images\2017\ndvi\jharkhand_2017_rice_kharif_ndvi.png,0.3003,0.04259,0.01215,0.015421,3.105378,0.430249,-0.276252,0.110958,0.32145,0.078066,0.01605,0.018232,0.911737,0.638727,-0.513796,0.148168,0.586109,-0.591117,-0.806391,0.098275,0.57625,0.30691,0.0074,0.043103,0.39265,0.068165,0.012,0.031635
Jharkhand,Rice,2018,Kharif,23.4559809,85.2557301,2018-07-01,2018-10-28,6,Sentinel-2 SR,0.6,0.05,datasets\test_images\2018\rgb\jharkhand_2018_rice_kharif_rgb.png,datasets\test_images\2018\ndvi\jharkhand_2018_rice_kharif_ndvi.png,0.3718,0.052559,0.0234,0.015702,1.12711,0.40967,-0.262206,0.112165,0.3614,0.081243,0.02835,0.018971,0.875764,0.597418,-0.477872,0.150749,0.555244,-0.566294,-0.787735,0.098453,0.4839,0.295369,0.02425,0.036909,0.37085,0.07496,0.0205,0.032607
Jharkhand,Rice,2019,Kharif,23.4559809,85.2557301,2019-07-01,2019-10-28,16,Sentinel-2 SR,0.6,0.05,datasets\test_images\2019\rgb\jharkhand_2019_rice_kharif_rgb.png,datasets\test_images\2019\ndvi\jharkhand_2019_rice_kharif_ndvi.png,0.2918,0.072998,0.01595,0.02188,1.011575,0.518594,-0.268792,0.14219,0.3568,0.102068,0.0174,0.024722,0.903584,0.625542,-0.397359,0.144074,0.49877,-0.544253,-0.792109,0.106873,0.6027,0.353772,0.03115,0.055376,0.3869,0.080425,0.00875,0.034337
Karnataka,Maize,1997,Kharif,14.9562045,75.7896741,1997-07-01,1997-10-28,2,Landsat 5/7 SR,0.6,0.05,datasets\test_images\1997\rgb\karnataka_1997_maize_rgb.png,datasets\test_images\1997\ndvi\karnataka_1997_maize_ndvi.png,0.22229,0.067988,0.033447,0.011068,0.595258,0.175627,-0.125916,0.071255,0.25837,0.09899,0.043843,0.01697,0.75625,0.288988,-0.486313,0.105058,0.522276,-0.368108,-0.71569,0.104514,0.386768,0.220908,0.030587,0.052801,0.268792,0.119552,0.03771,0.026775
Karnataka,Maize,1997,Rabi,14.9562045,75.7896741,1997-11-01,1998-04-28,6,Landsat 5/7 SR,0.6,0.05,datasets\test_images\1997\rgb\karnataka_1997_maize_rgb.png,datasets\test_images\1997\ndvi\karnataka_1997_maize_ndvi.png,0.135912,0.077026,0.04497,0.009907,0.624538,0.146882,-0.103386,0.068004,0.212693,0.114387,0.06202,0.017977,0.69109,0.231561,-0.2991,0.097743,0.321223,-0.34286,-0.660939,0.086374,0.434398,0.238595,0.048435,0.04769,0.274018,0.147194,0.052862,0.032768
Karnataka,Maize,1997,Summer,14.9562045,75.7896741,1997-03-01,1997-06-28,1,Landsat 5/7 SR,0.6,0.05,datasets\test_images\1997\rgb\karnataka_1997_maize_rgb.png,datasets\test_images\1997\ndvi\karnataka_1997_maize_ndvi.png,0.12582,0.074361,0.041945,0.009909,0.726367,0.153358,-0.051762,0.072876,0.18291,0.102798,0.052368,0.016499,0.779952,0.247321,-0.213136,0.094932,0.190226,-0.368673,-0.732126,0.077724,0.473338,0.22707,0.04068,0.047193,0.255153,0.136206,0.045987,0.03039
Karnataka,Maize,1998,Kharif,14.9562045,75.7896741,1998-07-01,1998-10-28,2,Landsat 5/7 SR,0.6,0.05,datasets\test_images\1998\rgb\karnataka_1998_maize_rgb.png,datasets\test_images\1998\ndvi\karnataka_1998_maize_ndvi.png,0.235985,0.067476,-0.002908,0.014449,0.802044,0.250761,-0.148014,0.10858,0.595713,0.100889,0.023822,0.021136,0.823434,0.379226,-0.418228,0.14673,0.594072,-0.41833,-0.786987,0.128321,0.63446,0.256174,0.040873,0.069988,0.458763,0.111936,0.026325,0.030079
Karnataka,Maize,1998,Rabi,14.9562045,75.7896741,1998-11-01,1999-04-28,11,Landsat 5/7 SR,0.6,0.05,datasets\test_images\1998\rgb\karnataka_1998_maize_rgb.png,datasets\test_images\1998\ndvi\karnataka_1998_maize_ndvi.png,0.128103,0.069806,0.046015,0.008583,0.628405,0.173328,-0.070603,0.05124,0.185632,0.097003,0.059916,0.015317,0.719325,0.279373,-0.256172,0.08262,0.282272,-0.388186,-0.665887,0.075803,0.44889,0.227385,0.04222,0.041724,0.247576,0.125092,0.054581,0.029535
Karnataka,Maize,1998,Summer,14.9562045,75.7896741,1998-03-01,1998-06-28,6,Landsat 5/7 SR,0.6,0.05,datasets\test_images\1998\rgb\karnataka_1998_maize_rgb.png,datasets\test_images\1998\ndvi\karnataka_1998_maize_ndvi.png,0.137068,0.078727,0.046565,0.010111,0.624538,0.139606,-0.097867,0.064857,0.214892,0.116421,0.06367,0.018406,0.69109,0.218664,-0.295568,0.093291,0.321223,-0.330835,-0.656225,0.083362,0.434398,0.236999,0.048435,0.047732,0.276218,0.150072,0.055613,0.033132
Karnataka,Maize,1999,Kharif,14.9562045,75.7896741,1999-07-01,1999-10-28,3,Landsat 5/7 SR,0.6,0.05,datasets\test_images\1999\rgb\karnataka_1999_maize_kharif_rgb.png,datasets\test_images\1999\ndvi\karnataka_1999_maize_kharif_ndvi.png,0.23923,0.069891,0.034988,0.014663,0.745677,0.238774,-0.126139,0.119488,0.266895,0.09666,0.044585,0.020851,0.800483,0.361424,-0.296158,0.151194,0.196504,-0.407615,-0.715988,0.126134,0.50829,0.240986,0.073653,0.074242,0.28015,0.108449,0.045492,0.028738
Karnataka,Maize,1999,Rabi,14.9562045,75.7896741,1999-11-01,2000-04-28,6,Landsat 5/7 SR,0.6,0.05,datasets\test_images\1999\rgb\karnataka_1999_maize_rabi_rgb.png,datasets\test_images\1999\ndvi\karnataka_1999_maize_rabi_ndvi.png,0.129807,0.06763,0.035153,0.010244,0.556506,0.155318,-0.079132,0.060407,0.189317,0.096172,0.050828,0.017267,0.717517,0.255877,-0.328837,0.096882,0.35857,-0.401249,-0.706764,0.086737,0.423714,0.230915,0.032787,0.04517,0.261972,0.134808,0.044475,0.034292
Karnataka,Maize,1999,Summer,14.9562045,75.7896741,1999-03-01,1999-06-28,4,Landsat 5/7 SR,0.6,0.05,datasets\test_images\1999\rgb\karnataka_1999_maize_summer_rgb.png,datasets\test_images\1999\ndvi\karnataka_1999_maize_summer_ndvi.png,0.135431,0.079888,0.05476,0.008612,0.663172,0.148613,-0.033496,0.073917,0.193126,0.108704,0.06576,0.016819,0.714417,0.233843,-0.091737,0.09495,0.097922,-0.343966,-0.668356,0.074614,0.476555,0.227724,0.062955,0.047927,0.247975,0.140405,0.059806,0.032276
Karnataka,Maize,2000,Kharif,14.9562045,75.7896741,2000-07-01,2000-10-28,2,Landsat 5/7 SR,0.6,0.05,datasets\test_images\2000\rgb\karnataka_2000_maize_rgb.png,datasets\test_images\2000\ndvi\karnataka_2000_maize_ndvi.png,0.260103,0.093049,0.05234,0.019687,0.788388,0.282317,-0.119873,0.11227,0.268628,0.112373,0.058582,0.02279,0.776871,0.367566,-0.272116,0.121336,0.298334,-0.412646,-0.72192,0.102097,0.54822,0.278357,0.066173,0.071169,0.300363,0.125725,0.051708,0.03083
Karnataka,Maize,2000,Rabi,14.9562045,75.7896741,2000-11-01,2001-04-28,6,Landsat 5/7 SR,0.6,0.05,datasets\test_images\2000\rgb\karnataka_2000_maize_rgb.png,datasets\test_images\2000\ndvi\karnataka_2000_maize_ndvi.png,0.127057,0.070391,0.040185,0.010329,0.593765,0.16811,-0.116275,0.069051,0.196495,0.100139,0.054183,0.016926,0.763755,0.270166,-0.315351,0.108896,0.308068,-0.380448,-0.709076,0.090739,0.403941,0.233449,0.03848,0.04498,0.262578,0.130543,0.044338,0.033422
Karnataka,Maize,2000,Summer,14.9562045,75.7896741,2000-03-01,2000-06-28,3,Landsat 5/7 SR,0.6,0.05,datasets\test_images\2000\rgb\karnataka_2000_maize_rgb.png,datasets\test_images\2000\ndvi\karnataka_2000_maize_ndvi.png,0.169064,0.080839,0.050168,0.009671,0.65091,0.13978,-0.057183,0.080855,0.310661,0.115713,0.066681,0.017837,0.725088,0.217284,-0.177293,0.107663,0.217012,-0.329415,-0.667995,0.08651,0.514533,0.233777,0.060796,0.048969,0.255015,0.149502,0.05806,0.034276
Karnataka,Maize,2001,Kharif,14.9562045,75.7896741,2001-07-01,2001-10-28,3,Landsat 5/7 SR,0.6,0.05,datasets\test_images\2001\rgb\karnataka_2001_maize_kharif_rgb.png,datasets\test_images\2001\ndvi\karnataka_2001_maize_kharif_ndvi.png,0.28664,0.08312,0.029433,0.025236,0.930052,0.286812,-0.116157,0.137597,0.295413,0.104794,0.030092,0.030635,0.867568,0.393934,-0.311403,0.166969,0.240623,-0.428747,-0.802985,0.136714,0.62951,0.270295,0.041148,0.079082,0.34362,0.114802,0.018515,0.038532
Karnataka,Maize,2001,Rabi,14.9562045,75.7896741,2001-11-01,2002-04-28,3,Landsat 5/7 SR,0.6,0.05,datasets\test_images\2001\rgb\karnataka_2001_maize_rabi_rgb.png,datasets\test_images\2001\ndvi\karnataka_2001_maize_rabi_ndvi.png,0.12791,0.068864,0.040515,0.009734,0.556807,0.166594,-0.086033,0.063043,0.182085,0.097843,0.058198,0.016939,0.694777,0.279532,-0.317265,0.10034,0.347872,-0.38691,-0.651516,0.084451,0.371532,0.230555,0.038892,0.042348,0.257105,0.126914,0.05047,0.034554
Karnataka,Maize,2001,Summer,14.9562045,75.7896741,2001-03-01,2001-06-28,6,Landsat 5/7 SR,0.6,0.05,datasets\test_images\2001\rgb\karnataka_2001_maize_summer_rgb.png,datasets\test_images\2001\ndvi\karnataka_2001_maize_summer_ndvi.png,0.132805,0.075993,0.03947,0.012392,0.647057,0.156608,-0.087256,0.087799,0.201761,0.108419,0.054183,0.019981,0.744653,0.243797,-0.198715,0.119347,0.191604,-0.361701,-0.680693,0.090183,0.448313,0.238216,0.049934,0.052228,0.269659,0.143879,0.044338,0.038112
Karnataka,Maize,2002,Kharif,14.9562045,75.7896741,2002-07-01,2002-10-28,2,Landsat 5/7 SR,0.6,0.05,datasets\test_images\2002\rgb\karnataka_2002_maize_kharif_rgb.png,datasets\test_images\2002\ndvi\karnataka_2002_maize_kharif_ndvi.png,0.161405,0.062549,0.022833,0.013496,0.760834,0.205972,-0.120709,0.099978,0.210451,0.093288,0.035895,0.019567,0.872613,0.334703,-0.428349,0.148213,0.381484,-0.417648,-0.798894,0.125848,0.452877,0.236209,0.031481,0.063607,0.288483,0.115172,0.02297,0.032674
Karnataka,Maize,2002,Rabi,14.9562045,75.7896741,2002-11-01,2003-04-28,5,Landsat 5/7 SR,0.6,0.05,datasets\test_images\2002\rgb\karnataka_2002_maize_rabi_rgb.png,datasets\test_images\2002\ndvi\karnataka_2002_maize_rabi_ndvi.png,0.150873,0.071144,0.044503,0.009035,0.577212,0.160899,-0.098723,0.060055,0.214824,0.099642,0.060384,0.016243,0.708244,0.263771,-0.325314,0.095593,0.352665,-0.380005,-0.664741,0.079179,0.384705,0.228665,0.042275,0.041326,0.277716,0.13087,0.052794,0.032635
Karnataka,Maize,2003,Kharif,14.9562045,75.7896741,2003-07-01,2003-10-28,2,Landsat 5/7 SR,0.6,0.05,datasets\test_images\2003\rgb\karnataka_2003_maize_rgb.png,datasets\test_images\2003\ndvi\karnataka_2003_maize_ndvi.png,0.234693,0.071013,0.0387,0.014113,0.769457,0.312994,-0.108817,0.125291,0.2543,0.094698,0.042687,0.016656,0.815881,0.442618,-0.26132,0.147136,0.141848,-0.47335,-0.757555,0.113383,0.51775,0.274414,0.06378,0.064284,0.275805,0.103208,0.035043,0.02674
Karnataka,Maize,2003,Rabi,14.9562045,75.7896741,2003-11-01,2004-04-28,7,Landsat 5/7 SR,0.6,0.05,datasets\test_images\2003\rgb\karnataka_2003_maize_rgb.png,datasets\test_images\2003\ndvi\karnataka_2003_maize_ndvi.png,0.129588,0.071918,0.04002,0.009763,0.659944,0.145022,-0.095617,0.06155,0.195148,0.102067,0.056809,0.017307,0.727583,0.236992,-0.287409,0.093208,0.296346,-0.364885,-0.674105,0.078765,0.468085,0.229861,0.047706,0.045767,0.2708,0.136729,0.047363,0.034167
Karnataka,Maize,2003,Summer,14.9562045,75.7896741,2003-03-01,2003-06-28,3,Landsat 5/7 SR,0.6,0.05,datasets\test_images\2003\rgb\karnataka_2003_maize_rgb.png,datasets\test_images\2003\ndvi\karnataka_2003_maize_ndvi.png,0.1465,0.07698,0.047253,0.009817,0.635375,0.13182,-0.037708,0.06258,0.204704,0.107432,0.060453,0.017898,0.726442,0.214759,-0.100613,0.087729,0.096283,-0.349588,-0.658162,0.065201,0.428348,0.226263,0.071178,0.04598,0.274416,0.146342,0.05542,0.035122
Karnataka,Maize,2004,Kharif,14.9562045,75.7896741,2004-07-01,2004-10-28,1,Landsat 5/7 SR,0.6,0.05,datasets\test_images\2004\rgb\karnataka_2004_maize_rgb.png,datasets\test_images\2004\ndvi\karnataka_2004_maize_ndvi.png,0.255868,0.066714,0.02902,0.016257,0.602239,0.25911,-0.055018,0.101789,0.2829,0.089565,0.042605,0.020263,0.778126,0.408149,-0.181613,0.143206,0.219054,-0.427649,-0.723738,0.123622,0.423343,0.230441,0.055393,0.057688,0.296513,0.094814,0.033695,0.027632
Karnataka,Maize,2004,Rabi,14.9562045,75.7896741,2004-11-01,2005-04-28,8,Landsat 5/7 SR,0.6,0.05,datasets\test_images\2004\rgb\karnataka_2004_maize_rgb.png,datasets\test_images\2004\ndvi\karnataka_2004_maize_ndvi.png,0.125449,0.066472,0.036087,0.009358,0.542445,0.166443,-0.085549,0.058439,0.193511,0.094696,0.053192,0.016362,0.712974,0.282461,-0.304331,0.101265,0.376496,-0.399156,-0.680595,0.084793,0.393643,0.227432,0.035537,0.041724,0.282048,0.124894,0.046868,0.033768
Karnataka,Maize,2004,Summer,14.9562045,75.7896741,2004-03-01,2004-06-28,4,Landsat 5/7 SR,0.6,0.05,datasets\test_images\2004\rgb\karnataka_2004_maize_rgb.png,datasets\test_images\2004\ndvi\karnataka_2004_maize_ndvi.png,0.132007,0.074838,0.0376,0.010042,0.664829,0.138654,-0.070038,0.070238,0.195931,0.105439,0.050992,0.017753,0.743775,0.224522,-0.220628,0.100036,0.246858,-0.35637,-0.692313,0.079983,0.478233,0.227041,0.047706,0.047512,0.27201,0.142871,0.046854,0.035152
Karnataka,Maize,2005,Kharif,14.9562045,75.7896741,2005-07-01,2005-10-28,1,Landsat 5/7 SR,0.6,0.05,datasets\test_images\2005\rgb\karnataka_2005_maize_rgb.png,datasets\test_images\2005\ndvi\karnataka_2005_maize_ndvi.png,0.251412,0.081092,0.024427,0.025916,0.838159,0.33903,-0.085957,0.112637,0.273688,0.102812,0.031165,0.02867,0.87443,0.457553,-0.205326,0.131295,0.126983,-0.457587,-0.783308,0.105411,0.549045,0.279669,0.066063,0.068888,0.289115,0.103301,0.017607,0.033231
Karnataka,Maize,2005,Rabi,14.9562045,75.7896741,2005-11-01,2006-04-28,9,Landsat 5/7 SR,0.6,0.05,datasets\test_images\2005\rgb\karnataka_2005_maize_rgb.png,datasets\test_images\2005\ndvi\karnataka_2005_maize_ndvi.png,0.120444,0.07051,0.04013,0.009351,0.533556,0.158,-0.080404,0.0577,0.183652,0.097587,0.056547,0.01512,0.689624,0.266038,-0.289357,0.093638,0.357439,-0.380866,-0.652195,0.079816,0.375327,0.223952,0.033791,0.039459,0.262192,0.126574,0.05003,0.031228
Karnataka,Maize,2005,Summer,14.9562045,75.7896741,2005-03-01,2005-06-28,3,Landsat 5/7 SR,0.6,0.05,datasets\test_images\2005\rgb\karnataka_2005_maize_rgb.png,datasets\test_images\2005\ndvi\karnataka_2005_maize_ndvi.png,0.13605,0.074646,0.039484,0.01014,0.749483,0.155656,-0.053689,0.093314,0.187365,0.103461,0.053165,0.018067,0.79082,0.247517,-0.213817,0.127403,0.263343,-0.367803,-0.72795,0.092967,0.50081,0.230882,0.043196,0.050812,0.282048,0.138256,0.039869,0.038112
Karnataka,Maize,2006,Kharif,14.9562045,75.7896741,2006-07-01,2006-10-28,1,Landsat 5/7 SR,0.6,0.05,datasets\test_images\2006\rgb\karnataka_2006_maize_kharif_rgb.png,datasets\test_images\2006\ndvi\karnataka_2006_maize_kharif_ndvi.png,0.235187,0.065426,0.03045,0.014091,0.77407,0.278036,-0.055551,0.108528,0.26057,0.08953,0.032128,0.019593,0.822092,0.423512,-0.190485,0.128438,0.251165,-0.463919,-0.746796,0.110859,0.505265,0.254868,0.03936,0.069885,0.27993,0.10082,0.021842,0.030414
Karnataka,Maize,2006,Rabi,14.9562045,75.7896741,2006-11-01,2007-04-28,6,Landsat 5/7 SR,0.6,0.05,datasets\test_images\2006\rgb\karnataka_2006_maize_rabi_rgb.png,datasets\test_images\2006\ndvi\karnataka_2006_maize_rabi_ndvi.png,0.12351,0.074236,0.044035,0.009026,0.630961,0.147031,-0.071572,0.06473,0.181755,0.102124,0.062185,0.016145,0.723784,0.241952,-0.295533,0.095749,0.372567,-0.357035,-0.677661,0.07874,0.41468,0.221081,0.034025,0.043818,0.257146,0.134376,0.05157,0.03264
Karnataka,Maize,2006,Summer,14.9562045,75.7896741,2006-03-01,2006-06-28,5,Landsat 5/7 SR,0.6,0.05,datasets\test_images\2006\rgb\karnataka_2006_maize_summer_rgb.png,datasets\test_images\2006\ndvi\karnataka_2006_maize_summer_ndvi.png,0.137631,0.078238,0.046427,0.010379,0.692218,0.170858,-0.026265,0.105916,0.18247,0.107617,0.06004,0.017185,0.752041,0.260964,-0.072828,0.138157,0.113566,-0.365804,-0.683719,0.097857,0.458487,0.237709,0.06268,0.050482,0.252485,0.138293,0.048916,0.03605
Karnataka,Maize,2007,Kharif,14.9562045,75.7896741,2007-07-01,2007-10-28,1,Landsat 5/7 SR,0.6,0.05,datasets\test_images\2007\rgb\karnataka_2007_maize_kharif_rgb.png,datasets\test_images\2007\ndvi\karnataka_2007_maize_kharif_ndvi.png,1.602213,0.111803,0.0519,0.070914,3.097125,0.324915,-0.110397,0.137838,0.41402,0.137324,0.070325,0.04632,0.728955,0.380162,-0.505766,0.139741,0.153685,-0.389414,-0.677361,0.12063,0.622057,0.315691,0.113115,0.084131,1.602213,0.140865,0.061497,0.054975
Karnataka,Maize,2007,Rabi,14.9562045,75.7896741,2007-11-01,2008-04-28,9,Landsat 5/7 SR,0.6,0.05,datasets\test_images\2007\rgb\karnataka_2007_maize_rabi_rgb.png,datasets\test_images\2007\ndvi\karnataka_2007_maize_rabi_ndvi.png,0.123592,0.06631,0.032705,0.009726,0.607254,0.180203,-0.09844,0.061858,0.178675,0.092902,0.046207,0.014518,0.813386,0.299699,-0.413602,0.102062,0.44263,-0.394031,-0.734995,0.097656,0.363723,0.225823,0.021182,0.041957,0.242035,0.116412,0.031027,0.028249
Karnataka,Maize,2007,Summer,14.9562045,75.7896741,2007-03-01,2007-06-28,4,Landsat 5/7 SR,0.6,0.05,datasets\test_images\2007\rgb\karnataka_2007_maize_summer_rgb.png,datasets\test_images\2007\ndvi\karnataka_2007_maize_summer_ndvi.png,0.156001,0.084221,0.051955,0.009994,0.567389,0.144366,-0.032041,0.082387,0.186801,0.113033,0.066943,0.016034,0.67656,0.221657,-0.096594,0.111631,0.096375,-0.33023,-0.632277,0.083265,0.405523,0.2292,0.075027,0.042888,0.257545,0.145114,0.05916,0.033105
Karnataka,Maize,2008,Kharif,14.9562045,75.7896741,2008-07-01,2008-10-28,1,Landsat 5/7 SR,0.6,0.05,datasets\test_images\2008\rgb\karnataka_2008_maize_kharif_rgb.png,datasets\test_images\2008\ndvi\karnataka_2008_maize_kharif_ndvi.png,0.348488,0.065907,0.027672,0.016921,0.724675,0.286622,-0.307962,0.123671,0.388143,0.092098,0.041368,0.020967,0.865772,0.427289,-0.499604,0.165363,0.296521,-0.455123,-0.7748,0.138804,0.537797,0.25637,0.04992,0.064367,1.602213,0.099777,0.02627,0.031016
Karnataka,Maize,2008,Rabi,14.9562045,75.7896741,2008-11-01,2009-04-28,10,Landsat 5/7 SR,0.6,0.05,datasets\test_images\2008\rgb\karnataka_2008_maize_rabi_rgb.png,datasets\test_images\2008\ndvi\karnataka_2008_maize_rabi_ndvi.png,0.115948,0.068845,0.046097,0.007399,0.586811,0.192049,-0.080608,0.062367,0.166328,0.094157,0.059435,0.012692,0.759117,0.315682,-0.231797,0.095542,0.249465,-0.400741,-0.684841,0.086367,0.393175,0.227536,0.049012,0.038866,0.231104,0.115393,0.048985,0.025652
Karnataka,Maize,2008,Summer,14.9562045,75.7896741,2008-03-01,2008-06-28,4,Landsat 5/7 SR,0.6,0.05,datasets\test_images\2008\rgb\karnataka_2008_maize_summer_rgb.png,datasets\test_images\2008\ndvi\karnataka_2008_maize_summer_ndvi.png,0.130495,0.075658,0.039937,0.011562,0.646638,0.192496,-0.067788,0.091347,0.18753,0.107054,0.054677,0.016825,0.765883,0.294064,-0.199979,0.127621,0.224773,-0.381142,-0.700967,0.099068,0.417017,0.245323,0.054733,0.046814,0.251468,0.131966,0.043375,0.03264
Karnataka,Maize,2009,Kharif,14.9562045,75.7896741,2009-07-01,2009-10-28,2,Landsat 5/7 SR,0.6,0.05,datasets\test_images\2009\rgb\karnataka_2009_maize_kharif_rgb.png,datasets\test_images\2009\ndvi\karnataka_2009_maize_kharif_ndvi.png,0.24165,0.058755,0.026023,0.010592,0.74544,0.308247,-0.05594,0.110099,0.26376,0.078935,0.03936,0.013767,0.829586,0.469313,-0.207129,0.139816,0.26036,-0.513944,-0.766105,0.12488,0.50323,0.258101,0.036115,0.060611,0.283643,0.089679,0.029955,0.022378
Karnataka,Maize,2009,Rabi,14.9562045,75.7896741,2009-11-01,2010-04-28,7,Landsat 5/7 SR,0.6,0.05,datasets\test_images\2009\rgb\karnataka_2009_maize_rabi_rgb.png,datasets\test_images\2009\ndvi\karnataka_2009_maize_rabi_ndvi.png,0.116786,0.066853,0.040254,0.007793,0.62925,0.208804,-0.073038,0.069347,0.15134,0.085656,0.052546,0.01096,0.76777,0.338968,-0.260426,0.105522,0.297858,-0.424321,-0.699942,0.10211,0.395457,0.221717,0.038453,0.040087,0.204841,0.105786,0.041615,0.022436
Karnataka,Maize,2009,Summer,14.9562045,75.7896741,2009-03-01,2009-06-28,2,Landsat 5/7 SR,0.6,0.05,datasets\test_images\2009\rgb\karnataka_2009_maize_summer_rgb.png,datasets\test_images\2009\ndvi\karnataka_2009_maize_summer_ndvi.png,0.115879,0.071431,0.042632,0.00916,0.691487,0.181392,-0.079937,0.100457,0.1553,0.094834,0.052258,0.015078,0.785882,0.289813,-0.237568,0.136333,0.227657,-0.395812,-0.734079,0.102169,0.46429,0.225046,0.050003,0.04869,0.24044,0.122998,0.04134,0.032525
Karnataka,Maize,2010,Kharif,14.9562045,75.7896741,2010-07-01,2010-10-28,1,Landsat 5/7 SR,0.6,0.05,datasets\test_images\2010\rgb\karnataka_2010_maize_kharif_rgb.png,datasets\test_images\2010\ndvi\karnataka_2010_maize_kharif_ndvi.png,0.143338,0.078605,0.045492,0.014675,0.578738,0.352407,0.178378,0.069715,0.150433,0.085424,0.046978,0.01704,0.702211,0.501989,0.301685,0.086668,-0.278768,-0.473083,-0.631119,0.065598,0.38201,0.239161,0.147215,0.04073,0.147875,0.079854,0.037435,0.021346
Karnataka,Maize,2010,Rabi,14.9562045,75.7896741,2010-11-01,2011-04-28,1,Landsat 5/7 SR,0.6,0.05,datasets\test_images\2010\rgb\karnataka_2010_maize_rabi_rgb.png,datasets\test_images\2010\ndvi\karnataka_2010_maize_rabi_ndvi.png,0.1498,0.060229,0.032073,0.009406,0.791232,0.203993,-0.115039,0.087183,0.19006,0.080151,0.038205,0.013246,0.816214,0.339636,-0.491907,0.137961,0.544739,-0.449896,-0.750445,0.135827,0.523168,0.221187,0.016122,0.050707,0.23703,0.106069,0.033007,0.025542
Karnataka,Maize,2010,Summer,14.9562045,75.7896741,2010-03-01,2010-06-28,4,Landsat 5/7 SR,0.6,0.05,datasets\test_images\2010\rgb\karnataka_2010_maize_summer_rgb.png,datasets\test_images\2010\ndvi\karnataka_2010_maize_summer_ndvi.png,0.13209,0.074831,0.046483,0.008773,0.680995,0.183107,-0.063964,0.084347,0.17917,0.102122,0.05784,0.014141,0.730555,0.286527,-0.182882,0.116726,0.207384,-0.377095,-0.6776,0.096298,0.450018,0.233021,0.055365,0.046113,0.23923,0.12676,0.048187,0.029002
Karnataka,Maize,2011,Kharif,14.9562045,75.7896741,2011-07-01,2011-10-28,2,Landsat 5/7 SR,0.6,0.05,datasets\test_images\2011\rgb\karnataka_2011_maize_kharif_rgb.png,datasets\test_images\2011\ndvi\karnataka_2011_maize_kharif_ndvi.png,0.243768,0.064776,0.02583,0.013302,0.722203,0.288411,-0.083406,0.108814,0.261203,0.081989,0.034493,0.015529,0.847895,0.439215,-0.236782,0.144467,0.280019,-0.487485,-0.800216,0.118816,0.45791,0.246068,0.044475,0.053264,0.291892,0.093553,0.02429,0.024665
Karnataka,Maize,2011,Rabi,14.9562045,75.7896741,2011-11-01,2012-04-28,7,Landsat 5/7 SR,0.6,0.05,datasets\test_images\2011\rgb\karnataka_2011_maize_rabi_rgb.png,datasets\test_images\2011\ndvi\karnataka_2011_maize_rabi_ndvi.png,0.117597,0.070472,0.042495,0.008581,0.654239,0.162392,-0.097782,0.067703,0.162065,0.095206,0.058252,0.014423,0.733052,0.268978,-0.312339,0.101327,0.338739,-0.374188,-0.680046,0.092102,0.455132,0.217757,0.035647,0.044657,0.23296,0.121776,0.043017,0.029004
Karnataka,Maize,2012,Kharif,14.9562045,75.7896741,2012-07-01,2012-10-28,1,Landsat 5/7 SR,0.6,0.05,datasets\test_images\2012\rgb\karnataka_2012_maize_kharif_rgb.png,datasets\test_images\2012\ndvi\karnataka_2012_maize_kharif_ndvi.png,0.13473,0.064235,0.031027,0.009968,0.752298,0.268388,-0.010374,0.110636,0.183185,0.088631,0.045657,0.014445,0.808249,0.41305,-0.036123,0.13959,0.134018,-0.461076,-0.746568,0.110637,0.527485,0.249034,0.052725,0.055102,0.245638,0.101425,0.031743,0.027943
Karnataka,Maize,2012,Rabi,14.9562045,75.7896741,2012-11-01,2013-04-28,7,Landsat 5/7 SR,0.6,0.05,datasets\test_images\2012\rgb\karnataka_2012_maize_rabi_rgb.png,datasets\test_images\2012\ndvi\karnataka_2012_maize_rabi_ndvi.png,0.128639,0.07502,0.044392,0.009181,0.595592,0.178656,-0.038602,0.069724,0.175677,0.101248,0.06114,0.014475,0.714587,0.283396,-0.134441,0.101047,0.224736,-0.380618,-0.642503,0.081766,0.404313,0.232263,0.045822,0.042171,0.237772,0.126936,0.052395,0.029562
Karnataka,Maize,2012,Summer,14.9562045,75.7896741,2012-03-01,2012-06-28,2,Landsat 5/7 SR,0.6,0.05,datasets\test_images\2012\rgb\karnataka_2012_maize_summer_rgb.png,datasets\test_images\2012\ndvi\karnataka_2012_maize_summer_ndvi.png,0.31238,0.086495,0.05421,0.019833,0.62774,0.17963,-0.333301,0.096051,0.359845,0.110537,0.060947,0.0239,0.729745,0.267884,-0.57218,0.122235,0.103929,-0.344078,-0.654413,0.09473,0.488353,0.23056,0.07753,0.051443,1.602213,0.132519,0.054897,0.03724
Karnataka,Maize,2013,Kharif,14.9562045,75.7896741,2013-07-01,2013-10-28,2,Landsat 8 SR,0.6,0.05,datasets\test_images\2013\rgb\karnataka_2013_maize_kharif_rgb.png,datasets\test_images\2013\ndvi\karnataka_2013_maize_kharif_ndvi.png,,,,,,,,,,,,,,,,,,,,,,,,,,,,
Karnataka,Maize,2013,Rabi,14.9562045,75.7896741,2013-11-01,2014-04-28,11,Landsat 8 SR,0.6,0.05,datasets\test_images\2013\rgb\karnataka_2013_maize_rabi_rgb.png,datasets\test_images\2013\ndvi\karnataka_2013_maize_rabi_ndvi.png,0.104026,0.04925,0.014637,0.012566,0.564845,0.199287,-0.070923,0.061827,0.1762,0.089283,0.04398,0.015938,0.808977,0.344116,-0.195086,0.10037,0.15839,-0.445286,-0.724842,0.089747,0.39158,0.245598,0.037242,0.045182,0.231544,0.114374,0.0332,0.030878
Karnataka,Maize,2013,Summer,14.9562045,75.7896741,2013-03-01,2013-06-28,4,Landsat 8 SR,0.6,0.05,datasets\test_images\2013\rgb\karnataka_2013_maize_summer_rgb.png,datasets\test_images\2013\ndvi\karnataka_2013_maize_summer_ndvi.png,0.119165,0.055315,0.016535,0.014734,0.606274,0.191214,-0.022264,0.082057,0.188575,0.100486,0.050113,0.018895,0.780528,0.322696,-0.095878,0.122389,0.154021,-0.41949,-0.714475,0.08418,0.441328,0.25092,0.045575,0.051237,0.24814,0.128188,0.037187,0.035612
Karnataka,Maize,2014,Kharif,14.9562045,75.7896741,2014-07-01,2014-10-28,5,Landsat 8 SR,0.6,0.05,datasets\test_images\2014\rgb\karnataka_2014_maize_kharif_rgb.png,datasets\test_images\2014\ndvi\karnataka_2014_maize_kharif_ndvi.png,0.401178,0.034594,-0.176845,0.022987,0.954292,0.446898,-0.128744,0.124957,0.437753,0.085245,-0.044488,0.027541,1.610744,0.651129,-0.73683,0.138565,0.753972,-0.601867,-1.488257,0.102855,0.625852,0.347636,0.00966,0.081347,0.441657,0.073349,-0.032773,0.03359
Karnataka,Maize,2014,Rabi,14.9562045,75.7896741,2014-11-01,2015-04-28,12,Landsat 8 SR,0.6,0.05,datasets\test_images\2014\rgb\karnataka_2014_maize_rabi_rgb.png,datasets\test_images\2014\ndvi\karnataka_2014_maize_rabi_ndvi.png,0.100135,0.046004,0.013373,0.011074,0.585717,0.223083,-0.035725,0.065593,0.163853,0.085509,0.045355,0.013464,0.82601,0.386559,-0.170217,0.1097,0.23973,-0.460498,-0.734835,0.09028,0.39576,0.243684,0.036156,0.039374,0.2257,0.102955,0.031839,0.025275
Karnataka,Maize,2014,Summer,14.9562045,75.7896741,2014-03-01,2014-06-28,7,Landsat 8 SR,0.6,0.05,datasets\test_images\2014\rgb\karnataka_2014_maize_summer_rgb.png,datasets\test_images\2014\ndvi\karnataka_2014_maize_summer_ndvi.png,0.113252,0.053195,0.014527,0.014368,0.658448,0.207394,-0.011472,0.089926,0.185468,0.093719,0.045932,0.018393,0.842412,0.350642,-0.043334,0.135133,0.071273,-0.441754,-0.763334,0.095564,0.439155,0.250351,0.048242,0.052598,0.24583,0.11866,0.027975,0.035934
Karnataka,Maize,2015,Kharif,14.9562045,75.7896741,2015-07-01,2015-10-28,7,Landsat 8 SR,0.6,0.05,datasets\test_images\2015\rgb\karnataka_2015_maize_kharif_rgb.png,datasets\test_images\2015\ndvi\karnataka_2015_maize_kharif_ndvi.png,0.303333,0.038319,-0.163315,0.015484,0.78566,0.348718,-0.081446,0.112213,0.342135,0.084146,-0.02741,0.020288,5.11133,0.549035,-7.342695,0.161791,209.846154,-0.535566,-8.095425,0.585246,0.549265,0.296743,0.00163,0.066336,0.338587,0.082049,-0.05491,0.028809
Karnataka,Maize,2015,Rabi,14.9562045,75.7896741,2015-11-01,2016-04-28,10,Landsat 8 SR,0.6,0.05,datasets\test_images\2015\rgb\karnataka_2015_maize_rabi_rgb.png,datasets\test_images\2015\ndvi\karnataka_2015_maize_rabi_ndvi.png,0.105827,0.04667,0.011228,0.013013,0.628672,0.203785,-0.021973,0.076183,0.180627,0.085485,0.043513,0.016331,0.822304,0.36311,-0.111951,0.123842,0.203633,-0.451782,-0.74386,0.096178,0.402965,0.238127,0.036417,0.04764,0.248717,0.10734,0.026655,0.032248
Karnataka,Maize,2015,Summer,14.9562045,75.7896741,2015-03-01,2015-06-28,7,Landsat 8 SR,0.6,0.05,datasets\test_images\2015\rgb\karnataka_2015_maize_summer_rgb.png,datasets\test_images\2015\ndvi\karnataka_2015_maize_summer_ndvi.png,0.114133,0.050937,0.014033,0.014183,0.657612,0.221159,0.003232,0.096111,0.175719,0.091284,0.044612,0.017477,0.843156,0.376495,0.005901,0.144401,0.030737,-0.449634,-0.75966,0.097217,0.437821,0.247735,0.052533,0.050897,0.248236,0.111129,0.026903,0.034498
Karnataka,Maize,2016,Kharif,14.9562045,75.7896741,2016-07-01,2016-10-28,6,Landsat 8 SR,0.6,0.05,datasets\test_images\2016\rgb\karnataka_2016_maize_kharif_rgb.png,datasets\test_images\2016\ndvi\karnataka_2016_maize_kharif_ndvi.png,0.231612,0.039733,-0.036389,0.011663,1.253807,0.31426,-0.067249,0.101888,0.25694,0.082506,0.025486,0.0154,1.188178,0.509759,-0.507089,0.137342,0.571843,-0.532056,-0.9936,0.114577,0.49476,0.285471,0.01857,0.060201,0.26563,0.088685,0.01208,0.026079
Karnataka,Maize,2016,Rabi,14.9562045,75.7896741,2016-11-01,2017-04-28,11,Landsat 8 SR,0.6,0.05,datasets\test_images\2016\rgb\karnataka_2016_maize_rabi_rgb.png,datasets\test_images\2016\ndvi\karnataka_2016_maize_rabi_ndvi.png,0.169655,0.052781,0.013428,0.01247,0.721793,0.173288,-0.028958,0.057283,0.177548,0.092532,0.04189,0.016845,0.763626,0.304909,-0.176342,0.097601,0.279319,-0.419018,-0.71195,0.090757,0.416605,0.237608,0.028057,0.046197,0.2521,0.122116,0.0321,0.031762
Karnataka,Maize,2016,Summer,14.9562045,75.7896741,2016-03-01,2016-06-28,7,Landsat 8 SR,0.6,0.05,datasets\test_images\2016\rgb\karnataka_2016_maize_summer_rgb.png,datasets\test_images\2016\ndvi\karnataka_2016_maize_summer_ndvi.png,0.188974,0.052495,0.013936,0.014038,0.899747,0.193437,-0.020548,0.086062,0.193773,0.092802,0.041313,0.018341,0.831866,0.331084,-0.092401,0.12769,0.180167,-0.437421,-0.748659,0.096601,0.451049,0.245757,0.038343,0.055507,0.268105,0.121447,0.026188,0.03598
Karnataka,Maize,2017,Kharif,14.9562045,75.7896741,2017-07-01,2017-10-28,7,Landsat 8 SR,0.6,0.05,datasets\test_images\2017\rgb\karnataka_2017_maize_kharif_rgb.png,datasets\test_images\2017\ndvi\karnataka_2017_maize_kharif_ndvi.png,0.375163,0.040124,-0.14896,0.024164,1.814845,0.352611,-17.95897,0.166373,0.40819,0.086018,-0.015118,0.030381,1.370834,0.541383,-0.48848,0.199399,0.54944,-0.531118,-1.481097,0.166205,0.63006,0.298703,0.012685,0.093338,0.452988,0.084561,-0.018665,0.041313
Karnataka,Maize,2017,Rabi,14.9562045,75.7896741,2017-11-01,2018-04-28,16,Sentinel-2 SR,0.6,0.05,datasets\test_images\2017\rgb\karnataka_2017_maize_rabi_rgb.png,datasets\test_images\2017\ndvi\karnataka_2017_maize_rabi_ndvi.png,0.32405,0.066215,0.03185,0.014465,1.022504,0.182403,-0.10871,0.07542,0.3571,0.093906,0.04575,0.019845,0.819254,0.292443,-0.363646,0.127161,0.527078,-0.412114,-0.743749,0.12317,0.50595,0.239838,0.02015,0.050516,0.4116,0.124065,0.0398,0.038928
Karnataka,Maize,2018,Kharif,14.9562045,75.7896741,2018-07-01,2018-10-28,1,Sentinel-2 SR,0.6,0.05,datasets\test_images\2018\rgb\karnataka_2018_maize_kharif_rgb.png,datasets\test_images\2018\ndvi\karnataka_2018_maize_kharif_ndvi.png,0.4228,0.045985,0.0,0.020813,25.476707,0.355932,-13.354026,0.193006,0.3927,0.077796,0.0,0.026063,1.0,0.509524,-1.0,0.326556,1.0,-0.520013,-1.0,0.292544,0.6324,0.285601,0.0,0.091627,0.4231,0.081121,0.0,0.043087
Karnataka,Maize,2018,Rabi,14.9562045,75.7896741,2018-11-01,2019-04-28,30,Sentinel-2 SR,0.6,0.05,datasets\test_images\2018\rgb\karnataka_2018_maize_rabi_rgb.png,datasets\test_images\2018\ndvi\karnataka_2018_maize_rabi_ndvi.png,0.2056,0.066329,0.0279,0.016357,0.703573,0.170579,-0.086047,0.092325,0.2602,0.094102,0.0372,0.021695,0.811021,0.280157,-0.413919,0.158036,0.529747,-0.381605,-0.72296,0.148742,0.4937,0.225311,0.014,0.056923,0.3352,0.121668,0.0254,0.043877
Karnataka,Maize,2019,Kharif,14.9562045,75.7896741,2019-07-01,2019-10-28,9,Sentinel-2 SR,0.6,0.05,datasets\test_images\2019\rgb\karnataka_2019_maize_kharif_rgb.png,datasets\test_images\2019\ndvi\karnataka_2019_maize_kharif_ndvi.png,0.4833,0.066425,0.0192,0.013328,5.521473,0.415812,-4.60141,0.17006,0.50305,0.092059,0.0376,0.017087,0.90885,0.551033,-0.600104,0.215217,0.615101,-0.488923,-0.810199,0.184347,0.6049,0.29173,0.0229,0.072957,0.5084,0.078129,0.0182,0.026117
Karnataka,Maize,2019,Rabi,14.9562045,75.7896741,2019-11-01,2020-04-28,35,Sentinel-2 SR,0.6,0.05,datasets\test_images\2019\rgb\karnataka_2019_maize_rabi_rgb.png,datasets\test_images\2019\ndvi\karnataka_2019_maize_rabi_ndvi.png,0.2792,0.063,0.02775,0.015304,1.068354,0.19675,-0.089476,0.097024,0.3062,0.088909,0.04315,0.01863,0.828532,0.318834,-0.47785,0.179741,0.624734,-0.397797,-0.729899,0.184193,0.4681,0.230478,0.01295,0.057132,0.3313,0.108754,0.0308,0.038365
Karnataka,Rice,1997,Kharif,14.9562045,75.7896741,1997-07-01,1997-10-28,2,Landsat 5/7 SR,0.6,0.05,datasets\test_images\1997\rgb\karnataka_1997_rice_rgb.png,datasets\test_images\1997\ndvi\karnataka_1997_rice_ndvi.png,0.22229,0.067988,0.033447,0.011068,0.595258,0.175627,-0.125916,0.071255,0.25837,0.09899,0.043843,0.01697,0.75625,0.288988,-0.486313,0.105058,0.522276,-0.368108,-0.71569,0.104514,0.386768,0.220908,0.030587,0.052801,0.268792,0.119552,0.03771,0.026775
Karnataka,Rice,1997,Rabi,14.9562045,75.7896741,1997-11-01,1998-04-28,6,Landsat 5/7 SR,0.6,0.05,datasets\test_images\1997\rgb\karnataka_1997_rice_rgb.png,datasets\test_images\1997\ndvi\karnataka_1997_rice_ndvi.png,0.135912,0.077026,0.04497,0.009907,0.624538,0.146882,-0.103386,0.068004,0.212693,0.114387,0.06202,0.017977,0.69109,0.231561,-0.2991,0.097743,0.321223,-0.34286,-0.660939,0.086374,0.434398,0.238595,0.048435,0.04769,0.274018,0.147194,0.052862,0.032768
Karnataka,Rice,1997,Summer,14.9562045,75.7896741,1997-03-01,1997-06-28,1,Landsat 5/7 SR,0.6,0.05,datasets\test_images\1997\rgb\karnataka_1997_rice_rgb.png,datasets\test_images\1997\ndvi\karnataka_1997_rice_ndvi.png,0.12582,0.074361,0.041945,0.009909,0.726367,0.153358,-0.051762,0.072876,0.18291,0.102798,0.052368,0.016499,0.779952,0.247321,-0.213136,0.094932,0.190226,-0.368673,-0.732126,0.077724,0.473338,0.22707,0.04068,0.047193,0.255153,0.136206,0.045987,0.03039
Karnataka,Rice,1998,Kharif,14.9562045,75.7896741,1998-07-01,1998-10-28,2,Landsat 5/7 SR,0.6,0.05,datasets\test_images\1998\rgb\karnataka_1998_rice_rgb.png,datasets\test_images\1998\ndvi\karnataka_1998_rice_ndvi.png,0.235985,0.067476,-0.002908,0.014449,0.802044,0.250761,-0.148014,0.10858,0.595713,0.100889,0.023822,0.021136,0.823434,0.379226,-0.418228,0.14673,0.594072,-0.41833,-0.786987,0.128321,0.63446,0.256174,0.040873,0.069988,0.458763,0.111936,0.026325,0.030079
Karnataka,Rice,1998,Rabi,14.9562045,75.7896741,1998-11-01,1999-04-28,11,Landsat 5/7 SR,0.6,0.05,datasets\test_images\1998\rgb\karnataka_1998_rice_rgb.png,datasets\test_images\1998\ndvi\karnataka_1998_rice_ndvi.png,0.128103,0.069806,0.046015,0.008583,0.628405,0.173328,-0.070603,0.05124,0.185632,0.097003,0.059916,0.015317,0.719325,0.279373,-0.256172,0.08262,0.282272,-0.388186,-0.665887,0.075803,0.44889,0.227385,0.04222,0.041724,0.247576,0.125092,0.054581,0.029535
Karnataka,Rice,1998,Summer,14.9562045,75.7896741,1998-03-01,1998-06-28,6,Landsat 5/7 SR,0.6,0.05,datasets\test_images\1998\rgb\karnataka_1998_rice_rgb.png,datasets\test_images\1998\ndvi\karnataka_1998_rice_ndvi.png,0.137068,0.078727,0.046565,0.010111,0.624538,0.139606,-0.097867,0.064857,0.214892,0.116421,0.06367,0.018406,0.69109,0.218664,-0.295568,0.093291,0.321223,-0.330835,-0.656225,0.083362,0.434398,0.236999,0.048435,0.047732,0.276218,0.150072,0.055613,0.033132
Karnataka,Rice,1999,Kharif,14.9562045,75.7896741,1999-07-01,1999-10-28,3,Landsat 5/7 SR,0.6,0.05,datasets\test_images\1999\rgb\karnataka_1999_rice_kharif_rgb.png,datasets\test_images\1999\ndvi\karnataka_1999_rice_kharif_ndvi.png,0.23923,0.069891,0.034988,0.014663,0.745677,0.238774,-0.126139,0.119488,0.266895,0.09666,0.044585,0.020851,0.800483,0.361424,-0.296158,0.151194,0.196504,-0.407615,-0.715988,0.126134,0.50829,0.240986,0.073653,0.074242,0.28015,0.108449,0.045492,0.028738
Karnataka,Rice,1999,Rabi,14.9562045,75.7896741,1999-11-01,2000-04-28,6,Landsat 5/7 SR,0.6,0.05,datasets\test_images\1999\rgb\karnataka_1999_rice_rabi_rgb.png,datasets\test_images\1999\ndvi\karnataka_1999_rice_rabi_ndvi.png,0.129807,0.06763,0.035153,0.010244,0.556506,0.155318,-0.079132,0.060407,0.189317,0.096172,0.050828,0.017267,0.717517,0.255877,-0.328837,0.096882,0.35857,-0.401249,-0.706764,0.086737,0.423714,0.230915,0.032787,0.04517,0.261972,0.134808,0.044475,0.034292
Karnataka,Rice,1999,Summer,14.9562045,75.7896741,1999-03-01,1999-06-28,4,Landsat 5/7 SR,0.6,0.05,datasets\test_images\1999\rgb\karnataka_1999_rice_summer_rgb.png,datasets\test_images\1999\ndvi\karnataka_1999_rice_summer_ndvi.png,0.135431,0.079888,0.05476,0.008612,0.663172,0.148613,-0.033496,0.073917,0.193126,0.108704,0.06576,0.016819,0.714417,0.233843,-0.091737,0.09495,0.097922,-0.343966,-0.668356,0.074614,0.476555,0.227724,0.062955,0.047927,0.247975,0.140405,0.059806,0.032276
Karnataka,Rice,2000,Kharif,14.9562045,75.7896741,2000-07-01,2000-10-28,2,Landsat 5/7 SR,0.6,0.05,datasets\test_images\2000\rgb\karnataka_2000_rice_rgb.png,datasets\test_images\2000\ndvi\karnataka_2000_rice_ndvi.png,0.260103,0.093049,0.05234,0.019687,0.788388,0.282317,-0.119873,0.11227,0.268628,0.112373,0.058582,0.02279,0.776871,0.367566,-0.272116,0.121336,0.298334,-0.412646,-0.72192,0.102097,0.54822,0.278357,0.066173,0.071169,0.300363,0.125725,0.051708,0.03083
Karnataka,Rice,2000,Rabi,14.9562045,75.7896741,2000-11-01,2001-04-28,6,Landsat 5/7 SR,0.6,0.05,datasets\test_images\2000\rgb\karnataka_2000_rice_rgb.png,datasets\test_images\2000\ndvi\karnataka_2000_rice_ndvi.png,0.127057,0.070391,0.040185,0.010329,0.593765,0.16811,-0.116275,0.069051,0.196495,0.100139,0.054183,0.016926,0.763755,0.270166,-0.315351,0.108896,0.308068,-0.380448,-0.709076,0.090739,0.403941,0.233449,0.03848,0.04498,0.262578,0.130543,0.044338,0.033422
Karnataka,Rice,2000,Summer,14.9562045,75.7896741,2000-03-01,2000-06-28,3,Landsat 5/7 SR,0.6,0.05,datasets\test_images\2000\rgb\karnataka_2000_rice_rgb.png,datasets\test_images\2000\ndvi\karnataka_2000_rice_ndvi.png,0.169064,0.080839,0.050168,0.009671,0.65091,0.13978,-0.057183,0.080855,0.310661,0.115713,0.066681,0.017837,0.725088,0.217284,-0.177293,0.107663,0.217012,-0.329415,-0.667995,0.08651,0.514533,0.233777,0.060796,0.048969,0.255015,0.149502,0.05806,0.034276
Karnataka,Rice,2001,Kharif,14.9562045,75.7896741,2001-07-01,2001-10-28,3,Landsat 5/7 SR,0.6,0.05,datasets\test_images\2001\rgb\karnataka_2001_rice_kharif_rgb.png,datasets\test_images\2001\ndvi\karnataka_2001_rice_kharif_ndvi.png,0.28664,0.08312,0.029433,0.025236,0.930052,0.286812,-0.116157,0.137597,0.295413,0.104794,0.030092,0.030635,0.867568,0.393934,-0.311403,0.166969,0.240623,-0.428747,-0.802985,0.136714,0.62951,0.270295,0.041148,0.079082,0.34362,0.114802,0.018515,0.038532
Karnataka,Rice,2001,Rabi,14.9562045,75.7896741,2001-11-01,2002-04-28,3,Landsat 5/7 SR,0.6,0.05,datasets\test_images\2001\rgb\karnataka_2001_rice_rabi_rgb.png,datasets\test_images\2001\ndvi\karnataka_2001_rice_rabi_ndvi.png,0.12791,0.068864,0.040515,0.009734,0.556807,0.166594,-0.086033,0.063043,0.182085,0.097843,0.058198,0.016939,0.694777,0.279532,-0.317265,0.10034,0.347872,-0.38691,-0.651516,0.084451,0.371532,0.230555,0.038892,0.042348,0.257105,0.126914,0.05047,0.034554
Karnataka,Rice,2001,Summer,14.9562045,75.7896741,2001-03-01,2001-06-28,6,Landsat 5/7 SR,0.6,0.05,datasets\test_images\2001\rgb\karnataka_2001_rice_summer_rgb.png,datasets\test_images\2001\ndvi\karnataka_2001_rice_summer_ndvi.png,0.132805,0.075993,0.03947,0.012392,0.647057,0.156608,-0.087256,0.087799,0.201761,0.108419,0.054183,0.019981,0.744653,0.243797,-0.198715,0.119347,0.191604,-0.361701,-0.680693,0.090183,0.448313,0.238216,0.049934,0.052228,0.269659,0.143879,0.044338,0.038112
Karnataka,Rice,2002,Kharif,14.9562045,75.7896741,2002-07-01,2002-10-28,2,Landsat 5/7 SR,0.6,0.05,datasets\test_images\2002\rgb\karnataka_2002_rice_kharif_rgb.png,datasets\test_images\2002\ndvi\karnataka_2002_rice_kharif_ndvi.png,0.161405,0.062549,0.022833,0.013496,0.760834,0.205972,-0.120709,0.099978,0.210451,0.093288,0.035895,0.019567,0.872613,0.334703,-0.428349,0.148213,0.381484,-0.417648,-0.798894,0.125848,0.452877,0.236209,0.031481,0.063607,0.288483,0.115172,0.02297,0.032674
Karnataka,Rice,2002,Rabi,14.9562045,75.7896741,2002-11-01,2003-04-28,5,Landsat 5/7 SR,0.6,0.05,datasets\test_images\2002\rgb\karnataka_2002_rice_rabi_rgb.png,datasets\test_images\2002\ndvi\karnataka_2002_rice_rabi_ndvi.png,0.150873,0.071144,0.044503,0.009035,0.577212,0.160899,-0.098723,0.060055,0.214824,0.099642,0.060384,0.016243,0.708244,0.263771,-0.325314,0.095593,0.352665,-0.380005,-0.664741,0.079179,0.384705,0.228665,0.042275,0.041326,0.277716,0.13087,0.052794,0.032635
Karnataka,Rice,2003,Kharif,14.9562045,75.7896741,2003-07-01,2003-10-28,2,Landsat 5/7 SR,0.6,0.05,datasets\test_images\2003\rgb\karnataka_2003_rice_rgb.png,datasets\test_images\2003\ndvi\karnataka_2003_rice_ndvi.png,0.234693,0.071013,0.0387,0.014113,0.769457,0.312994,-0.108817,0.125291,0.2543,0.094698,0.042687,0.016656,0.815881,0.442618,-0.26132,0.147136,0.141848,-0.47335,-0.757555,0.113383,0.51775,0.274414,0.06378,0.064284,0.275805,0.103208,0.035043,0.02674
Karnataka,Rice,2003,Rabi,14.9562045,75.7896741,2003-11-01,2004-04-28,7,Landsat 5/7 SR,0.6,0.05,datasets\test_images\2003\rgb\karnataka_2003_rice_rgb.png,datasets\test_images\2003\ndvi\karnataka_2003_rice_ndvi.png,0.129588,0.071918,0.04002,0.009763,0.659944,0.145022,-0.095617,0.06155,0.195148,0.102067,0.056809,0.017307,0.727583,0.236992,-0.287409,0.093208,0.296346,-0.364885,-0.674105,0.078765,0.468085,0.229861,0.047706,0.045767,0.2708,0.136729,0.047363,0.034167
Karnataka,Rice,2003,Summer,14.9562045,75.7896741,2003-03-01,2003-06-28,3,Landsat 5/7 SR,0.6,0.05,datasets\test_images\2003\rgb\karnataka_2003_rice_rgb.png,datasets\test_images\2003\ndvi\karnataka_2003_rice_ndvi.png,0.1465,0.07698,0.047253,0.009817,0.635375,0.13182,-0.037708,0.06258,0.204704,0.107432,0.060453,0.017898,0.726442,0.214759,-0.100613,0.087729,0.096283,-0.349588,-0.658162,0.065201,0.428348,0.226263,0.071178,0.04598,0.274416,0.146342,0.05542,0.035122
Karnataka,Rice,2004,Kharif,14.9562045,75.7896741,2004-07-01,2004-10-28,1,Landsat 5/7 SR,0.6,0.05,datasets\test_images\2004\rgb\karnataka_2004_rice_rgb.png,datasets\test_images\2004\ndvi\karnataka_2004_rice_ndvi.png,0.255868,0.066714,0.02902,0.016257,0.602239,0.25911,-0.055018,0.101789,0.2829,0.089565,0.042605,0.020263,0.778126,0.408149,-0.181613,0.143206,0.219054,-0.427649,-0.723738,0.123622,0.423343,0.230441,0.055393,0.057688,0.296513,0.094814,0.033695,0.027632
Karnataka,Rice,2004,Rabi,14.9562045,75.7896741,2004-11-01,2005-04-28,8,Landsat 5/7 SR,0.6,0.05,datasets\test_images\2004\rgb\karnataka_2004_rice_rgb.png,datasets\test_images\2004\ndvi\karnataka_2004_rice_ndvi.png,0.125449,0.066472,0.036087,0.009358,0.542445,0.166443,-0.085549,0.058439,0.193511,0.094696,0.053192,0.016362,0.712974,0.282461,-0.304331,0.101265,0.376496,-0.399156,-0.680595,0.084793,0.393643,0.227432,0.035537,0.041724,0.282048,0.124894,0.046868,0.033768
Karnataka,Rice,2004,Summer,14.9562045,75.7896741,2004-03-01,2004-06-28,4,Landsat 5/7 SR,0.6,0.05,datasets\test_images\2004\rgb\karnataka_2004_rice_rgb.png,datasets\test_images\2004\ndvi\karnataka_2004_rice_ndvi.png,0.132007,0.074838,0.0376,0.010042,0.664829,0.138654,-0.070038,0.070238,0.195931,0.105439,0.050992,0.017753,0.743775,0.224522,-0.220628,0.100036,0.246858,-0.35637,-0.692313,0.079983,0.478233,0.227041,0.047706,0.047512,0.27201,0.142871,0.046854,0.035152
Karnataka,Rice,2005,Kharif,14.9562045,75.7896741,2005-07-01,2005-10-28,1,Landsat 5/7 SR,0.6,0.05,datasets\test_images\2005\rgb\karnataka_2005_rice_rgb.png,datasets\test_images\2005\ndvi\karnataka_2005_rice_ndvi.png,0.251412,0.081092,0.024427,0.025916,0.838159,0.33903,-0.085957,0.112637,0.273688,0.102812,0.031165,0.02867,0.87443,0.457553,-0.205326,0.131295,0.126983,-0.457587,-0.783308,0.105411,0.549045,0.279669,0.066063,0.068888,0.289115,0.103301,0.017607,0.033231
Karnataka,Rice,2005,Rabi,14.9562045,75.7896741,2005-11-01,2006-04-28,9,Landsat 5/7 SR,0.6,0.05,datasets\test_images\2005\rgb\karnataka_2005_rice_rgb.png,datasets\test_images\2005\ndvi\karnataka_2005_rice_ndvi.png,0.120444,0.07051,0.04013,0.009351,0.533556,0.158,-0.080404,0.0577,0.183652,0.097587,0.056547,0.01512,0.689624,0.266038,-0.289357,0.093638,0.357439,-0.380866,-0.652195,0.079816,0.375327,0.223952,0.033791,0.039459,0.262192,0.126574,0.05003,0.031228
Karnataka,Rice,2005,Summer,14.9562045,75.7896741,2005-03-01,2005-06-28,3,Landsat 5/7 SR,0.6,0.05,datasets\test_images\2005\rgb\karnataka_2005_rice_rgb.png,datasets\test_images\2005\ndvi\karnataka_2005_rice_ndvi.png,0.13605,0.074646,0.039484,0.01014,0.749483,0.155656,-0.053689,0.093314,0.187365,0.103461,0.053165,0.018067,0.79082,0.247517,-0.213817,0.127403,0.263343,-0.367803,-0.72795,0.092967,0.50081,0.230882,0.043196,0.050812,0.282048,0.138256,0.039869,0.038112
Karnataka,Rice,2006,Kharif,14.9562045,75.7896741,2006-07-01,2006-10-28,1,Landsat 5/7 SR,0.6,0.05,datasets\test_images\2006\rgb\karnataka_2006_rice_kharif_rgb.png,datasets\test_images\2006\ndvi\karnataka_2006_rice_kharif_ndvi.png,0.235187,0.065426,0.03045,0.014091,0.77407,0.278036,-0.055551,0.108528,0.26057,0.08953,0.032128,0.019593,0.822092,0.423512,-0.190485,0.128438,0.251165,-0.463919,-0.746796,0.110859,0.505265,0.254868,0.03936,0.069885,0.27993,0.10082,0.021842,0.030414
Karnataka,Rice,2006,Rabi,14.9562045,75.7896741,2006-11-01,2007-04-28,6,Landsat 5/7 SR,0.6,0.05,datasets\test_images\2006\rgb\karnataka_2006_rice_rabi_rgb.png,datasets\test_images\2006\ndvi\karnataka_2006_rice_rabi_ndvi.png,0.12351,0.074236,0.044035,0.009026,0.630961,0.147031,-0.071572,0.06473,0.181755,0.102124,0.062185,0.016145,0.723784,0.241952,-0.295533,0.095749,0.372567,-0.357035,-0.677661,0.07874,0.41468,0.221081,0.034025,0.043818,0.257146,0.134376,0.05157,0.03264
Karnataka,Rice,2006,Summer,14.9562045,75.7896741,2006-03-01,2006-06-28,5,Landsat 5/7 SR,0.6,0.05,datasets\test_images\2006\rgb\karnataka_2006_rice_summer_rgb.png,datasets\test_images\2006\ndvi\karnataka_2006_rice_summer_ndvi.png,0.137631,0.078238,0.046427,0.010379,0.692218,0.170858,-0.026265,0.105916,0.18247,0.107617,0.06004,0.017185,0.752041,0.260964,-0.072828,0.138157,0.113566,-0.365804,-0.683719,0.097857,0.458487,0.237709,0.06268,0.050482,0.252485,0.138293,0.048916,0.03605
Karnataka,Rice,2007,Kharif,14.9562045,75.7896741,2007-07-01,2007-10-28,1,Landsat 5/7 SR,0.6,0.05,datasets\test_images\2007\rgb\karnataka_2007_rice_kharif_rgb.png,datasets\test_images\2007\ndvi\karnataka_2007_rice_kharif_ndvi.png,1.602213,0.111803,0.0519,0.070914,3.097125,0.324915,-0.110397,0.137838,0.41402,0.137324,0.070325,0.04632,0.728955,0.380162,-0.505766,0.139741,0.153685,-0.389414,-0.677361,0.12063,0.622057,0.315691,0.113115,0.084131,1.602213,0.140865,0.061497,0.054975
Karnataka,Rice,2007,Rabi,14.9562045,75.7896741,2007-11-01,2008-04-28,9,Landsat 5/7 SR,0.6,0.05,datasets\test_images\2007\rgb\karnataka_2007_rice_rabi_rgb.png,datasets\test_images\2007\ndvi\karnataka_2007_rice_rabi_ndvi.png,0.123592,0.06631,0.032705,0.009726,0.607254,0.180203,-0.09844,0.061858,0.178675,0.092902,0.046207,0.014518,0.813386,0.299699,-0.413602,0.102062,0.44263,-0.394031,-0.734995,0.097656,0.363723,0.225823,0.021182,0.041957,0.242035,0.116412,0.031027,0.028249
Karnataka,Rice,2007,Summer,14.9562045,75.7896741,2007-03-01,2007-06-28,4,Landsat 5/7 SR,0.6,0.05,datasets\test_images\2007\rgb\karnataka_2007_rice_summer_rgb.png,datasets\test_images\2007\ndvi\karnataka_2007_rice_summer_ndvi.png,0.156001,0.084221,0.051955,0.009994,0.567389,0.144366,-0.032041,0.082387,0.186801,0.113033,0.066943,0.016034,0.67656,0.221657,-0.096594,0.111631,0.096375,-0.33023,-0.632277,0.083265,0.405523,0.2292,0.075027,0.042888,0.257545,0.145114,0.05916,0.033105
Karnataka,Rice,2008,Kharif,14.9562045,75.7896741,2008-07-01,2008-10-28,1,Landsat 5/7 SR,0.6,0.05,datasets\test_images\2008\rgb\karnataka_2008_rice_kharif_rgb.png,datasets\test_images\2008\ndvi\karnataka_2008_rice_kharif_ndvi.png,0.348488,0.065907,0.027672,0.016921,0.724675,0.286622,-0.307962,0.123671,0.388143,0.092098,0.041368,0.020967,0.865772,0.427289,-0.499604,0.165363,0.296521,-0.455123,-0.7748,0.138804,0.537797,0.25637,0.04992,0.064367,1.602213,0.099777,0.02627,0.031016
Karnataka,Rice,2008,Rabi,14.9562045,75.7896741,2008-11-01,2009-04-28,10,Landsat 5/7 SR,0.6,0.05,datasets\test_images\2008\rgb\karnataka_2008_rice_rabi_rgb.png,datasets\test_images\2008\ndvi\karnataka_2008_rice_rabi_ndvi.png,0.115948,0.068845,0.046097,0.007399,0.586811,0.192049,-0.080608,0.062367,0.166328,0.094157,0.059435,0.012692,0.759117,0.315682,-0.231797,0.095542,0.249465,-0.400741,-0.684841,0.086367,0.393175,0.227536,0.049012,0.038866,0.231104,0.115393,0.048985,0.025652
Karnataka,Rice,2008,Summer,14.9562045,75.7896741,2008-03-01,2008-06-28,4,Landsat 5/7 SR,0.6,0.05,datasets\test_images\2008\rgb\karnataka_2008_rice_summer_rgb.png,datasets\test_images\2008\ndvi\karnataka_2008_rice_summer_ndvi.png,0.130495,0.075658,0.039937,0.011562,0.646638,0.192496,-0.067788,0.091347,0.18753,0.107054,0.054677,0.016825,0.765883,0.294064,-0.199979,0.127621,0.224773,-0.381142,-0.700967,0.099068,0.417017,0.245323,0.054733,0.046814,0.251468,0.131966,0.043375,0.03264
Karnataka,Rice,2009,Kharif,14.9562045,75.7896741,2009-07-01,2009-10-28,2,Landsat 5/7 SR,0.6,0.05,datasets\test_images\2009\rgb\karnataka_2009_rice_kharif_rgb.png,datasets\test_images\2009\ndvi\karnataka_2009_rice_kharif_ndvi.png,0.24165,0.058755,0.026023,0.010592,0.74544,0.308247,-0.05594,0.110099,0.26376,0.078935,0.03936,0.013767,0.829586,0.469313,-0.207129,0.139816,0.26036,-0.513944,-0.766105,0.12488,0.50323,0.258101,0.036115,0.060611,0.283643,0.089679,0.029955,0.022378
Karnataka,Rice,2009,Rabi,14.9562045,75.7896741,2009-11-01,2010-04-28,7,Landsat 5/7 SR,0.6,0.05,datasets\test_images\2009\rgb\karnataka_2009_rice_rabi_rgb.png,datasets\test_images\2009\ndvi\karnataka_2009_rice_rabi_ndvi.png,0.116786,0.066853,0.040254,0.007793,0.62925,0.208804,-0.073038,0.069347,0.15134,0.085656,0.052546,0.01096,0.76777,0.338968,-0.260426,0.105522,0.297858,-0.424321,-0.699942,0.10211,0.395457,0.221717,0.038453,0.040087,0.204841,0.105786,0.041615,0.022436
Karnataka,Rice,2009,Summer,14.9562045,75.7896741,2009-03-01,2009-06-28,2,Landsat 5/7 SR,0.6,0.05,datasets\test_images\2009\rgb\karnataka_2009_rice_summer_rgb.png,datasets\test_images\2009\ndvi\karnataka_2009_rice_summer_ndvi.png,0.115879,0.071431,0.042632,0.00916,0.691487,0.181392,-0.079937,0.100457,0.1553,0.094834,0.052258,0.015078,0.785882,0.289813,-0.237568,0.136333,0.227657,-0.395812,-0.734079,0.102169,0.46429,0.225046,0.050003,0.04869,0.24044,0.122998,0.04134,0.032525
Karnataka,Rice,2010,Kharif,14.9562045,75.7896741,2010-07-01,2010-10-28,1,Landsat 5/7 SR,0.6,0.05,datasets\test_images\2010\rgb\karnataka_2010_rice_kharif_rgb.png,datasets\test_images\2010\ndvi\karnataka_2010_rice_kharif_ndvi.png,0.143338,0.078605,0.045492,0.014675,0.578738,0.352407,0.178378,0.069715,0.150433,0.085424,0.046978,0.01704,0.702211,0.501989,0.301685,0.086668,-0.278768,-0.473083,-0.631119,0.065598,0.38201,0.239161,0.147215,0.04073,0.147875,0.079854,0.037435,0.021346
Karnataka,Rice,2010,Rabi,14.9562045,75.7896741,2010-11-01,2011-04-28,1,Landsat 5/7 SR,0.6,0.05,datasets\test_images\2010\rgb\karnataka_2010_rice_rabi_rgb.png,datasets\test_images\2010\ndvi\karnataka_2010_rice_rabi_ndvi.png,0.1498,0.060229,0.032073,0.009406,0.791232,0.203993,-0.115039,0.087183,0.19006,0.080151,0.038205,0.013246,0.816214,0.339636,-0.491907,0.137961,0.544739,-0.449896,-0.750445,0.135827,0.523168,0.221187,0.016122,0.050707,0.23703,0.106069,0.033007,0.025542
Karnataka,Rice,2010,Summer,14.9562045,75.7896741,2010-03-01,2010-06-28,4,Landsat 5/7 SR,0.6,0.05,datasets\test_images\2010\rgb\karnataka_2010_rice_summer_rgb.png,datasets\test_images\2010\ndvi\karnataka_2010_rice_summer_ndvi.png,0.13209,0.074831,0.046483,0.008773,0.680995,0.183107,-0.063964,0.084347,0.17917,0.102122,0.05784,0.014141,0.730555,0.286527,-0.182882,0.116726,0.207384,-0.377095,-0.6776,0.096298,0.450018,0.233021,0.055365,0.046113,0.23923,0.12676,0.048187,0.029002
Karnataka,Rice,2011,Kharif,14.9562045,75.7896741,2011-07-01,2011-10-28,2,Landsat 5/7 SR,0.6,0.05,datasets\test_images\2011\rgb\karnataka_2011_rice_kharif_rgb.png,datasets\test_images\2011\ndvi\karnataka_2011_rice_kharif_ndvi.png,0.243768,0.064776,0.02583,0.013302,0.722203,0.288411,-0.083406,0.108814,0.261203,0.081989,0.034493,0.015529,0.847895,0.439215,-0.236782,0.144467,0.280019,-0.487485,-0.800216,0.118816,0.45791,0.246068,0.044475,0.053264,0.291892,0.093553,0.02429,0.024665
Karnataka,Rice,2011,Rabi,14.9562045,75.7896741,2011-11-01,2012-04-28,7,Landsat 5/7 SR,0.6,0.05,datasets\test_images\2011\rgb\karnataka_2011_rice_rabi_rgb.png,datasets\test_images\2011\ndvi\karnataka_2011_rice_rabi_ndvi.png,0.117597,0.070472,0.042495,0.008581,0.654239,0.162392,-0.097782,0.067703,0.162065,0.095206,0.058252,0.014423,0.733052,0.268978,-0.312339,0.101327,0.338739,-0.374188,-0.680046,0.092102,0.455132,0.217757,0.035647,0.044657,0.23296,0.121776,0.043017,0.029004
Karnataka,Rice,2012,Kharif,14.9562045,75.7896741,2012-07-01,2012-10-28,1,Landsat 5/7 SR,0.6,0.05,datasets\test_images\2012\rgb\karnataka_2012_rice_kharif_rgb.png,datasets\test_images\2012\ndvi\karnataka_2012_rice_kharif_ndvi.png,0.13473,0.064235,0.031027,0.009968,0.752298,0.268388,-0.010374,0.110636,0.183185,0.088631,0.045657,0.014445,0.808249,0.41305,-0.036123,0.13959,0.134018,-0.461076,-0.746568,0.110637,0.527485,0.249034,0.052725,0.055102,0.245638,0.101425,0.031743,0.027943
Karnataka,Rice,2012,Rabi,14.9562045,75.7896741,2012-11-01,2013-04-28,7,Landsat 5/7 SR,0.6,0.05,datasets\test_images\2012\rgb\karnataka_2012_rice_rabi_rgb.png,datasets\test_images\2012\ndvi\karnataka_2012_rice_rabi_ndvi.png,0.128639,0.07502,0.044392,0.009181,0.595592,0.178656,-0.038602,0.069724,0.175677,0.101248,0.06114,0.014475,0.714587,0.283396,-0.134441,0.101047,0.224736,-0.380618,-0.642503,0.081766,0.404313,0.232263,0.045822,0.042171,0.237772,0.126936,0.052395,0.029562
Karnataka,Rice,2012,Summer,14.9562045,75.7896741,2012-03-01,2012-06-28,2,Landsat 5/7 SR,0.6,0.05,datasets\test_images\2012\rgb\karnataka_2012_rice_summer_rgb.png,datasets\test_images\2012\ndvi\karnataka_2012_rice_summer_ndvi.png,0.31238,0.086495,0.05421,0.019833,0.62774,0.17963,-0.333301,0.096051,0.359845,0.110537,0.060947,0.0239,0.729745,0.267884,-0.57218,0.122235,0.103929,-0.344078,-0.654413,0.09473,0.488353,0.23056,0.07753,0.051443,1.602213,0.132519,0.054897,0.03724
Karnataka,Rice,2013,Kharif,14.9562045,75.7896741,2013-07-01,2013-10-28,2,Landsat 8 SR,0.6,0.05,datasets\test_images\2013\rgb\karnataka_2013_rice_kharif_rgb.png,datasets\test_images\2013\ndvi\karnataka_2013_rice_kharif_ndvi.png,,,,,,,,,,,,,,,,,,,,,,,,,,,,
Karnataka,Rice,2013,Rabi,14.9562045,75.7896741,2013-11-01,2014-04-28,11,Landsat 8 SR,0.6,0.05,datasets\test_images\2013\rgb\karnataka_2013_rice_rabi_rgb.png,datasets\test_images\2013\ndvi\karnataka_2013_rice_rabi_ndvi.png,0.104026,0.04925,0.014637,0.012566,0.564845,0.199287,-0.070923,0.061827,0.1762,0.089283,0.04398,0.015938,0.808977,0.344116,-0.195086,0.10037,0.15839,-0.445286,-0.724842,0.089747,0.39158,0.245598,0.037242,0.045182,0.231544,0.114374,0.0332,0.030878
Karnataka,Rice,2013,Summer,14.9562045,75.7896741,2013-03-01,2013-06-28,4,Landsat 8 SR,0.6,0.05,datasets\test_images\2013\rgb\karnataka_2013_rice_summer_rgb.png,datasets\test_images\2013\ndvi\karnataka_2013_rice_summer_ndvi.png,0.119165,0.055315,0.016535,0.014734,0.606274,0.191214,-0.022264,0.082057,0.188575,0.100486,0.050113,0.018895,0.780528,0.322696,-0.095878,0.122389,0.154021,-0.41949,-0.714475,0.08418,0.441328,0.25092,0.045575,0.051237,0.24814,0.128188,0.037187,0.035612
Karnataka,Rice,2014,Kharif,14.9562045,75.7896741,2014-07-01,2014-10-28,5,Landsat 8 SR,0.6,0.05,datasets\test_images\2014\rgb\karnataka_2014_rice_kharif_rgb.png,datasets\test_images\2014\ndvi\karnataka_2014_rice_kharif_ndvi.png,0.401178,0.034594,-0.176845,0.022987,0.954292,0.446898,-0.128744,0.124957,0.437753,0.085245,-0.044488,0.027541,1.610744,0.651129,-0.73683,0.138565,0.753972,-0.601867,-1.488257,0.102855,0.625852,0.347636,0.00966,0.081347,0.441657,0.073349,-0.032773,0.03359
Karnataka,Rice,2014,Rabi,14.9562045,75.7896741,2014-11-01,2015-04-28,12,Landsat 8 SR,0.6,0.05,datasets\test_images\2014\rgb\karnataka_2014_rice_rabi_rgb.png,datasets\test_images\2014\ndvi\karnataka_2014_rice_rabi_ndvi.png,0.100135,0.046004,0.013373,0.011074,0.585717,0.223083,-0.035725,0.065593,0.163853,0.085509,0.045355,0.013464,0.82601,0.386559,-0.170217,0.1097,0.23973,-0.460498,-0.734835,0.09028,0.39576,0.243684,0.036156,0.039374,0.2257,0.102955,0.031839,0.025275
Karnataka,Rice,2014,Summer,14.9562045,75.7896741,2014-03-01,2014-06-28,7,Landsat 8 SR,0.6,0.05,datasets\test_images\2014\rgb\karnataka_2014_rice_summer_rgb.png,datasets\test_images\2014\ndvi\karnataka_2014_rice_summer_ndvi.png,0.113252,0.053195,0.014527,0.014368,0.658448,0.207394,-0.011472,0.089926,0.185468,0.093719,0.045932,0.018393,0.842412,0.350642,-0.043334,0.135133,0.071273,-0.441754,-0.763334,0.095564,0.439155,0.250351,0.048242,0.052598,0.24583,0.11866,0.027975,0.035934
Karnataka,Rice,2015,Kharif,14.9562045,75.7896741,2015-07-01,2015-10-28,7,Landsat 8 SR,0.6,0.05,datasets\test_images\2015\rgb\karnataka_2015_rice_kharif_rgb.png,datasets\test_images\2015\ndvi\karnataka_2015_rice_kharif_ndvi.png,0.303333,0.038319,-0.163315,0.015484,0.78566,0.348718,-0.081446,0.112213,0.342135,0.084146,-0.02741,0.020288,5.11133,0.549035,-7.342695,0.161791,209.846154,-0.535566,-8.095425,0.585246,0.549265,0.296743,0.00163,0.066336,0.338587,0.082049,-0.05491,0.028809
Karnataka,Rice,2015,Rabi,14.9562045,75.7896741,2015-11-01,2016-04-28,10,Landsat 8 SR,0.6,0.05,datasets\test_images\2015\rgb\karnataka_2015_rice_rabi_rgb.png,datasets\test_images\2015\ndvi\karnataka_2015_rice_rabi_ndvi.png,0.105827,0.04667,0.011228,0.013013,0.628672,0.203785,-0.021973,0.076183,0.180627,0.085485,0.043513,0.016331,0.822304,0.36311,-0.111951,0.123842,0.203633,-0.451782,-0.74386,0.096178,0.402965,0.238127,0.036417,0.04764,0.248717,0.10734,0.026655,0.032248
Karnataka,Rice,2015,Summer,14.9562045,75.7896741,2015-03-01,2015-06-28,7,Landsat 8 SR,0.6,0.05,datasets\test_images\2015\rgb\karnataka_2015_rice_summer_rgb.png,datasets\test_images\2015\ndvi\karnataka_2015_rice_summer_ndvi.png,0.114133,0.050937,0.014033,0.014183,0.657612,0.221159,0.003232,0.096111,0.175719,0.091284,0.044612,0.017477,0.843156,0.376495,0.005901,0.144401,0.030737,-0.449634,-0.75966,0.097217,0.437821,0.247735,0.052533,0.050897,0.248236,0.111129,0.026903,0.034498
Karnataka,Rice,2016,Kharif,14.9562045,75.7896741,2016-07-01,2016-10-28,6,Landsat 8 SR,0.6,0.05,datasets\test_images\2016\rgb\karnataka_2016_rice_kharif_rgb.png,datasets\test_images\2016\ndvi\karnataka_2016_rice_kharif_ndvi.png,0.231612,0.039733,-0.036389,0.011663,1.253807,0.31426,-0.067249,0.101888,0.25694,0.082506,0.025486,0.0154,1.188178,0.509759,-0.507089,0.137342,0.571843,-0.532056,-0.9936,0.114577,0.49476,0.285471,0.01857,0.060201,0.26563,0.088685,0.01208,0.026079
Karnataka,Rice,2016,Rabi,14.9562045,75.7896741,2016-11-01,2017-04-28,11,Landsat 8 SR,0.6,0.05,datasets\test_images\2016\rgb\karnataka_2016_rice_rabi_rgb.png,datasets\test_images\2016\ndvi\karnataka_2016_rice_rabi_ndvi.png,0.169655,0.052781,0.013428,0.01247,0.721793,0.173288,-0.028958,0.057283,0.177548,0.092532,0.04189,0.016845,0.763626,0.304909,-0.176342,0.097601,0.279319,-0.419018,-0.71195,0.090757,0.416605,0.237608,0.028057,0.046197,0.2521,0.122116,0.0321,0.031762
Karnataka,Rice,2016,Summer,14.9562045,75.7896741,2016-03-01,2016-06-28,7,Landsat 8 SR,0.6,0.05,datasets\test_images\2016\rgb\karnataka_2016_rice_summer_rgb.png,datasets\test_images\2016\ndvi\karnataka_2016_rice_summer_ndvi.png,0.188974,0.052495,0.013936,0.014038,0.899747,0.193437,-0.020548,0.086062,0.193773,0.092802,0.041313,0.018341,0.831866,0.331084,-0.092401,0.12769,0.180167,-0.437421,-0.748659,0.096601,0.451049,0.245757,0.038343,0.055507,0.268105,0.121447,0.026188,0.03598
Karnataka,Rice,2017,Kharif,14.9562045,75.7896741,2017-07-01,2017-10-28,7,Landsat 8 SR,0.6,0.05,datasets\test_images\2017\rgb\karnataka_2017_rice_kharif_rgb.png,datasets\test_images\2017\ndvi\karnataka_2017_rice_kharif_ndvi.png,0.375163,0.040124,-0.14896,0.024164,1.814845,0.352611,-17.95897,0.166373,0.40819,0.086018,-0.015118,0.030381,1.370834,0.541383,-0.48848,0.199399,0.54944,-0.531118,-1.481097,0.166205,0.63006,0.298703,0.012685,0.093338,0.452988,0.084561,-0.018665,0.041313
Karnataka,Rice,2017,Rabi,14.9562045,75.7896741,2017-11-01,2018-04-28,16,Sentinel-2 SR,0.6,0.05,datasets\test_images\2017\rgb\karnataka_2017_rice_rabi_rgb.png,datasets\test_images\2017\ndvi\karnataka_2017_rice_rabi_ndvi.png,0.32405,0.066215,0.03185,0.014465,1.022504,0.182403,-0.10871,0.07542,0.3571,0.093906,0.04575,0.019845,0.819254,0.292443,-0.363646,0.127161,0.527078,-0.412114,-0.743749,0.12317,0.50595,0.239838,0.02015,0.050516,0.4116,0.124065,0.0398,0.038928
Karnataka,Rice,2018,Kharif,14.9562045,75.7896741,2018-07-01,2018-10-28,1,Sentinel-2 SR,0.6,0.05,datasets\test_images\2018\rgb\karnataka_2018_rice_kharif_rgb.png,datasets\test_images\2018\ndvi\karnataka_2018_rice_kharif_ndvi.png,0.4228,0.045985,0.0,0.020813,25.476707,0.355932,-13.354026,0.193006,0.3927,0.077796,0.0,0.026063,1.0,0.509524,-1.0,0.326556,1.0,-0.520013,-1.0,0.292544,0.6324,0.285601,0.0,0.091627,0.4231,0.081121,0.0,0.043087
Karnataka,Rice,2018,Rabi,14.9562045,75.7896741,2018-11-01,2019-04-28,30,Sentinel-2 SR,0.6,0.05,datasets\test_images\2018\rgb\karnataka_2018_rice_rabi_rgb.png,datasets\test_images\2018\ndvi\karnataka_2018_rice_rabi_ndvi.png,0.2056,0.066329,0.0279,0.016357,0.703573,0.170579,-0.086047,0.092325,0.2602,0.094102,0.0372,0.021695,0.811021,0.280157,-0.413919,0.158036,0.529747,-0.381605,-0.72296,0.148742,0.4937,0.225311,0.014,0.056923,0.3352,0.121668,0.0254,0.043877
Karnataka,Rice,2019,Kharif,14.9562045,75.7896741,2019-07-01,2019-10-28,9,Sentinel-2 SR,0.6,0.05,datasets\test_images\2019\rgb\karnataka_2019_rice_kharif_rgb.png,datasets\test_images\2019\ndvi\karnataka_2019_rice_kharif_ndvi.png,0.4833,0.066425,0.0192,0.013328,5.521473,0.415812,-4.60141,0.17006,0.50305,0.092059,0.0376,0.017087,0.90885,0.551033,-0.600104,0.215217,0.615101,-0.488923,-0.810199,0.184347,0.6049,0.29173,0.0229,0.072957,0.5084,0.078129,0.0182,0.026117
Karnataka,Rice,2019,Rabi,14.9562045,75.7896741,2019-11-01,2020-04-28,35,Sentinel-2 SR,0.6,0.05,datasets\test_images\2019\rgb\karnataka_2019_rice_rabi_rgb.png,datasets\test_images\2019\ndvi\karnataka_2019_rice_rabi_ndvi.png,0.2792,0.063,0.02775,0.015304,1.068354,0.19675,-0.089476,0.097024,0.3062,0.088909,0.04315,0.01863,0.828532,0.318834,-0.47785,0.179741,0.624734,-0.397797,-0.729899,0.184193,0.4681,0.230478,0.01295,0.057132,0.3313,0.108754,0.0308,0.038365
Kerala,Maize,2012,Whole Year,10.3528744,76.5120396,2012-01-01,2012-12-28,13,Landsat 5/7 SR,0.6,0.05,datasets\test_images\2012\rgb\kerala_2012_maize_whole_year_rgb.png,datasets\test_images\2012\ndvi\kerala_2012_maize_whole_year_ndvi.png,0.078795,0.035505,0.011255,0.006138,0.68169,0.400772,0.139997,0.071795,0.08314,0.047868,0.01439,0.007648,0.893809,0.704191,0.359224,0.078574,-0.481632,-0.68572,-0.851184,0.048551,0.40951,0.240978,0.100108,0.035775,0.120953,0.045503,0.010237,0.011828
Kerala,Maize,2013,Whole Year,10.3528744,76.5120396,2013-01-01,2013-12-28,11,Landsat 8 SR,0.6,0.05,datasets\test_images\2013\rgb\kerala_2013_maize_whole_year_rgb.png,datasets\test_images\2013\ndvi\kerala_2013_maize_whole_year_ndvi.png,0.101469,0.020152,-0.03511,0.005157,0.704953,0.470038,0.195144,0.065565,0.13429,0.045747,0.010265,0.009225,1.046941,0.809809,0.421562,0.043189,-0.385444,-0.723069,-0.910519,0.037531,0.45483,0.275873,0.10448,0.043173,0.127525,0.029497,-0.001725,0.008182
Kerala,Maize,2014,Whole Year,10.3528744,76.5120396,2014-01-01,2014-12-28,21,Landsat 8 SR,0.6,0.05,datasets\test_images\2014\rgb\kerala_2014_maize_whole_year_rgb.png,datasets\test_images\2014\ndvi\kerala_2014_maize_whole_year_ndvi.png,0.064852,0.020457,0.006937,0.006309,0.710071,0.440405,0.13454,0.070537,0.097523,0.045911,0.016618,0.00763,0.890388,0.778946,0.347335,0.074876,-0.433105,-0.701923,-0.806664,0.046535,0.453125,0.267896,0.088035,0.037716,0.133905,0.033029,0.009137,0.011914
Kerala,Maize,2015,Whole Year,10.3528744,76.5120396,2015-01-01,2015-12-28,21,Landsat 8 SR,0.6,0.05,datasets\test_images\2015\rgb\kerala_2015_maize_whole_year_rgb.png,datasets\test_images\2015\ndvi\kerala_2015_maize_whole_year_ndvi.png,0.06169,0.019941,0.0057,0.004649,0.722492,0.466643,0.147913,0.062116,0.082727,0.047383,0.018542,0.007158,0.896717,0.793659,0.413474,0.051484,-0.440813,-0.713525,-0.812572,0.035305,0.45527,0.279616,0.098347,0.041444,0.10492,0.03234,0.008477,0.009171
Kerala,Maize,2016,Whole Year,10.3528744,76.5120396,2016-01-01,2016-12-28,21,Landsat 8 SR,0.6,0.05,datasets\test_images\2016\rgb\kerala_2016_maize_whole_year_rgb.png,datasets\test_images\2016\ndvi\kerala_2016_maize_whole_year_ndvi.png,0.067451,0.020741,0.006456,0.006529,0.73691,0.423907,0.122328,0.071607,0.092916,0.044428,0.015875,0.009048,0.896935,0.761872,0.37766,0.082867,-0.471358,-0.707997,-0.820924,0.047285,0.466435,0.260585,0.067823,0.043069,0.115287,0.035765,0.007735,0.013688
Kerala,Rice,1999,Autumn,10.3528744,76.5120396,1999-07-01,1999-10-28,1,Landsat 5/7 SR,0.6,0.05,datasets\test_images\1999\rgb\kerala_1999_rice_rgb.png,datasets\test_images\1999\ndvi\kerala_1999_rice_ndvi.png,0.207138,0.031959,0.0167,0.008839,0.738526,0.477989,0.202141,0.047899,0.22328,0.050184,0.02671,0.008984,0.861102,0.758428,0.289284,0.049369,-0.285198,-0.69923,-0.783778,0.040933,0.466408,0.283777,0.122603,0.029421,0.2213,0.038978,0.017195,0.009757
Kerala,Rice,1999,Winter,10.3528744,76.5120396,1999-07-01,1999-10-28,1,Landsat 5/7 SR,0.6,0.05,datasets\test_images\1999\rgb\kerala_1999_rice_rgb.png,datasets\test_images\1999\ndvi\kerala_1999_rice_ndvi.png,0.207138,0.031959,0.0167,0.008839,0.738526,0.477989,0.202141,0.047899,0.22328,0.050184,0.02671,0.008984,0.861102,0.758428,0.289284,0.049369,-0.285198,-0.69923,-0.783778,0.040933,0.466408,0.283777,0.122603,0.029421,0.2213,0.038978,0.017195,0.009757
Kerala,Rice,1999,Kharif,10.3528744,76.5120396,1999-07-01,1999-10-28,1,Landsat 5/7 SR,0.6,0.05,datasets\test_images\1999\rgb\kerala_1999_rice_kharif_rgb.png,datasets\test_images\1999\ndvi\kerala_1999_rice_kharif_ndvi.png,0.207138,0.031959,0.0167,0.008839,0.738526,0.477989,0.202141,0.047899,0.22328,0.050184,0.02671,0.008984,0.861102,0.758428,0.289284,0.049369,-0.285198,-0.69923,-0.783778,0.040933,0.466408,0.283777,0.122603,0.029421,0.2213,0.038978,0.017195,0.009757
Kerala,Rice,2000,Autumn,10.3528744,76.5120396,2000-07-01,2000-10-28,4,Landsat 5/7 SR,0.6,0.05,datasets\test_images\2000\rgb\kerala_2000_rice_rgb.png,datasets\test_images\2000\ndvi\kerala_2000_rice_ndvi.png,0.076925,0.020318,0.006497,0.004376,0.741227,0.468363,0.209309,0.054265,0.096904,0.036873,0.01406,0.005623,0.902299,0.827937,0.385532,0.034248,-0.361768,-0.753207,-0.824191,0.028992,0.468113,0.260494,0.104618,0.034269,0.092738,0.02466,0.00735,0.005329
Kerala,Rice,2000,Summer,10.3528744,76.5120396,2000-03-01,2000-06-28,2,Landsat 5/7 SR,0.6,0.05,datasets\test_images\2000\rgb\kerala_2000_rice_rgb.png,datasets\test_images\2000\ndvi\kerala_2000_rice_ndvi.png,0.188603,0.071303,0.03771,0.016401,0.842526,0.625451,0.292722,0.081096,0.20282,0.088943,0.05322,0.015506,0.821982,0.699707,0.382062,0.058848,-0.333323,-0.618744,-0.736458,0.053718,0.513543,0.380066,0.191545,0.053907,0.186347,0.066825,0.032073,0.015632
Kerala,Rice,2000,Winter,10.3528744,76.5120396,2000-07-01,2000-10-28,4,Landsat 5/7 SR,0.6,0.05,datasets\test_images\2000\rgb\kerala_2000_rice_rgb.png,datasets\test_images\2000\ndvi\kerala_2000_rice_ndvi.png,0.076925,0.020318,0.006497,0.004376,0.741227,0.468363,0.209309,0.054265,0.096904,0.036873,0.01406,0.005623,0.902299,0.827937,0.385532,0.034248,-0.361768,-0.753207,-0.824191,0.028992,0.468113,0.260494,0.104618,0.034269,0.092738,0.02466,0.00735,0.005329
Kerala,Rice,2000,Kharif,10.3528744,76.5120396,2000-07-01,2000-10-28,5,Landsat 5/7 SR,0.6,0.05,datasets\test_images\2000\rgb\kerala_2000_rice_kharif_rgb.png,datasets\test_images\2000\ndvi\kerala_2000_rice_kharif_ndvi.png,0.076925,0.020334,0.006497,0.004388,0.741227,0.468434,0.209309,0.054311,0.096904,0.036888,0.01406,0.005634,0.902299,0.82781,0.385532,0.034249,-0.361768,-0.753098,-0.824191,0.028987,0.468113,0.260584,0.104618,0.034344,0.092738,0.024676,0.00735,0.005337
Kerala,Rice,2001,Autumn,10.3528744,76.5120396,2001-07-01,2001-10-28,5,Landsat 5/7 SR,0.6,0.05,datasets\test_images\2001\rgb\kerala_2001_rice_autumn_rgb.png,datasets\test_images\2001\ndvi\kerala_2001_rice_autumn_ndvi.png,0.831676,0.043677,0.010788,0.026932,0.817719,0.479734,0.199124,0.06481,0.351403,0.060887,0.015765,0.026573,0.949782,0.727403,0.14186,0.090537,-0.158482,-0.666327,-0.834343,0.078098,0.546845,0.291314,0.106322,0.043352,0.364987,0.04891,0.00339,0.027799
Kerala,Rice,2001,Summer,10.3528744,76.5120396,2001-03-01,2001-06-28,4,Landsat 5/7 SR,0.6,0.05,datasets\test_images\2001\rgb\kerala_2001_rice_summer_rgb.png,datasets\test_images\2001\ndvi\kerala_2001_rice_summer_ndvi.png,0.069252,0.035622,0.013304,0.006978,0.750667,0.369064,0.103894,0.106202,0.096519,0.055356,0.023547,0.009759,0.870169,0.646907,0.277128,0.12894,-0.345288,-0.635365,-0.83387,0.080135,0.465569,0.240144,0.07533,0.046686,0.123799,0.050902,0.016769,0.01494
Kerala,Rice,2001,Winter,10.3528744,76.5120396,2001-07-01,2001-10-28,5,Landsat 5/7 SR,0.6,0.05,datasets\test_images\2001\rgb\kerala_2001_rice_winter_rgb.png,datasets\test_images\2001\ndvi\kerala_2001_rice_winter_ndvi.png,0.831676,0.043677,0.010788,0.026932,0.817719,0.479734,0.199124,0.06481,0.351403,0.060887,0.015765,0.026573,0.949782,0.727403,0.14186,0.090537,-0.158482,-0.666327,-0.834343,0.078098,0.546845,0.291314,0.106322,0.043352,0.364987,0.04891,0.00339,0.027799
Kerala,Rice,2001,Kharif,10.3528744,76.5120396,2001-07-01,2001-10-28,5,Landsat 5/7 SR,0.6,0.05,datasets\test_images\2001\rgb\kerala_2001_rice_kharif_rgb.png,datasets\test_images\2001\ndvi\kerala_2001_rice_kharif_ndvi.png,0.831676,0.043677,0.010788,0.026932,0.817719,0.479734,0.199124,0.06481,0.351403,0.060887,0.015765,0.026573,0.949782,0.727403,0.14186,0.090537,-0.158482,-0.666327,-0.834343,0.078098,0.546845,0.291314,0.106322,0.043352,0.364987,0.04891,0.00339,0.027799
Kerala,Rice,2002,Autumn,10.3528744,76.5120396,2002-07-01,2002-10-28,2,Landsat 5/7 SR,0.6,0.05,datasets\test_images\2002\rgb\kerala_2002_rice_autumn_rgb.png,datasets\test_images\2002\ndvi\kerala_2002_rice_autumn_ndvi.png,0.141138,0.026741,0.00625,0.009381,0.742713,0.50412,0.173984,0.05305,0.171168,0.044441,0.01329,0.009742,0.911198,0.808939,0.353103,0.048063,-0.372929,-0.733321,-0.832069,0.040165,0.46748,0.287612,0.082535,0.03448,0.170233,0.03068,0.006827,0.010174
Kerala,Rice,2002,Summer,10.3528744,76.5120396,2002-03-01,2002-06-28,1,Landsat 5/7 SR,0.6,0.05,datasets\test_images\2002\rgb\kerala_2002_rice_summer_rgb.png,datasets\test_images\2002\ndvi\kerala_2002_rice_summer_ndvi.png,0.190088,0.041982,0.009825,0.015987,0.860026,0.59258,0.192369,0.083571,0.219788,0.06414,0.016122,0.017586,0.881102,0.775288,0.330189,0.056369,-0.33327,-0.699702,-0.812909,0.048551,0.56934,0.361636,0.102637,0.060758,0.21921,0.046132,0.00988,0.017067
Kerala,Rice,2002,Winter,10.3528744,76.5120396,2002-07-01,2002-10-28,2,Landsat 5/7 SR,0.6,0.05,datasets\test_images\2002\rgb\kerala_2002_rice_winter_rgb.png,datasets\test_images\2002\ndvi\kerala_2002_rice_winter_ndvi.png,0.141138,0.026741,0.00625,0.009381,0.742713,0.50412,0.173984,0.05305,0.171168,0.044441,0.01329,0.009742,0.911198,0.808939,0.353103,0.048063,-0.372929,-0.733321,-0.832069,0.040165,0.46748,0.287612,0.082535,0.03448,0.170233,0.03068,0.006827,0.010174
Kerala,Rice,2002,Kharif,10.3528744,76.5120396,2002-07-01,2002-10-28,2,Landsat 5/7 SR,0.6,0.05,datasets\test_images\2002\rgb\kerala_2002_rice_kharif_rgb.png,datasets\test_images\2002\ndvi\kerala_2002_rice_kharif_ndvi.png,0.141138,0.026741,0.00625,0.009381,0.742713,0.50412,0.173984,0.05305,0.171168,0.044441,0.01329,0.009742,0.911198,0.808939,0.353103,0.048063,-0.372929,-0.733321,-0.832069,0.040165,0.46748,0.287612,0.082535,0.03448,0.170233,0.03068,0.006827,0.010174
Kerala,Rice,2003,Autumn,10.3528744,76.5120396,2003-07-01,2003-10-28,1,Landsat 5/7 SR,0.6,0.05,datasets\test_images\2003\rgb\kerala_2003_rice_rgb.png,datasets\test_images\2003\ndvi\kerala_2003_rice_ndvi.png,0.076952,0.033606,0.001355,0.010456,0.627025,0.467512,0.204407,0.069869,0.1025,0.052287,0.01538,0.012539,0.933799,0.748772,0.482783,0.04619,-0.445673,-0.686129,-0.843599,0.04268,0.40247,0.278965,0.1311,0.05018,0.08831,0.040436,0.005645,0.011054
Kerala,Rice,2003,Winter,10.3528744,76.5120396,2003-07-01,2003-10-28,1,Landsat 5/7 SR,0.6,0.05,datasets\test_images\2003\rgb\kerala_2003_rice_rgb.png,datasets\test_images\2003\ndvi\kerala_2003_rice_ndvi.png,0.076952,0.033606,0.001355,0.010456,0.627025,0.467512,0.204407,0.069869,0.1025,0.052287,0.01538,0.012539,0.933799,0.748772,0.482783,0.04619,-0.445673,-0.686129,-0.843599,0.04268,0.40247,0.278965,0.1311,0.05018,0.08831,0.040436,0.005645,0.011054
Kerala,Rice,2003,Summer,10.3528744,76.5120396,2003-03-01,2003-06-28,1,Landsat 5/7 SR,0.6,0.05,datasets\test_images\2003\rgb\kerala_2003_rice_summer_rgb.png,datasets\test_images\2003\ndvi\kerala_2003_rice_summer_ndvi.png,,,,,,,,,,,,,,,,,,,,,,,,,,,,
Kerala,Rice,2003,Kharif,10.3528744,76.5120396,2003-07-01,2003-10-28,1,Landsat 5/7 SR,0.6,0.05,datasets\test_images\2003\rgb\kerala_2003_rice_kharif_rgb.png,datasets\test_images\2003\ndvi\kerala_2003_rice_kharif_ndvi.png,0.076952,0.033606,0.001355,0.010456,0.627025,0.467512,0.204407,0.069869,0.1025,0.052287,0.01538,0.012539,0.933799,0.748772,0.482783,0.04619,-0.445673,-0.686129,-0.843599,0.04268,0.40247,0.278965,0.1311,0.05018,0.08831,0.040436,0.005645,0.011054
Kerala,Rice,2004,Autumn,10.3528744,76.5120396,2004-07-01,2004-10-28,1,Landsat 5/7 SR,0.6,0.05,datasets\test_images\2004\rgb\kerala_2004_rice_rgb.png,datasets\test_images\2004\ndvi\kerala_2004_rice_ndvi.png,0.2367,0.071191,0.032485,0.021576,0.963359,0.593162,0.255872,0.09255,0.241705,0.080532,0.02968,0.021295,0.848251,0.694867,0.305553,0.079597,-0.28451,-0.622366,-0.759521,0.070416,0.635533,0.346211,0.128515,0.059477,0.230815,0.06251,0.020028,0.021332
Kerala,Rice,2004,Summer,10.3528744,76.5120396,2004-03-01,2004-06-28,3,Landsat 5/7 SR,0.6,0.05,datasets\test_images\2004\rgb\kerala_2004_rice_rgb.png,datasets\test_images\2004\ndvi\kerala_2004_rice_ndvi.png,0.217065,0.041237,0.01296,0.009278,0.701994,0.404469,0.088323,0.103071,0.24693,0.062178,0.02495,0.011023,0.869455,0.630969,0.22432,0.113949,-0.27292,-0.610215,-0.790589,0.073959,0.44251,0.269433,0.085863,0.049875,0.251798,0.058981,0.01802,0.015468
Kerala,Rice,2004,Winter,10.3528744,76.5120396,2004-07-01,2004-10-28,1,Landsat 5/7 SR,0.6,0.05,datasets\test_images\2004\rgb\kerala_2004_rice_rgb.png,datasets\test_images\2004\ndvi\kerala_2004_rice_ndvi.png,0.2367,0.071191,0.032485,0.021576,0.963359,0.593162,0.255872,0.09255,0.241705,0.080532,0.02968,0.021295,0.848251,0.694867,0.305553,0.079597,-0.28451,-0.622366,-0.759521,0.070416,0.635533,0.346211,0.128515,0.059477,0.230815,0.06251,0.020028,0.021332
Kerala,Rice,2004,Kharif,10.3528744,76.5120396,2004-07-01,2004-10-28,2,Landsat 5/7 SR,0.6,0.05,datasets\test_images\2004\rgb\kerala_2004_rice_kharif_rgb.png,datasets\test_images\2004\ndvi\kerala_2004_rice_kharif_ndvi.png,0.2367,0.0712,0.032485,0.021526,0.963359,0.592067,0.255872,0.093201,0.241705,0.080564,0.02968,0.021247,0.848251,0.694079,0.305553,0.079968,-0.28451,-0.621771,-0.759521,0.070606,0.635533,0.345762,0.128515,0.059534,0.230815,0.062596,0.020028,0.021306
Kerala,Rice,2005,Autumn,10.3528744,76.5120396,2005-07-01,2005-10-28,2,Landsat 5/7 SR,0.6,0.05,datasets\test_images\2005\rgb\kerala_2005_rice_rgb.png,datasets\test_images\2005\ndvi\kerala_2005_rice_ndvi.png,0.144823,0.035888,0.014088,0.011429,0.823412,0.563878,0.081708,0.080655,0.162753,0.049946,0.014775,0.012354,0.906504,0.807914,0.161077,0.05273,-0.142656,-0.727544,-0.810846,0.0464,0.512552,0.317893,0.07665,0.053853,0.15365,0.033815,0.004765,0.012144
Kerala,Rice,2005,Summer,10.3528744,76.5120396,2005-03-01,2005-06-28,2,Landsat 5/7 SR,0.6,0.05,datasets\test_images\2005\rgb\kerala_2005_rice_rgb.png,datasets\test_images\2005\ndvi\kerala_2005_rice_ndvi.png,0.161762,0.033271,0.00966,0.008311,0.734295,0.373964,0.097672,0.109584,0.170783,0.051598,0.022805,0.009701,0.889702,0.651342,0.274056,0.130997,-0.338795,-0.640234,-0.822558,0.082262,0.443308,0.242024,0.090593,0.048011,0.16443,0.04938,0.01373,0.016507
Kerala,Rice,2005,Winter,10.3528744,76.5120396,2005-07-01,2005-10-28,2,Landsat 5/7 SR,0.6,0.05,datasets\test_images\2005\rgb\kerala_2005_rice_rgb.png,datasets\test_images\2005\ndvi\kerala_2005_rice_ndvi.png,0.144823,0.035888,0.014088,0.011429,0.823412,0.563878,0.081708,0.080655,0.162753,0.049946,0.014775,0.012354,0.906504,0.807914,0.161077,0.05273,-0.142656,-0.727544,-0.810846,0.0464,0.512552,0.317893,0.07665,0.053853,0.15365,0.033815,0.004765,0.012144
Kerala,Rice,2005,Kharif,10.3528744,76.5120396,2005-07-01,2005-10-28,3,Landsat 5/7 SR,0.6,0.05,datasets\test_images\2005\rgb\kerala_2005_rice_kharif_rgb.png,datasets\test_images\2005\ndvi\kerala_2005_rice_kharif_ndvi.png,0.144823,0.03573,-0.007637,0.011526,0.823412,0.561672,0.081708,0.081958,0.162753,0.049857,0.011695,0.012402,0.945823,0.807187,0.161077,0.05323,-0.142656,-0.727202,-0.890073,0.046807,0.512552,0.316816,0.07665,0.054204,0.15365,0.033833,0.004765,0.012151
Kerala,Rice,2006,Autumn,10.3528744,76.5120396,2006-07-01,2006-10-28,3,Landsat 5/7 SR,0.6,0.05,datasets\test_images\2006\rgb\kerala_2006_rice_autumn_rgb.png,datasets\test_images\2006\ndvi\kerala_2006_rice_autumn_ndvi.png,0.162038,0.039316,0.016453,0.013227,0.805895,0.561863,0.240843,0.064297,0.186733,0.057415,0.029158,0.013559,0.892741,0.77686,0.385263,0.056903,-0.36977,-0.705914,-0.799864,0.048563,0.511975,0.332658,0.133767,0.042691,0.180105,0.041954,0.01703,0.014125
Kerala,Rice,2006,Summer,10.3528744,76.5120396,2006-03-01,2006-06-28,1,Landsat 5/7 SR,0.6,0.05,datasets\test_images\2006\rgb\kerala_2006_rice_summer_rgb.png,datasets\test_images\2006\ndvi\kerala_2006_rice_summer_ndvi.png,0.130192,0.038325,0.011228,0.008141,0.714701,0.346596,0.088931,0.096357,0.142512,0.050238,0.022062,0.009591,0.89084,0.604408,0.268141,0.131919,-0.367805,-0.645997,-0.844628,0.073987,0.430273,0.237411,0.08908,0.037344,0.167042,0.058245,0.015765,0.020934
Kerala,Rice,2006,Winter,10.3528744,76.5120396,2006-07-01,2006-10-28,3,Landsat 5/7 SR,0.6,0.05,datasets\test_images\2006\rgb\kerala_2006_rice_winter_rgb.png,datasets\test_images\2006\ndvi\kerala_2006_rice_winter_ndvi.png,0.162038,0.039316,0.016453,0.013227,0.805895,0.561863,0.240843,0.064297,0.186733,0.057415,0.029158,0.013559,0.892741,0.77686,0.385263,0.056903,-0.36977,-0.705914,-0.799864,0.048563,0.511975,0.332658,0.133767,0.042691,0.180105,0.041954,0.01703,0.014125
Kerala,Rice,2006,Kharif,10.3528744,76.5120396,2006-07-01,2006-10-28,3,Landsat 5/7 SR,0.6,0.05,datasets\test_images\2006\rgb\kerala_2006_rice_kharif_rgb.png,datasets\test_images\2006\ndvi\kerala_2006_rice_kharif_ndvi.png,0.162038,0.039316,0.016453,0.013227,0.805895,0.561863,0.240843,0.064297,0.186733,0.057415,0.029158,0.013559,0.892741,0.77686,0.385263,0.056903,-0.36977,-0.705914,-0.799864,0.048563,0.511975,0.332658,0.133767,0.042691,0.180105,0.041954,0.01703,0.014125
Kerala,Rice,2007,Summer,10.3528744,76.5120396,2007-03-01,2007-06-28,3,Landsat 5/7 SR,0.6,0.05,datasets\test_images\2007\rgb\kerala_2007_rice_summer_rgb.png,datasets\test_images\2007\ndvi\kerala_2007_rice_summer_ndvi.png,0.140367,0.044196,0.017305,0.008824,0.697815,0.354585,0.041556,0.103781,0.15508,0.061405,0.028745,0.010147,0.868583,0.582955,0.18374,0.133168,-0.198281,-0.598425,-0.8055,0.081592,0.414625,0.249495,0.051378,0.041445,0.170315,0.064736,0.021155,0.02031
Kerala,Rice,2007,Winter,10.3528744,76.5120396,2007-07-01,2007-10-28,3,Landsat 5/7 SR,0.6,0.05,datasets\test_images\2007\rgb\kerala_2007_rice_winter_rgb.png,datasets\test_images\2007\ndvi\kerala_2007_rice_winter_ndvi.png,1.602213,0.036219,0.00075,0.032217,0.852412,0.569783,-0.052753,0.079308,0.379425,0.053838,0.001658,0.028635,1.086811,0.807106,0.161637,0.093969,-0.1665,-0.728697,-0.956285,0.081051,0.551492,0.332344,0.060783,0.052203,0.387235,0.037533,-0.002743,0.030098
Kerala,Rice,2007,Autumn,10.3528744,76.5120396,2007-07-01,2007-10-28,3,Landsat 5/7 SR,0.6,0.05,datasets\test_images\2007\rgb\kerala_2007_rice_autumn_rgb.png,datasets\test_images\2007\ndvi\kerala_2007_rice_autumn_ndvi.png,1.602213,0.036219,0.00075,0.032217,0.852412,0.569783,-0.052753,0.079308,0.379425,0.053838,0.001658,0.028635,1.086811,0.807106,0.161637,0.093969,-0.1665,-0.728697,-0.956285,0.081051,0.551492,0.332344,0.060783,0.052203,0.387235,0.037533,-0.002743,0.030098
Kerala,Rice,2007,Kharif,10.3528744,76.5120396,2007-07-01,2007-10-28,3,Landsat 5/7 SR,0.6,0.05,datasets\test_images\2007\rgb\kerala_2007_rice_kharif_rgb.png,datasets\test_images\2007\ndvi\kerala_2007_rice_kharif_ndvi.png,1.602213,0.036219,0.00075,0.032217,0.852412,0.569783,-0.052753,0.079308,0.379425,0.053838,0.001658,0.028635,1.086811,0.807106,0.161637,0.093969,-0.1665,-0.728697,-0.956285,0.081051,0.551492,0.332344,0.060783,0.052203,0.387235,0.037533,-0.002743,0.030098
Kerala,Rice,2008,Autumn,10.3528744,76.5120396,2008-07-01,2008-10-28,4,Landsat 5/7 SR,0.6,0.05,datasets\test_images\2008\rgb\kerala_2008_rice_autumn_rgb.png,datasets\test_images\2008\ndvi\kerala_2008_rice_autumn_ndvi.png,0.280672,0.036987,0.006525,0.019511,0.847444,0.503707,0.189268,0.07137,0.287822,0.05208,0.016508,0.018058,0.897091,0.771123,0.262735,0.065673,-0.256275,-0.698871,-0.812606,0.059971,0.525038,0.288577,0.100658,0.044285,0.283863,0.038205,0.008835,0.01726
Kerala,Rice,2008,Summer,10.3528744,76.5120396,2008-03-01,2008-06-28,2,Landsat 5/7 SR,0.6,0.05,datasets\test_images\2008\rgb\kerala_2008_rice_summer_rgb.png,datasets\test_images\2008\ndvi\kerala_2008_rice_summer_ndvi.png,0.211593,0.030934,0.00119,0.012185,0.89547,0.426832,0.076772,0.130479,0.224133,0.050326,0.00812,0.013781,0.985192,0.693414,0.255469,0.145546,-0.308273,-0.675619,-0.870115,0.088874,0.546515,0.271699,0.072085,0.061052,0.220475,0.046367,0.001162,0.021617
Kerala,Rice,2008,Winter,10.3528744,76.5120396,2008-07-01,2008-10-28,4,Landsat 5/7 SR,0.6,0.05,datasets\test_images\2008\rgb\kerala_2008_rice_winter_rgb.png,datasets\test_images\2008\ndvi\kerala_2008_rice_winter_ndvi.png,0.280672,0.036987,0.006525,0.019511,0.847444,0.503707,0.189268,0.07137,0.287822,0.05208,0.016508,0.018058,0.897091,0.771123,0.262735,0.065673,-0.256275,-0.698871,-0.812606,0.059971,0.525038,0.288577,0.100658,0.044285,0.283863,0.038205,0.008835,0.01726
Kerala,Rice,2008,Kharif,10.3528744,76.5120396,2008-07-01,2008-10-28,4,Landsat 5/7 SR,0.6,0.05,datasets\test_images\2008\rgb\kerala_2008_rice_kharif_rgb.png,datasets\test_images\2008\ndvi\kerala_2008_rice_kharif_ndvi.png,0.280672,0.036987,0.006525,0.019511,0.847444,0.503707,0.189268,0.07137,0.287822,0.05208,0.016508,0.018058,0.897091,0.771123,0.262735,0.065673,-0.256275,-0.698871,-0.812606,0.059971,0.525038,0.288577,0.100658,0.044285,0.283863,0.038205,0.008835,0.01726
Kerala,Rice,2009,Autumn,10.3528744,76.5120396,2009-07-01,2009-10-28,1,Landsat 5/7 SR,0.6,0.05,datasets\test_images\2009\rgb\kerala_2009_rice_autumn_rgb.png,datasets\test_images\2009\ndvi\kerala_2009_rice_autumn_ndvi.png,0.490992,0.043335,0.000557,0.031828,0.740007,0.516074,0.203916,0.065803,0.496163,0.049376,0.005727,0.030778,0.955412,0.765283,0.104899,0.097131,-0.098953,-0.720542,-0.898467,0.08682,0.666937,0.292671,0.107092,0.043615,0.5403,0.041085,0.002977,0.033015
Kerala,Rice,2009,Summer,10.3528744,76.5120396,2009-03-01,2009-06-28,2,Landsat 5/7 SR,0.6,0.05,datasets\test_images\2009\rgb\kerala_2009_rice_summer_rgb.png,datasets\test_images\2009\ndvi\kerala_2009_rice_summer_ndvi.png,0.21327,0.034296,0.010705,0.011753,0.780419,0.431134,0.12732,0.096031,0.22273,0.048034,0.021485,0.011773,0.897822,0.708444,0.301642,0.095688,-0.31952,-0.689307,-0.834755,0.061716,0.485713,0.263333,0.094608,0.048474,0.228917,0.043976,0.014637,0.013789
Kerala,Rice,2009,Winter,10.3528744,76.5120396,2009-07-01,2009-10-28,1,Landsat 5/7 SR,0.6,0.05,datasets\test_images\2009\rgb\kerala_2009_rice_winter_rgb.png,datasets\test_images\2009\ndvi\kerala_2009_rice_winter_ndvi.png,0.490992,0.043335,0.000557,0.031828,0.740007,0.516074,0.203916,0.065803,0.496163,0.049376,0.005727,0.030778,0.955412,0.765283,0.104899,0.097131,-0.098953,-0.720542,-0.898467,0.08682,0.666937,0.292671,0.107092,0.043615,0.5403,0.041085,0.002977,0.033015
Kerala,Rice,2009,Kharif,10.3528744,76.5120396,2009-07-01,2009-10-28,1,Landsat 5/7 SR,0.6,0.05,datasets\test_images\2009\rgb\kerala_2009_rice_kharif_rgb.png,datasets\test_images\2009\ndvi\kerala_2009_rice_kharif_ndvi.png,0.490992,0.043335,0.000557,0.031828,0.740007,0.516074,0.203916,0.065803,0.496163,0.049376,0.005727,0.030778,0.955412,0.765283,0.104899,0.097131,-0.098953,-0.720542,-0.898467,0.08682,0.666937,0.292671,0.107092,0.043615,0.5403,0.041085,0.002977,0.033015
Kerala,Rice,2010,Autumn,10.3528744,76.5120396,2010-07-01,2010-10-28,1,Landsat 5/7 SR,0.6,0.05,datasets\test_images\2010\rgb\kerala_2010_rice_autumn_rgb.png,datasets\test_images\2010\ndvi\kerala_2010_rice_autumn_ndvi.png,,,,,,,,,,,,,,,,,,,,,,,,,,,,
Kerala,Rice,2010,Winter,10.3528744,76.5120396,2010-07-01,2010-10-28,1,Landsat 5/7 SR,0.6,0.05,datasets\test_images\2010\rgb\kerala_2010_rice_winter_rgb.png,datasets\test_images\2010\ndvi\kerala_2010_rice_winter_ndvi.png,,,,,,,,,,,,,,,,,,,,,,,,,,,,
Kerala,Rice,2010,Kharif,10.3528744,76.5120396,2010-07-01,2010-10-28,1,Landsat 5/7 SR,0.6,0.05,datasets\test_images\2010\rgb\kerala_2010_rice_kharif_rgb.png,datasets\test_images\2010\ndvi\kerala_2010_rice_kharif_ndvi.png,,,,,,,,,,,,,,,,,,,,,,,,,,,,
Kerala,Rice,2011,Autumn,10.3528744,76.5120396,2011-07-01,2011-10-28,4,Landsat 5/7 SR,0.6,0.05,datasets\test_images\2011\rgb\kerala_2011_rice_autumn_rgb.png,datasets\test_images\2011\ndvi\kerala_2011_rice_autumn_ndvi.png,0.197512,0.035573,0.007735,0.012643,0.864344,0.544014,0.135705,0.068998,0.182057,0.04546,0.007295,0.012249,0.981833,0.797446,0.313989,0.056574,-0.294385,-0.744339,-0.867079,0.046688,0.520775,0.309057,0.065018,0.045563,0.177822,0.035167,0.000777,0.012938
Kerala,Rice,2011,Summer,10.3528744,76.5120396,2011-03-01,2011-06-28,3,Landsat 5/7 SR,0.6,0.05,datasets\test_images\2011\rgb\kerala_2011_rice_summer_rgb.png,datasets\test_images\2011\ndvi\kerala_2011_rice_summer_ndvi.png,0.257875,0.052164,0.009522,0.016742,0.921486,0.608757,0.164623,0.093853,0.265163,0.063911,0.01054,0.015878,0.890254,0.753821,0.30153,0.0677,-0.31746,-0.696287,-0.856008,0.05746,0.557432,0.3618,0.102775,0.059506,0.273165,0.050146,0.00878,0.016805
Kerala,Rice,2011,Winter,10.3528744,76.5120396,2011-07-01,2011-10-28,4,Landsat 5/7 SR,0.6,0.05,datasets\test_images\2011\rgb\kerala_2011_rice_winter_rgb.png,datasets\test_images\2011\ndvi\kerala_2011_rice_winter_ndvi.png,0.197512,0.035573,0.007735,0.012643,0.864344,0.544014,0.135705,0.068998,0.182057,0.04546,0.007295,0.012249,0.981833,0.797446,0.313989,0.056574,-0.294385,-0.744339,-0.867079,0.046688,0.520775,0.309057,0.065018,0.045563,0.177822,0.035167,0.000777,0.012938
Kerala,Rice,2011,Kharif,10.3528744,76.5120396,2011-07-01,2011-10-28,4,Landsat 5/7 SR,0.6,0.05,datasets\test_images\2011\rgb\kerala_2011_rice_kharif_rgb.png,datasets\test_images\2011\ndvi\kerala_2011_rice_kharif_ndvi.png,0.197512,0.035573,0.007735,0.012643,0.864344,0.544014,0.135705,0.068998,0.182057,0.04546,0.007295,0.012249,0.981833,0.797446,0.313989,0.056574,-0.294385,-0.744339,-0.867079,0.046688,0.520775,0.309057,0.065018,0.045563,0.177822,0.035167,0.000777,0.012938
Kerala,Rice,2012,Autumn,10.3528744,76.5120396,2012-07-01,2012-10-28,2,Landsat 5/7 SR,0.6,0.05,datasets\test_images\2012\rgb\kerala_2012_rice_autumn_rgb.png,datasets\test_images\2012\ndvi\kerala_2012_rice_autumn_ndvi.png,0.26651,0.040207,0.012767,0.013342,0.726668,0.492228,0.237326,0.04977,0.273275,0.052943,0.023602,0.01297,0.845547,0.734283,0.236496,0.051813,-0.233783,-0.69795,-0.806076,0.045075,0.493385,0.295817,0.134373,0.032075,0.269892,0.04569,0.021402,0.01371
Kerala,Rice,2012,Summer,10.3528744,76.5120396,2012-03-01,2012-06-28,5,Landsat 5/7 SR,0.6,0.05,datasets\test_images\2012\rgb\kerala_2012_rice_summer_rgb.png,datasets\test_images\2012\ndvi\kerala_2012_rice_summer_ndvi.png,0.148865,0.053151,0.02209,0.0117,0.833845,0.399578,0.102862,0.109297,0.161735,0.062503,0.030725,0.009782,0.878228,0.598045,0.224949,0.123782,-0.265184,-0.594807,-0.809854,0.090183,0.475001,0.261973,0.088722,0.049402,0.1575,0.061666,0.024317,0.014869
Kerala,Rice,2012,Winter,10.3528744,76.5120396,2012-07-01,2012-10-28,2,Landsat 5/7 SR,0.6,0.05,datasets\test_images\2012\rgb\kerala_2012_rice_winter_rgb.png,datasets\test_images\2012\ndvi\kerala_2012_rice_winter_ndvi.png,0.26651,0.040207,0.012767,0.013342,0.726668,0.492228,0.237326,0.04977,0.273275,0.052943,0.023602,0.01297,0.845547,0.734283,0.236496,0.051813,-0.233783,-0.69795,-0.806076,0.045075,0.493385,0.295817,0.134373,0.032075,0.269892,0.04569,0.021402,0.01371
Kerala,Rice,2012,Kharif,10.3528744,76.5120396,2012-07-01,2012-10-28,2,Landsat 5/7 SR,0.6,0.05,datasets\test_images\2012\rgb\kerala_2012_rice_kharif_rgb.png,datasets\test_images\2012\ndvi\kerala_2012_rice_kharif_ndvi.png,0.26651,0.040207,0.012767,0.013342,0.726668,0.492228,0.237326,0.04977,0.273275,0.052943,0.023602,0.01297,0.845547,0.734283,0.236496,0.051813,-0.233783,-0.69795,-0.806076,0.045075,0.493385,0.295817,0.134373,0.032075,0.269892,0.04569,0.021402,0.01371
Kerala,Rice,2013,Autumn,10.3528744,76.5120396,2013-07-01,2013-10-28,6,Landsat 8 SR,0.6,0.05,datasets\test_images\2013\rgb\kerala_2013_rice_autumn_rgb.png,datasets\test_images\2013\ndvi\kerala_2013_rice_autumn_ndvi.png,0.184862,0.020606,-0.028813,0.015007,0.79054,0.525674,0.202966,0.095514,0.18115,0.048322,0.014033,0.016286,1.032969,0.829817,0.393481,0.058585,-0.364088,-0.73436,-0.901287,0.051376,0.477463,0.313385,0.103985,0.06891,0.169133,0.029773,-0.006428,0.014708
Kerala,Rice,2013,Summer,10.3528744,76.5120396,2013-03-01,2013-06-28,2,Landsat 8 SR,0.6,0.05,datasets\test_images\2013\rgb\kerala_2013_rice_summer_rgb.png,datasets\test_images\2013\ndvi\kerala_2013_rice_summer_ndvi.png,0.204168,0.023779,-0.07394,0.007797,0.775139,0.559269,0.165011,0.09018,0.229853,0.058348,0.02253,0.0108,1.027611,0.804364,0.343583,0.074149,-0.333512,-0.712074,-0.840848,0.050902,0.536533,0.350594,0.120155,0.051876,0.224683,0.037517,-0.004805,0.013603
Kerala,Rice,2013,Winter,10.3528744,76.5120396,2013-07-01,2013-10-28,6,Landsat 8 SR,0.6,0.05,datasets\test_images\2013\rgb\kerala_2013_rice_winter_rgb.png,datasets\test_images\2013\ndvi\kerala_2013_rice_winter_ndvi.png,0.184862,0.020606,-0.028813,0.015007,0.79054,0.525674,0.202966,0.095514,0.18115,0.048322,0.014033,0.016286,1.032969,0.829817,0.393481,0.058585,-0.364088,-0.73436,-0.901287,0.051376,0.477463,0.313385,0.103985,0.06891,0.169133,0.029773,-0.006428,0.014708
Kerala,Rice,2013,Kharif,10.3528744,76.5120396,2013-07-01,2013-10-28,6,Landsat 8 SR,0.6,0.05,datasets\test_images\2013\rgb\kerala_2013_rice_kharif_rgb.png,datasets\test_images\2013\ndvi\kerala_2013_rice_kharif_ndvi.png,0.184862,0.020606,-0.028813,0.015007,0.79054,0.525674,0.202966,0.095514,0.18115,0.048322,0.014033,0.016286,1.032969,0.829817,0.393481,0.058585,-0.364088,-0.73436,-0.901287,0.051376,0.477463,0.313385,0.103985,0.06891,0.169133,0.029773,-0.006428,0.014708
Kerala,Rice,2014,Kharif,10.3528744,76.5120396,2014-07-01,2014-10-28,8,Landsat 8 SR,0.6,0.05,datasets\test_images\2014\rgb\kerala_2014_rice_kharif_rgb.png,datasets\test_images\2014\ndvi\kerala_2014_rice_kharif_ndvi.png,0.184752,0.018398,-0.127565,0.006471,0.816438,0.530147,0.126304,0.057097,0.2147,0.042885,0.006717,0.008559,1.16825,0.846285,0.323771,0.037132,-0.314296,-0.753435,-0.915024,0.03354,0.559509,0.307547,0.058115,0.03932,0.210218,0.025562,-0.02829,0.008211
Kerala,Rice,2014,Summer,10.3528744,76.5120396,2014-03-01,2014-06-28,7,Landsat 8 SR,0.6,0.05,datasets\test_images\2014\rgb\kerala_2014_rice_summer_rgb.png,datasets\test_images\2014\ndvi\kerala_2014_rice_summer_ndvi.png,0.169957,0.023795,-0.106418,0.008918,0.735773,0.501169,0.116033,0.079651,0.214398,0.056345,0.018625,0.010464,1.015164,0.781691,0.27697,0.082946,-0.292355,-0.688407,-0.808693,0.057518,0.478233,0.311286,0.083058,0.04256,0.226112,0.037616,-0.001945,0.014628
Kerala,Rice,2014,Winter,10.3528744,76.5120396,2014-07-01,2014-10-28,8,Landsat 8 SR,0.6,0.05,datasets\test_images\2014\rgb\kerala_2014_rice_winter_rgb.png,datasets\test_images\2014\ndvi\kerala_2014_rice_winter_ndvi.png,0.184752,0.018398,-0.127565,0.006471,0.816438,0.530147,0.126304,0.057097,0.2147,0.042885,0.006717,0.008559,1.16825,0.846285,0.323771,0.037132,-0.314296,-0.753435,-0.915024,0.03354,0.559509,0.307547,0.058115,0.03932,0.210218,0.025562,-0.02829,0.008211
Kerala,Rice,2015,Kharif,10.3528744,76.5120396,2015-07-01,2015-10-28,7,Landsat 8 SR,0.6,0.05,datasets\test_images\2015\rgb\kerala_2015_rice_kharif_rgb.png,datasets\test_images\2015\ndvi\kerala_2015_rice_kharif_ndvi.png,0.522095,0.025269,-0.19373,0.037678,0.805334,0.531496,0.121864,0.081315,0.53623,0.052573,-0.128225,0.039678,2.922759,0.830192,0.099791,0.106488,-0.101784,-0.734513,-2.569167,0.089882,0.677058,0.319251,0.05245,0.058523,0.548,0.033995,-0.10397,0.041517
Kerala,Rice,2015,Autumn,10.3528744,76.5120396,2015-07-01,2015-10-28,7,Landsat 8 SR,0.6,0.05,datasets\test_images\2015\rgb\kerala_2015_rice_autumn_rgb.png,datasets\test_images\2015\ndvi\kerala_2015_rice_autumn_ndvi.png,0.522095,0.025269,-0.19373,0.037678,0.805334,0.531496,0.121864,0.081315,0.53623,0.052573,-0.128225,0.039678,2.922759,0.830192,0.099791,0.106488,-0.101784,-0.734513,-2.569167,0.089882,0.677058,0.319251,0.05245,0.058523,0.548,0.033995,-0.10397,0.041517
Kerala,Rice,2015,Summer,10.3528744,76.5120396,2015-03-01,2015-06-28,7,Landsat 8 SR,0.6,0.05,datasets\test_images\2015\rgb\kerala_2015_rice_summer_rgb.png,datasets\test_images\2015\ndvi\kerala_2015_rice_summer_ndvi.png,0.11504,0.021224,-0.067299,0.005325,0.759828,0.532498,0.209938,0.058869,0.156111,0.05705,0.025803,0.007851,0.918841,0.795043,0.4646,0.050399,-0.423126,-0.704955,-0.811439,0.037338,0.473997,0.340338,0.144589,0.036885,0.146417,0.038377,0.010265,0.009441
Kerala,Rice,2015,Winter,10.3528744,76.5120396,2015-07-01,2015-10-28,7,Landsat 8 SR,0.6,0.05,datasets\test_images\2015\rgb\kerala_2015_rice_winter_rgb.png,datasets\test_images\2015\ndvi\kerala_2015_rice_winter_ndvi.png,0.522095,0.025269,-0.19373,0.037678,0.805334,0.531496,0.121864,0.081315,0.53623,0.052573,-0.128225,0.039678,2.922759,0.830192,0.099791,0.106488,-0.101784,-0.734513,-2.569167,0.089882,0.677058,0.319251,0.05245,0.058523,0.548,0.033995,-0.10397,0.041517
Kerala,Rice,2016,Kharif,10.3528744,76.5120396,2016-07-01,2016-10-28,7,Landsat 8 SR,0.6,0.05,datasets\test_images\2016\rgb\kerala_2016_rice_kharif_rgb.png,datasets\test_images\2016\ndvi\kerala_2016_rice_kharif_ndvi.png,1.30095,0.299272,-0.124705,0.387819,1275.0,0.378579,-2315.0,12.05643,1.277795,0.308176,-0.040197,0.356998,1.363635,0.562346,-0.032497,0.328409,0.071447,-0.496186,-1.286317,0.292059,1.272103,0.51172,0.09843,0.248599,1.281838,0.290865,-0.049657,0.361416
Kerala,Rice,2016,Autumn,10.3528744,76.5120396,2016-07-01,2016-10-28,7,Landsat 8 SR,0.6,0.05,datasets\test_images\2016\rgb\kerala_2016_rice_autumn_rgb.png,datasets\test_images\2016\ndvi\kerala_2016_rice_autumn_ndvi.png,1.30095,0.299272,-0.124705,0.387819,1275.0,0.378579,-2315.0,12.05643,1.277795,0.308176,-0.040197,0.356998,1.363635,0.562346,-0.032497,0.328409,0.071447,-0.496186,-1.286317,0.292059,1.272103,0.51172,0.09843,0.248599,1.281838,0.290865,-0.049657,0.361416
Kerala,Rice,2016,Summer,10.3528744,76.5120396,2016-03-01,2016-06-28,7,Landsat 8 SR,0.6,0.05,datasets\test_images\2016\rgb\kerala_2016_rice_summer_rgb.png,datasets\test_images\2016\ndvi\kerala_2016_rice_summer_ndvi.png,0.626898,0.029243,-0.084308,0.032674,1.416108,0.491845,0.118448,0.100995,0.62819,0.062487,0.018955,0.032431,1.096567,0.745141,0.10721,0.109436,-0.106105,-0.677681,-0.949933,0.075085,0.778147,0.324107,0.090565,0.062185,0.626788,0.047479,-0.004007,0.03515
Kerala,Rice,2016,Winter,10.3528744,76.5120396,2016-07-01,2016-10-28,7,Landsat 8 SR,0.6,0.05,datasets\test_images\2016\rgb\kerala_2016_rice_winter_rgb.png,datasets\test_images\2016\ndvi\kerala_2016_rice_winter_ndvi.png,1.30095,0.299272,-0.124705,0.387819,1275.0,0.378579,-2315.0,12.05643,1.277795,0.308176,-0.040197,0.356998,1.363635,0.562346,-0.032497,0.328409,0.071447,-0.496186,-1.286317,0.292059,1.272103,0.51172,0.09843,0.248599,1.281838,0.290865,-0.049657,0.361416
Kerala,Rice,2018,Kharif,10.3528744,76.5120396,2018-07-01,2018-10-28,1,Sentinel-2 SR,0.6,0.05,datasets\test_images\2018\rgb\kerala_2018_rice_kharif_rgb.png,datasets\test_images\2018\ndvi\kerala_2018_rice_kharif_ndvi.png,0.183,0.037081,0.0193,0.007818,0.953073,0.51188,0.039706,0.067819,0.209,0.054021,0.0276,0.009332,0.88305,0.778135,0.107095,0.044115,-0.054175,-0.68191,-0.790418,0.035861,0.6208,0.286119,0.0765,0.040222,0.1913,0.035514,0.0189,0.007768
Kerala,Rice,2019,Kharif,10.3528744,76.5120396,2019-07-01,2019-10-28,5,Sentinel-2 SR,0.6,0.05,datasets\test_images\2019\rgb\kerala_2019_rice_kharif_rgb.png,datasets\test_images\2019\ndvi\kerala_2019_rice_kharif_ndvi.png,0.2299,0.045081,0.0155,0.014709,1.668977,0.623104,-0.005461,0.088055,0.2354,0.066733,0.0151,0.015374,0.895575,0.798131,-0.010221,0.054988,0.104777,-0.678892,-0.803779,0.049045,0.6538,0.351953,0.0491,0.055669,0.2165,0.039099,0.0087,0.013063
Madhya Pradesh,Maize,1997,Kharif,23.8143419,77.5340719,1997-07-01,1997-10-28,11,Landsat 5/7 SR,0.6,0.05,datasets\test_images\1997\rgb\madhya_pradesh_1997_maize_rgb.png,datasets\test_images\1997\ndvi\madhya_pradesh_1997_maize_ndvi.png,0.145084,0.053427,0.02946,0.007351,0.700977,0.306045,-0.02094,0.098519,0.1806,0.079504,0.042687,0.011055,0.817976,0.500145,-0.037423,0.117331,-0.050782,-0.519254,-0.754075,0.082582,0.464881,0.249834,0.083855,0.046761,0.214645,0.082583,0.038398,0.015247
Madhya Pradesh,Maize,1998,Kharif,23.8143419,77.5340719,1998-07-01,1998-10-28,14,Landsat 5/7 SR,0.6,0.05,datasets\test_images\1998\rgb\madhya_pradesh_1998_maize_rgb.png,datasets\test_images\1998\ndvi\madhya_pradesh_1998_maize_ndvi.png,0.182717,0.051775,0.017333,0.007154,0.877735,0.361244,0.057823,0.134855,0.22108,0.078368,0.026737,0.008719,0.874891,0.539749,0.099805,0.133285,-0.11011,-0.52604,-0.814151,0.097854,0.57451,0.272178,0.08259,0.068829,0.217587,0.074988,0.018405,0.014275
Madhya Pradesh,Maize,1999,Kharif,23.8143419,77.5340719,1999-07-01,1999-10-28,6,Landsat 5/7 SR,0.6,0.05,datasets\test_images\1999\rgb\madhya_pradesh_1999_maize_kharif_rgb.png,datasets\test_images\1999\ndvi\madhya_pradesh_1999_maize_kharif_ndvi.png,0.150653,0.049769,-0.076745,0.012474,0.734349,0.278911,-0.0783,0.101193,0.181453,0.068934,0.03606,0.014451,0.845918,0.480267,-0.228751,0.137098,0.173609,-0.524445,-0.782805,0.094521,0.454871,0.224573,0.049232,0.043976,0.194213,0.077518,0.026957,0.021388
Madhya Pradesh,Maize,2000,Kharif,23.8143419,77.5340719,2000-07-01,2000-10-28,8,Landsat 5/7 SR,0.6,0.05,datasets\test_images\2000\rgb\madhya_pradesh_2000_maize_kharif_rgb.png,datasets\test_images\2000\ndvi\madhya_pradesh_2000_maize_kharif_ndvi.png,0.122204,0.058997,-0.028483,0.00742,0.609992,0.285226,-0.038036,0.087969,0.171209,0.08731,0.051419,0.009886,0.791585,0.452129,-0.092671,0.112699,0.136039,-0.485321,-0.704921,0.068899,0.404973,0.250026,0.065458,0.036,0.23615,0.096442,0.045272,0.019627
Madhya Pradesh,Maize,2001,Kharif,23.8143419,77.5340719,2001-07-01,2001-10-28,15,Landsat 5/7 SR,0.6,0.05,datasets\test_images\2001\rgb\madhya_pradesh_2001_maize_kharif_rgb.png,datasets\test_images\2001\ndvi\madhya_pradesh_2001_maize_kharif_ndvi.png,0.124418,0.051388,-0.08263,0.008584,0.652789,0.30874,-0.065609,0.100978,0.18247,0.077929,0.043017,0.009491,0.822784,0.496853,-0.148851,0.129703,0.208739,-0.513552,-0.75188,0.087194,0.431593,0.249827,0.065677,0.043144,0.25848,0.081152,0.036335,0.01807
Madhya Pradesh,Maize,2002,Kharif,23.8143419,77.5340719,2002-07-01,2002-10-28,8,Landsat 5/7 SR,0.6,0.05,datasets\test_images\2002\rgb\madhya_pradesh_2002_maize_kharif_rgb.png,datasets\test_images\2002\ndvi\madhya_pradesh_2002_maize_kharif_ndvi.png,0.138195,0.062345,-0.010209,0.007475,0.658936,0.302792,0.024091,0.079923,0.177328,0.090528,0.053632,0.008609,0.774883,0.457898,0.051766,0.096488,-0.030135,-0.48459,-0.709499,0.068421,0.437037,0.266049,0.092875,0.037575,0.210218,0.097785,0.046125,0.015704
Madhya Pradesh,Maize,2003,Kharif,23.8143419,77.5340719,2003-07-01,2003-10-28,9,Landsat 5/7 SR,0.6,0.05,datasets\test_images\2003\rgb\madhya_pradesh_2003_maize_rgb.png,datasets\test_images\2003\ndvi\madhya_pradesh_2003_maize_ndvi.png,0.34362,0.051468,0.014802,0.013842,0.869617,0.394245,-0.036869,0.119404,0.387978,0.078098,0.024482,0.014576,0.888992,0.580318,-0.10308,0.124096,0.209844,-0.555515,-0.779786,0.085267,0.56648,0.282971,0.038727,0.061004,0.39785,0.072364,0.0123,0.020045
Madhya Pradesh,Maize,2004,Kharif,23.8143419,77.5340719,2004-07-01,2004-10-28,16,Landsat 5/7 SR,0.6,0.05,datasets\test_images\2004\rgb\madhya_pradesh_2004_maize_rgb.png,datasets\test_images\2004\ndvi\madhya_pradesh_2004_maize_ndvi.png,0.21228,0.059915,0.030202,0.009332,0.753419,0.273822,-0.020038,0.108441,0.2356,0.084092,0.04695,0.010235,0.818248,0.435554,-0.046039,0.131994,0.115537,-0.455904,-0.740225,0.094054,0.49564,0.233536,0.06642,0.05001,0.240715,0.087616,0.029817,0.017033
Madhya Pradesh,Maize,2005,Kharif,23.8143419,77.5340719,2005-07-01,2005-10-28,14,Landsat 5/7 SR,0.6,0.05,datasets\test_images\2005\rgb\madhya_pradesh_2005_maize_rgb.png,datasets\test_images\2005\ndvi\madhya_pradesh_2005_maize_ndvi.png,0.242833,0.043887,0.006181,0.010357,0.922069,0.405223,-0.040603,0.128008,0.272973,0.070774,0.01362,0.012603,0.930549,0.609105,-0.166895,0.132057,0.195019,-0.59486,-0.841608,0.090252,0.61048,0.29142,0.030642,0.064349,0.273852,0.067464,0.005178,0.020661
Madhya Pradesh,Maize,2006,Kharif,23.8143419,77.5340719,2006-07-01,2006-10-28,11,Landsat 5/7 SR,0.6,0.05,datasets\test_images\2006\rgb\madhya_pradesh_2006_maize_kharif_rgb.png,datasets\test_images\2006\ndvi\madhya_pradesh_2006_maize_kharif_ndvi.png,0.130742,0.057376,0.030285,0.009718,0.754837,0.313117,-0.027211,0.095353,0.164237,0.083236,0.04409,0.011521,0.862363,0.482214,-0.057918,0.123089,0.07113,-0.505513,-0.764729,0.075603,0.45329,0.265409,0.075344,0.038369,0.194653,0.088377,0.03111,0.022261
Madhya Pradesh,Maize,2007,Kharif,23.8143419,77.5340719,2007-07-01,2007-10-28,14,Landsat 5/7 SR,0.6,0.05,datasets\test_images\2007\rgb\madhya_pradesh_2007_maize_kharif_rgb.png,datasets\test_images\2007\ndvi\madhya_pradesh_2007_maize_kharif_ndvi.png,0.207825,0.053514,0.027507,0.010289,0.925064,0.344739,-0.025513,0.167435,0.246737,0.080138,0.041697,0.011495,0.847677,0.508492,-0.070975,0.188474,0.108585,-0.531704,-0.776015,0.113957,0.631655,0.276186,0.047473,0.067811,0.24825,0.084155,0.02759,0.027326
Madhya Pradesh,Maize,2008,Kharif,23.8143419,77.5340719,2008-07-01,2008-10-28,25,Landsat 5/7 SR,0.6,0.05,datasets\test_images\2008\rgb\madhya_pradesh_2008_maize_kharif_rgb.png,datasets\test_images\2008\ndvi\madhya_pradesh_2008_maize_kharif_ndvi.png,0.828239,0.060406,-0.04193,0.011733,0.817367,0.296154,-0.662915,0.089686,0.336827,0.084352,-0.00662,0.011249,0.966481,0.444655,-0.074055,0.107811,0.05799,-0.47539,-1.400789,0.073552,0.464153,0.259034,0.062158,0.037173,0.409689,0.09482,0.012823,0.018582
Madhya Pradesh,Maize,2010,Kharif,23.8143419,77.5340719,2010-07-01,2010-10-28,11,Landsat 5/7 SR,0.6,0.05,datasets\test_images\2010\rgb\madhya_pradesh_2010_maize_kharif_rgb.png,datasets\test_images\2010\ndvi\madhya_pradesh_2010_maize_kharif_ndvi.png,0.832213,0.048611,-0.022171,0.009743,1.587512,0.364763,-0.271442,0.09483,0.362513,0.07655,0.01263,0.009431,0.918047,0.558244,-0.101302,0.119784,-0.036831,-0.57181,-1.007234,0.068358,0.514203,0.288129,0.068125,0.030446,0.44086,0.080522,0.020069,0.022158
Madhya Pradesh,Rice,1997,Kharif,23.8143419,77.5340719,1997-07-01,1997-10-28,13,Landsat 5/7 SR,0.6,0.05,datasets\test_images\1997\rgb\madhya_pradesh_1997_rice_kharif_rgb.png,datasets\test_images\1997\ndvi\madhya_pradesh_1997_rice_kharif_ndvi.png,0.145084,0.053427,0.02946,0.007351,0.700977,0.306045,-0.02094,0.098519,0.1806,0.079504,0.042687,0.011055,0.817976,0.500145,-0.037423,0.117331,-0.050782,-0.519254,-0.754075,0.082582,0.464881,0.249834,0.083855,0.046761,0.214645,0.082583,0.038398,0.015247
Madhya Pradesh,Rice,1998,Kharif,23.8143419,77.5340719,1998-07-01,1998-10-28,14,Landsat 5/7 SR,0.6,0.05,datasets\test_images\1998\rgb\madhya_pradesh_1998_rice_rgb.png,datasets\test_images\1998\ndvi\madhya_pradesh_1998_rice_ndvi.png,0.182717,0.051775,0.017333,0.007154,0.877735,0.361244,0.057823,0.134855,0.22108,0.078368,0.026737,0.008719,0.874891,0.539749,0.099805,0.133285,-0.11011,-0.52604,-0.814151,0.097854,0.57451,0.272178,0.08259,0.068829,0.217587,0.074988,0.018405,0.014275
Madhya Pradesh,Rice,1999,Kharif,23.8143419,77.5340719,1999-07-01,1999-10-28,6,Landsat 5/7 SR,0.6,0.05,datasets\test_images\1999\rgb\madhya_pradesh_1999_rice_kharif_rgb.png,datasets\test_images\1999\ndvi\madhya_pradesh_1999_rice_kharif_ndvi.png,0.150653,0.049769,-0.076745,0.012474,0.734349,0.278911,-0.0783,0.101193,0.181453,0.068934,0.03606,0.014451,0.845918,0.480267,-0.228751,0.137098,0.173609,-0.524445,-0.782805,0.094521,0.454871,0.224573,0.049232,0.043976,0.194213,0.077518,0.026957,0.021388
Madhya Pradesh,Rice,2000,Kharif,23.8143419,77.5340719,2000-07-01,2000-10-28,8,Landsat 5/7 SR,0.6,0.05,datasets\test_images\2000\rgb\madhya_pradesh_2000_rice_kharif_rgb.png,datasets\test_images\2000\ndvi\madhya_pradesh_2000_rice_kharif_ndvi.png,0.122204,0.058997,-0.028483,0.00742,0.609992,0.285226,-0.038036,0.087969,0.171209,0.08731,0.051419,0.009886,0.791585,0.452129,-0.092671,0.112699,0.136039,-0.485321,-0.704921,0.068899,0.404973,0.250026,0.065458,0.036,0.23615,0.096442,0.045272,0.019627
Madhya Pradesh,Rice,2001,Kharif,23.8143419,77.5340719,2001-07-01,2001-10-28,15,Landsat 5/7 SR,0.6,0.05,datasets\test_images\2001\rgb\madhya_pradesh_2001_rice_kharif_rgb.png,datasets\test_images\2001\ndvi\madhya_pradesh_2001_rice_kharif_ndvi.png,0.124418,0.051388,-0.08263,0.008584,0.652789,0.30874,-0.065609,0.100978,0.18247,0.077929,0.043017,0.009491,0.822784,0.496853,-0.148851,0.129703,0.208739,-0.513552,-0.75188,0.087194,0.431593,0.249827,0.065677,0.043144,0.25848,0.081152,0.036335,0.01807
Madhya Pradesh,Rice,2002,Kharif,23.8143419,77.5340719,2002-07-01,2002-10-28,8,Landsat 5/7 SR,0.6,0.05,datasets\test_images\2002\rgb\madhya_pradesh_2002_rice_kharif_rgb.png,datasets\test_images\2002\ndvi\madhya_pradesh_2002_rice_kharif_ndvi.png,0.138195,0.062345,-0.010209,0.007475,0.658936,0.302792,0.024091,0.079923,0.177328,0.090528,0.053632,0.008609,0.774883,0.457898,0.051766,0.096488,-0.030135,-0.48459,-0.709499,0.068421,0.437037,0.266049,0.092875,0.037575,0.210218,0.097785,0.046125,0.015704
Madhya Pradesh,Rice,2003,Kharif,23.8143419,77.5340719,2003-07-01,2003-10-28,9,Landsat 5/7 SR,0.6,0.05,datasets\test_images\2003\rgb\madhya_pradesh_2003_rice_rgb.png,datasets\test_images\2003\ndvi\madhya_pradesh_2003_rice_ndvi.png,0.34362,0.051468,0.014802,0.013842,0.869617,0.394245,-0.036869,0.119404,0.387978,0.078098,0.024482,0.014576,0.888992,0.580318,-0.10308,0.124096,0.209844,-0.555515,-0.779786,0.085267,0.56648,0.282971,0.038727,0.061004,0.39785,0.072364,0.0123,0.020045
Madhya Pradesh,Rice,2004,Kharif,23.8143419,77.5340719,2004-07-01,2004-10-28,16,Landsat 5/7 SR,0.6,0.05,datasets\test_images\2004\rgb\madhya_pradesh_2004_rice_rgb.png,datasets\test_images\2004\ndvi\madhya_pradesh_2004_rice_ndvi.png,0.21228,0.059915,0.030202,0.009332,0.753419,0.273822,-0.020038,0.108441,0.2356,0.084092,0.04695,0.010235,0.818248,0.435554,-0.046039,0.131994,0.115537,-0.455904,-0.740225,0.094054,0.49564,0.233536,0.06642,0.05001,0.240715,0.087616,0.029817,0.017033
Madhya Pradesh,Rice,2005,Kharif,23.8143419,77.5340719,2005-07-01,2005-10-28,14,Landsat 5/7 SR,0.6,0.05,datasets\test_images\2005\rgb\madhya_pradesh_2005_rice_rgb.png,datasets\test_images\2005\ndvi\madhya_pradesh_2005_rice_ndvi.png,0.242833,0.043887,0.006181,0.010357,0.922069,0.405223,-0.040603,0.128008,0.272973,0.070774,0.01362,0.012603,0.930549,0.609105,-0.166895,0.132057,0.195019,-0.59486,-0.841608,0.090252,0.61048,0.29142,0.030642,0.064349,0.273852,0.067464,0.005178,0.020661
Madhya Pradesh,Rice,2006,Kharif,23.8143419,77.5340719,2006-07-01,2006-10-28,11,Landsat 5/7 SR,0.6,0.05,datasets\test_images\2006\rgb\madhya_pradesh_2006_rice_kharif_rgb.png,datasets\test_images\2006\ndvi\madhya_pradesh_2006_rice_kharif_ndvi.png,0.130742,0.057376,0.030285,0.009718,0.754837,0.313117,-0.027211,0.095353,0.164237,0.083236,0.04409,0.011521,0.862363,0.482214,-0.057918,0.123089,0.07113,-0.505513,-0.764729,0.075603,0.45329,0.265409,0.075344,0.038369,0.194653,0.088377,0.03111,0.022261
Madhya Pradesh,Rice,2007,Kharif,23.8143419,77.5340719,2007-07-01,2007-10-28,14,Landsat 5/7 SR,0.6,0.05,datasets\test_images\2007\rgb\madhya_pradesh_2007_rice_kharif_rgb.png,datasets\test_images\2007\ndvi\madhya_pradesh_2007_rice_kharif_ndvi.png,0.207825,0.053514,0.027507,0.010289,0.925064,0.344739,-0.025513,0.167435,0.246737,0.080138,0.041697,0.011495,0.847677,0.508492,-0.070975,0.188474,0.108585,-0.531704,-0.776015,0.113957,0.631655,0.276186,0.047473,0.067811,0.24825,0.084155,0.02759,0.027326
Madhya Pradesh,Rice,2008,Kharif,23.8143419,77.5340719,2008-07-01,2008-10-28,25,Landsat 5/7 SR,0.6,0.05,datasets\test_images\2008\rgb\madhya_pradesh_2008_rice_kharif_rgb.png,datasets\test_images\2008\ndvi\madhya_pradesh_2008_rice_kharif_ndvi.png,0.828239,0.060406,-0.04193,0.011733,0.817367,0.296154,-0.662915,0.089686,0.336827,0.084352,-0.00662,0.011249,0.966481,0.444655,-0.074055,0.107811,0.05799,-0.47539,-1.400789,0.073552,0.464153,0.259034,0.062158,0.037173,0.409689,0.09482,0.012823,0.018582
Madhya Pradesh,Rice,2009,Kharif,23.8143419,77.5340719,2009-07-01,2009-10-28,38,Landsat 5/7 SR,0.6,0.05,datasets\test_images\2009\rgb\madhya_pradesh_2009_rice_kharif_rgb.png,datasets\test_images\2009\ndvi\madhya_pradesh_2009_rice_kharif_ndvi.png,0.105992,0.05269,0.030835,0.005919,0.712774,0.337205,-0.061469,0.099261,0.156537,0.078055,0.050979,0.007905,0.830404,0.506228,-0.142003,0.111538,0.125851,-0.518837,-0.756889,0.07548,0.456095,0.272437,0.058748,0.043751,0.179473,0.081644,0.040199,0.014657
Madhya Pradesh,Rice,2010,Kharif,23.8143419,77.5340719,2010-07-01,2010-10-28,11,Landsat 5/7 SR,0.6,0.05,datasets\test_images\2010\rgb\madhya_pradesh_2010_rice_kharif_rgb.png,datasets\test_images\2010\ndvi\madhya_pradesh_2010_rice_kharif_ndvi.png,0.832213,0.048611,-0.022171,0.009743,1.587512,0.364763,-0.271442,0.09483,0.362513,0.07655,0.01263,0.009431,0.918047,0.558244,-0.101302,0.119784,-0.036831,-0.57181,-1.007234,0.068358,0.514203,0.288129,0.068125,0.030446,0.44086,0.080522,0.020069,0.022158
Madhya Pradesh,Rice,2011,Kharif,23.8143419,77.5340719,2011-07-01,2011-10-28,25,Landsat 5/7 SR,0.6,0.05,datasets\test_images\2011\rgb\madhya_pradesh_2011_rice_kharif_rgb.png,datasets\test_images\2011\ndvi\madhya_pradesh_2011_rice_kharif_ndvi.png,0.134084,0.065597,0.032939,0.010248,0.64756,0.260408,-0.072482,0.090243,0.187049,0.093115,0.05751,0.012722,0.798596,0.407011,-0.176427,0.12617,0.200853,-0.447932,-0.716104,0.104923,0.403928,0.246396,0.046675,0.044036,0.20447,0.102809,0.040735,0.023539
Madhya Pradesh,Rice,2012,Kharif,23.8143419,77.5340719,2012-07-01,2012-10-28,11,Landsat 5/7 SR,0.6,0.05,datasets\test_images\2012\rgb\madhya_pradesh_2012_rice_kharif_rgb.png,datasets\test_images\2012\ndvi\madhya_pradesh_2012_rice_kharif_ndvi.png,0.163193,0.063302,0.016948,0.017406,0.747144,0.285262,-0.046114,0.138546,0.195615,0.090536,0.029652,0.020429,0.868265,0.426834,-0.157469,0.1937,0.253339,-0.454247,-0.799051,0.179016,0.486015,0.261984,0.040323,0.072011,0.239642,0.099689,0.022558,0.038554
Madhya Pradesh,Rice,2013,Kharif,23.8143419,77.5340719,2013-07-01,2013-10-28,13,Landsat 8 SR,0.6,0.05,datasets\test_images\2013\rgb\madhya_pradesh_2013_rice_kharif_rgb.png,datasets\test_images\2013\ndvi\madhya_pradesh_2013_rice_kharif_ndvi.png,0.153045,0.039426,0.007432,0.008501,0.76436,0.338578,-0.052133,0.124001,0.196192,0.075758,0.036981,0.009494,0.843378,0.546441,-0.132046,0.164671,0.30088,-0.498544,-0.738707,0.194788,0.486758,0.255069,0.025995,0.073596,0.206849,0.067058,0.017786,0.015891
Madhya Pradesh,Rice,2014,Kharif,23.8143419,77.5340719,2014-07-01,2014-10-28,22,Landsat 8 SR,0.6,0.05,datasets\test_images\2014\rgb\madhya_pradesh_2014_rice_kharif_rgb.png,datasets\test_images\2014\ndvi\madhya_pradesh_2014_rice_kharif_ndvi.png,0.156771,0.041747,0.012272,0.008779,0.659976,0.292285,-0.008657,0.119136,0.207385,0.080582,0.039332,0.013085,0.823052,0.484023,-0.052579,0.157393,0.322705,-0.460026,-0.713495,0.169995,0.458185,0.251369,0.020605,0.076759,0.2048,0.076027,0.01989,0.018873
Madhya Pradesh,Rice,2015,Kharif,23.8143419,77.5340719,2015-07-01,2015-10-28,23,Landsat 8 SR,0.6,0.05,datasets\test_images\2015\rgb\madhya_pradesh_2015_rice_kharif_rgb.png,datasets\test_images\2015\ndvi\madhya_pradesh_2015_rice_kharif_ndvi.png,0.167524,0.046581,0.016288,0.010048,0.631855,0.253987,-0.096084,0.105331,0.222661,0.080761,0.0398,0.01436,0.815124,0.417838,-0.228827,0.161586,0.288957,-0.441519,-0.728607,0.185962,0.413195,0.241941,0.02682,0.072728,0.230045,0.086856,0.029859,0.022902
Madhya Pradesh,Rice,2016,Kharif,23.8143419,77.5340719,2016-07-01,2016-10-28,19,Landsat 8 SR,0.6,0.05,datasets\test_images\2016\rgb\madhya_pradesh_2016_rice_kharif_rgb.png,datasets\test_images\2016\ndvi\madhya_pradesh_2016_rice_kharif_ndvi.png,0.187035,0.037546,0.004256,0.009704,0.868137,0.333116,-0.161703,0.147074,0.244262,0.069719,0.02715,0.012487,0.867953,0.533642,-0.496573,0.222618,0.562778,-0.491511,-0.784696,0.262472,0.555453,0.24861,0.009055,0.087477,0.230073,0.063047,0.009027,0.019606
Madhya Pradesh,Rice,2017,Kharif,23.8143419,77.5340719,2017-07-01,2017-10-28,3,Sentinel-2 SR,0.6,0.05,datasets\test_images\2017\rgb\madhya_pradesh_2017_rice_kharif_rgb.png,datasets\test_images\2017\ndvi\madhya_pradesh_2017_rice_kharif_ndvi.png,0.3914,0.039887,0.0136,0.01163,0.850546,0.318354,-0.178635,0.175175,0.4315,0.070215,0.0234,0.013097,0.903842,0.478479,-1.0,0.360875,1.0,-0.441886,-0.83952,0.367076,0.5542,0.237642,0.0,0.093591,0.4402,0.063156,0.017,0.024315
Madhya Pradesh,Rice,2018,Kharif,23.8143419,77.5340719,2018-07-01,2018-10-28,4,Sentinel-2 SR,0.6,0.05,datasets\test_images\2018\rgb\madhya_pradesh_2018_rice_kharif_rgb.png,datasets\test_images\2018\ndvi\madhya_pradesh_2018_rice_kharif_ndvi.png,0.3445,0.059151,0.0261,0.012309,0.760395,0.211605,-0.16471,0.139385,0.3526,0.080772,0.03275,0.015798,0.848579,0.328478,-0.522871,0.214607,0.664381,-0.372863,-0.771429,0.230537,0.4811,0.208338,0.00815,0.074717,0.3838,0.091299,0.01955,0.027903
Madhya Pradesh,Rice,2019,Kharif,23.8143419,77.5340719,2019-07-01,2019-10-28,8,Sentinel-2 SR,0.6,0.05,datasets\test_images\2019\rgb\madhya_pradesh_2019_rice_kharif_rgb.png,datasets\test_images\2019\ndvi\madhya_pradesh_2019_rice_kharif_ndvi.png,0.39495,0.06144,0.0282,0.014622,0.790578,0.229347,-0.161067,0.142376,0.4052,0.084387,0.03595,0.016193,0.86024,0.355926,-0.429185,0.226348,0.586098,-0.356857,-0.748566,0.255036,0.5047,0.206287,0.0105,0.071815,0.4046,0.082292,0.02025,0.026275
Maharashtra,Maize,1997,Autumn,19.5670323,76.4164557,1997-07-01,1997-10-28,7,Landsat 5/7 SR,0.6,0.05,datasets\test_images\1997\rgb\maharashtra_1997_maize_rgb.png,datasets\test_images\1997\ndvi\maharashtra_1997_maize_ndvi.png,0.197348,0.055206,0.035565,0.007563,0.682437,0.263327,-0.125349,0.104325,0.222098,0.078998,0.05014,0.010891,0.79825,0.444436,-0.284917,0.129301,0.217539,-0.451584,-0.736824,0.097938,0.433352,0.217641,0.08567,0.051663,0.225934,0.07993,0.041423,0.015163
Maharashtra,Maize,1997,Kharif,19.5670323,76.4164557,1997-07-01,1997-10-28,7,Landsat 5/7 SR,0.6,0.05,datasets\test_images\1997\rgb\maharashtra_1997_maize_rgb.png,datasets\test_images\1997\ndvi\maharashtra_1997_maize_ndvi.png,0.197348,0.055206,0.035565,0.007563,0.682437,0.263327,-0.125349,0.104325,0.222098,0.078998,0.05014,0.010891,0.79825,0.444436,-0.284917,0.129301,0.217539,-0.451584,-0.736824,0.097938,0.433352,0.217641,0.08567,0.051663,0.225934,0.07993,0.041423,0.015163
Maharashtra,Maize,1997,Rabi,19.5670323,76.4164557,1997-11-01,1998-04-28,21,Landsat 5/7 SR,0.6,0.05,datasets\test_images\1997\rgb\maharashtra_1997_maize_rgb.png,datasets\test_images\1997\ndvi\maharashtra_1997_maize_ndvi.png,0.119578,0.073591,0.04739,0.006467,0.687207,0.135045,-0.08458,0.041326,0.168335,0.100918,0.066049,0.009354,0.763449,0.231754,-0.16289,0.063824,0.079906,-0.315809,-0.707239,0.050351,0.441809,0.201327,0.114476,0.021023,0.203672,0.121447,0.057647,0.013648
Maharashtra,Maize,1997,Summer,19.5670323,76.4164557,1997-03-01,1997-06-28,4,Landsat 5/7 SR,0.6,0.05,datasets\test_images\1997\rgb\maharashtra_1997_maize_rgb.png,datasets\test_images\1997\ndvi\maharashtra_1997_maize_ndvi.png,0.129739,0.086153,0.0596,0.008176,0.518072,0.08179,0.024554,0.027107,0.182209,0.114165,0.07918,0.012619,0.624692,0.139435,0.037666,0.038498,-0.118745,-0.222299,-0.587947,0.031876,0.373595,0.180637,0.115109,0.023674,0.229921,0.136202,0.080198,0.016872
Maharashtra,Maize,1998,Kharif,19.5670323,76.4164557,1998-07-01,1998-10-28,9,Landsat 5/7 SR,0.6,0.05,datasets\test_images\1998\rgb\maharashtra_1998_maize_rgb.png,datasets\test_images\1998\ndvi\maharashtra_1998_maize_ndvi.png,0.236287,0.055096,0.030862,0.009771,0.74173,0.333048,-0.134267,0.107403,0.273275,0.082533,0.044612,0.012267,0.834526,0.518379,-0.24922,0.123676,0.277474,-0.497379,-0.754807,0.097417,0.496465,0.252219,0.06323,0.051637,0.27465,0.077363,0.036362,0.015779
Maharashtra,Maize,1998,Rabi,19.5670323,76.4164557,1998-11-01,1999-04-28,32,Landsat 5/7 SR,0.6,0.05,datasets\test_images\1998\rgb\maharashtra_1998_maize_rgb.png,datasets\test_images\1998\ndvi\maharashtra_1998_maize_ndvi.png,0.111108,0.06386,0.039662,0.007417,0.556148,0.193431,-0.12086,0.052752,0.157775,0.086439,0.050938,0.010119,0.713265,0.346807,-0.23385,0.089114,0.295721,-0.41478,-0.670501,0.066073,0.373512,0.209049,0.06004,0.019689,0.193937,0.099183,0.041862,0.017663
Maharashtra,Maize,1998,Summer,19.5670323,76.4164557,1998-03-01,1998-06-28,21,Landsat 5/7 SR,0.6,0.05,datasets\test_images\1998\rgb\maharashtra_1998_maize_rgb.png,datasets\test_images\1998\ndvi\maharashtra_1998_maize_ndvi.png,0.126315,0.078071,0.054375,0.006654,0.648412,0.106805,-0.009869,0.030746,0.169779,0.105146,0.073955,0.010216,0.74139,0.184478,-0.019361,0.045381,-0.064397,-0.285335,-0.694177,0.040659,0.435003,0.189466,0.116443,0.020591,0.206175,0.129034,0.06147,0.014151
Maharashtra,Maize,1999,Kharif,19.5670323,76.4164557,1999-07-01,1999-10-28,6,Landsat 5/7 SR,0.6,0.05,datasets\test_images\1999\rgb\maharashtra_1999_maize_kharif_rgb.png,datasets\test_images\1999\ndvi\maharashtra_1999_maize_kharif_ndvi.png,0.140257,0.046491,0.029226,0.005882,0.781258,0.314157,-0.110696,0.107141,0.17257,0.064044,0.039772,0.007993,0.851381,0.537946,-0.272405,0.128097,0.22571,-0.543371,-0.789043,0.0926,0.477737,0.226544,0.039305,0.049105,0.217587,0.065059,0.032375,0.013136
Maharashtra,Maize,1999,Rabi,19.5670323,76.4164557,1999-11-01,2000-04-28,14,Landsat 5/7 SR,0.6,0.05,datasets\test_images\1999\rgb\maharashtra_1999_maize_rabi_rgb.png,datasets\test_images\1999\ndvi\maharashtra_1999_maize_rabi_ndvi.png,0.12197,0.074663,0.050717,0.008602,0.523882,0.181018,-0.121981,0.055404,0.168294,0.100105,0.064468,0.01207,0.673495,0.286214,-0.254349,0.08423,0.225147,-0.370197,-0.629745,0.059153,0.3951,0.227774,0.07852,0.023282,0.216872,0.122835,0.054829,0.020856
Maharashtra,Maize,1999,Summer,19.5670323,76.4164557,1999-03-01,1999-06-28,12,Landsat 5/7 SR,0.6,0.05,datasets\test_images\1999\rgb\maharashtra_1999_maize_summer_rgb.png,datasets\test_images\1999\ndvi\maharashtra_1999_maize_summer_ndvi.png,0.121626,0.081405,0.053866,0.006336,0.499171,0.121353,-0.054889,0.039158,0.16575,0.106447,0.074037,0.009267,0.659099,0.199323,-0.134529,0.056972,0.118671,-0.295654,-0.6302,0.045942,0.359955,0.197539,0.0904,0.022219,0.204566,0.129311,0.067506,0.013823
Maharashtra,Maize,2000,Kharif,19.5670323,76.4164557,2000-07-01,2000-10-28,9,Landsat 5/7 SR,0.6,0.05,datasets\test_images\2000\rgb\maharashtra_2000_maize_kharif_rgb.png,datasets\test_images\2000\ndvi\maharashtra_2000_maize_kharif_ndvi.png,0.112455,0.054829,0.037215,0.00649,0.638799,0.264395,-0.102935,0.089058,0.170755,0.07658,0.052862,0.008891,0.77747,0.448199,-0.20736,0.116262,0.16438,-0.469015,-0.715716,0.085015,0.41248,0.217538,0.07038,0.040942,0.205639,0.080165,0.044104,0.014686
Maharashtra,Maize,2000,Rabi,19.5670323,76.4164557,2000-11-01,2001-04-28,16,Landsat 5/7 SR,0.6,0.05,datasets\test_images\2000\rgb\maharashtra_2000_maize_rabi_rgb.png,datasets\test_images\2000\ndvi\maharashtra_2000_maize_rabi_ndvi.png,0.120347,0.074714,0.050456,0.00675,0.440146,0.104716,-0.041101,0.035898,0.1707,0.102545,0.067823,0.010295,0.625412,0.175402,-0.091727,0.052254,0.074268,-0.286365,-0.608396,0.043355,0.3654,0.195346,0.112125,0.025658,0.23461,0.128641,0.06334,0.016447
Maharashtra,Maize,2001,Kharif,19.5670323,76.4164557,2001-07-01,2001-10-28,11,Landsat 5/7 SR,0.6,0.05,datasets\test_images\2001\rgb\maharashtra_2001_maize_kharif_rgb.png,datasets\test_images\2001\ndvi\maharashtra_2001_maize_kharif_ndvi.png,0.105126,0.042454,0.02033,0.006113,0.833517,0.35163,-0.150064,0.131709,0.158064,0.064218,0.03837,0.007674,0.901848,0.573433,-0.342014,0.142671,0.336145,-0.566343,-0.828944,0.103084,0.525285,0.247647,0.043031,0.064934,0.178263,0.062228,0.024125,0.013165
Maharashtra,Maize,2001,Rabi,19.5670323,76.4164557,2001-11-01,2002-04-28,6,Landsat 5/7 SR,0.6,0.05,datasets\test_images\2001\rgb\maharashtra_2001_maize_rabi_rgb.png,datasets\test_images\2001\ndvi\maharashtra_2001_maize_rabi_ndvi.png,0.111479,0.059495,0.034052,0.00804,0.596007,0.183098,-0.144683,0.061385,0.161955,0.084585,0.046648,0.011292,0.809967,0.330063,-0.319003,0.09935,0.269985,-0.411295,-0.752316,0.06705,0.358016,0.20791,0.069775,0.023801,0.219224,0.102721,0.034493,0.020629
Maharashtra,Maize,2002,Kharif,19.5670323,76.4164557,2002-07-01,2002-10-28,6,Landsat 5/7 SR,0.6,0.05,datasets\test_images\2002\rgb\maharashtra_2002_maize_kharif_rgb.png,datasets\test_images\2002\ndvi\maharashtra_2002_maize_kharif_ndvi.png,0.1124,0.046203,0.02759,0.006535,0.728634,0.310907,-0.146151,0.104337,0.16542,0.068253,0.0431,0.008063,0.854877,0.526084,-0.336865,0.128776,0.269463,-0.531249,-0.790197,0.089916,0.463988,0.23197,0.043045,0.046585,0.212679,0.068987,0.033461,0.014175
Maharashtra,Maize,2002,Rabi,19.5670323,76.4164557,2002-11-01,2003-04-28,10,Landsat 5/7 SR,0.6,0.05,datasets\test_images\2002\rgb\maharashtra_2002_maize_rabi_rgb.png,datasets\test_images\2002\ndvi\maharashtra_2002_maize_rabi_ndvi.png,0.114545,0.073903,0.048572,0.006161,0.572725,0.139297,-0.035623,0.045547,0.160002,0.100281,0.069115,0.009482,0.675211,0.228475,-0.07263,0.067751,0.052661,-0.337805,-0.629169,0.050339,0.372688,0.211466,0.081985,0.022394,0.211166,0.127591,0.065086,0.015279
Maharashtra,Maize,2003,Kharif,19.5670323,76.4164557,2003-07-01,2003-10-28,3,Landsat 5/7 SR,0.6,0.05,datasets\test_images\2003\rgb\maharashtra_2003_maize_rgb.png,datasets\test_images\2003\ndvi\maharashtra_2003_maize_ndvi.png,0.198723,0.04284,0.014431,0.008039,0.812562,0.369848,-0.111148,0.13789,0.212857,0.063832,0.019257,0.009406,0.876514,0.586502,-0.259011,0.147197,0.270891,-0.587246,-0.79296,0.103893,0.517558,0.259958,0.054403,0.066825,0.22086,0.063373,0.015614,0.016206
Maharashtra,Maize,2003,Rabi,19.5670323,76.4164557,2003-11-01,2004-04-28,18,Landsat 5/7 SR,0.6,0.05,datasets\test_images\2003\rgb\maharashtra_2003_maize_rgb.png,datasets\test_images\2003\ndvi\maharashtra_2003_maize_ndvi.png,0.109237,0.066574,0.043705,0.00747,0.560612,0.151835,-0.019227,0.063416,0.144437,0.087997,0.058142,0.010229,0.72384,0.267539,-0.039236,0.101474,0.004266,-0.357368,-0.674496,0.0728,0.384292,0.196503,0.10635,0.022474,0.187117,0.107342,0.050484,0.017362
Maharashtra,Maize,2004,Kharif,19.5670323,76.4164557,2004-07-01,2004-10-28,11,Landsat 5/7 SR,0.6,0.05,datasets\test_images\2004\rgb\maharashtra_2004_maize_rgb.png,datasets\test_images\2004\ndvi\maharashtra_2004_maize_ndvi.png,0.829022,0.053618,0.02902,0.01517,0.809953,0.341633,-0.128817,0.114107,0.393574,0.076824,0.040323,0.016001,0.84434,0.53623,-0.261287,0.124666,0.199955,-0.513325,-0.772901,0.093215,0.547918,0.248323,0.084927,0.05709,0.407118,0.071975,0.02836,0.018765
Maharashtra,Maize,2004,Rabi,19.5670323,76.4164557,2004-11-01,2005-04-28,34,Landsat 5/7 SR,0.6,0.05,datasets\test_images\2004\rgb\maharashtra_2004_maize_rgb.png,datasets\test_images\2004\ndvi\maharashtra_2004_maize_ndvi.png,0.110805,0.062776,0.037683,0.007572,0.513767,0.186977,-0.030992,0.066459,0.144327,0.084364,0.048958,0.010896,0.73276,0.32414,-0.07736,0.101951,0.029704,-0.401578,-0.717065,0.071493,0.328495,0.203937,0.108,0.024602,0.180284,0.10103,0.045149,0.017215
Maharashtra,Maize,2004,Summer,19.5670323,76.4164557,2004-03-01,2004-06-28,12,Landsat 5/7 SR,0.6,0.05,datasets\test_images\2004\rgb\maharashtra_2004_maize_rgb.png,datasets\test_images\2004\ndvi\maharashtra_2004_maize_ndvi.png,0.136889,0.079373,0.054141,0.007538,0.531152,0.086046,0.025496,0.028286,0.167414,0.103408,0.069528,0.011278,0.676973,0.153737,0.045587,0.042717,-0.12032,-0.259696,-0.615566,0.037262,0.397149,0.174619,0.112262,0.023391,0.231998,0.128784,0.06917,0.015772
Maharashtra,Maize,2005,Kharif,19.5670323,76.4164557,2005-07-01,2005-10-28,11,Landsat 5/7 SR,0.6,0.05,datasets\test_images\2005\rgb\maharashtra_2005_maize_rgb.png,datasets\test_images\2005\ndvi\maharashtra_2005_maize_ndvi.png,0.11383,0.049102,0.027287,0.007633,0.812019,0.305246,-0.103672,0.09847,0.138003,0.073594,0.048902,0.010128,0.871847,0.513368,-0.395205,0.12238,0.444575,-0.511919,-0.782242,0.093625,0.524295,0.232699,0.031247,0.045902,0.154585,0.07185,0.034575,0.014392
Maharashtra,Maize,2005,Rabi,19.5670323,76.4164557,2005-11-01,2006-04-28,28,Landsat 5/7 SR,0.6,0.05,datasets\test_images\2005\rgb\maharashtra_2005_maize_rgb.png,datasets\test_images\2005\ndvi\maharashtra_2005_maize_ndvi.png,0.10745,0.068144,0.042289,0.008446,0.629375,0.194524,-0.059746,0.064041,0.149828,0.092963,0.057235,0.01138,0.786511,0.324411,-0.174367,0.099672,0.203496,-0.412963,-0.720299,0.066639,0.4061,0.226826,0.056465,0.023835,0.205873,0.113552,0.04618,0.020192
Maharashtra,Maize,2005,Summer,19.5670323,76.4164557,2005-03-01,2005-06-28,17,Landsat 5/7 SR,0.6,0.05,datasets\test_images\2005\rgb\maharashtra_2005_maize_rgb.png,datasets\test_images\2005\ndvi\maharashtra_2005_maize_ndvi.png,0.12186,0.077354,0.054237,0.007051,0.489397,0.089477,-0.018273,0.029195,0.150281,0.099021,0.068441,0.010233,0.638606,0.162506,-0.035582,0.04732,-0.06954,-0.261354,-0.606856,0.03763,0.355528,0.16941,0.1113,0.018424,0.189428,0.121863,0.068317,0.014621
Maharashtra,Maize,2006,Kharif,19.5670323,76.4164557,2006-07-01,2006-10-28,8,Landsat 5/7 SR,0.6,0.05,datasets\test_images\2006\rgb\maharashtra_2006_maize_kharif_rgb.png,datasets\test_images\2006\ndvi\maharashtra_2006_maize_kharif_ndvi.png,0.13946,0.044816,0.017882,0.006968,0.870663,0.402393,-0.071428,0.1416,0.172474,0.068589,0.02517,0.008969,0.88088,0.610253,-0.19566,0.141503,0.226681,-0.588415,-0.797532,0.10478,0.563592,0.276208,0.048187,0.06907,0.170851,0.062472,0.01714,0.014906
Maharashtra,Maize,2006,Rabi,19.5670323,76.4164557,2006-11-01,2007-04-28,34,Landsat 5/7 SR,0.6,0.05,datasets\test_images\2006\rgb\maharashtra_2006_maize_rabi_rgb.png,datasets\test_images\2006\ndvi\maharashtra_2006_maize_rabi_ndvi.png,0.120265,0.07213,0.048105,0.006375,0.585079,0.185474,-0.056234,0.060659,0.157143,0.095718,0.064962,0.009429,0.711231,0.304512,-0.135782,0.090209,0.168713,-0.380991,-0.655841,0.062273,0.366115,0.218471,0.081462,0.023706,0.196261,0.114513,0.057648,0.016855
Maharashtra,Maize,2007,Kharif,19.5670323,76.4164557,2007-07-01,2007-10-28,14,Landsat 5/7 SR,0.6,0.05,datasets\test_images\2007\rgb\maharashtra_2007_maize_kharif_rgb.png,datasets\test_images\2007\ndvi\maharashtra_2007_maize_kharif_ndvi.png,0.13572,0.042715,0.025404,0.00707,0.85676,0.459753,-0.068732,0.139007,0.162739,0.073391,0.049755,0.008041,0.880289,0.649137,-0.183637,0.128116,0.241633,-0.610087,-0.788117,0.093028,0.57451,0.318254,0.072387,0.071879,0.171525,0.062674,0.031426,0.014761
Maharashtra,Maize,2007,Rabi,19.5670323,76.4164557,2007-11-01,2008-04-28,32,Landsat 5/7 SR,0.6,0.05,datasets\test_images\2007\rgb\maharashtra_2007_maize_rabi_rgb.png,datasets\test_images\2007\ndvi\maharashtra_2007_maize_rabi_ndvi.png,0.109471,0.076339,0.052959,0.006119,0.517012,0.163258,-0.02407,0.052618,0.144987,0.098076,0.062213,0.008769,0.67185,0.26125,-0.04381,0.079864,-0.016073,-0.358386,-0.624595,0.05641,0.35561,0.217915,0.098183,0.020835,0.194391,0.119693,0.062405,0.01541
Maharashtra,Maize,2008,Kharif,19.5670323,76.4164557,2008-07-01,2008-10-28,10,Landsat 5/7 SR,0.6,0.05,datasets\test_images\2008\rgb\maharashtra_2008_maize_kharif_rgb.png,datasets\test_images\2008\ndvi\maharashtra_2008_maize_kharif_ndvi.png,0.213545,0.055041,0.032567,0.010114,0.706304,0.297457,-0.08504,0.108759,0.249845,0.077711,0.048559,0.01261,0.814514,0.482607,-0.272512,0.142301,0.314391,-0.484076,-0.746549,0.121574,0.452905,0.233405,0.040515,0.050099,0.236219,0.078224,0.040323,0.017457
Maharashtra,Maize,2008,Rabi,19.5670323,76.4164557,2008-11-01,2009-04-28,54,Landsat 5/7 SR,0.6,0.05,datasets\test_images\2008\rgb\maharashtra_2008_maize_rabi_rgb.png,datasets\test_images\2008\ndvi\maharashtra_2008_maize_rabi_ndvi.png,0.13968,0.075839,0.05443,0.005802,0.533057,0.119576,-0.079171,0.036814,0.184808,0.098702,0.067506,0.009446,0.663178,0.204103,-0.229928,0.056598,0.283012,-0.299735,-0.623848,0.05481,0.355046,0.193003,0.043884,0.023637,0.212913,0.119178,0.060123,0.013433
Maharashtra,Maize,2009,Kharif,19.5670323,76.4164557,2009-07-01,2009-10-28,21,Landsat 5/7 SR,0.6,0.05,datasets\test_images\2009\rgb\maharashtra_2009_maize_kharif_rgb.png,datasets\test_images\2009\ndvi\maharashtra_2009_maize_kharif_ndvi.png,0.117157,0.048117,0.03375,0.006051,0.714981,0.352358,-0.061602,0.147254,0.159549,0.07061,0.049067,0.00903,0.84056,0.540587,-0.229628,0.195187,0.373632,-0.518219,-0.778234,0.210836,0.44933,0.252515,0.032925,0.076062,0.180861,0.067173,0.038631,0.013552
Maharashtra,Maize,2009,Rabi,19.5670323,76.4164557,2009-11-01,2010-04-28,40,Landsat 5/7 SR,0.6,0.05,datasets\test_images\2009\rgb\maharashtra_2009_maize_rabi_rgb.png,datasets\test_images\2009\ndvi\maharashtra_2009_maize_rabi_ndvi.png,0.134757,0.066722,0.044915,0.006737,0.496694,0.198355,-0.066556,0.083683,0.172982,0.086881,0.06026,0.010098,0.651847,0.328924,-0.253449,0.14595,0.406255,-0.372759,-0.6397,0.172066,0.345737,0.207398,0.031633,0.048961,0.205955,0.097626,0.043485,0.017605
Maharashtra,Maize,2010,Kharif,19.5670323,76.4164557,2010-07-01,2010-10-28,4,Landsat 5/7 SR,0.6,0.05,datasets\test_images\2010\rgb\maharashtra_2010_maize_kharif_rgb.png,datasets\test_images\2010\ndvi\maharashtra_2010_maize_kharif_ndvi.png,0.21635,0.045222,0.024042,0.009651,0.843667,0.396592,-0.088592,0.163806,0.24517,0.070464,0.03914,0.013247,0.876609,0.584152,-0.194921,0.20952,0.353488,-0.533,-0.800792,0.2399,0.598023,0.271775,0.026421,0.087954,0.241155,0.060408,0.024482,0.015146
Maharashtra,Maize,2010,Rabi,19.5670323,76.4164557,2010-11-01,2011-04-28,23,Landsat 5/7 SR,0.6,0.05,datasets\test_images\2010\rgb\maharashtra_2010_maize_rabi_rgb.png,datasets\test_images\2010\ndvi\maharashtra_2010_maize_rabi_ndvi.png,0.11317,0.066697,0.042261,0.008917,0.678549,0.205491,-0.076034,0.097457,0.180297,0.091058,0.059187,0.012851,0.776025,0.325333,-0.274595,0.176561,0.429373,-0.363621,-0.736539,0.218874,0.414845,0.216766,0.026902,0.059009,0.224765,0.101504,0.041505,0.024452
Maharashtra,Rice,1997,Kharif,19.5670323,76.4164557,1997-07-01,1997-10-28,7,Landsat 5/7 SR,0.6,0.05,datasets\test_images\1997\rgb\maharashtra_1997_rice_rgb.png,datasets\test_images\1997\ndvi\maharashtra_1997_rice_ndvi.png,0.197348,0.055206,0.035565,0.007563,0.682437,0.263327,-0.125349,0.104325,0.222098,0.078998,0.05014,0.010891,0.79825,0.444436,-0.284917,0.129301,0.217539,-0.451584,-0.736824,0.097938,0.433352,0.217641,0.08567,0.051663,0.225934,0.07993,0.041423,0.015163
Maharashtra,Rice,1997,Summer,19.5670323,76.4164557,1997-03-01,1997-06-28,4,Landsat 5/7 SR,0.6,0.05,datasets\test_images\1997\rgb\maharashtra_1997_rice_rgb.png,datasets\test_images\1997\ndvi\maharashtra_1997_rice_ndvi.png,0.129739,0.086153,0.0596,0.008176,0.518072,0.08179,0.024554,0.027107,0.182209,0.114165,0.07918,0.012619,0.624692,0.139435,0.037666,0.038498,-0.118745,-0.222299,-0.587947,0.031876,0.373595,0.180637,0.115109,0.023674,0.229921,0.136202,0.080198,0.016872
Maharashtra,Rice,1998,Kharif,19.5670323,76.4164557,1998-07-01,1998-10-28,9,Landsat 5/7 SR,0.6,0.05,datasets\test_images\1998\rgb\maharashtra_1998_rice_rgb.png,datasets\test_images\1998\ndvi\maharashtra_1998_rice_ndvi.png,0.236287,0.055096,0.030862,0.009771,0.74173,0.333048,-0.134267,0.107403,0.273275,0.082533,0.044612,0.012267,0.834526,0.518379,-0.24922,0.123676,0.277474,-0.497379,-0.754807,0.097417,0.496465,0.252219,0.06323,0.051637,0.27465,0.077363,0.036362,0.015779
Maharashtra,Rice,1998,Summer,19.5670323,76.4164557,1998-03-01,1998-06-28,21,Landsat 5/7 SR,0.6,0.05,datasets\test_images\1998\rgb\maharashtra_1998_rice_rgb.png,datasets\test_images\1998\ndvi\maharashtra_1998_rice_ndvi.png,0.126315,0.078071,0.054375,0.006654,0.648412,0.106805,-0.009869,0.030746,0.169779,0.105146,0.073955,0.010216,0.74139,0.184478,-0.019361,0.045381,-0.064397,-0.285335,-0.694177,0.040659,0.435003,0.189466,0.116443,0.020591,0.206175,0.129034,0.06147,0.014151
Maharashtra,Rice,1999,Kharif,19.5670323,76.4164557,1999-07-01,1999-10-28,6,Landsat 5/7 SR,0.6,0.05,datasets\test_images\1999\rgb\maharashtra_1999_rice_kharif_rgb.png,datasets\test_images\1999\ndvi\maharashtra_1999_rice_kharif_ndvi.png,0.140257,0.046491,0.029226,0.005882,0.781258,0.314157,-0.110696,0.107141,0.17257,0.064044,0.039772,0.007993,0.851381,0.537946,-0.272405,0.128097,0.22571,-0.543371,-0.789043,0.0926,0.477737,0.226544,0.039305,0.049105,0.217587,0.065059,0.032375,0.013136
Maharashtra,Rice,1999,Summer,19.5670323,76.4164557,1999-03-01,1999-06-28,12,Landsat 5/7 SR,0.6,0.05,datasets\test_images\1999\rgb\maharashtra_1999_rice_summer_rgb.png,datasets\test_images\1999\ndvi\maharashtra_1999_rice_summer_ndvi.png,0.121626,0.081405,0.053866,0.006336,0.499171,0.121353,-0.054889,0.039158,0.16575,0.106447,0.074037,0.009267,0.659099,0.199323,-0.134529,0.056972,0.118671,-0.295654,-0.6302,0.045942,0.359955,0.197539,0.0904,0.022219,0.204566,0.129311,0.067506,0.013823
Maharashtra,Rice,2000,Kharif,19.5670323,76.4164557,2000-07-01,2000-10-28,9,Landsat 5/7 SR,0.6,0.05,datasets\test_images\2000\rgb\maharashtra_2000_rice_kharif_rgb.png,datasets\test_images\2000\ndvi\maharashtra_2000_rice_kharif_ndvi.png,0.112455,0.054829,0.037215,0.00649,0.638799,0.264395,-0.102935,0.089058,0.170755,0.07658,0.052862,0.008891,0.77747,0.448199,-0.20736,0.116262,0.16438,-0.469015,-0.715716,0.085015,0.41248,0.217538,0.07038,0.040942,0.205639,0.080165,0.044104,0.014686
Maharashtra,Rice,2000,Summer,19.5670323,76.4164557,2000-03-01,2000-06-28,12,Landsat 5/7 SR,0.6,0.05,datasets\test_images\2000\rgb\maharashtra_2000_rice_summer_rgb.png,datasets\test_images\2000\ndvi\maharashtra_2000_rice_summer_ndvi.png,0.135308,0.079241,0.05322,0.00781,0.590028,0.107002,-0.032085,0.03778,0.180105,0.10613,0.072717,0.011253,0.676035,0.18169,-0.067296,0.053865,0.0279,-0.28834,-0.630795,0.045025,0.411394,0.192338,0.116415,0.025215,0.249144,0.132198,0.072333,0.016396
Maharashtra,Rice,2001,Kharif,19.5670323,76.4164557,2001-07-01,2001-10-28,11,Landsat 5/7 SR,0.6,0.05,datasets\test_images\2001\rgb\maharashtra_2001_rice_kharif_rgb.png,datasets\test_images\2001\ndvi\maharashtra_2001_rice_kharif_ndvi.png,0.105126,0.042454,0.02033,0.006113,0.833517,0.35163,-0.150064,0.131709,0.158064,0.064218,0.03837,0.007674,0.901848,0.573433,-0.342014,0.142671,0.336145,-0.566343,-0.828944,0.103084,0.525285,0.247647,0.043031,0.064934,0.178263,0.062228,0.024125,0.013165
Maharashtra,Rice,2002,Kharif,19.5670323,76.4164557,2002-07-01,2002-10-28,6,Landsat 5/7 SR,0.6,0.05,datasets\test_images\2002\rgb\maharashtra_2002_rice_kharif_rgb.png,datasets\test_images\2002\ndvi\maharashtra_2002_rice_kharif_ndvi.png,0.1124,0.046203,0.02759,0.006535,0.728634,0.310907,-0.146151,0.104337,0.16542,0.068253,0.0431,0.008063,0.854877,0.526084,-0.336865,0.128776,0.269463,-0.531249,-0.790197,0.089916,0.463988,0.23197,0.043045,0.046585,0.212679,0.068987,0.033461,0.014175
Maharashtra,Rice,2003,Kharif,19.5670323,76.4164557,2003-07-01,2003-10-28,3,Landsat 5/7 SR,0.6,0.05,datasets\test_images\2003\rgb\maharashtra_2003_rice_rgb.png,datasets\test_images\2003\ndvi\maharashtra_2003_rice_ndvi.png,0.198723,0.04284,0.014431,0.008039,0.812562,0.369848,-0.111148,0.13789,0.212857,0.063832,0.019257,0.009406,0.876514,0.586502,-0.259011,0.147197,0.270891,-0.587246,-0.79296,0.103893,0.517558,0.259958,0.054403,0.066825,0.22086,0.063373,0.015614,0.016206
Maharashtra,Rice,2003,Summer,19.5670323,76.4164557,2003-03-01,2003-06-28,6,Landsat 5/7 SR,0.6,0.05,datasets\test_images\2003\rgb\maharashtra_2003_rice_rgb.png,datasets\test_images\2003\ndvi\maharashtra_2003_rice_ndvi.png,0.129477,0.081302,0.054458,0.006974,0.467348,0.102086,-0.010056,0.033093,0.17081,0.105668,0.077186,0.0105,0.622908,0.172209,-0.019779,0.049145,-0.009887,-0.290904,-0.587073,0.038634,0.341007,0.194104,0.116236,0.02266,0.244386,0.136372,0.075866,0.015767
Maharashtra,Rice,2004,Kharif,19.5670323,76.4164557,2004-07-01,2004-10-28,11,Landsat 5/7 SR,0.6,0.05,datasets\test_images\2004\rgb\maharashtra_2004_rice_rgb.png,datasets\test_images\2004\ndvi\maharashtra_2004_rice_ndvi.png,0.829022,0.053618,0.02902,0.01517,0.809953,0.341633,-0.128817,0.114107,0.393574,0.076824,0.040323,0.016001,0.84434,0.53623,-0.261287,0.124666,0.199955,-0.513325,-0.772901,0.093215,0.547918,0.248323,0.084927,0.05709,0.407118,0.071975,0.02836,0.018765
Maharashtra,Rice,2004,Summer,19.5670323,76.4164557,2004-03-01,2004-06-28,12,Landsat 5/7 SR,0.6,0.05,datasets\test_images\2004\rgb\maharashtra_2004_rice_rgb.png,datasets\test_images\2004\ndvi\maharashtra_2004_rice_ndvi.png,0.136889,0.079373,0.054141,0.007538,0.531152,0.086046,0.025496,0.028286,0.167414,0.103408,0.069528,0.011278,0.676973,0.153737,0.045587,0.042717,-0.12032,-0.259696,-0.615566,0.037262,0.397149,0.174619,0.112262,0.023391,0.231998,0.128784,0.06917,0.015772
Maharashtra,Rice,2005,Kharif,19.5670323,76.4164557,2005-07-01,2005-10-28,11,Landsat 5/7 SR,0.6,0.05,datasets\test_images\2005\rgb\maharashtra_2005_rice_rgb.png,datasets\test_images\2005\ndvi\maharashtra_2005_rice_ndvi.png,0.11383,0.049102,0.027287,0.007633,0.812019,0.305246,-0.103672,0.09847,0.138003,0.073594,0.048902,0.010128,0.871847,0.513368,-0.395205,0.12238,0.444575,-0.511919,-0.782242,0.093625,0.524295,0.232699,0.031247,0.045902,0.154585,0.07185,0.034575,0.014392
Maharashtra,Rice,2005,Summer,19.5670323,76.4164557,2005-03-01,2005-06-28,17,Landsat 5/7 SR,0.6,0.05,datasets\test_images\2005\rgb\maharashtra_2005_rice_rgb.png,datasets\test_images\2005\ndvi\maharashtra_2005_rice_ndvi.png,0.12186,0.077354,0.054237,0.007051,0.489397,0.089477,-0.018273,0.029195,0.150281,0.099021,0.068441,0.010233,0.638606,0.162506,-0.035582,0.04732,-0.06954,-0.261354,-0.606856,0.03763,0.355528,0.16941,0.1113,0.018424,0.189428,0.121863,0.068317,0.014621
Maharashtra,Rice,2006,Kharif,19.5670323,76.4164557,2006-07-01,2006-10-28,8,Landsat 5/7 SR,0.6,0.05,datasets\test_images\2006\rgb\maharashtra_2006_rice_kharif_rgb.png,datasets\test_images\2006\ndvi\maharashtra_2006_rice_kharif_ndvi.png,0.13946,0.044816,0.017882,0.006968,0.870663,0.402393,-0.071428,0.1416,0.172474,0.068589,0.02517,0.008969,0.88088,0.610253,-0.19566,0.141503,0.226681,-0.588415,-0.797532,0.10478,0.563592,0.276208,0.048187,0.06907,0.170851,0.062472,0.01714,0.014906
Maharashtra,Rice,2007,Kharif,19.5670323,76.4164557,2007-07-01,2007-10-28,14,Landsat 5/7 SR,0.6,0.05,datasets\test_images\2007\rgb\maharashtra_2007_rice_kharif_rgb.png,datasets\test_images\2007\ndvi\maharashtra_2007_rice_kharif_ndvi.png,0.13572,0.042715,0.025404,0.00707,0.85676,0.459753,-0.068732,0.139007,0.162739,0.073391,0.049755,0.008041,0.880289,0.649137,-0.183637,0.128116,0.241633,-0.610087,-0.788117,0.093028,0.57451,0.318254,0.072387,0.071879,0.171525,0.062674,0.031426,0.014761
Maharashtra,Rice,2008,Kharif,19.5670323,76.4164557,2008-07-01,2008-10-28,10,Landsat 5/7 SR,0.6,0.05,datasets\test_images\2008\rgb\maharashtra_2008_rice_kharif_rgb.png,datasets\test_images\2008\ndvi\maharashtra_2008_rice_kharif_ndvi.png,0.213545,0.055041,0.032567,0.010114,0.706304,0.297457,-0.08504,0.108759,0.249845,0.077711,0.048559,0.01261,0.814514,0.482607,-0.272512,0.142301,0.314391,-0.484076,-0.746549,0.121574,0.452905,0.233405,0.040515,0.050099,0.236219,0.078224,0.040323,0.017457
Maharashtra,Rice,2009,Kharif,19.5670323,76.4164557,2009-07-01,2009-10-28,21,Landsat 5/7 SR,0.6,0.05,datasets\test_images\2009\rgb\maharashtra_2009_rice_kharif_rgb.png,datasets\test_images\2009\ndvi\maharashtra_2009_rice_kharif_ndvi.png,0.117157,0.048117,0.03375,0.006051,0.714981,0.352358,-0.061602,0.147254,0.159549,0.07061,0.049067,0.00903,0.84056,0.540587,-0.229628,0.195187,0.373632,-0.518219,-0.778234,0.210836,0.44933,0.252515,0.032925,0.076062,0.180861,0.067173,0.038631,0.013552
Maharashtra,Rice,2010,Kharif,19.5670323,76.4164557,2010-07-01,2010-10-28,4,Landsat 5/7 SR,0.6,0.05,datasets\test_images\2010\rgb\maharashtra_2010_rice_kharif_rgb.png,datasets\test_images\2010\ndvi\maharashtra_2010_rice_kharif_ndvi.png,0.21635,0.045222,0.024042,0.009651,0.843667,0.396592,-0.088592,0.163806,0.24517,0.070464,0.03914,0.013247,0.876609,0.584152,-0.194921,0.20952,0.353488,-0.533,-0.800792,0.2399,0.598023,0.271775,0.026421,0.087954,0.241155,0.060408,0.024482,0.015146
Maharashtra,Rice,2011,Kharif,19.5670323,76.4164557,2011-07-01,2011-10-28,17,Landsat 5/7 SR,0.6,0.05,datasets\test_images\2011\rgb\maharashtra_2011_rice_kharif_rgb.png,datasets\test_images\2011\ndvi\maharashtra_2011_rice_kharif_ndvi.png,0.141302,0.048886,0.034465,0.004979,0.827889,0.400386,-0.05534,0.173208,0.15431,0.073386,0.044942,0.006764,0.842268,0.574191,-0.2345,0.222633,0.409679,-0.521804,-0.775834,0.251737,0.517613,0.274879,0.030065,0.091136,0.152055,0.062637,0.03276,0.012306
Maharashtra,Rice,2012,Kharif,19.5670323,76.4164557,2012-07-01,2012-10-28,6,Landsat 5/7 SR,0.6,0.05,datasets\test_images\2012\rgb\maharashtra_2012_rice_kharif_rgb.png,datasets\test_images\2012\ndvi\maharashtra_2012_rice_kharif_ndvi.png,0.167785,0.046794,0.02352,0.008639,0.821632,0.424811,-0.042593,0.175705,0.192425,0.068477,0.03749,0.00974,0.875254,0.602526,-0.166745,0.202866,0.391987,-0.564189,-0.802184,0.221861,0.51885,0.28895,0.025032,0.09347,0.183048,0.060922,0.02429,0.015966
Maharashtra,Rice,2013,Kharif,19.5670323,76.4164557,2013-07-01,2013-10-28,7,Landsat 8 SR,0.6,0.05,datasets\test_images\2013\rgb\maharashtra_2013_rice_kharif_rgb.png,datasets\test_images\2013\ndvi\maharashtra_2013_rice_kharif_ndvi.png,0.120183,0.033904,-0.039056,0.008162,0.81889,0.385858,-0.078883,0.171401,0.18984,0.067545,0.017333,0.010163,11.540698,0.562667,-2.161243,0.313635,1.577283,-0.494101,-0.908852,0.336081,0.537303,0.270019,-0.002949,0.101712,0.180627,0.054673,-0.004722,0.015623
Maharashtra,Rice,2014,Kharif,19.5670323,76.4164557,2014-07-01,2014-10-28,14,Landsat 8 SR,0.6,0.05,datasets\test_images\2014\rgb\maharashtra_2014_rice_kharif_rgb.png,datasets\test_images\2014\ndvi\maharashtra_2014_rice_kharif_ndvi.png,0.111479,0.037358,0.005397,0.007824,0.746343,0.329065,-0.036064,0.141986,0.15167,0.070392,0.035345,0.009324,0.833651,0.525166,-0.335296,0.230331,0.547301,-0.476751,-0.760536,0.266278,0.481148,0.245942,0.010237,0.083932,0.158545,0.062181,0.014734,0.016225
Maharashtra,Rice,2015,Kharif,19.5670323,76.4164557,2015-07-01,2015-10-28,17,Landsat 8 SR,0.6,0.05,datasets\test_images\2015\rgb\maharashtra_2015_rice_kharif_rgb.png,datasets\test_images\2015\ndvi\maharashtra_2015_rice_kharif_ndvi.png,0.15266,0.040525,-0.000886,0.007643,0.67705,0.328501,-0.012036,0.136533,0.206395,0.075265,0.03573,0.010189,0.843682,0.525303,-0.123379,0.196248,0.379608,-0.474779,-0.765891,0.246763,0.467411,0.249782,0.019588,0.081797,0.216048,0.066731,0.021361,0.017053
Maharashtra,Rice,2016,Kharif,19.5670323,76.4164557,2016-07-01,2016-10-28,12,Landsat 8 SR,0.6,0.05,datasets\test_images\2016\rgb\maharashtra_2016_rice_kharif_rgb.png,datasets\test_images\2016\ndvi\maharashtra_2016_rice_kharif_ndvi.png,0.180078,0.038487,0.006965,0.009042,0.822591,0.36928,-0.031984,0.178945,0.213614,0.070946,0.033612,0.012221,0.868977,0.546749,-0.698886,0.262958,0.87583,-0.488296,-0.773096,0.298173,0.579103,0.260461,0.002345,0.103011,0.226264,0.060004,0.016081,0.017518
Maharashtra,Rice,2018,Kharif,19.5670323,76.4164557,2018-07-01,2018-10-28,6,Sentinel-2 SR,0.6,0.05,datasets\test_images\2018\rgb\maharashtra_2018_rice_kharif_rgb.png,datasets\test_images\2018\ndvi\maharashtra_2018_rice_kharif_ndvi.png,0.23805,0.043255,0.0084,0.012807,0.947368,0.323175,-0.123879,0.175084,0.2381,0.073181,0.0142,0.014368,0.925669,0.456331,-1.0,0.349009,1.0,-0.45398,-0.842298,0.383074,0.5886,0.259353,0.0,0.098862,0.25455,0.073389,0.01235,0.026833
Maharashtra,Rice,2019,Kharif,19.5670323,76.4164557,2019-07-01,2019-10-28,9,Sentinel-2 SR,0.6,0.05,datasets\test_images\2019\rgb\maharashtra_2019_rice_kharif_rgb.png,datasets\test_images\2019\ndvi\maharashtra_2019_rice_kharif_ndvi.png,0.226,0.093193,0.0257,0.013764,1.06637,0.455923,-0.151684,0.212781,0.2676,0.110267,0.0255,0.014203,0.880474,0.500424,-0.426964,0.232091,0.582018,-0.415268,-0.792174,0.237461,0.621,0.299264,0.0299,0.092701,0.2763,0.087892,0.013,0.018652
Manipur,Maize,1997,Kharif,24.7208818,93.9229386,1997-07-01,1997-10-28,3,Landsat 5/7 SR,0.6,0.05,datasets\test_images\1997\rgb\manipur_1997_maize_rgb.png,datasets\test_images\1997\ndvi\manipur_1997_maize_ndvi.png,0.16993,0.041142,0.014198,0.011652,0.737635,0.355636,-0.093966,0.092994,0.2004,0.068313,0.019615,0.014463,0.870413,0.599037,-0.385092,0.114487,0.44089,-0.55829,-0.809566,0.095291,0.509032,0.246238,0.03188,0.049854,0.223775,0.060525,0.013648,0.017461
Manipur,Maize,1998,Autumn,24.7208818,93.9229386,1998-07-01,1998-10-28,3,Landsat 5/7 SR,0.6,0.05,datasets\test_images\1998\rgb\manipur_1998_maize_autumn_rgb.png,datasets\test_images\1998\ndvi\manipur_1998_maize_autumn_ndvi.png,0.258727,0.037197,0.013538,0.012432,0.845578,0.427014,-0.056439,0.101088,0.305367,0.062096,0.024097,0.016242,0.894752,0.68205,-0.149039,0.112885,0.180381,-0.62395,-0.808513,0.095946,0.55405,0.274084,0.042082,0.055816,0.30061,0.050801,0.016453,0.019059
Manipur,Maize,1999,Kharif,24.7208818,93.9229386,1999-07-01,1999-10-28,5,Landsat 5/7 SR,0.6,0.05,datasets\test_images\1999\rgb\manipur_1999_maize_kharif_rgb.png,datasets\test_images\1999\ndvi\manipur_1999_maize_kharif_ndvi.png,0.26992,0.043044,0.010898,0.013966,0.849883,0.397952,-0.052573,0.109488,0.30787,0.070465,0.016673,0.017022,0.895206,0.621157,-0.170842,0.114507,0.211751,-0.58126,-0.804312,0.091021,0.579955,0.274202,0.03672,0.062102,0.308255,0.062097,0.009027,0.01996
Manipur,Maize,2000,Kharif,24.7208818,93.9229386,2000-07-01,2000-10-28,7,Landsat 5/7 SR,0.6,0.05,datasets\test_images\2000\rgb\manipur_2000_maize_kharif_rgb.png,datasets\test_images\2000\ndvi\manipur_2000_maize_kharif_ndvi.png,0.357893,0.043924,-0.003018,0.020152,0.87387,0.400543,-0.052437,0.123966,0.40423,0.070581,0.01329,0.023292,0.922742,0.632293,-0.18861,0.129426,0.250371,-0.57542,-0.829297,0.105695,0.615595,0.270472,0.034025,0.074087,0.410747,0.059255,0.005288,0.025553
Manipur,Maize,2001,Kharif,24.7208818,93.9229386,2001-07-01,2001-10-28,6,Landsat 5/7 SR,0.6,0.05,datasets\test_images\2001\rgb\manipur_2001_maize_kharif_rgb.png,datasets\test_images\2001\ndvi\manipur_2001_maize_kharif_ndvi.png,0.840009,0.055767,0.005562,0.021502,0.859574,0.410096,-0.069181,0.126592,0.349587,0.084061,0.013373,0.024568,0.923885,0.597252,-0.182841,0.150524,0.223702,-0.539717,-0.832156,0.126995,0.601543,0.285909,0.060837,0.06656,0.348323,0.071604,0.002895,0.028238
Manipur,Maize,2002,Kharif,24.7208818,93.9229386,2002-07-01,2002-10-28,2,Landsat 5/7 SR,0.6,0.05,datasets\test_images\2002\rgb\manipur_2002_maize_rgb.png,datasets\test_images\2002\ndvi\manipur_2002_maize_ndvi.png,0.241237,0.056266,0.016893,0.019076,0.83252,0.353873,-0.112322,0.15196,0.270085,0.078703,0.0255,0.021268,0.865944,0.537664,-0.327645,0.208502,0.358165,-0.485999,-0.776967,0.185017,0.520335,0.245379,0.027851,0.074176,0.273248,0.068339,0.01351,0.025178
Manipur,Maize,2003,Kharif,24.7208818,93.9229386,2003-07-01,2003-10-28,1,Landsat 5/7 SR,0.6,0.05,datasets\test_images\2003\rgb\manipur_2003_maize_rgb.png,datasets\test_images\2003\ndvi\manipur_2003_maize_ndvi.png,0.264585,0.053104,0.021347,0.016255,0.735777,0.364402,-0.006358,0.099907,0.272835,0.076605,0.0321,0.019382,0.835776,0.573627,-0.018034,0.109093,0.031587,-0.528304,-0.756689,0.092245,0.507218,0.253208,0.058775,0.063134,0.280535,0.067564,0.01901,0.021483
Manipur,Maize,2004,Kharif,24.7208818,93.9229386,2004-07-01,2004-10-28,3,Landsat 5/7 SR,0.6,0.05,datasets\test_images\2004\rgb\manipur_2004_maize_rgb.png,datasets\test_images\2004\ndvi\manipur_2004_maize_ndvi.png,1.602213,0.044462,0.003582,0.027386,0.795398,0.353625,-0.107266,0.103007,0.39389,0.072111,0.013428,0.022634,0.95124,0.580592,-0.302349,0.130326,0.254168,-0.557732,-0.849798,0.102782,0.566507,0.255845,0.03012,0.054766,0.383083,0.067477,0.003802,0.025132
Manipur,Maize,2005,Kharif,24.7208818,93.9229386,2005-07-01,2005-10-28,4,Landsat 5/7 SR,0.6,0.05,datasets\test_images\2005\rgb\manipur_2005_maize_rgb.png,datasets\test_images\2005\ndvi\manipur_2005_maize_ndvi.png,0.201335,0.043121,0.01307,0.012128,0.850761,0.431095,0.044925,0.098291,0.255373,0.071571,0.027865,0.01514,0.899081,0.659289,0.074443,0.105536,-0.013006,-0.586431,-0.817146,0.091154,0.552015,0.281237,0.075646,0.054307,0.257985,0.056491,0.018487,0.017921
Manipur,Maize,2006,Kharif,24.7208818,93.9229386,2006-07-01,2006-10-28,8,Landsat 5/7 SR,0.6,0.05,datasets\test_images\2006\rgb\manipur_2006_maize_kharif_rgb.png,datasets\test_images\2006\ndvi\manipur_2006_maize_kharif_ndvi.png,0.833134,0.058563,0.007543,0.026501,0.868201,0.468994,-0.004112,0.104068,0.425542,0.087133,0.015627,0.029491,0.910358,0.634659,-0.016209,0.12416,0.063185,-0.57449,-0.851462,0.109233,0.629455,0.321691,0.053412,0.059713,0.420923,0.072611,0.00933,0.031039
Manipur,Maize,2007,Kharif,24.7208818,93.9229386,2007-07-01,2007-10-28,6,Landsat 5/7 SR,0.6,0.05,datasets\test_images\2007\rgb\manipur_2007_maize_kharif_rgb.png,datasets\test_images\2007\ndvi\manipur_2007_maize_kharif_ndvi.png,1.602213,0.056314,0.007157,0.035069,3.190295,0.453322,-0.284111,0.119606,0.46187,0.084264,0.02352,0.033692,0.918439,0.632871,-0.451883,0.142739,0.202932,-0.570016,-0.814077,0.126006,0.682997,0.309376,0.055255,0.070237,1.602213,0.070111,0.009412,0.038304
Manipur,Maize,2008,Kharif,24.7208818,93.9229386,2008-07-01,2008-10-28,5,Landsat 5/7 SR,0.6,0.05,datasets\test_images\2008\rgb\manipur_2008_maize_kharif_rgb.png,datasets\test_images\2008\ndvi\manipur_2008_maize_kharif_ndvi.png,1.602213,0.042741,0.001575,0.022816,0.894755,0.418945,-0.108884,0.116913,0.450513,0.068776,0.010265,0.026777,0.971404,0.65974,-0.378524,0.142599,0.3925,-0.593257,-0.842544,0.125189,0.626265,0.2748,0.031082,0.068672,0.446938,0.055802,0.00152,0.028731
Manipur,Maize,2008,Rabi,24.7208818,93.9229386,2008-11-01,2009-04-28,21,Landsat 5/7 SR,0.6,0.05,datasets\test_images\2008\rgb\manipur_2008_maize_rabi_rgb.png,datasets\test_images\2008\ndvi\manipur_2008_maize_rabi_ndvi.png,0.13737,0.078467,0.030505,0.01055,0.443544,0.156505,-0.058238,0.046479,0.175499,0.104295,0.035208,0.013518,0.661954,0.260073,-0.153193,0.079387,0.211988,-0.311509,-0.641826,0.064982,0.324301,0.199139,0.057868,0.021789,0.200262,0.116141,0.034548,0.019898
Manipur,Maize,2009,Kharif,24.7208818,93.9229386,2009-07-01,2009-10-28,7,Landsat 5/7 SR,0.6,0.05,datasets\test_images\2009\rgb\manipur_2009_maize_kharif_rgb.png,datasets\test_images\2009\ndvi\manipur_2009_maize_kharif_ndvi.png,1.602213,0.044889,0.008395,0.01854,0.818332,0.427513,-0.051528,0.097194,0.448093,0.072495,0.027562,0.021288,0.883888,0.648806,-0.134186,0.115539,0.115111,-0.593542,-0.815069,0.099515,0.601543,0.285761,0.069445,0.051433,0.445012,0.060832,0.019478,0.023237
Manipur,Maize,2009,Rabi,24.7208818,93.9229386,2009-11-01,2010-04-28,17,Landsat 5/7 SR,0.6,0.05,datasets\test_images\2009\rgb\manipur_2009_maize_rabi_rgb.png,datasets\test_images\2009\ndvi\manipur_2009_maize_rabi_ndvi.png,0.221988,0.071793,0.024235,0.009146,0.537197,0.16156,-0.059653,0.050222,0.243795,0.097136,0.030037,0.012622,0.734923,0.280458,-0.14608,0.088105,0.237465,-0.324895,-0.693307,0.068645,0.330585,0.19503,0.053358,0.023241,0.258012,0.105743,0.02242,0.018977
Manipur,Maize,2010,Kharif,24.7208818,93.9229386,2010-07-01,2010-10-28,4,Landsat 5/7 SR,0.6,0.05,datasets\test_images\2010\rgb\manipur_2010_maize_kharif_rgb.png,datasets\test_images\2010\ndvi\manipur_2010_maize_kharif_ndvi.png,0.331162,0.048262,0.012327,0.020439,0.913113,0.44965,-0.042531,0.117112,0.381983,0.076762,0.020165,0.024108,0.890024,0.649114,-0.129909,0.129997,0.188899,-0.582967,-0.813832,0.11557,0.646697,0.299698,0.049865,0.064378,0.371175,0.062041,0.015847,0.025815
Manipur,Rice,1997,Kharif,24.7208818,93.9229386,1997-07-01,1997-10-28,3,Landsat 5/7 SR,0.6,0.05,datasets\test_images\1997\rgb\manipur_1997_rice_rgb.png,datasets\test_images\1997\ndvi\manipur_1997_rice_ndvi.png,0.16993,0.041142,0.014198,0.011652,0.737635,0.355636,-0.093966,0.092994,0.2004,0.068313,0.019615,0.014463,0.870413,0.599037,-0.385092,0.114487,0.44089,-0.55829,-0.809566,0.095291,0.509032,0.246238,0.03188,0.049854,0.223775,0.060525,0.013648,0.017461
Manipur,Rice,1998,Autumn,24.7208818,93.9229386,1998-07-01,1998-10-28,3,Landsat 5/7 SR,0.6,0.05,datasets\test_images\1998\rgb\manipur_1998_rice_autumn_rgb.png,datasets\test_images\1998\ndvi\manipur_1998_rice_autumn_ndvi.png,0.258727,0.037197,0.013538,0.012432,0.845578,0.427014,-0.056439,0.101088,0.305367,0.062096,0.024097,0.016242,0.894752,0.68205,-0.149039,0.112885,0.180381,-0.62395,-0.808513,0.095946,0.55405,0.274084,0.042082,0.055816,0.30061,0.050801,0.016453,0.019059
Manipur,Rice,1998,Winter,24.7208818,93.9229386,1998-07-01,1998-10-28,3,Landsat 5/7 SR,0.6,0.05,datasets\test_images\1998\rgb\manipur_1998_rice_winter_rgb.png,datasets\test_images\1998\ndvi\manipur_1998_rice_winter_ndvi.png,0.258727,0.037197,0.013538,0.012432,0.845578,0.427014,-0.056439,0.101088,0.305367,0.062096,0.024097,0.016242,0.894752,0.68205,-0.149039,0.112885,0.180381,-0.62395,-0.808513,0.095946,0.55405,0.274084,0.042082,0.055816,0.30061,0.050801,0.016453,0.019059
Manipur,Rice,1998,Kharif,24.7208818,93.9229386,1998-07-01,1998-10-28,3,Landsat 5/7 SR,0.6,0.05,datasets\test_images\1998\rgb\manipur_1998_rice_kharif_rgb.png,datasets\test_images\1998\ndvi\manipur_1998_rice_kharif_ndvi.png,0.258727,0.037197,0.013538,0.012432,0.845578,0.427014,-0.056439,0.101088,0.305367,0.062096,0.024097,0.016242,0.894752,0.68205,-0.149039,0.112885,0.180381,-0.62395,-0.808513,0.095946,0.55405,0.274084,0.042082,0.055816,0.30061,0.050801,0.016453,0.019059
Manipur,Rice,1999,Kharif,24.7208818,93.9229386,1999-07-01,1999-10-28,5,Landsat 5/7 SR,0.6,0.05,datasets\test_images\1999\rgb\manipur_1999_rice_kharif_rgb.png,datasets\test_images\1999\ndvi\manipur_1999_rice_kharif_ndvi.png,0.26992,0.043044,0.010898,0.013966,0.849883,0.397952,-0.052573,0.109488,0.30787,0.070465,0.016673,0.017022,0.895206,0.621157,-0.170842,0.114507,0.211751,-0.58126,-0.804312,0.091021,0.579955,0.274202,0.03672,0.062102,0.308255,0.062097,0.009027,0.01996
Manipur,Rice,2000,Kharif,24.7208818,93.9229386,2000-07-01,2000-10-28,7,Landsat 5/7 SR,0.6,0.05,datasets\test_images\2000\rgb\manipur_2000_rice_kharif_rgb.png,datasets\test_images\2000\ndvi\manipur_2000_rice_kharif_ndvi.png,0.357893,0.043924,-0.003018,0.020152,0.87387,0.400543,-0.052437,0.123966,0.40423,0.070581,0.01329,0.023292,0.922742,0.632293,-0.18861,0.129426,0.250371,-0.57542,-0.829297,0.105695,0.615595,0.270472,0.034025,0.074087,0.410747,0.059255,0.005288,0.025553
Manipur,Rice,2001,Kharif,24.7208818,93.9229386,2001-07-01,2001-10-28,6,Landsat 5/7 SR,0.6,0.05,datasets\test_images\2001\rgb\manipur_2001_rice_kharif_rgb.png,datasets\test_images\2001\ndvi\manipur_2001_rice_kharif_ndvi.png,0.840009,0.055767,0.005562,0.021502,0.859574,0.410096,-0.069181,0.126592,0.349587,0.084061,0.013373,0.024568,0.923885,0.597252,-0.182841,0.150524,0.223702,-0.539717,-0.832156,0.126995,0.601543,0.285909,0.060837,0.06656,0.348323,0.071604,0.002895,0.028238
Manipur,Rice,2002,Kharif,24.7208818,93.9229386,2002-07-01,2002-10-28,2,Landsat 5/7 SR,0.6,0.05,datasets\test_images\2002\rgb\manipur_2002_rice_rgb.png,datasets\test_images\2002\ndvi\manipur_2002_rice_ndvi.png,0.241237,0.056266,0.016893,0.019076,0.83252,0.353873,-0.112322,0.15196,0.270085,0.078703,0.0255,0.021268,0.865944,0.537664,-0.327645,0.208502,0.358165,-0.485999,-0.776967,0.185017,0.520335,0.245379,0.027851,0.074176,0.273248,0.068339,0.01351,0.025178
Manipur,Rice,2003,Kharif,24.7208818,93.9229386,2003-07-01,2003-10-28,1,Landsat 5/7 SR,0.6,0.05,datasets\test_images\2003\rgb\manipur_2003_rice_rgb.png,datasets\test_images\2003\ndvi\manipur_2003_rice_ndvi.png,0.264585,0.053104,0.021347,0.016255,0.735777,0.364402,-0.006358,0.099907,0.272835,0.076605,0.0321,0.019382,0.835776,0.573627,-0.018034,0.109093,0.031587,-0.528304,-0.756689,0.092245,0.507218,0.253208,0.058775,0.063134,0.280535,0.067564,0.01901,0.021483
Manipur,Rice,2004,Kharif,24.7208818,93.9229386,2004-07-01,2004-10-28,3,Landsat 5/7 SR,0.6,0.05,datasets\test_images\2004\rgb\manipur_2004_rice_rgb.png,datasets\test_images\2004\ndvi\manipur_2004_rice_ndvi.png,1.602213,0.044462,0.003582,0.027386,0.795398,0.353625,-0.107266,0.103007,0.39389,0.072111,0.013428,0.022634,0.95124,0.580592,-0.302349,0.130326,0.254168,-0.557732,-0.849798,0.102782,0.566507,0.255845,0.03012,0.054766,0.383083,0.067477,0.003802,0.025132
Manipur,Rice,2005,Kharif,24.7208818,93.9229386,2005-07-01,2005-10-28,4,Landsat 5/7 SR,0.6,0.05,datasets\test_images\2005\rgb\manipur_2005_rice_rgb.png,datasets\test_images\2005\ndvi\manipur_2005_rice_ndvi.png,0.201335,0.043121,0.01307,0.012128,0.850761,0.431095,0.044925,0.098291,0.255373,0.071571,0.027865,0.01514,0.899081,0.659289,0.074443,0.105536,-0.013006,-0.586431,-0.817146,0.091154,0.552015,0.281237,0.075646,0.054307,0.257985,0.056491,0.018487,0.017921
Manipur,Rice,2006,Kharif,24.7208818,93.9229386,2006-07-01,2006-10-28,8,Landsat 5/7 SR,0.6,0.05,datasets\test_images\2006\rgb\manipur_2006_rice_kharif_rgb.png,datasets\test_images\2006\ndvi\manipur_2006_rice_kharif_ndvi.png,0.833134,0.058563,0.007543,0.026501,0.868201,0.468994,-0.004112,0.104068,0.425542,0.087133,0.015627,0.029491,0.910358,0.634659,-0.016209,0.12416,0.063185,-0.57449,-0.851462,0.109233,0.629455,0.321691,0.053412,0.059713,0.420923,0.072611,0.00933,0.031039
Manipur,Rice,2007,Kharif,24.7208818,93.9229386,2007-07-01,2007-10-28,6,Landsat 5/7 SR,0.6,0.05,datasets\test_images\2007\rgb\manipur_2007_rice_kharif_rgb.png,datasets\test_images\2007\ndvi\manipur_2007_rice_kharif_ndvi.png,1.602213,0.056314,0.007157,0.035069,3.190295,0.453322,-0.284111,0.119606,0.46187,0.084264,0.02352,0.033692,0.918439,0.632871,-0.451883,0.142739,0.202932,-0.570016,-0.814077,0.126006,0.682997,0.309376,0.055255,0.070237,1.602213,0.070111,0.009412,0.038304
Manipur,Rice,2008,Kharif,24.7208818,93.9229386,2008-07-01,2008-10-28,5,Landsat 5/7 SR,0.6,0.05,datasets\test_images\2008\rgb\manipur_2008_rice_kharif_rgb.png,datasets\test_images\2008\ndvi\manipur_2008_rice_kharif_ndvi.png,1.602213,0.042741,0.001575,0.022816,0.894755,0.418945,-0.108884,0.116913,0.450513,0.068776,0.010265,0.026777,0.971404,0.65974,-0.378524,0.142599,0.3925,-0.593257,-0.842544,0.125189,0.626265,0.2748,0.031082,0.068672,0.446938,0.055802,0.00152,0.028731
Manipur,Rice,2009,Kharif,24.7208818,93.9229386,2009-07-01,2009-10-28,7,Landsat 5/7 SR,0.6,0.05,datasets\test_images\2009\rgb\manipur_2009_rice_kharif_rgb.png,datasets\test_images\2009\ndvi\manipur_2009_rice_kharif_ndvi.png,1.602213,0.044889,0.008395,0.01854,0.818332,0.427513,-0.051528,0.097194,0.448093,0.072495,0.027562,0.021288,0.883888,0.648806,-0.134186,0.115539,0.115111,-0.593542,-0.815069,0.099515,0.601543,0.285761,0.069445,0.051433,0.445012,0.060832,0.019478,0.023237
Manipur,Rice,2010,Kharif,24.7208818,93.9229386,2010-07-01,2010-10-28,4,Landsat 5/7 SR,0.6,0.05,datasets\test_images\2010\rgb\manipur_2010_rice_kharif_rgb.png,datasets\test_images\2010\ndvi\manipur_2010_rice_kharif_ndvi.png,0.331162,0.048262,0.012327,0.020439,0.913113,0.44965,-0.042531,0.117112,0.381983,0.076762,0.020165,0.024108,0.890024,0.649114,-0.129909,0.129997,0.188899,-0.582967,-0.813832,0.11557,0.646697,0.299698,0.049865,0.064378,0.371175,0.062041,0.015847,0.025815
Manipur,Rice,2011,Kharif,24.7208818,93.9229386,2011-07-01,2011-10-28,5,Landsat 5/7 SR,0.6,0.05,datasets\test_images\2011\rgb\manipur_2011_rice_kharif_rgb.png,datasets\test_images\2011\ndvi\manipur_2011_rice_kharif_ndvi.png,0.26541,0.048578,0.011805,0.019563,0.868912,0.443286,-0.047337,0.116637,0.347085,0.074749,0.01857,0.021372,0.906331,0.647624,-0.155045,0.131951,0.148299,-0.587086,-0.810732,0.109598,0.584602,0.293349,0.058088,0.061888,0.357205,0.061584,0.008532,0.024895
Manipur,Rice,2012,Kharif,24.7208818,93.9229386,2012-07-01,2012-10-28,4,Landsat 5/7 SR,0.6,0.05,datasets\test_images\2012\rgb\manipur_2012_rice_kharif_rgb.png,datasets\test_images\2012\ndvi\manipur_2012_rice_kharif_ndvi.png,0.241567,0.061926,0.017168,0.023579,1.014289,0.381699,-0.087158,0.15665,0.27388,0.08832,0.026627,0.025581,0.910107,0.547971,-0.271699,0.168138,0.379323,-0.495439,-0.82945,0.137878,0.64997,0.274334,0.047473,0.084125,0.280315,0.077011,0.014253,0.032133
Manipur,Rice,2013,Kharif,24.7208818,93.9229386,2013-07-01,2013-10-28,4,Landsat 8 SR,0.6,0.05,datasets\test_images\2013\rgb\manipur_2013_rice_kharif_rgb.png,datasets\test_images\2013\ndvi\manipur_2013_rice_kharif_ndvi.png,0.353025,0.048623,-0.16205,0.021908,0.868979,0.245984,-0.146457,0.186387,0.51841,0.087471,-0.00101,0.025981,1.114093,0.407241,-0.692852,0.258162,0.766755,-0.390556,-1.012942,0.209145,0.575308,0.21977,0.009605,0.089441,0.445425,0.084446,-0.018857,0.035822
Manipur,Rice,2014,Kharif,24.7208818,93.9229386,2014-07-01,2014-10-28,6,Landsat 8 SR,0.6,0.05,datasets\test_images\2014\rgb\manipur_2014_rice_kharif_rgb.png,datasets\test_images\2014\ndvi\manipur_2014_rice_kharif_ndvi.png,0.362595,0.037697,-0.125365,0.017873,0.973948,0.447321,-0.160598,0.132373,0.39279,0.074762,0.006002,0.021705,1.157635,0.671454,-0.434398,0.148542,0.446148,-0.589255,-0.883513,0.121632,0.727548,0.303631,0.0244,0.071449,0.388555,0.056984,-0.0097,0.026215
Manipur,Rice,2015,Kharif,24.7208818,93.9229386,2015-07-01,2015-10-28,5,Landsat 8 SR,0.6,0.05,datasets\test_images\2015\rgb\manipur_2015_rice_kharif_rgb.png,datasets\test_images\2015\ndvi\manipur_2015_rice_kharif_ndvi.png,0.198997,0.038669,-0.10056,0.017127,0.886471,0.374396,-0.150892,0.15577,0.25606,0.076109,0.018872,0.021035,0.958374,0.597413,-0.474115,0.19888,0.49378,-0.528524,-0.852255,0.174626,0.58441,0.266212,0.03023,0.085239,0.243932,0.061872,0.003417,0.025108
Manipur,Rice,2016,Kharif,24.7208818,93.9229386,2016-07-01,2016-10-28,6,Landsat 8 SR,0.6,0.05,datasets\test_images\2016\rgb\manipur_2016_rice_kharif_rgb.png,datasets\test_images\2016\ndvi\manipur_2016_rice_kharif_ndvi.png,0.44537,0.040785,-0.167798,0.020186,0.914049,0.429006,-0.141447,0.156201,0.471523,0.074955,0.008313,0.024349,1.359587,0.643999,-0.462239,0.179185,0.487194,-0.575399,-0.931376,0.150139,0.641528,0.295277,0.020426,0.082465,0.470395,0.060412,-0.006634,0.029876
Manipur,Rice,2017,Kharif,24.7208818,93.9229386,2017-07-01,2017-10-28,1,Sentinel-2 SR,0.6,0.05,datasets\test_images\2017\rgb\manipur_2017_rice_kharif_rgb.png,datasets\test_images\2017\ndvi\manipur_2017_rice_kharif_ndvi.png,1.3052,0.042696,0.011,0.022784,1.071831,0.365537,-0.148281,0.184224,1.268,0.066857,0.0138,0.023915,0.930131,0.59207,-0.65812,0.298653,0.724771,-0.509921,-0.849645,0.268014,1.0491,0.234986,0.006,0.082775,1.2112,0.051822,0.0081,0.029763
Manipur,Rice,2019,Kharif,24.7208818,93.9229386,2019-07-01,2019-10-28,13,Sentinel-2 SR,0.6,0.05,datasets\test_images\2019\rgb\manipur_2019_rice_kharif_rgb.png,datasets\test_images\2019\ndvi\manipur_2019_rice_kharif_ndvi.png,0.44955,0.064422,0.0233,0.021932,1.224277,0.374324,-0.144263,0.144304,0.44195,0.087367,0.0356,0.022806,0.901371,0.546652,-0.366351,0.180087,0.433416,-0.467337,-0.804474,0.148373,0.6754,0.254161,0.0373,0.062483,0.4078,0.071158,0.0191,0.029615
Meghalaya,Maize,1997,Kharif,25.5379432,91.2999102,1997-07-01,1997-10-28,2,Landsat 5/7 SR,0.6,0.05,datasets\test_images\1997\rgb\meghalaya_1997_maize_rgb.png,datasets\test_images\1997\ndvi\meghalaya_1997_maize_ndvi.png,0.150983,0.038644,0.007625,0.012295,0.89705,0.518592,0.06332,0.119848,0.186513,0.063875,0.01351,0.01831,0.936466,0.732439,0.160904,0.095281,-0.09981,-0.674908,-0.839016,0.076756,0.593843,0.333615,0.063175,0.077824,0.19688,0.051077,0.005397,0.020669
Meghalaya,Maize,1998,Kharif,25.5379432,91.2999102,1998-07-01,1998-10-28,2,Landsat 5/7 SR,0.6,0.05,datasets\test_images\1998\rgb\meghalaya_1998_maize_rgb.png,datasets\test_images\1998\ndvi\meghalaya_1998_maize_ndvi.png,0.251522,0.045424,0.009137,0.014557,0.805941,0.463664,0.107406,0.099525,0.28598,0.067776,0.01637,0.019426,0.848924,0.679548,0.173127,0.086599,-0.252875,-0.63029,-0.79387,0.070954,0.494155,0.301354,0.061387,0.064065,0.289555,0.05756,0.008532,0.021957
Meghalaya,Maize,1999,Kharif,25.5379432,91.2999102,1999-07-01,1999-10-28,4,Landsat 5/7 SR,0.6,0.05,datasets\test_images\1999\rgb\meghalaya_1999_maize_rgb.png,datasets\test_images\1999\ndvi\meghalaya_1999_maize_ndvi.png,0.27652,0.035626,-0.059255,0.017688,6.935049,0.451205,-1494.705882,6.382949,0.548137,0.0598,-0.020095,0.023674,1.026429,0.729643,-0.310414,0.092452,0.390312,-0.676265,-1.518916,0.077257,0.87107,0.305554,0.055173,0.070768,0.454555,0.04874,-0.00343,0.023586
Meghalaya,Maize,2000,Kharif,25.5379432,91.2999102,2000-07-01,2000-10-28,6,Landsat 5/7 SR,0.6,0.05,datasets\test_images\2000\rgb\meghalaya_2000_maize_rgb.png,datasets\test_images\2000\ndvi\meghalaya_2000_maize_ndvi.png,0.096918,0.02557,0.00658,0.007715,0.767482,0.385941,0.071749,0.071937,0.142018,0.044709,0.011736,0.012359,0.915153,0.713121,0.153742,0.093687,-0.223181,-0.68723,-0.851901,0.063738,0.480295,0.241337,0.068029,0.042291,0.174083,0.04097,0.008862,0.016304
Meghalaya,Maize,2001,Kharif,25.5379432,91.2999102,2001-07-01,2001-10-28,3,Landsat 5/7 SR,0.6,0.05,datasets\test_images\2001\rgb\meghalaya_2001_maize_kharif_rgb.png,datasets\test_images\2001\ndvi\meghalaya_2001_maize_kharif_ndvi.png,0.208732,0.024175,0.002565,0.012268,0.781357,0.481613,0.016067,0.092083,0.23692,0.05033,0.010733,0.015187,0.947126,0.775933,0.037825,0.093717,-0.022506,-0.706743,-0.84642,0.072685,0.505925,0.295619,0.05553,0.052203,0.234803,0.037065,0.004408,0.017713
Meghalaya,Maize,2002,Kharif,25.5379432,91.2999102,2002-07-01,2002-10-28,3,Landsat 5/7 SR,0.6,0.05,datasets\test_images\2002\rgb\meghalaya_2002_maize_kharif_rgb.png,datasets\test_images\2002\ndvi\meghalaya_2002_maize_kharif_ndvi.png,0.149195,0.024523,0.004187,0.008493,0.833104,0.462677,0.064623,0.075635,0.18148,0.048425,0.011942,0.012972,0.928616,0.764346,0.156243,0.087502,-0.202452,-0.709399,-0.855748,0.063812,0.535598,0.284918,0.0695,0.042305,0.200373,0.03834,0.004958,0.016399
Meghalaya,Maize,2003,Kharif,25.5379432,91.2999102,2003-07-01,2003-10-28,2,Landsat 5/7 SR,0.6,0.05,datasets\test_images\2003\rgb\meghalaya_2003_maize_kharif_rgb.png,datasets\test_images\2003\ndvi\meghalaya_2003_maize_kharif_ndvi.png,0.097715,0.092028,0.08534,0.003248,0.693609,0.609101,0.522308,0.05561,0.11295,0.103604,0.094525,0.006404,0.67612,0.630081,0.585136,0.028474,-0.526321,-0.569114,-0.623097,0.029902,0.431648,0.378502,0.33273,0.028617,0.096835,0.085627,0.078657,0.00622
Meghalaya,Maize,2004,Kharif,25.5379432,91.2999102,2004-07-01,2004-10-28,5,Landsat 5/7 SR,0.6,0.05,datasets\test_images\2004\rgb\meghalaya_2004_maize_rgb.png,datasets\test_images\2004\ndvi\meghalaya_2004_maize_ndvi.png,0.209942,0.033105,0.001465,0.012316,0.795297,0.443045,0.014538,0.08105,0.258563,0.053539,0.007323,0.016442,1.000702,0.719836,0.05777,0.089995,-0.038104,-0.677684,-0.853189,0.069627,0.504261,0.278184,0.048655,0.049918,0.240797,0.045852,-2e-05,0.018964
Meghalaya,Maize,2005,Kharif,25.5379432,91.2999102,2005-07-01,2005-10-28,4,Landsat 5/7 SR,0.6,0.05,datasets\test_images\2005\rgb\meghalaya_2005_maize_rgb.png,datasets\test_images\2005\ndvi\meghalaya_2005_maize_ndvi.png,0.13924,0.027991,0.00086,0.011318,0.781237,0.43551,0.07776,0.09793,0.158847,0.047542,0.005865,0.01668,1.078615,0.749979,0.163988,0.099059,-0.21299,-0.696231,-0.868071,0.072875,0.48805,0.26524,0.055063,0.064129,0.185302,0.038855,-0.00211,0.019919
Meghalaya,Maize,2006,Kharif,25.5379432,91.2999102,2006-07-01,2006-10-28,7,Landsat 5/7 SR,0.6,0.05,datasets\test_images\2006\rgb\meghalaya_2006_maize_kharif_rgb.png,datasets\test_images\2006\ndvi\meghalaya_2006_maize_kharif_ndvi.png,0.218605,0.030279,0.002592,0.012741,0.886475,0.4461,-0.039267,0.094189,0.255675,0.051003,0.008862,0.017612,0.962487,0.733773,-0.227326,0.096091,0.28167,-0.695628,-0.873764,0.069897,0.581811,0.279645,0.029817,0.05914,0.234225,0.043558,0.00438,0.019505
Meghalaya,Maize,2007,Kharif,25.5379432,91.2999102,2007-07-01,2007-10-28,6,Landsat 5/7 SR,0.6,0.05,datasets\test_images\2007\rgb\meghalaya_2007_maize_kharif_rgb.png,datasets\test_images\2007\ndvi\meghalaya_2007_maize_kharif_ndvi.png,0.121131,0.026285,0.010306,0.007395,0.69483,0.422781,-0.062886,0.067767,0.177053,0.049452,0.021911,0.011972,0.89497,0.729233,-0.302877,0.085137,0.374702,-0.683407,-0.82801,0.06436,0.443926,0.263858,0.032196,0.037407,0.176695,0.041424,0.013249,0.014876
Meghalaya,Maize,2008,Kharif,25.5379432,91.2999102,2008-07-01,2008-10-28,6,Landsat 5/7 SR,0.6,0.05,datasets\test_images\2008\rgb\meghalaya_2008_maize_kharif_rgb.png,datasets\test_images\2008\ndvi\meghalaya_2008_maize_kharif_ndvi.png,0.136421,0.027498,0.003981,0.009167,0.736207,0.412604,-0.023951,0.074382,0.168637,0.048416,0.00559,0.013762,0.969334,0.715366,-0.181197,0.095262,0.264054,-0.683744,-0.877324,0.067394,0.481725,0.25926,0.026902,0.042161,0.20799,0.043217,0.00086,0.017885
Meghalaya,Maize,2009,Kharif,25.5379432,91.2999102,2009-07-01,2009-10-28,6,Landsat 5/7 SR,0.6,0.05,datasets\test_images\2009\rgb\meghalaya_2009_maize_kharif_rgb.png,datasets\test_images\2009\ndvi\meghalaya_2009_maize_kharif_ndvi.png,0.144121,0.033292,0.009825,0.010818,0.709137,0.40323,-0.036367,0.068814,0.205377,0.057267,0.020701,0.015862,0.87291,0.681713,-0.163156,0.091608,0.246987,-0.645023,-0.820968,0.06888,0.456714,0.263189,0.044626,0.042185,0.248773,0.050557,0.013469,0.018542
Meghalaya,Maize,2010,Kharif,25.5379432,91.2999102,2010-07-01,2010-10-28,4,Landsat 5/7 SR,0.6,0.05,datasets\test_images\2010\rgb\meghalaya_2010_maize_kharif_rgb.png,datasets\test_images\2010\ndvi\meghalaya_2010_maize_kharif_ndvi.png,0.163165,0.02344,0.00262,0.009863,0.903213,0.438311,-0.016448,0.080395,0.167208,0.044605,0.007405,0.014066,0.947549,0.764404,-0.120563,0.092414,0.202309,-0.713904,-0.883279,0.066824,0.548137,0.265751,0.026078,0.048135,0.227075,0.036091,0.004077,0.01674
Meghalaya,Maize,2011,Kharif,25.5379432,91.2999102,2011-07-01,2011-10-28,5,Landsat 5/7 SR,0.6,0.05,datasets\test_images\2011\rgb\meghalaya_2011_maize_kharif_rgb.png,datasets\test_images\2011\ndvi\meghalaya_2011_maize_kharif_ndvi.png,0.155685,0.030727,0.00614,0.009902,0.82783,0.441757,-0.009866,0.085601,0.247315,0.051943,0.008175,0.014609,0.950994,0.727376,-0.043657,0.091389,0.091744,-0.681951,-0.847226,0.06891,0.525863,0.275833,0.0431,0.050721,0.22757,0.04375,0.003472,0.017643
Meghalaya,Maize,2012,Whole Year,25.5379432,91.2999102,2012-01-01,2012-12-28,19,Landsat 5/7 SR,0.6,0.05,datasets\test_images\2012\rgb\meghalaya_2012_maize_whole_year_rgb.png,datasets\test_images\2012\ndvi\meghalaya_2012_maize_whole_year_ndvi.png,0.117185,0.034512,0.011777,0.010158,0.602523,0.248757,-0.015324,0.082535,0.154227,0.051105,0.016452,0.014851,0.872498,0.524445,-0.078232,0.157644,0.115337,-0.561533,-0.800251,0.099163,0.36265,0.188291,0.041313,0.032455,0.249639,0.057559,0.01175,0.025069
Meghalaya,Maize,2013,Whole Year,25.5379432,91.2999102,2013-01-01,2013-12-28,13,Landsat 8 SR,0.6,0.05,datasets\test_images\2013\rgb\meghalaya_2013_maize_whole_year_rgb.png,datasets\test_images\2013\ndvi\meghalaya_2013_maize_whole_year_ndvi.png,0.106928,0.013127,-0.01465,0.009515,0.667394,0.288511,-0.104667,0.088112,0.191242,0.04104,0.003156,0.016269,0.934563,0.638985,-0.603418,0.168278,0.606775,-0.683711,-0.903,0.098654,0.435525,0.211441,0.018762,0.04684,0.254987,0.048445,0.002592,0.027854
Meghalaya,Maize,2014,Whole Year,25.5379432,91.2999102,2014-01-01,2014-12-28,21,Landsat 8 SR,0.6,0.05,datasets\test_images\2014\rgb\meghalaya_2014_maize_whole_year_rgb.png,datasets\test_images\2014\ndvi\meghalaya_2014_maize_whole_year_ndvi.png,0.094195,0.018228,-0.003897,0.009363,0.608564,0.249611,-0.073317,0.074841,0.176943,0.04608,0.012657,0.016004,0.868772,0.563682,-0.389565,0.154187,0.403011,-0.614985,-0.820867,0.093092,0.381886,0.196662,0.018309,0.035324,0.258288,0.055344,0.009646,0.026709
Meghalaya,Maize,2015,Kharif,25.5379432,91.2999102,2015-07-01,2015-10-28,6,Landsat 8 SR,0.6,0.05,datasets\test_images\2015\rgb\meghalaya_2015_maize_kharif_rgb.png,datasets\test_images\2015\ndvi\meghalaya_2015_maize_kharif_ndvi.png,0.163921,0.016234,-0.030848,0.007129,0.677495,0.369333,-0.044588,0.072898,0.197732,0.056515,0.016122,0.013879,0.900752,0.670026,-0.160474,0.10134,0.147934,-0.654617,-0.836382,0.066577,0.450512,0.270701,0.0651,0.039223,0.226168,0.053955,0.011035,0.020179
Meghalaya,Maize,2016,Kharif,25.5379432,91.2999102,2016-07-01,2016-10-28,4,Landsat 8 SR,0.6,0.05,datasets\test_images\2016\rgb\meghalaya_2016_maize_kharif_rgb.png,datasets\test_images\2016\ndvi\meghalaya_2016_maize_kharif_ndvi.png,0.207962,0.014661,-0.153855,0.010732,0.786255,0.448115,-0.10692,0.098881,0.241237,0.04982,-0.005658,0.016595,2.2469,0.767985,-0.907221,0.096041,0.925407,-0.711812,-2.27065,0.06849,0.543105,0.29586,0.002757,0.066596,0.24,0.039517,-0.02037,0.019929
Meghalaya,Maize,2017,Kharif,25.5379432,91.2999102,2017-07-01,2017-10-28,3,Landsat 8 SR,0.6,0.05,datasets\test_images\2017\rgb\meghalaya_2017_maize_kharif_rgb.png,datasets\test_images\2017\ndvi\meghalaya_2017_maize_kharif_ndvi.png,0.164733,0.01479,-0.074518,0.007146,0.778692,0.430075,-0.033452,0.083324,0.190569,0.046957,0.016535,0.012642,0.952937,0.756011,-0.194937,0.094292,0.278774,-0.712628,-0.860009,0.063608,0.508593,0.281216,0.03166,0.049196,0.22493,0.039034,0.007254,0.016931
Meghalaya,Maize,2018,Kharif,25.5379432,91.2999102,2018-07-01,2018-10-28,6,Landsat 8 SR,0.6,0.05,datasets\test_images\2018\rgb\meghalaya_2018_maize_kharif_rgb.png,datasets\test_images\2018\ndvi\meghalaya_2018_maize_kharif_ndvi.png,0.227185,0.013409,-0.068193,0.007454,0.839012,0.455782,-0.083406,0.089808,0.279518,0.046702,0.009825,0.013795,1.004781,0.785106,-0.735739,0.095628,0.773265,-0.724662,-0.886778,0.068035,0.557405,0.292424,0.007047,0.055932,0.26387,0.035449,-0.001574,0.017493
Meghalaya,Maize,2019,Kharif,25.5379432,91.2999102,2019-07-01,2019-10-28,8,Sentinel-2 SR,0.6,0.05,datasets\test_images\2019\rgb\meghalaya_2019_maize_kharif_rgb.png,datasets\test_images\2019\ndvi\meghalaya_2019_maize_kharif_ndvi.png,0.2952,0.033224,0.011,0.01208,0.904882,0.463423,-0.126187,0.115145,0.30115,0.057305,0.0177,0.01595,0.91245,0.729192,-0.490128,0.128852,0.582418,-0.651092,-0.820923,0.090749,0.573,0.281068,0.0211,0.053019,0.32155,0.04302,0.0109,0.022345
Meghalaya,Rice,1997,Kharif,25.5379432,91.2999102,1997-07-01,1997-10-28,2,Landsat 5/7 SR,0.6,0.05,datasets\test_images\1997\rgb\meghalaya_1997_rice_rgb.png,datasets\test_images\1997\ndvi\meghalaya_1997_rice_ndvi.png,0.150983,0.038644,0.007625,0.012295,0.89705,0.518592,0.06332,0.119848,0.186513,0.063875,0.01351,0.01831,0.936466,0.732439,0.160904,0.095281,-0.09981,-0.674908,-0.839016,0.076756,0.593843,0.333615,0.063175,0.077824,0.19688,0.051077,0.005397,0.020669
Meghalaya,Rice,1998,Kharif,25.5379432,91.2999102,1998-07-01,1998-10-28,2,Landsat 5/7 SR,0.6,0.05,datasets\test_images\1998\rgb\meghalaya_1998_rice_rgb.png,datasets\test_images\1998\ndvi\meghalaya_1998_rice_ndvi.png,0.251522,0.045424,0.009137,0.014557,0.805941,0.463664,0.107406,0.099525,0.28598,0.067776,0.01637,0.019426,0.848924,0.679548,0.173127,0.086599,-0.252875,-0.63029,-0.79387,0.070954,0.494155,0.301354,0.061387,0.064065,0.289555,0.05756,0.008532,0.021957
Meghalaya,Rice,1999,Kharif,25.5379432,91.2999102,1999-07-01,1999-10-28,4,Landsat 5/7 SR,0.6,0.05,datasets\test_images\1999\rgb\meghalaya_1999_rice_rgb.png,datasets\test_images\1999\ndvi\meghalaya_1999_rice_ndvi.png,0.27652,0.035626,-0.059255,0.017688,6.935049,0.451205,-1494.705882,6.382949,0.548137,0.0598,-0.020095,0.023674,1.026429,0.729643,-0.310414,0.092452,0.390312,-0.676265,-1.518916,0.077257,0.87107,0.305554,0.055173,0.070768,0.454555,0.04874,-0.00343,0.023586
Meghalaya,Rice,1999,Rabi,25.5379432,91.2999102,1999-11-01,2000-04-28,12,Landsat 5/7 SR,0.6,0.05,datasets\test_images\1999\rgb\meghalaya_1999_rice_rgb.png,datasets\test_images\1999\ndvi\meghalaya_1999_rice_ndvi.png,0.09535,0.032689,0.010265,0.01028,0.633188,0.224012,0.042661,0.086749,0.16146,0.049337,0.012135,0.016155,0.865805,0.498831,0.125115,0.168599,-0.18703,-0.558421,-0.809139,0.10973,0.390425,0.175918,0.03771,0.041281,0.234239,0.05851,0.010458,0.02637
Meghalaya,Rice,2000,Kharif,25.5379432,91.2999102,2000-07-01,2000-10-28,7,Landsat 5/7 SR,0.6,0.05,datasets\test_images\2000\rgb\meghalaya_2000_rice_kharif_rgb.png,datasets\test_images\2000\ndvi\meghalaya_2000_rice_kharif_ndvi.png,0.096918,0.02557,0.00658,0.007715,0.767482,0.385941,0.071749,0.071937,0.142018,0.044709,0.011736,0.012359,0.915153,0.713121,0.153742,0.093687,-0.223181,-0.68723,-0.851901,0.063738,0.480295,0.241337,0.068029,0.042291,0.174083,0.04097,0.008862,0.016304
Meghalaya,Rice,2000,Rabi,25.5379432,91.2999102,2000-11-01,2001-04-28,14,Landsat 5/7 SR,0.6,0.05,datasets\test_images\2000\rgb\meghalaya_2000_rice_rabi_rgb.png,datasets\test_images\2000\ndvi\meghalaya_2000_rice_rabi_ndvi.png,0.098073,0.039878,0.01725,0.008955,0.554647,0.217153,0.02372,0.071173,0.157143,0.057163,0.020344,0.014361,0.808609,0.458414,0.083987,0.138933,-0.152682,-0.506774,-0.753427,0.089254,0.334091,0.181014,0.048545,0.031971,0.219348,0.065798,0.016095,0.0233
Meghalaya,Rice,2001,Kharif,25.5379432,91.2999102,2001-07-01,2001-10-28,3,Landsat 5/7 SR,0.6,0.05,datasets\test_images\2001\rgb\meghalaya_2001_rice_kharif_rgb.png,datasets\test_images\2001\ndvi\meghalaya_2001_rice_kharif_ndvi.png,0.208732,0.024175,0.002565,0.012268,0.781357,0.481613,0.016067,0.092083,0.23692,0.05033,0.010733,0.015187,0.947126,0.775933,0.037825,0.093717,-0.022506,-0.706743,-0.84642,0.072685,0.505925,0.295619,0.05553,0.052203,0.234803,0.037065,0.004408,0.017713
Meghalaya,Rice,2002,Kharif,25.5379432,91.2999102,2002-07-01,2002-10-28,3,Landsat 5/7 SR,0.6,0.05,datasets\test_images\2002\rgb\meghalaya_2002_rice_kharif_rgb.png,datasets\test_images\2002\ndvi\meghalaya_2002_rice_kharif_ndvi.png,0.149195,0.024523,0.004187,0.008493,0.833104,0.462677,0.064623,0.075635,0.18148,0.048425,0.011942,0.012972,0.928616,0.764346,0.156243,0.087502,-0.202452,-0.709399,-0.855748,0.063812,0.535598,0.284918,0.0695,0.042305,0.200373,0.03834,0.004958,0.016399
Meghalaya,Rice,2003,Kharif,25.5379432,91.2999102,2003-07-01,2003-10-28,2,Landsat 5/7 SR,0.6,0.05,datasets\test_images\2003\rgb\meghalaya_2003_rice_kharif_rgb.png,datasets\test_images\2003\ndvi\meghalaya_2003_rice_kharif_ndvi.png,0.097715,0.092028,0.08534,0.003248,0.693609,0.609101,0.522308,0.05561,0.11295,0.103604,0.094525,0.006404,0.67612,0.630081,0.585136,0.028474,-0.526321,-0.569114,-0.623097,0.029902,0.431648,0.378502,0.33273,0.028617,0.096835,0.085627,0.078657,0.00622
Meghalaya,Rice,2004,Autumn,25.5379432,91.2999102,2004-07-01,2004-10-28,5,Landsat 5/7 SR,0.6,0.05,datasets\test_images\2004\rgb\meghalaya_2004_rice_rgb.png,datasets\test_images\2004\ndvi\meghalaya_2004_rice_ndvi.png,0.209942,0.033105,0.001465,0.012316,0.795297,0.443045,0.014538,0.08105,0.258563,0.053539,0.007323,0.016442,1.000702,0.719836,0.05777,0.089995,-0.038104,-0.677684,-0.853189,0.069627,0.504261,0.278184,0.048655,0.049918,0.240797,0.045852,-2e-05,0.018964
Meghalaya,Rice,2004,Summer,25.5379432,91.2999102,2004-03-01,2004-06-28,6,Landsat 5/7 SR,0.6,0.05,datasets\test_images\2004\rgb\meghalaya_2004_rice_rgb.png,datasets\test_images\2004\ndvi\meghalaya_2004_rice_ndvi.png,0.201679,0.043787,0.012327,0.013585,0.546822,0.22246,-0.008139,0.073828,0.225191,0.062756,0.014198,0.018286,0.817549,0.449572,-0.05317,0.133528,0.130476,-0.491411,-0.758442,0.090424,0.36892,0.183883,0.029872,0.036601,0.238378,0.070763,0.01681,0.025008
Meghalaya,Rice,2004,Winter,25.5379432,91.2999102,2004-07-01,2004-10-28,5,Landsat 5/7 SR,0.6,0.05,datasets\test_images\2004\rgb\meghalaya_2004_rice_rgb.png,datasets\test_images\2004\ndvi\meghalaya_2004_rice_ndvi.png,0.209942,0.033105,0.001465,0.012316,0.795297,0.443045,0.014538,0.08105,0.258563,0.053539,0.007323,0.016442,1.000702,0.719836,0.05777,0.089995,-0.038104,-0.677684,-0.853189,0.069627,0.504261,0.278184,0.048655,0.049918,0.240797,0.045852,-2e-05,0.018964
Meghalaya,Rice,2004,Kharif,25.5379432,91.2999102,2004-07-01,2004-10-28,8,Landsat 5/7 SR,0.6,0.05,datasets\test_images\2004\rgb\meghalaya_2004_rice_kharif_rgb.png,datasets\test_images\2004\ndvi\meghalaya_2004_rice_kharif_ndvi.png,0.186843,0.037823,0.001465,0.015738,0.795297,0.451962,0.019865,0.080103,0.217697,0.058923,0.007323,0.019886,1.000702,0.706653,0.074947,0.091062,-0.083207,-0.663586,-0.843859,0.073512,0.504261,0.288478,0.052725,0.051897,0.261037,0.05047,-2e-05,0.021199
Meghalaya,Rice,2005,Autumn,25.5379432,91.2999102,2005-07-01,2005-10-28,4,Landsat 5/7 SR,0.6,0.05,datasets\test_images\2005\rgb\meghalaya_2005_rice_rgb.png,datasets\test_images\2005\ndvi\meghalaya_2005_rice_ndvi.png,0.13924,0.027991,0.00086,0.011318,0.781237,0.43551,0.07776,0.09793,0.158847,0.047542,0.005865,0.01668,1.078615,0.749979,0.163988,0.099059,-0.21299,-0.696231,-0.868071,0.072875,0.48805,0.26524,0.055063,0.064129,0.185302,0.038855,-0.00211,0.019919
Meghalaya,Rice,2005,Summer,25.5379432,91.2999102,2005-03-01,2005-06-28,6,Landsat 5/7 SR,0.6,0.05,datasets\test_images\2005\rgb\meghalaya_2005_rice_rgb.png,datasets\test_images\2005\ndvi\meghalaya_2005_rice_ndvi.png,0.148191,0.046873,0.021911,0.009838,0.617824,0.219069,-0.014854,0.073583,0.16883,0.064934,0.026284,0.014184,0.76734,0.437984,-0.0474,0.123337,-0.022729,-0.478731,-0.727485,0.079549,0.37442,0.180626,0.065485,0.032973,0.21283,0.071898,0.024703,0.021401
Meghalaya,Rice,2005,Winter,25.5379432,91.2999102,2005-07-01,2005-10-28,4,Landsat 5/7 SR,0.6,0.05,datasets\test_images\2005\rgb\meghalaya_2005_rice_rgb.png,datasets\test_images\2005\ndvi\meghalaya_2005_rice_ndvi.png,0.13924,0.027991,0.00086,0.011318,0.781237,0.43551,0.07776,0.09793,0.158847,0.047542,0.005865,0.01668,1.078615,0.749979,0.163988,0.099059,-0.21299,-0.696231,-0.868071,0.072875,0.48805,0.26524,0.055063,0.064129,0.185302,0.038855,-0.00211,0.019919
Meghalaya,Rice,2005,Kharif,25.5379432,91.2999102,2005-07-01,2005-10-28,4,Landsat 5/7 SR,0.6,0.05,datasets\test_images\2005\rgb\meghalaya_2005_rice_kharif_rgb.png,datasets\test_images\2005\ndvi\meghalaya_2005_rice_kharif_ndvi.png,0.13924,0.027991,0.00086,0.011318,0.781237,0.43551,0.07776,0.09793,0.158847,0.047542,0.005865,0.01668,1.078615,0.749979,0.163988,0.099059,-0.21299,-0.696231,-0.868071,0.072875,0.48805,0.26524,0.055063,0.064129,0.185302,0.038855,-0.00211,0.019919
Meghalaya,Rice,2006,Autumn,25.5379432,91.2999102,2006-07-01,2006-10-28,7,Landsat 5/7 SR,0.6,0.05,datasets\test_images\2006\rgb\meghalaya_2006_rice_autumn_rgb.png,datasets\test_images\2006\ndvi\meghalaya_2006_rice_autumn_ndvi.png,0.218605,0.030279,0.002592,0.012741,0.886475,0.4461,-0.039267,0.094189,0.255675,0.051003,0.008862,0.017612,0.962487,0.733773,-0.227326,0.096091,0.28167,-0.695628,-0.873764,0.069897,0.581811,0.279645,0.029817,0.05914,0.234225,0.043558,0.00438,0.019505
Meghalaya,Rice,2006,Rabi,25.5379432,91.2999102,2006-11-01,2007-04-28,16,Landsat 5/7 SR,0.6,0.05,datasets\test_images\2006\rgb\meghalaya_2006_rice_rabi_rgb.png,datasets\test_images\2006\ndvi\meghalaya_2006_rice_rabi_ndvi.png,0.116992,0.036272,0.013483,0.009147,0.637443,0.235419,-0.025537,0.080997,0.151642,0.053224,0.017442,0.014169,0.85183,0.51092,-0.205658,0.149487,0.256067,-0.539485,-0.793482,0.093346,0.41281,0.17784,0.026325,0.037949,0.21349,0.057974,0.012685,0.023669
Meghalaya,Rice,2006,Winter,25.5379432,91.2999102,2006-07-01,2006-10-28,7,Landsat 5/7 SR,0.6,0.05,datasets\test_images\2006\rgb\meghalaya_2006_rice_winter_rgb.png,datasets\test_images\2006\ndvi\meghalaya_2006_rice_winter_ndvi.png,0.218605,0.030279,0.002592,0.012741,0.886475,0.4461,-0.039267,0.094189,0.255675,0.051003,0.008862,0.017612,0.962487,0.733773,-0.227326,0.096091,0.28167,-0.695628,-0.873764,0.069897,0.581811,0.279645,0.029817,0.05914,0.234225,0.043558,0.00438,0.019505
Meghalaya,Rice,2006,Kharif,25.5379432,91.2999102,2006-07-01,2006-10-28,7,Landsat 5/7 SR,0.6,0.05,datasets\test_images\2006\rgb\meghalaya_2006_rice_kharif_rgb.png,datasets\test_images\2006\ndvi\meghalaya_2006_rice_kharif_ndvi.png,0.218605,0.030279,0.002592,0.012741,0.886475,0.4461,-0.039267,0.094189,0.255675,0.051003,0.008862,0.017612,0.962487,0.733773,-0.227326,0.096091,0.28167,-0.695628,-0.873764,0.069897,0.581811,0.279645,0.029817,0.05914,0.234225,0.043558,0.00438,0.019505
Meghalaya,Rice,2007,Kharif,25.5379432,91.2999102,2007-07-01,2007-10-28,6,Landsat 5/7 SR,0.6,0.05,datasets\test_images\2007\rgb\meghalaya_2007_rice_kharif_rgb.png,datasets\test_images\2007\ndvi\meghalaya_2007_rice_kharif_ndvi.png,0.121131,0.026285,0.010306,0.007395,0.69483,0.422781,-0.062886,0.067767,0.177053,0.049452,0.021911,0.011972,0.89497,0.729233,-0.302877,0.085137,0.374702,-0.683407,-0.82801,0.06436,0.443926,0.263858,0.032196,0.037407,0.176695,0.041424,0.013249,0.014876
Meghalaya,Rice,2008,Autumn,25.5379432,91.2999102,2008-07-01,2008-10-28,6,Landsat 5/7 SR,0.6,0.05,datasets\test_images\2008\rgb\meghalaya_2008_rice_autumn_rgb.png,datasets\test_images\2008\ndvi\meghalaya_2008_rice_autumn_ndvi.png,0.136421,0.027498,0.003981,0.009167,0.736207,0.412604,-0.023951,0.074382,0.168637,0.048416,0.00559,0.013762,0.969334,0.715366,-0.181197,0.095262,0.264054,-0.683744,-0.877324,0.067394,0.481725,0.25926,0.026902,0.042161,0.20799,0.043217,0.00086,0.017885
Meghalaya,Rice,2008,Summer,25.5379432,91.2999102,2008-03-01,2008-06-28,12,Landsat 5/7 SR,0.6,0.05,datasets\test_images\2008\rgb\meghalaya_2008_rice_summer_rgb.png,datasets\test_images\2008\ndvi\meghalaya_2008_rice_summer_ndvi.png,0.102651,0.044789,0.024015,0.007304,0.611459,0.290148,0.01637,0.070153,0.145496,0.066578,0.041079,0.010824,0.808355,0.530071,0.060044,0.102746,0.027023,-0.523473,-0.73547,0.070233,0.386781,0.214092,0.059215,0.030094,0.183405,0.066242,0.030478,0.016393
Meghalaya,Rice,2008,Winter,25.5379432,91.2999102,2008-07-01,2008-10-28,6,Landsat 5/7 SR,0.6,0.05,datasets\test_images\2008\rgb\meghalaya_2008_rice_winter_rgb.png,datasets\test_images\2008\ndvi\meghalaya_2008_rice_winter_ndvi.png,0.136421,0.027498,0.003981,0.009167,0.736207,0.412604,-0.023951,0.074382,0.168637,0.048416,0.00559,0.013762,0.969334,0.715366,-0.181197,0.095262,0.264054,-0.683744,-0.877324,0.067394,0.481725,0.25926,0.026902,0.042161,0.20799,0.043217,0.00086,0.017885
Meghalaya,Rice,2008,Kharif,25.5379432,91.2999102,2008-07-01,2008-10-28,6,Landsat 5/7 SR,0.6,0.05,datasets\test_images\2008\rgb\meghalaya_2008_rice_kharif_rgb.png,datasets\test_images\2008\ndvi\meghalaya_2008_rice_kharif_ndvi.png,0.136421,0.027498,0.003981,0.009167,0.736207,0.412604,-0.023951,0.074382,0.168637,0.048416,0.00559,0.013762,0.969334,0.715366,-0.181197,0.095262,0.264054,-0.683744,-0.877324,0.067394,0.481725,0.25926,0.026902,0.042161,0.20799,0.043217,0.00086,0.017885
Meghalaya,Rice,2009,Autumn,25.5379432,91.2999102,2009-07-01,2009-10-28,6,Landsat 5/7 SR,0.6,0.05,datasets\test_images\2009\rgb\meghalaya_2009_rice_autumn_rgb.png,datasets\test_images\2009\ndvi\meghalaya_2009_rice_autumn_ndvi.png,0.144121,0.033292,0.009825,0.010818,0.709137,0.40323,-0.036367,0.068814,0.205377,0.057267,0.020701,0.015862,0.87291,0.681713,-0.163156,0.091608,0.246987,-0.645023,-0.820968,0.06888,0.456714,0.263189,0.044626,0.042185,0.248773,0.050557,0.013469,0.018542
Meghalaya,Rice,2009,Summer,25.5379432,91.2999102,2009-03-01,2009-06-28,11,Landsat 5/7 SR,0.6,0.05,datasets\test_images\2009\rgb\meghalaya_2009_rice_summer_rgb.png,datasets\test_images\2009\ndvi\meghalaya_2009_rice_summer_ndvi.png,0.118835,0.043838,0.019065,0.008707,0.594283,0.238037,-0.016996,0.071488,0.1553,0.063759,0.028415,0.012117,0.803611,0.465918,-0.073851,0.125531,0.08764,-0.505464,-0.744098,0.082081,0.36254,0.195027,0.057235,0.027299,0.212775,0.069566,0.023932,0.020616
Meghalaya,Rice,2009,Winter,25.5379432,91.2999102,2009-07-01,2009-10-28,6,Landsat 5/7 SR,0.6,0.05,datasets\test_images\2009\rgb\meghalaya_2009_rice_winter_rgb.png,datasets\test_images\2009\ndvi\meghalaya_2009_rice_winter_ndvi.png,0.144121,0.033292,0.009825,0.010818,0.709137,0.40323,-0.036367,0.068814,0.205377,0.057267,0.020701,0.015862,0.87291,0.681713,-0.163156,0.091608,0.246987,-0.645023,-0.820968,0.06888,0.456714,0.263189,0.044626,0.042185,0.248773,0.050557,0.013469,0.018542
Meghalaya,Rice,2009,Kharif,25.5379432,91.2999102,2009-07-01,2009-10-28,6,Landsat 5/7 SR,0.6,0.05,datasets\test_images\2009\rgb\meghalaya_2009_rice_kharif_rgb.png,datasets\test_images\2009\ndvi\meghalaya_2009_rice_kharif_ndvi.png,0.144121,0.033292,0.009825,0.010818,0.709137,0.40323,-0.036367,0.068814,0.205377,0.057267,0.020701,0.015862,0.87291,0.681713,-0.163156,0.091608,0.246987,-0.645023,-0.820968,0.06888,0.456714,0.263189,0.044626,0.042185,0.248773,0.050557,0.013469,0.018542
Meghalaya,Rice,2010,Autumn,25.5379432,91.2999102,2010-07-01,2010-10-28,4,Landsat 5/7 SR,0.6,0.05,datasets\test_images\2010\rgb\meghalaya_2010_rice_autumn_rgb.png,datasets\test_images\2010\ndvi\meghalaya_2010_rice_autumn_ndvi.png,0.163165,0.02344,0.00262,0.009863,0.903213,0.438311,-0.016448,0.080395,0.167208,0.044605,0.007405,0.014066,0.947549,0.764404,-0.120563,0.092414,0.202309,-0.713904,-0.883279,0.066824,0.548137,0.265751,0.026078,0.048135,0.227075,0.036091,0.004077,0.01674
Meghalaya,Rice,2010,Rabi,25.5379432,91.2999102,2010-11-01,2011-04-28,18,Landsat 5/7 SR,0.6,0.05,datasets\test_images\2010\rgb\meghalaya_2010_rice_rabi_rgb.png,datasets\test_images\2010\ndvi\meghalaya_2010_rice_rabi_ndvi.png,0.142568,0.035958,0.01098,0.010012,0.583154,0.232846,-0.021465,0.079884,0.178978,0.053081,0.015132,0.015014,0.862597,0.495449,-0.117104,0.158907,0.189918,-0.53789,-0.787121,0.102946,0.356449,0.183904,0.029199,0.034396,0.225343,0.0603,0.011557,0.024872
Meghalaya,Rice,2010,Winter,25.5379432,91.2999102,2010-07-01,2010-10-28,4,Landsat 5/7 SR,0.6,0.05,datasets\test_images\2010\rgb\meghalaya_2010_rice_winter_rgb.png,datasets\test_images\2010\ndvi\meghalaya_2010_rice_winter_ndvi.png,0.163165,0.02344,0.00262,0.009863,0.903213,0.438311,-0.016448,0.080395,0.167208,0.044605,0.007405,0.014066,0.947549,0.764404,-0.120563,0.092414,0.202309,-0.713904,-0.883279,0.066824,0.548137,0.265751,0.026078,0.048135,0.227075,0.036091,0.004077,0.01674
Meghalaya,Rice,2010,Kharif,25.5379432,91.2999102,2010-07-01,2010-10-28,4,Landsat 5/7 SR,0.6,0.05,datasets\test_images\2010\rgb\meghalaya_2010_rice_kharif_rgb.png,datasets\test_images\2010\ndvi\meghalaya_2010_rice_kharif_ndvi.png,0.163165,0.02344,0.00262,0.009863,0.903213,0.438311,-0.016448,0.080395,0.167208,0.044605,0.007405,0.014066,0.947549,0.764404,-0.120563,0.092414,0.202309,-0.713904,-0.883279,0.066824,0.548137,0.265751,0.026078,0.048135,0.227075,0.036091,0.004077,0.01674
Meghalaya,Rice,2011,Autumn,25.5379432,91.2999102,2011-07-01,2011-10-28,5,Landsat 5/7 SR,0.6,0.05,datasets\test_images\2011\rgb\meghalaya_2011_rice_autumn_rgb.png,datasets\test_images\2011\ndvi\meghalaya_2011_rice_autumn_ndvi.png,0.155685,0.030727,0.00614,0.009902,0.82783,0.441757,-0.009866,0.085601,0.247315,0.051943,0.008175,0.014609,0.950994,0.727376,-0.043657,0.091389,0.091744,-0.681951,-0.847226,0.06891,0.525863,0.275833,0.0431,0.050721,0.22757,0.04375,0.003472,0.017643
Meghalaya,Rice,2011,Rabi,25.5379432,91.2999102,2011-11-01,2012-04-28,10,Landsat 5/7 SR,0.6,0.05,datasets\test_images\2011\rgb\meghalaya_2011_rice_rabi_rgb.png,datasets\test_images\2011\ndvi\meghalaya_2011_rice_rabi_ndvi.png,0.118258,0.034704,0.011063,0.010441,0.586413,0.221553,-0.023029,0.076991,0.153622,0.050138,0.014417,0.015152,0.880246,0.493532,-0.168032,0.160844,0.161644,-0.539311,-0.808611,0.101765,0.349038,0.174331,0.030807,0.03025,0.248167,0.058546,0.008945,0.025195
Meghalaya,Rice,2011,Winter,25.5379432,91.2999102,2011-07-01,2011-10-28,5,Landsat 5/7 SR,0.6,0.05,datasets\test_images\2011\rgb\meghalaya_2011_rice_winter_rgb.png,datasets\test_images\2011\ndvi\meghalaya_2011_rice_winter_ndvi.png,0.155685,0.030727,0.00614,0.009902,0.82783,0.441757,-0.009866,0.085601,0.247315,0.051943,0.008175,0.014609,0.950994,0.727376,-0.043657,0.091389,0.091744,-0.681951,-0.847226,0.06891,0.525863,0.275833,0.0431,0.050721,0.22757,0.04375,0.003472,0.017643
Meghalaya,Rice,2011,Kharif,25.5379432,91.2999102,2011-07-01,2011-10-28,5,Landsat 5/7 SR,0.6,0.05,datasets\test_images\2011\rgb\meghalaya_2011_rice_kharif_rgb.png,datasets\test_images\2011\ndvi\meghalaya_2011_rice_kharif_ndvi.png,0.155685,0.030727,0.00614,0.009902,0.82783,0.441757,-0.009866,0.085601,0.247315,0.051943,0.008175,0.014609,0.950994,0.727376,-0.043657,0.091389,0.091744,-0.681951,-0.847226,0.06891,0.525863,0.275833,0.0431,0.050721,0.22757,0.04375,0.003472,0.017643
Meghalaya,Rice,2012,Autumn,25.5379432,91.2999102,2012-07-01,2012-10-28,5,Landsat 5/7 SR,0.6,0.05,datasets\test_images\2012\rgb\meghalaya_2012_rice_autumn_rgb.png,datasets\test_images\2012\ndvi\meghalaya_2012_rice_autumn_ndvi.png,0.124912,0.024327,0.005865,0.008289,0.760692,0.438926,-0.1007,0.082866,0.193277,0.046431,0.014637,0.013165,0.941646,0.75075,-0.313295,0.108477,0.369861,-0.706004,-0.858512,0.073117,0.46506,0.27089,0.042495,0.043214,0.265465,0.038791,0.006717,0.019157
Meghalaya,Rice,2012,Rabi,25.5379432,91.2999102,2012-11-01,2013-04-28,9,Landsat 5/7 SR,0.6,0.05,datasets\test_images\2012\rgb\meghalaya_2012_rice_rabi_rgb.png,datasets\test_images\2012\ndvi\meghalaya_2012_rice_rabi_ndvi.png,0.1344,0.037298,0.012699,0.010764,0.57609,0.213812,-0.094445,0.077674,0.218055,0.053879,0.018872,0.016906,0.832803,0.459133,-0.286642,0.160183,0.156156,-0.520787,-0.781267,0.101783,0.380168,0.178147,0.034438,0.031737,0.293735,0.065299,0.014363,0.028794
Meghalaya,Rice,2012,Winter,25.5379432,91.2999102,2012-07-01,2012-10-28,5,Landsat 5/7 SR,0.6,0.05,datasets\test_images\2012\rgb\meghalaya_2012_rice_winter_rgb.png,datasets\test_images\2012\ndvi\meghalaya_2012_rice_winter_ndvi.png,0.124912,0.024327,0.005865,0.008289,0.760692,0.438926,-0.1007,0.082866,0.193277,0.046431,0.014637,0.013165,0.941646,0.75075,-0.313295,0.108477,0.369861,-0.706004,-0.858512,0.073117,0.46506,0.27089,0.042495,0.043214,0.265465,0.038791,0.006717,0.019157
Meghalaya,Rice,2012,Kharif,25.5379432,91.2999102,2012-07-01,2012-10-28,5,Landsat 5/7 SR,0.6,0.05,datasets\test_images\2012\rgb\meghalaya_2012_rice_kharif_rgb.png,datasets\test_images\2012\ndvi\meghalaya_2012_rice_kharif_ndvi.png,0.124912,0.024327,0.005865,0.008289,0.760692,0.438926,-0.1007,0.082866,0.193277,0.046431,0.014637,0.013165,0.941646,0.75075,-0.313295,0.108477,0.369861,-0.706004,-0.858512,0.073117,0.46506,0.27089,0.042495,0.043214,0.265465,0.038791,0.006717,0.019157
Meghalaya,Rice,2013,Autumn,25.5379432,91.2999102,2013-07-01,2013-10-28,5,Landsat 8 SR,0.6,0.05,datasets\test_images\2013\rgb\meghalaya_2013_rice_autumn_rgb.png,datasets\test_images\2013\ndvi\meghalaya_2013_rice_autumn_ndvi.png,0.303112,0.018289,-0.13752,0.02096,0.799869,0.458286,-0.029586,0.102577,0.33438,0.059973,-0.01377,0.029063,1.443332,0.743546,-0.141459,0.121431,0.19584,-0.692015,-1.160966,0.091949,0.561063,0.320971,0.044118,0.072121,0.337707,0.0493,-0.042095,0.032082
Meghalaya,Rice,2013,Rabi,25.5379432,91.2999102,2013-11-01,2014-04-28,11,Landsat 8 SR,0.6,0.05,datasets\test_images\2013\rgb\meghalaya_2013_rice_rabi_rgb.png,datasets\test_images\2013\ndvi\meghalaya_2013_rice_rabi_ndvi.png,0.099282,0.018012,-0.00761,0.009863,0.612579,0.234407,-0.087097,0.075133,0.182346,0.044933,0.011337,0.015934,0.867573,0.538723,-0.41126,0.157572,0.44078,-0.601129,-0.828152,0.096289,0.387386,0.189473,0.016631,0.036144,0.258109,0.05635,0.010361,0.027252
Meghalaya,Rice,2013,Winter,25.5379432,91.2999102,2013-07-01,2013-10-28,5,Landsat 8 SR,0.6,0.05,datasets\test_images\2013\rgb\meghalaya_2013_rice_winter_rgb.png,datasets\test_images\2013\ndvi\meghalaya_2013_rice_winter_ndvi.png,0.303112,0.018289,-0.13752,0.02096,0.799869,0.458286,-0.029586,0.102577,0.33438,0.059973,-0.01377,0.029063,1.443332,0.743546,-0.141459,0.121431,0.19584,-0.692015,-1.160966,0.091949,0.561063,0.320971,0.044118,0.072121,0.337707,0.0493,-0.042095,0.032082
Meghalaya,Rice,2013,Kharif,25.5379432,91.2999102,2013-07-01,2013-10-28,5,Landsat 8 SR,0.6,0.05,datasets\test_images\2013\rgb\meghalaya_2013_rice_kharif_rgb.png,datasets\test_images\2013\ndvi\meghalaya_2013_rice_kharif_ndvi.png,0.303112,0.018289,-0.13752,0.02096,0.799869,0.458286,-0.029586,0.102577,0.33438,0.059973,-0.01377,0.029063,1.443332,0.743546,-0.141459,0.121431,0.19584,-0.692015,-1.160966,0.091949,0.561063,0.320971,0.044118,0.072121,0.337707,0.0493,-0.042095,0.032082
Meghalaya,Rice,2014,Kharif,25.5379432,91.2999102,2014-07-01,2014-10-28,6,Landsat 8 SR,0.6,0.05,datasets\test_images\2014\rgb\meghalaya_2014_rice_kharif_rgb.png,datasets\test_images\2014\ndvi\meghalaya_2014_rice_kharif_ndvi.png,0.109897,0.013294,-0.040363,0.008612,0.761363,0.397678,-0.115332,0.08978,0.19919,0.044034,0.00031,0.015883,1.199332,0.741186,-1.57306,0.121243,1.414492,-0.716708,-1.095535,0.079962,0.518878,0.264628,-0.00552,0.053959,0.281442,0.040371,-0.008971,0.023026
Meghalaya,Rice,2014,Autumn,25.5379432,91.2999102,2014-07-01,2014-10-28,6,Landsat 8 SR,0.6,0.05,datasets\test_images\2014\rgb\meghalaya_2014_rice_autumn_rgb.png,datasets\test_images\2014\ndvi\meghalaya_2014_rice_autumn_ndvi.png,0.109897,0.013294,-0.040363,0.008612,0.761363,0.397678,-0.115332,0.08978,0.19919,0.044034,0.00031,0.015883,1.199332,0.741186,-1.57306,0.121243,1.414492,-0.716708,-1.095535,0.079962,0.518878,0.264628,-0.00552,0.053959,0.281442,0.040371,-0.008971,0.023026
Meghalaya,Rice,2014,Rabi,25.5379432,91.2999102,2014-11-01,2015-04-28,11,Landsat 8 SR,0.6,0.05,datasets\test_images\2014\rgb\meghalaya_2014_rice_rabi_rgb.png,datasets\test_images\2014\ndvi\meghalaya_2014_rice_rabi_ndvi.png,0.095831,0.018509,-0.009246,0.010146,0.606918,0.232725,-0.083879,0.078159,0.176943,0.045769,0.011063,0.016685,0.872,0.54258,-0.639218,0.166738,0.692925,-0.6085,-0.825328,0.101369,0.39048,0.188667,0.01109,0.039045,0.28631,0.05698,0.009853,0.028823
Meghalaya,Rice,2014,Winter,25.5379432,91.2999102,2014-07-01,2014-10-28,6,Landsat 8 SR,0.6,0.05,datasets\test_images\2014\rgb\meghalaya_2014_rice_winter_rgb.png,datasets\test_images\2014\ndvi\meghalaya_2014_rice_winter_ndvi.png,0.109897,0.013294,-0.040363,0.008612,0.761363,0.397678,-0.115332,0.08978,0.19919,0.044034,0.00031,0.015883,1.199332,0.741186,-1.57306,0.121243,1.414492,-0.716708,-1.095535,0.079962,0.518878,0.264628,-0.00552,0.053959,0.281442,0.040371,-0.008971,0.023026
Meghalaya,Rice,2015,Kharif,25.5379432,91.2999102,2015-07-01,2015-10-28,6,Landsat 8 SR,0.6,0.05,datasets\test_images\2015\rgb\meghalaya_2015_rice_kharif_rgb.png,datasets\test_images\2015\ndvi\meghalaya_2015_rice_kharif_ndvi.png,0.163921,0.016234,-0.030848,0.007129,0.677495,0.369333,-0.044588,0.072898,0.197732,0.056515,0.016122,0.013879,0.900752,0.670026,-0.160474,0.10134,0.147934,-0.654617,-0.836382,0.066577,0.450512,0.270701,0.0651,0.039223,0.226168,0.053955,0.011035,0.020179
Meghalaya,Rice,2015,Autumn,25.5379432,91.2999102,2015-07-01,2015-10-28,6,Landsat 8 SR,0.6,0.05,datasets\test_images\2015\rgb\meghalaya_2015_rice_autumn_rgb.png,datasets\test_images\2015\ndvi\meghalaya_2015_rice_autumn_ndvi.png,0.163921,0.016234,-0.030848,0.007129,0.677495,0.369333,-0.044588,0.072898,0.197732,0.056515,0.016122,0.013879,0.900752,0.670026,-0.160474,0.10134,0.147934,-0.654617,-0.836382,0.066577,0.450512,0.270701,0.0651,0.039223,0.226168,0.053955,0.011035,0.020179
Meghalaya,Rice,2015,Rabi,25.5379432,91.2999102,2015-11-01,2016-04-28,11,Landsat 8 SR,0.6,0.05,datasets\test_images\2015\rgb\meghalaya_2015_rice_rabi_rgb.png,datasets\test_images\2015\ndvi\meghalaya_2015_rice_rabi_ndvi.png,0.079661,0.018231,-0.006826,0.009243,0.714956,0.240097,-0.099992,0.079915,0.165145,0.047197,0.01065,0.015241,0.899532,0.551279,-0.574787,0.15833,0.586582,-0.600702,-0.837319,0.096958,0.448258,0.193073,0.019863,0.040514,0.248704,0.056046,0.008436,0.025946
Meghalaya,Rice,2015,Winter,25.5379432,91.2999102,2015-07-01,2015-10-28,6,Landsat 8 SR,0.6,0.05,datasets\test_images\2015\rgb\meghalaya_2015_rice_winter_rgb.png,datasets\test_images\2015\ndvi\meghalaya_2015_rice_winter_ndvi.png,0.163921,0.016234,-0.030848,0.007129,0.677495,0.369333,-0.044588,0.072898,0.197732,0.056515,0.016122,0.013879,0.900752,0.670026,-0.160474,0.10134,0.147934,-0.654617,-0.836382,0.066577,0.450512,0.270701,0.0651,0.039223,0.226168,0.053955,0.011035,0.020179
Meghalaya,Rice,2016,Kharif,25.5379432,91.2999102,2016-07-01,2016-10-28,4,Landsat 8 SR,0.6,0.05,datasets\test_images\2016\rgb\meghalaya_2016_rice_kharif_rgb.png,datasets\test_images\2016\ndvi\meghalaya_2016_rice_kharif_ndvi.png,0.207962,0.014661,-0.153855,0.010732,0.786255,0.448115,-0.10692,0.098881,0.241237,0.04982,-0.005658,0.016595,2.2469,0.767985,-0.907221,0.096041,0.925407,-0.711812,-2.27065,0.06849,0.543105,0.29586,0.002757,0.066596,0.24,0.039517,-0.02037,0.019929
Meghalaya,Rice,2016,Autumn,25.5379432,91.2999102,2016-07-01,2016-10-28,4,Landsat 8 SR,0.6,0.05,datasets\test_images\2016\rgb\meghalaya_2016_rice_autumn_rgb.png,datasets\test_images\2016\ndvi\meghalaya_2016_rice_autumn_ndvi.png,0.207962,0.014661,-0.153855,0.010732,0.786255,0.448115,-0.10692,0.098881,0.241237,0.04982,-0.005658,0.016595,2.2469,0.767985,-0.907221,0.096041,0.925407,-0.711812,-2.27065,0.06849,0.543105,0.29586,0.002757,0.066596,0.24,0.039517,-0.02037,0.019929
Meghalaya,Rice,2016,Rabi,25.5379432,91.2999102,2016-11-01,2017-04-28,10,Landsat 8 SR,0.6,0.05,datasets\test_images\2016\rgb\meghalaya_2016_rice_rabi_rgb.png,datasets\test_images\2016\ndvi\meghalaya_2016_rice_rabi_ndvi.png,0.10272,0.017057,-0.017565,0.010044,0.642684,0.242033,-0.093691,0.08485,0.174413,0.043047,0.006044,0.016506,0.906236,0.562338,-0.642023,0.173486,0.676032,-0.624694,-0.843378,0.106278,0.403982,0.190771,0.010925,0.04143,0.26904,0.053444,0.005068,0.028344
Meghalaya,Rice,2016,Winter,25.5379432,91.2999102,2016-07-01,2016-10-28,4,Landsat 8 SR,0.6,0.05,datasets\test_images\2016\rgb\meghalaya_2016_rice_winter_rgb.png,datasets\test_images\2016\ndvi\meghalaya_2016_rice_winter_ndvi.png,0.207962,0.014661,-0.153855,0.010732,0.786255,0.448115,-0.10692,0.098881,0.241237,0.04982,-0.005658,0.016595,2.2469,0.767985,-0.907221,0.096041,0.925407,-0.711812,-2.27065,0.06849,0.543105,0.29586,0.002757,0.066596,0.24,0.039517,-0.02037,0.019929
Meghalaya,Rice,2017,Rabi,25.5379432,91.2999102,2017-11-01,2018-04-28,10,Sentinel-2 SR,0.6,0.05,datasets\test_images\2017\rgb\meghalaya_2017_rice_rabi_rgb.png,datasets\test_images\2017\ndvi\meghalaya_2017_rice_rabi_ndvi.png,0.2229,0.03162,0.0,0.014873,0.95105,0.257205,-0.120908,0.129735,0.25665,0.050974,0.011,0.018357,0.927087,0.519436,-0.631979,0.215465,0.723272,-0.586397,-0.856456,0.131894,0.6441,0.200671,0.0069,0.051425,0.36055,0.061659,0.0063,0.03365
Meghalaya,Rice,2018,Rabi,25.5379432,91.2999102,2018-11-01,2019-04-28,27,Sentinel-2 SR,0.6,0.05,datasets\test_images\2018\rgb\meghalaya_2018_rice_rabi_rgb.png,datasets\test_images\2018\ndvi\meghalaya_2018_rice_rabi_ndvi.png,0.2247,0.031112,0.00245,0.015733,0.894996,0.268757,-0.102694,0.124088,0.2702,0.052523,0.01,0.019073,0.916291,0.531055,-0.565545,0.21286,0.727846,-0.583416,-0.856693,0.130165,0.6349,0.210655,0.00995,0.047003,0.3455,0.062014,0.006,0.034191
Meghalaya,Rice,2019,Kharif,25.5379432,91.2999102,2019-07-01,2019-10-28,8,Sentinel-2 SR,0.6,0.05,datasets\test_images\2019\rgb\meghalaya_2019_rice_kharif_rgb.png,datasets\test_images\2019\ndvi\meghalaya_2019_rice_kharif_ndvi.png,0.2952,0.033224,0.011,0.01208,0.904882,0.463423,-0.126187,0.115145,0.30115,0.057305,0.0177,0.01595,0.91245,0.729192,-0.490128,0.128852,0.582418,-0.651092,-0.820923,0.090749,0.573,0.281068,0.0211,0.053019,0.32155,0.04302,0.0109,0.022345
Meghalaya,Rice,2019,Rabi,25.5379432,91.2999102,2019-11-01,2020-04-28,30,Sentinel-2 SR,0.6,0.05,datasets\test_images\2019\rgb\meghalaya_2019_rice_rabi_rgb.png,datasets\test_images\2019\ndvi\meghalaya_2019_rice_rabi_ndvi.png,0.2502,0.03211,0.00475,0.015113,0.914399,0.28132,-0.106305,0.121736,0.2507,0.05224,0.0093,0.018546,0.926537,0.551282,-0.483871,0.205625,0.693487,-0.59089,-0.842018,0.127607,0.603,0.211217,0.008,0.04696,0.3359,0.059904,0.0056,0.032902
Mizoram,Maize,1997,Kharif,23.2146169,92.8687612,1997-07-01,1997-10-28,8,Landsat 5/7 SR,0.6,0.05,datasets\test_images\1997\rgb\mizoram_1997_maize_rgb.png,datasets\test_images\1997\ndvi\mizoram_1997_maize_ndvi.png,0.184863,0.027952,0.000805,0.010957,0.952682,0.634185,0.022941,0.125379,0.213531,0.051818,0.004738,0.016346,1.023673,0.842776,0.0532,0.059475,-0.031127,-0.762187,-0.891827,0.052945,0.66053,0.388747,0.060893,0.093687,0.203232,0.032892,-0.000955,0.013609
Mizoram,Maize,1997,Rabi,23.2146169,92.8687612,1997-11-01,1998-04-28,11,Landsat 5/7 SR,0.6,0.05,datasets\test_images\1997\rgb\mizoram_1997_maize_rgb.png,datasets\test_images\1997\ndvi\mizoram_1997_maize_ndvi.png,0.105855,0.034409,0.012135,0.010081,0.661182,0.399673,0.095612,0.091613,0.163206,0.055816,0.01901,0.014833,0.855478,0.684573,0.195621,0.110057,-0.25103,-0.638943,-0.792603,0.07509,0.416041,0.255387,0.077901,0.051075,0.213394,0.047329,0.01417,0.020536
Mizoram,Maize,1998,Kharif,23.2146169,92.8687612,1998-07-01,1998-10-28,10,Landsat 5/7 SR,0.6,0.05,datasets\test_images\1998\rgb\mizoram_1998_maize_kharif_rgb.png,datasets\test_images\1998\ndvi\mizoram_1998_maize_kharif_ndvi.png,0.20326,0.025619,-0.043002,0.008938,0.959258,0.634024,0.005585,0.109313,0.331053,0.052784,0.009165,0.014588,0.906125,0.837942,0.007422,0.05083,-0.083196,-0.758634,-0.947806,0.046947,0.70156,0.396539,0.099695,0.084246,0.199987,0.033531,0.010444,0.012037
Mizoram,Maize,1998,Rabi,23.2146169,92.8687612,1998-11-01,1999-04-28,18,Landsat 5/7 SR,0.6,0.05,datasets\test_images\1998\rgb\mizoram_1998_maize_rabi_rgb.png,datasets\test_images\1998\ndvi\mizoram_1998_maize_rabi_ndvi.png,0.095817,0.02714,0.003363,0.008842,0.780342,0.429097,0.074137,0.119944,0.177355,0.047053,0.006415,0.014622,0.900897,0.740568,0.189369,0.096084,-0.234628,-0.692825,-0.863431,0.072116,0.534745,0.268139,0.036967,0.079639,0.203508,0.037978,0.004215,0.017496
Mizoram,Maize,1999,Kharif,23.2146169,92.8687612,1999-07-01,1999-10-28,10,Landsat 5/7 SR,0.6,0.05,datasets\test_images\1999\rgb\mizoram_1999_maize_kharif_rgb.png,datasets\test_images\1999\ndvi\mizoram_1999_maize_kharif_ndvi.png,0.195038,0.023222,-0.0108,0.010496,1.003126,0.646692,-0.008115,0.116257,0.228478,0.0501,0.004105,0.015281,1.037147,0.865177,-0.01961,0.059613,0.03536,-0.777569,-0.924001,0.050886,0.69705,0.397074,0.07115,0.088744,0.21723,0.028934,-0.001505,0.013887
Mizoram,Maize,1999,Rabi,23.2146169,92.8687612,1999-11-01,2000-04-28,24,Landsat 5/7 SR,0.6,0.05,datasets\test_images\1999\rgb\mizoram_1999_maize_rabi_rgb.png,datasets\test_images\1999\ndvi\mizoram_1999_maize_rabi_ndvi.png,0.096945,0.031753,0.007268,0.008424,0.780719,0.420731,0.092753,0.10325,0.157596,0.052211,0.011695,0.013641,0.885014,0.714576,0.205877,0.099384,-0.249348,-0.66421,-0.823711,0.068021,0.535295,0.264551,0.061291,0.06549,0.214452,0.042943,0.00768,0.017368
Mizoram,Maize,2000,Kharif,23.2146169,92.8687612,2000-07-01,2000-10-28,19,Landsat 5/7 SR,0.6,0.05,datasets\test_images\2000\rgb\mizoram_2000_maize_kharif_rgb.png,datasets\test_images\2000\ndvi\mizoram_2000_maize_kharif_ndvi.png,0.270827,0.029065,-0.056643,0.018594,1.016758,0.650799,0.019472,0.114118,0.301847,0.056248,0.005672,0.022075,1.011149,0.847763,0.039461,0.076844,-0.048878,-0.757515,-0.901648,0.066153,0.75623,0.401616,0.0695,0.086072,0.28884,0.033604,-0.000927,0.021122
Mizoram,Maize,2000,Rabi,23.2146169,92.8687612,2000-11-01,2001-04-28,25,Landsat 5/7 SR,0.6,0.05,datasets\test_images\2000\rgb\mizoram_2000_maize_rabi_rgb.png,datasets\test_images\2000\ndvi\mizoram_2000_maize_rabi_ndvi.png,0.087664,0.030357,0.01076,0.006861,0.772103,0.417337,0.097593,0.094904,0.157046,0.049102,0.009935,0.011682,0.87665,0.710699,0.190736,0.095471,-0.260871,-0.667955,-0.807281,0.06768,0.523525,0.260352,0.063051,0.058357,0.209791,0.041091,0.00636,0.013864
Mizoram,Maize,2001,Kharif,23.2146169,92.8687612,2001-07-01,2001-10-28,17,Landsat 5/7 SR,0.6,0.05,datasets\test_images\2001\rgb\mizoram_2001_maize_kharif_rgb.png,datasets\test_images\2001\ndvi\mizoram_2001_maize_kharif_ndvi.png,0.191518,0.023376,0.003775,0.009597,0.970554,0.679241,0.033785,0.096967,0.219183,0.054553,0.013235,0.013692,0.970102,0.869976,0.075204,0.055752,-0.106213,-0.771401,-0.869619,0.047295,0.684895,0.422848,0.108357,0.07448,0.20865,0.028721,0.00405,0.012439
Mizoram,Maize,2001,Rabi,23.2146169,92.8687612,2001-11-01,2002-04-28,11,Landsat 5/7 SR,0.6,0.05,datasets\test_images\2001\rgb\mizoram_2001_maize_rabi_rgb.png,datasets\test_images\2001\ndvi\mizoram_2001_maize_rabi_ndvi.png,0.0904,0.025996,0.005233,0.008183,0.704514,0.428724,0.102902,0.095122,0.172598,0.046327,0.00889,0.012132,0.92465,0.746099,0.186053,0.107178,-0.284336,-0.695196,-0.836811,0.069972,0.490195,0.26222,0.05663,0.054856,0.227982,0.036879,0.003445,0.015887
Mizoram,Maize,2002,Kharif,23.2146169,92.8687612,2002-07-01,2002-10-28,10,Landsat 5/7 SR,0.6,0.05,datasets\test_images\2002\rgb\mizoram_2002_maize_kharif_rgb.png,datasets\test_images\2002\ndvi\mizoram_2002_maize_kharif_ndvi.png,0.293955,0.027392,-0.000982,0.019087,0.989761,0.677481,0.100849,0.105007,0.325167,0.054814,0.001988,0.02149,1.118276,0.862906,0.207262,0.074323,-0.18468,-0.769451,-0.961367,0.061493,0.67219,0.415394,0.069748,0.07872,0.336223,0.031417,-0.003925,0.022147
Mizoram,Maize,2002,Rabi,23.2146169,92.8687612,2002-11-01,2003-04-28,18,Landsat 5/7 SR,0.6,0.05,datasets\test_images\2002\rgb\mizoram_2002_maize_rabi_rgb.png,datasets\test_images\2002\ndvi\mizoram_2002_maize_rabi_ndvi.png,0.094855,0.028684,0.008395,0.008364,0.732789,0.437151,0.132256,0.087958,0.168376,0.047125,0.014101,0.011718,0.88069,0.735549,0.189427,0.098823,-0.330613,-0.694638,-0.816139,0.064001,0.469474,0.269823,0.079813,0.051819,0.232905,0.039273,0.007708,0.015718
Mizoram,Maize,2003,Kharif,23.2146169,92.8687612,2003-07-01,2003-10-28,6,Landsat 5/7 SR,0.6,0.05,datasets\test_images\2003\rgb\mizoram_2003_maize_rgb.png,datasets\test_images\2003\ndvi\mizoram_2003_maize_ndvi.png,0.278417,0.021029,-0.010085,0.014196,0.953812,0.658561,0.115218,0.114405,0.32052,0.048719,-0.00167,0.018346,1.227857,0.88011,0.19668,0.069695,-0.166924,-0.783352,-1.02852,0.057516,0.670375,0.397384,0.045905,0.086314,0.31744,0.025927,-0.009865,0.017736
Mizoram,Maize,2003,Rabi,23.2146169,92.8687612,2003-11-01,2004-04-28,27,Landsat 5/7 SR,0.6,0.05,datasets\test_images\2003\rgb\mizoram_2003_maize_rgb.png,datasets\test_images\2003\ndvi\mizoram_2003_maize_ndvi.png,0.099668,0.032938,0.00856,0.009391,0.757272,0.395984,0.102495,0.101717,0.172267,0.052456,0.013881,0.013345,0.891846,0.68048,0.182951,0.113077,-0.269365,-0.644063,-0.833476,0.076247,0.487239,0.256027,0.061057,0.0611,0.233675,0.04551,0.006525,0.017715
Mizoram,Maize,2004,Kharif,23.2146169,92.8687612,2004-07-01,2004-10-28,12,Landsat 5/7 SR,0.6,0.05,datasets\test_images\2004\rgb\mizoram_2004_maize_rgb.png,datasets\test_images\2004\ndvi\mizoram_2004_maize_ndvi.png,0.824925,0.028455,-0.038163,0.014221,5.459568,0.617604,-44.035785,0.158857,0.323174,0.056502,0.00427,0.015881,0.954003,0.823906,0.073848,0.063574,-0.055164,-0.743805,-1.107247,0.057119,0.669715,0.385831,0.081132,0.075765,0.215057,0.036596,0.003802,0.013505
Mizoram,Maize,2004,Rabi,23.2146169,92.8687612,2004-11-01,2005-04-28,36,Landsat 5/7 SR,0.6,0.05,datasets\test_images\2004\rgb\mizoram_2004_maize_rgb.png,datasets\test_images\2004\ndvi\mizoram_2004_maize_ndvi.png,0.094429,0.029903,0.009385,0.008765,0.73599,0.40982,0.097438,0.102413,0.178647,0.050747,0.014555,0.013807,0.867024,0.702851,0.181696,0.110901,-0.252656,-0.660263,-0.797943,0.074006,0.489384,0.263914,0.056327,0.065332,0.22669,0.042609,0.009069,0.017324
Mizoram,Maize,2005,Kharif,23.2146169,92.8687612,2005-07-01,2005-10-28,11,Landsat 5/7 SR,0.6,0.05,datasets\test_images\2005\rgb\mizoram_2005_maize_rgb.png,datasets\test_images\2005\ndvi\mizoram_2005_maize_ndvi.png,0.151615,0.028792,0.009014,0.007009,0.937194,0.653674,0.100634,0.09558,0.188355,0.057718,0.018941,0.012201,0.933154,0.837117,0.168703,0.047672,-0.197917,-0.748812,-0.840016,0.041631,0.65822,0.408038,0.129587,0.071378,0.186567,0.035252,0.008244,0.010326
Mizoram,Maize,2005,Rabi,23.2146169,92.8687612,2005-11-01,2006-04-28,27,Landsat 5/7 SR,0.6,0.05,datasets\test_images\2005\rgb\mizoram_2005_maize_rgb.png,datasets\test_images\2005\ndvi\mizoram_2005_maize_ndvi.png,0.099338,0.041668,0.010403,0.01098,0.644979,0.378413,0.094262,0.092008,0.1729,0.062169,0.015655,0.014472,0.846869,0.636127,0.180419,0.119586,-0.206402,-0.607883,-0.792189,0.077085,0.462915,0.255689,0.06048,0.052094,0.228643,0.055606,0.00922,0.019904
Mizoram,Maize,2006,Kharif,23.2146169,92.8687612,2006-07-01,2006-10-28,16,Landsat 5/7 SR,0.6,0.05,datasets\test_images\2006\rgb\mizoram_2006_maize_kharif_rgb.png,datasets\test_images\2006\ndvi\mizoram_2006_maize_kharif_ndvi.png,1.602213,0.040634,-0.11574,0.035693,1.558692,0.645511,-0.350754,0.113707,0.495585,0.069528,-0.065828,0.027777,2.537951,0.791291,-0.009677,0.079757,-0.118552,-0.712663,-6.004942,0.080472,1.06632,0.415989,0.079703,0.085326,0.817445,0.048495,-0.038245,0.027637
Mizoram,Maize,2006,Rabi,23.2146169,92.8687612,2006-11-01,2007-04-28,30,Landsat 5/7 SR,0.6,0.05,datasets\test_images\2006\rgb\mizoram_2006_maize_rabi_rgb.png,datasets\test_images\2006\ndvi\mizoram_2006_maize_rabi_ndvi.png,0.097605,0.040878,0.013648,0.009162,0.675864,0.317917,0.079445,0.070926,0.154778,0.062681,0.01967,0.0156,0.84839,0.579147,0.202066,0.101063,-0.220324,-0.569733,-0.78837,0.068298,0.444628,0.228106,0.078135,0.04553,0.20271,0.06069,0.01439,0.020923
Mizoram,Maize,2008,Kharif,23.2146169,92.8687612,2008-07-01,2008-10-28,15,Landsat 5/7 SR,0.6,0.05,datasets\test_images\2008\rgb\mizoram_2008_maize_kharif_rgb.png,datasets\test_images\2008\ndvi\mizoram_2008_maize_kharif_ndvi.png,0.846458,0.034168,-0.11354,0.01885,8.075535,0.628366,-2.879717,0.109392,0.57517,0.063936,-0.069128,0.020811,1.347001,0.809183,-0.393362,0.070266,0.208223,-0.723035,-2.149385,0.065872,0.641088,0.396946,0.085065,0.080251,0.596345,0.041815,-0.041463,0.019556
Mizoram,Maize,2008,Rabi,23.2146169,92.8687612,2008-11-01,2009-04-28,41,Landsat 5/7 SR,0.6,0.05,datasets\test_images\2008\rgb\mizoram_2008_maize_rabi_rgb.png,datasets\test_images\2008\ndvi\mizoram_2008_maize_rabi_ndvi.png,0.090084,0.033749,0.014294,0.00697,0.620421,0.324484,0.072545,0.067629,0.16157,0.051573,0.01846,0.011874,0.838397,0.627243,0.193206,0.083622,-0.1926,-0.602139,-0.790383,0.060635,0.37695,0.211846,0.05949,0.040771,0.207784,0.046713,0.014335,0.014855
Mizoram,Maize,2009,Kharif,23.2146169,92.8687612,2009-07-01,2009-10-28,16,Landsat 5/7 SR,0.6,0.05,datasets\test_images\2009\rgb\mizoram_2009_maize_kharif_rgb.png,datasets\test_images\2009\ndvi\mizoram_2009_maize_kharif_ndvi.png,0.811038,0.025231,-0.036554,0.008654,21.602286,0.63598,-0.172494,0.106835,0.135844,0.053503,0.006222,0.013212,0.96195,0.84623,0.021129,0.045231,-0.063611,-0.757938,-0.889853,0.04311,0.591629,0.391362,0.1025,0.067894,0.14705,0.032121,0.003335,0.010202
Mizoram,Maize,2009,Rabi,23.2146169,92.8687612,2009-11-01,2010-04-28,35,Landsat 5/7 SR,0.6,0.05,datasets\test_images\2009\rgb\mizoram_2009_maize_rabi_rgb.png,datasets\test_images\2009\ndvi\mizoram_2009_maize_rabi_ndvi.png,0.088998,0.026988,0.003885,0.007854,0.713725,0.368026,0.085736,0.082369,0.157033,0.046531,0.008505,0.013144,0.896164,0.71173,0.213052,0.084454,-0.26449,-0.669448,-0.824329,0.060949,0.456425,0.229947,0.047541,0.054605,0.203398,0.038744,0.004545,0.015945
Mizoram,Rice,1997,Whole Year,23.2146169,92.8687612,1997-01-01,1997-12-28,23,Landsat 5/7 SR,0.6,0.05,datasets\test_images\1997\rgb\mizoram_1997_rice_rgb.png,datasets\test_images\1997\ndvi\mizoram_1997_rice_ndvi.png,0.093659,0.030392,0.01065,0.007292,0.75217,0.462334,0.083418,0.09769,0.152743,0.05184,0.01593,0.011992,0.885251,0.734931,0.212288,0.078304,-0.222915,-0.68402,-0.829023,0.05961,0.506063,0.287759,0.071755,0.064259,0.180256,0.041017,0.01021,0.012361
Mizoram,Rice,1997,Kharif,23.2146169,92.8687612,1997-07-01,1997-10-28,12,Landsat 5/7 SR,0.6,0.05,datasets\test_images\1997\rgb\mizoram_1997_rice_kharif_rgb.png,datasets\test_images\1997\ndvi\mizoram_1997_rice_kharif_ndvi.png,0.184863,0.028258,0.000805,0.011288,0.952682,0.63523,0.022941,0.125257,0.213531,0.052116,0.004738,0.016536,1.023673,0.842129,0.0532,0.059717,-0.031127,-0.761514,-0.891827,0.053298,0.666841,0.389486,0.060893,0.093637,0.203232,0.033124,-0.000955,0.013747
Mizoram,Rice,1998,Kharif,23.2146169,92.8687612,1998-07-01,1998-10-28,10,Landsat 5/7 SR,0.6,0.05,datasets\test_images\1998\rgb\mizoram_1998_rice_kharif_rgb.png,datasets\test_images\1998\ndvi\mizoram_1998_rice_kharif_ndvi.png,0.20326,0.025619,-0.043002,0.008938,0.959258,0.634024,0.005585,0.109313,0.331053,0.052784,0.009165,0.014588,0.906125,0.837942,0.007422,0.05083,-0.083196,-0.758634,-0.947806,0.046947,0.70156,0.396539,0.099695,0.084246,0.199987,0.033531,0.010444,0.012037
Mizoram,Rice,1998,Rabi,23.2146169,92.8687612,1998-11-01,1999-04-28,18,Landsat 5/7 SR,0.6,0.05,datasets\test_images\1998\rgb\mizoram_1998_rice_rabi_rgb.png,datasets\test_images\1998\ndvi\mizoram_1998_rice_rabi_ndvi.png,0.095817,0.02714,0.003363,0.008842,0.780342,0.429097,0.074137,0.119944,0.177355,0.047053,0.006415,0.014622,0.900897,0.740568,0.189369,0.096084,-0.234628,-0.692825,-0.863431,0.072116,0.534745,0.268139,0.036967,0.079639,0.203508,0.037978,0.004215,0.017496
Mizoram,Rice,1999,Kharif,23.2146169,92.8687612,1999-07-01,1999-10-28,10,Landsat 5/7 SR,0.6,0.05,datasets\test_images\1999\rgb\mizoram_1999_rice_kharif_rgb.png,datasets\test_images\1999\ndvi\mizoram_1999_rice_kharif_ndvi.png,0.195038,0.023222,-0.0108,0.010496,1.003126,0.646692,-0.008115,0.116257,0.228478,0.0501,0.004105,0.015281,1.037147,0.865177,-0.01961,0.059613,0.03536,-0.777569,-0.924001,0.050886,0.69705,0.397074,0.07115,0.088744,0.21723,0.028934,-0.001505,0.013887
Mizoram,Rice,2000,Kharif,23.2146169,92.8687612,2000-07-01,2000-10-28,19,Landsat 5/7 SR,0.6,0.05,datasets\test_images\2000\rgb\mizoram_2000_rice_kharif_rgb.png,datasets\test_images\2000\ndvi\mizoram_2000_rice_kharif_ndvi.png,0.270827,0.029065,-0.056643,0.018594,1.016758,0.650799,0.019472,0.114118,0.301847,0.056248,0.005672,0.022075,1.011149,0.847763,0.039461,0.076844,-0.048878,-0.757515,-0.901648,0.066153,0.75623,0.401616,0.0695,0.086072,0.28884,0.033604,-0.000927,0.021122
Mizoram,Rice,2001,Kharif,23.2146169,92.8687612,2001-07-01,2001-10-28,17,Landsat 5/7 SR,0.6,0.05,datasets\test_images\2001\rgb\mizoram_2001_rice_kharif_rgb.png,datasets\test_images\2001\ndvi\mizoram_2001_rice_kharif_ndvi.png,0.191518,0.023376,0.003775,0.009597,0.970554,0.679241,0.033785,0.096967,0.219183,0.054553,0.013235,0.013692,0.970102,0.869976,0.075204,0.055752,-0.106213,-0.771401,-0.869619,0.047295,0.684895,0.422848,0.108357,0.07448,0.20865,0.028721,0.00405,0.012439
Mizoram,Rice,2002,Kharif,23.2146169,92.8687612,2002-07-01,2002-10-28,10,Landsat 5/7 SR,0.6,0.05,datasets\test_images\2002\rgb\mizoram_2002_rice_kharif_rgb.png,datasets\test_images\2002\ndvi\mizoram_2002_rice_kharif_ndvi.png,0.293955,0.027392,-0.000982,0.019087,0.989761,0.677481,0.100849,0.105007,0.325167,0.054814,0.001988,0.02149,1.118276,0.862906,0.207262,0.074323,-0.18468,-0.769451,-0.961367,0.061493,0.67219,0.415394,0.069748,0.07872,0.336223,0.031417,-0.003925,0.022147
Mizoram,Rice,2003,Kharif,23.2146169,92.8687612,2003-07-01,2003-10-28,6,Landsat 5/7 SR,0.6,0.05,datasets\test_images\2003\rgb\mizoram_2003_rice_rgb.png,datasets\test_images\2003\ndvi\mizoram_2003_rice_ndvi.png,0.278417,0.021029,-0.010085,0.014196,0.953812,0.658561,0.115218,0.114405,0.32052,0.048719,-0.00167,0.018346,1.227857,0.88011,0.19668,0.069695,-0.166924,-0.783352,-1.02852,0.057516,0.670375,0.397384,0.045905,0.086314,0.31744,0.025927,-0.009865,0.017736
Mizoram,Rice,2004,Kharif,23.2146169,92.8687612,2004-07-01,2004-10-28,12,Landsat 5/7 SR,0.6,0.05,datasets\test_images\2004\rgb\mizoram_2004_rice_rgb.png,datasets\test_images\2004\ndvi\mizoram_2004_rice_ndvi.png,0.824925,0.028455,-0.038163,0.014221,5.459568,0.617604,-44.035785,0.158857,0.323174,0.056502,0.00427,0.015881,0.954003,0.823906,0.073848,0.063574,-0.055164,-0.743805,-1.107247,0.057119,0.669715,0.385831,0.081132,0.075765,0.215057,0.036596,0.003802,0.013505
Mizoram,Rice,2005,Whole Year,23.2146169,92.8687612,2005-01-01,2005-12-28,49,Landsat 5/7 SR,0.6,0.05,datasets\test_images\2005\rgb\mizoram_2005_rice_rgb.png,datasets\test_images\2005\ndvi\mizoram_2005_rice_ndvi.png,0.087018,0.032422,0.012135,0.007599,0.71215,0.439119,0.119764,0.087295,0.164953,0.057273,0.0167,0.011428,0.854753,0.709523,0.219262,0.094853,-0.268902,-0.657824,-0.798316,0.066727,0.468828,0.283057,0.081655,0.051265,0.204937,0.045737,0.012327,0.014416
Mizoram,Rice,2005,Kharif,23.2146169,92.8687612,2005-07-01,2005-10-28,19,Landsat 5/7 SR,0.6,0.05,datasets\test_images\2005\rgb\mizoram_2005_rice_kharif_rgb.png,datasets\test_images\2005\ndvi\mizoram_2005_rice_kharif_ndvi.png,0.151615,0.02778,0.00581,0.007015,0.93128,0.652025,0.100634,0.097127,0.188355,0.056314,0.01142,0.012487,0.982516,0.841461,0.168703,0.047783,-0.197917,-0.753012,-0.853538,0.041974,0.657656,0.404884,0.115893,0.073187,0.186567,0.034133,0.00273,0.01041
Mizoram,Rice,2006,Kharif,23.2146169,92.8687612,2006-07-01,2006-10-28,16,Landsat 5/7 SR,0.6,0.05,datasets\test_images\2006\rgb\mizoram_2006_rice_kharif_rgb.png,datasets\test_images\2006\ndvi\mizoram_2006_rice_kharif_ndvi.png,1.602213,0.040634,-0.11574,0.035693,1.558692,0.645511,-0.350754,0.113707,0.495585,0.069528,-0.065828,0.027777,2.537951,0.791291,-0.009677,0.079757,-0.118552,-0.712663,-6.004942,0.080472,1.06632,0.415989,0.079703,0.085326,0.817445,0.048495,-0.038245,0.027637
Mizoram,Rice,2007,Kharif,23.2146169,92.8687612,2007-07-01,2007-10-28,8,Landsat 5/7 SR,0.6,0.05,datasets\test_images\2007\rgb\mizoram_2007_rice_kharif_rgb.png,datasets\test_images\2007\ndvi\mizoram_2007_rice_kharif_ndvi.png,0.818284,0.032211,-0.14786,0.014375,12.32785,0.599809,-0.561091,0.107402,0.348089,0.061623,-0.092613,0.018137,1.107923,0.80328,0.068754,0.069426,-0.04629,-0.719729,-1.523812,0.060349,0.682764,0.376645,0.079221,0.074757,0.352296,0.041169,0.001383,0.016333
Mizoram,Rice,2008,Kharif,23.2146169,92.8687612,2008-07-01,2008-10-28,15,Landsat 5/7 SR,0.6,0.05,datasets\test_images\2008\rgb\mizoram_2008_rice_kharif_rgb.png,datasets\test_images\2008\ndvi\mizoram_2008_rice_kharif_ndvi.png,0.846458,0.034168,-0.11354,0.01885,8.075535,0.628366,-2.879717,0.109392,0.57517,0.063936,-0.069128,0.020811,1.347001,0.809183,-0.393362,0.070266,0.208223,-0.723035,-2.149385,0.065872,0.641088,0.396946,0.085065,0.080251,0.596345,0.041815,-0.041463,0.019556
Mizoram,Rice,2008,Rabi,23.2146169,92.8687612,2008-11-01,2009-04-28,41,Landsat 5/7 SR,0.6,0.05,datasets\test_images\2008\rgb\mizoram_2008_rice_rabi_rgb.png,datasets\test_images\2008\ndvi\mizoram_2008_rice_rabi_ndvi.png,0.090084,0.033749,0.014294,0.00697,0.620421,0.324484,0.072545,0.067629,0.16157,0.051573,0.01846,0.011874,0.838397,0.627243,0.193206,0.083622,-0.1926,-0.602139,-0.790383,0.060635,0.37695,0.211846,0.05949,0.040771,0.207784,0.046713,0.014335,0.014855
Mizoram,Rice,2009,Kharif,23.2146169,92.8687612,2009-07-01,2009-10-28,16,Landsat 5/7 SR,0.6,0.05,datasets\test_images\2009\rgb\mizoram_2009_rice_kharif_rgb.png,datasets\test_images\2009\ndvi\mizoram_2009_rice_kharif_ndvi.png,0.811038,0.025231,-0.036554,0.008654,21.602286,0.63598,-0.172494,0.106835,0.135844,0.053503,0.006222,0.013212,0.96195,0.84623,0.021129,0.045231,-0.063611,-0.757938,-0.889853,0.04311,0.591629,0.391362,0.1025,0.067894,0.14705,0.032121,0.003335,0.010202
Mizoram,Rice,2009,Rabi,23.2146169,92.8687612,2009-11-01,2010-04-28,35,Landsat 5/7 SR,0.6,0.05,datasets\test_images\2009\rgb\mizoram_2009_rice_rabi_rgb.png,datasets\test_images\2009\ndvi\mizoram_2009_rice_rabi_ndvi.png,0.088998,0.026988,0.003885,0.007854,0.713725,0.368026,0.085736,0.082369,0.157033,0.046531,0.008505,0.013144,0.896164,0.71173,0.213052,0.084454,-0.26449,-0.669448,-0.824329,0.060949,0.456425,0.229947,0.047541,0.054605,0.203398,0.038744,0.004545,0.015945
Mizoram,Rice,2010,Kharif,23.2146169,92.8687612,2010-07-01,2010-10-28,6,Landsat 5/7 SR,0.6,0.05,datasets\test_images\2010\rgb\mizoram_2010_rice_kharif_rgb.png,datasets\test_images\2010\ndvi\mizoram_2010_rice_kharif_ndvi.png,0.81123,0.029243,-0.040569,0.012541,1.873233,0.640616,0.032101,0.093986,0.334188,0.061194,-0.006648,0.01533,0.933192,0.826713,0.059088,0.062713,-0.088419,-0.736654,-1.160461,0.053183,0.615004,0.400116,0.099117,0.06829,0.81398,0.038253,0.007185,0.014581
Mizoram,Rice,2011,Kharif,23.2146169,92.8687612,2011-07-01,2011-10-28,13,Landsat 5/7 SR,0.6,0.05,datasets\test_images\2011\rgb\mizoram_2011_rice_kharif_rgb.png,datasets\test_images\2011\ndvi\mizoram_2011_rice_kharif_ndvi.png,0.855519,0.022795,-0.117555,0.012485,4.522116,0.61388,-2.883374,0.106641,0.325236,0.04827,-0.068303,0.015376,1.306235,0.851208,-0.432258,0.056169,-0.046918,-0.765936,-1.757022,0.051103,0.69089,0.36949,0.079097,0.077526,0.650658,0.029101,-0.034505,0.013945
Mizoram,Rice,2012,Kharif,23.2146169,92.8687612,2012-07-01,2012-10-28,8,Landsat 5/7 SR,0.6,0.05,datasets\test_images\2012\rgb\mizoram_2012_rice_kharif_rgb.png,datasets\test_images\2012\ndvi\mizoram_2012_rice_kharif_ndvi.png,1.602213,0.031405,-0.010484,0.040042,1.042373,0.657409,-0.070492,0.121025,0.39598,0.057728,0.000722,0.032774,1.231303,0.849492,0.037419,0.106205,-0.122104,-0.759649,-0.978791,0.090108,0.688662,0.406348,0.054623,0.087382,0.39939,0.03554,-0.007005,0.03418
Mizoram,Rice,2013,Kharif,23.2146169,92.8687612,2013-07-01,2013-10-28,8,Landsat 8 SR,0.6,0.05,datasets\test_images\2013\rgb\mizoram_2013_rice_kharif_rgb.png,datasets\test_images\2013\ndvi\mizoram_2013_rice_kharif_ndvi.png,0.271983,0.031346,-0.176295,0.010751,0.985076,0.691673,-0.025977,0.109557,0.301105,0.059624,-0.119398,0.016143,2.805959,0.85344,-0.058614,0.056115,0.035605,-0.748352,-2.803588,0.046648,0.654205,0.421037,0.062543,0.075475,0.287712,0.033115,-0.11948,0.014454
Mizoram,Rice,2014,Kharif,23.2146169,92.8687612,2014-07-01,2014-10-28,13,Landsat 8 SR,0.6,0.05,datasets\test_images\2014\rgb\mizoram_2014_rice_kharif_rgb.png,datasets\test_images\2014\ndvi\mizoram_2014_rice_kharif_ndvi.png,0.215855,0.030161,-0.062665,0.007705,1.007241,0.665893,0.098036,0.107584,0.292112,0.054908,0.014527,0.012067,0.960545,0.85867,0.203895,0.044236,-0.167199,-0.755746,-0.831819,0.037495,0.696789,0.396724,0.064811,0.07522,0.275915,0.030206,0.005315,0.009567
Mizoram,Rice,2015,Kharif,23.2146169,92.8687612,2015-07-01,2015-10-28,8,Landsat 8 SR,0.6,0.05,datasets\test_images\2015\rgb\mizoram_2015_rice_kharif_rgb.png,datasets\test_images\2015\ndvi\mizoram_2015_rice_kharif_ndvi.png,0.27355,0.026507,-0.175333,0.01253,1.014886,0.642745,0.063485,0.126507,0.325992,0.049823,-0.040032,0.016986,1.381922,0.860414,0.11139,0.055956,-0.138813,-0.767627,-1.168355,0.050233,0.691468,0.379146,0.040102,0.084415,0.316367,0.028512,-0.064012,0.013897
Mizoram,Rice,2016,Kharif,23.2146169,92.8687612,2016-07-01,2016-10-28,13,Landsat 8 SR,0.6,0.05,datasets\test_images\2016\rgb\mizoram_2016_rice_kharif_rgb.png,datasets\test_images\2016\ndvi\mizoram_2016_rice_kharif_ndvi.png,0.269508,0.031057,-0.070585,0.009342,0.988891,0.690833,-0.051648,0.108785,0.279187,0.053333,-0.02158,0.013858,1.319985,0.878292,-0.236425,0.044837,0.272188,-0.77,-1.158417,0.040527,0.655388,0.407956,0.040983,0.077628,0.269246,0.026738,-0.047636,0.011128
Mizoram,Rice,2018,Kharif,23.2146169,92.8687612,2018-07-01,2018-10-28,2,Sentinel-2 SR,0.6,0.05,datasets\test_images\2018\rgb\mizoram_2018_rice_kharif_rgb.png,datasets\test_images\2018\ndvi\mizoram_2018_rice_kharif_ndvi.png,0.2085,0.025167,0.0039,0.008912,1.275209,0.710822,-0.132546,0.118123,0.2406,0.052362,0.0079,0.012525,0.981575,0.889203,-0.369753,0.076007,0.412675,-0.772571,-0.880424,0.064241,0.9906,0.414808,0.0219,0.076294,0.2245,0.023308,0.0011,0.011962
Mizoram,Rice,2019,Kharif,23.2146169,92.8687612,2019-07-01,2019-10-28,10,Sentinel-2 SR,0.6,0.05,datasets\test_images\2019\rgb\mizoram_2019_rice_kharif_rgb.png,datasets\test_images\2019\ndvi\mizoram_2019_rice_kharif_ndvi.png,0.2083,0.036746,0.0039,0.011201,1.117431,0.696024,-0.123783,0.12195,0.2329,0.066045,0.0124,0.013938,0.928141,0.842317,-0.384496,0.075982,0.492976,-0.710631,-0.825752,0.064572,0.75165,0.402485,0.0316,0.076352,0.2629,0.03262,0.0049,0.012524
Nagaland,Maize,1997,Kharif,26.1630556,94.5884911,1997-07-01,1997-10-28,3,Landsat 5/7 SR,0.6,0.05,datasets\test_images\1997\rgb\nagaland_1997_maize_rgb.png,datasets\test_images\1997\ndvi\nagaland_1997_maize_ndvi.png,0.119949,0.022132,-0.00277,0.009796,0.996264,0.548989,0.095876,0.140211,0.171635,0.041967,0.001465,0.016721,0.978309,0.83174,0.220951,0.0683,-0.264177,-0.776849,-0.960532,0.056365,0.703045,0.334302,0.050635,0.104877,0.176227,0.030927,0.001107,0.016002
Nagaland,Maize,1998,Kharif,26.1630556,94.5884911,1998-07-01,1998-10-28,3,Landsat 5/7 SR,0.6,0.05,datasets\test_images\1998\rgb\nagaland_1998_maize_kharif_rgb.png,datasets\test_images\1998\ndvi\nagaland_1998_maize_kharif_ndvi.png,0.216597,0.038537,0.012272,0.012652,0.991657,0.642042,0.196939,0.107335,0.24594,0.062652,0.02176,0.016784,0.891443,0.796808,0.304983,0.053545,-0.329925,-0.731363,-0.831993,0.049083,0.724357,0.405629,0.118202,0.082865,0.23593,0.045554,0.016398,0.014979
Nagaland,Maize,1999,Kharif,26.1630556,94.5884911,1999-07-01,1999-10-28,3,Landsat 5/7 SR,0.6,0.05,datasets\test_images\1999\rgb\nagaland_1999_maize_kharif_rgb.png,datasets\test_images\1999\ndvi\nagaland_1999_maize_kharif_ndvi.png,0.145359,0.017321,-0.004392,0.008876,0.952447,0.57619,0.085752,0.136656,0.168046,0.036644,-0.000268,0.016141,1.196774,0.871394,0.177412,0.067259,-0.291815,-0.810671,-1.009662,0.054748,0.678391,0.344407,0.04123,0.104445,0.168803,0.024575,-0.005245,0.015125
Nagaland,Maize,2000,Kharif,26.1630556,94.5884911,2000-07-01,2000-10-28,6,Landsat 5/7 SR,0.6,0.05,datasets\test_images\2000\rgb\nagaland_2000_maize_kharif_rgb.png,datasets\test_images\2000\ndvi\nagaland_2000_maize_kharif_ndvi.png,0.812619,0.030247,-0.005658,0.025078,1.050282,0.572822,0.088252,0.145003,0.414185,0.051967,0.003032,0.029011,1.065201,0.812574,0.199827,0.092839,-0.199476,-0.752903,-0.957633,0.078446,0.797425,0.35633,0.039112,0.109244,0.413882,0.038793,-0.002028,0.027991
Nagaland,Maize,2001,Kharif,26.1630556,94.5884911,2001-07-01,2001-10-28,6,Landsat 5/7 SR,0.6,0.05,datasets\test_images\2001\rgb\nagaland_2001_maize_kharif_rgb.png,datasets\test_images\2001\ndvi\nagaland_2001_maize_kharif_ndvi.png,0.184835,0.054681,0.010072,0.020621,1.132913,0.727561,0.25621,0.114699,0.206477,0.082499,0.016288,0.022604,0.947225,0.779106,0.392451,0.068779,-0.408671,-0.703308,-0.879732,0.062403,0.8131,0.473839,0.161708,0.088345,0.198255,0.058765,0.007983,0.02096
Nagaland,Maize,2002,Kharif,26.1630556,94.5884911,2002-07-01,2002-10-28,4,Landsat 5/7 SR,0.6,0.05,datasets\test_images\2002\rgb\nagaland_2002_maize_kharif_rgb.png,datasets\test_images\2002\ndvi\nagaland_2002_maize_kharif_ndvi.png,0.185852,0.029458,-0.002138,0.016886,1.072753,0.679317,0.144631,0.141841,0.22449,0.049366,-0.001587,0.024598,1.177197,0.866981,0.361464,0.093053,-0.380135,-0.790314,-1.035584,0.073659,0.783565,0.408921,0.063862,0.110664,0.209695,0.030908,-0.007995,0.024994
Nagaland,Maize,2003,Kharif,26.1630556,94.5884911,2003-07-01,2003-10-28,1,Landsat 5/7 SR,0.6,0.05,datasets\test_images\2003\rgb\nagaland_2003_maize_rgb.png,datasets\test_images\2003\ndvi\nagaland_2003_maize_ndvi.png,,,,,,,,,,,,,,,,,,,,,,,,,,,,
Nagaland,Maize,2003,Rabi,26.1630556,94.5884911,2003-11-01,2004-04-28,12,Landsat 5/7 SR,0.6,0.05,datasets\test_images\2003\rgb\nagaland_2003_maize_rgb.png,datasets\test_images\2003\ndvi\nagaland_2003_maize_ndvi.png,0.10833,0.026168,0.000997,0.009191,0.798989,0.366789,0.053934,0.123102,0.150515,0.041825,0.004586,0.015542,0.925524,0.708876,0.196777,0.098384,-0.242331,-0.685245,-0.864278,0.075436,0.5788,0.229355,0.034822,0.083783,0.173533,0.038553,0.002345,0.018944
Nagaland,Maize,2004,Kharif,26.1630556,94.5884911,2004-07-01,2004-10-28,3,Landsat 5/7 SR,0.6,0.05,datasets\test_images\2004\rgb\nagaland_2004_maize_rgb.png,datasets\test_images\2004\ndvi\nagaland_2004_maize_ndvi.png,0.186347,0.018405,-0.006345,0.012907,1.250402,0.560811,0.076501,0.176138,0.197128,0.036841,-0.00211,0.019378,1.256257,0.871569,0.241325,0.076457,-0.29322,-0.805001,-1.061565,0.061386,0.774765,0.335003,0.039745,0.131142,0.188053,0.02431,-0.0075,0.017999
Nagaland,Maize,2004,Rabi,26.1630556,94.5884911,2004-11-01,2005-04-28,18,Landsat 5/7 SR,0.6,0.05,datasets\test_images\2004\rgb\nagaland_2004_maize_rgb.png,datasets\test_images\2004\ndvi\nagaland_2004_maize_ndvi.png,0.108193,0.027358,0.00273,0.008628,0.775884,0.37462,0.062097,0.116593,0.132447,0.043213,0.007377,0.014848,0.895602,0.703256,0.206863,0.097233,-0.254943,-0.677572,-0.856862,0.072842,0.557597,0.235792,0.040309,0.082841,0.15893,0.039111,0.004435,0.018557
Nagaland,Maize,2005,Kharif,26.1630556,94.5884911,2005-07-01,2005-10-28,7,Landsat 5/7 SR,0.6,0.05,datasets\test_images\2005\rgb\nagaland_2005_maize_rgb.png,datasets\test_images\2005\ndvi\nagaland_2005_maize_ndvi.png,0.10459,0.021207,-0.004172,0.006533,0.927997,0.615367,0.148261,0.103226,0.13979,0.044981,0.000585,0.012151,1.03151,0.857144,0.239326,0.054868,-0.342717,-0.783782,-0.983539,0.046506,0.627667,0.373187,0.070435,0.076286,0.20777,0.028385,-0.001257,0.010994
Nagaland,Maize,2005,Rabi,26.1630556,94.5884911,2005-11-01,2006-04-28,13,Landsat 5/7 SR,0.6,0.05,datasets\test_images\2005\rgb\nagaland_2005_maize_rgb.png,datasets\test_images\2005\ndvi\nagaland_2005_maize_ndvi.png,0.09348,0.024623,0.003362,0.008815,0.748254,0.374746,0.052404,0.123039,0.142787,0.040061,0.00625,0.014891,0.915353,0.732849,0.152004,0.108468,-0.260444,-0.705409,-0.84585,0.071624,0.53117,0.23489,0.039222,0.08304,0.209819,0.036414,0.002977,0.020048
Nagaland,Maize,2006,Kharif,26.1630556,94.5884911,2006-07-01,2006-10-28,8,Landsat 5/7 SR,0.6,0.05,datasets\test_images\2006\rgb\nagaland_2006_maize_kharif_rgb.png,datasets\test_images\2006\ndvi\nagaland_2006_maize_kharif_ndvi.png,0.29929,0.026367,-0.012478,0.016148,0.988734,0.611701,0.089886,0.137608,0.339165,0.049401,-0.0075,0.021124,1.461696,0.844978,0.215947,0.079271,-0.274525,-0.774576,-1.305233,0.069425,0.73753,0.378837,0.041752,0.10328,0.336415,0.033388,-0.012588,0.019436
Nagaland,Maize,2006,Rabi,26.1630556,94.5884911,2006-11-01,2007-04-28,19,Landsat 5/7 SR,0.6,0.05,datasets\test_images\2006\rgb\nagaland_2006_maize_rabi_rgb.png,datasets\test_images\2006\ndvi\nagaland_2006_maize_rabi_ndvi.png,0.091143,0.029615,0.00559,0.009252,0.751809,0.350402,0.068401,0.107245,0.139776,0.043795,0.008615,0.015285,0.86901,0.677967,0.187597,0.105049,-0.237424,-0.649168,-0.827091,0.080985,0.52116,0.219017,0.04728,0.071478,0.181054,0.040075,0.007598,0.019656
Nagaland,Maize,2007,Kharif,26.1630556,94.5884911,2007-07-01,2007-10-28,3,Landsat 5/7 SR,0.6,0.05,datasets\test_images\2007\rgb\nagaland_2007_maize_kharif_rgb.png,datasets\test_images\2007\ndvi\nagaland_2007_maize_kharif_ndvi.png,0.147215,0.025538,0.004518,0.010158,0.907265,0.597659,0.114889,0.100636,0.181343,0.04788,0.00746,0.015487,0.953301,0.833856,0.176499,0.055335,-0.252463,-0.771259,-0.909489,0.050074,0.613065,0.365437,0.10932,0.075936,0.195093,0.033571,0.004627,0.013455
Nagaland,Maize,2007,Rabi,26.1630556,94.5884911,2007-11-01,2008-04-28,14,Landsat 5/7 SR,0.6,0.05,datasets\test_images\2007\rgb\nagaland_2007_maize_rabi_rgb.png,datasets\test_images\2007\ndvi\nagaland_2007_maize_rabi_ndvi.png,0.131595,0.027968,0.001162,0.008825,0.665178,0.324457,0.071637,0.094358,0.183405,0.042994,0.003472,0.013741,0.926886,0.666573,0.147649,0.117395,-0.202285,-0.647835,-0.868229,0.081776,0.442139,0.204454,0.042247,0.05919,0.200194,0.041057,0.002263,0.018924
Nagaland,Maize,2008,Kharif,26.1630556,94.5884911,2008-07-01,2008-10-28,5,Landsat 5/7 SR,0.6,0.05,datasets\test_images\2008\rgb\nagaland_2008_maize_kharif_rgb.png,datasets\test_images\2008\ndvi\nagaland_2008_maize_kharif_ndvi.png,0.33482,0.021244,-0.005108,0.014506,1.179791,0.643584,0.063685,0.114358,0.372688,0.043238,0.000722,0.018611,1.133928,0.876905,0.130181,0.066517,-0.215642,-0.800841,-0.980434,0.058123,0.74149,0.3858,0.06081,0.087945,0.378902,0.025967,-0.005108,0.017515
Nagaland,Maize,2008,Rabi,26.1630556,94.5884911,2008-11-01,2009-04-28,21,Landsat 5/7 SR,0.6,0.05,datasets\test_images\2008\rgb\nagaland_2008_maize_rabi_rgb.png,datasets\test_images\2008\ndvi\nagaland_2008_maize_rabi_ndvi.png,0.12087,0.032872,0.005054,0.010361,0.784406,0.359779,0.080838,0.107103,0.161818,0.047299,0.008862,0.014965,0.897429,0.650831,0.167259,0.111207,-0.259336,-0.635656,-0.84963,0.084439,0.53359,0.232423,0.052257,0.068614,0.202545,0.045892,0.006332,0.019895
Nagaland,Maize,2009,Kharif,26.1630556,94.5884911,2009-07-01,2009-10-28,6,Landsat 5/7 SR,0.6,0.05,datasets\test_images\2009\rgb\nagaland_2009_maize_kharif_rgb.png,datasets\test_images\2009\ndvi\nagaland_2009_maize_kharif_ndvi.png,0.220145,0.023857,-0.004255,0.00997,0.969008,0.606845,0.081014,0.114537,0.248745,0.046801,-0.000707,0.015282,1.105141,0.844469,0.148115,0.057812,-0.227665,-0.776609,-1.018366,0.05109,0.686683,0.370979,0.068097,0.086787,0.23615,0.031473,-0.00354,0.013479
Nagaland,Maize,2009,Rabi,26.1630556,94.5884911,2009-11-01,2010-04-28,17,Landsat 5/7 SR,0.6,0.05,datasets\test_images\2009\rgb\nagaland_2009_maize_rabi_rgb.png,datasets\test_images\2009\ndvi\nagaland_2009_maize_rabi_ndvi.png,0.114339,0.031462,0.005026,0.009062,0.732828,0.333545,0.060934,0.102458,0.16597,0.046483,0.010829,0.015152,0.86547,0.669408,0.157187,0.102939,-0.222466,-0.647956,-0.811212,0.073942,0.530345,0.21706,0.037325,0.069442,0.200304,0.043224,0.00878,0.020547
Nagaland,Rice,1997,Kharif,26.1630556,94.5884911,1997-07-01,1997-10-28,3,Landsat 5/7 SR,0.6,0.05,datasets\test_images\1997\rgb\nagaland_1997_rice_rgb.png,datasets\test_images\1997\ndvi\nagaland_1997_rice_ndvi.png,0.119949,0.022132,-0.00277,0.009796,0.996264,0.548989,0.095876,0.140211,0.171635,0.041967,0.001465,0.016721,0.978309,0.83174,0.220951,0.0683,-0.264177,-0.776849,-0.960532,0.056365,0.703045,0.334302,0.050635,0.104877,0.176227,0.030927,0.001107,0.016002
Nagaland,Rice,1997,Rabi,26.1630556,94.5884911,1997-11-01,1998-04-28,6,Landsat 5/7 SR,0.6,0.05,datasets\test_images\1997\rgb\nagaland_1997_rice_rgb.png,datasets\test_images\1997\ndvi\nagaland_1997_rice_ndvi.png,0.100121,0.033623,-0.000941,0.010316,0.656869,0.30855,0.032685,0.10247,0.128859,0.048551,0.001988,0.014881,0.876297,0.617317,0.171973,0.122471,-0.165218,-0.600283,-0.951487,0.095084,0.451777,0.201603,0.037889,0.06496,0.163357,0.046884,0.004518,0.019724
Nagaland,Rice,1998,Kharif,26.1630556,94.5884911,1998-07-01,1998-10-28,3,Landsat 5/7 SR,0.6,0.05,datasets\test_images\1998\rgb\nagaland_1998_rice_kharif_rgb.png,datasets\test_images\1998\ndvi\nagaland_1998_rice_kharif_ndvi.png,0.216597,0.038537,0.012272,0.012652,0.991657,0.642042,0.196939,0.107335,0.24594,0.062652,0.02176,0.016784,0.891443,0.796808,0.304983,0.053545,-0.329925,-0.731363,-0.831993,0.049083,0.724357,0.405629,0.118202,0.082865,0.23593,0.045554,0.016398,0.014979
Nagaland,Rice,1999,Kharif,26.1630556,94.5884911,1999-07-01,1999-10-28,3,Landsat 5/7 SR,0.6,0.05,datasets\test_images\1999\rgb\nagaland_1999_rice_kharif_rgb.png,datasets\test_images\1999\ndvi\nagaland_1999_rice_kharif_ndvi.png,0.145359,0.017321,-0.004392,0.008876,0.952447,0.57619,0.085752,0.136656,0.168046,0.036644,-0.000268,0.016141,1.196774,0.871394,0.177412,0.067259,-0.291815,-0.810671,-1.009662,0.054748,0.678391,0.344407,0.04123,0.104445,0.168803,0.024575,-0.005245,0.015125
Nagaland,Rice,2000,Kharif,26.1630556,94.5884911,2000-07-01,2000-10-28,6,Landsat 5/7 SR,0.6,0.05,datasets\test_images\2000\rgb\nagaland_2000_rice_kharif_rgb.png,datasets\test_images\2000\ndvi\nagaland_2000_rice_kharif_ndvi.png,0.812619,0.030247,-0.005658,0.025078,1.050282,0.572822,0.088252,0.145003,0.414185,0.051967,0.003032,0.029011,1.065201,0.812574,0.199827,0.092839,-0.199476,-0.752903,-0.957633,0.078446,0.797425,0.35633,0.039112,0.109244,0.413882,0.038793,-0.002028,0.027991
Nagaland,Rice,2000,Rabi,26.1630556,94.5884911,2000-11-01,2001-04-28,9,Landsat 5/7 SR,0.6,0.05,datasets\test_images\2000\rgb\nagaland_2000_rice_rabi_rgb.png,datasets\test_images\2000\ndvi\nagaland_2000_rice_rabi_ndvi.png,0.097853,0.033371,0.004683,0.010315,0.705915,0.331923,0.060601,0.106233,0.140574,0.048319,0.009715,0.016209,0.869659,0.648175,0.196551,0.118578,-0.223599,-0.633748,-0.826209,0.087579,0.46704,0.216268,0.042825,0.069567,0.182525,0.046364,0.00493,0.021449
Nagaland,Rice,2001,Kharif,26.1630556,94.5884911,2001-07-01,2001-10-28,6,Landsat 5/7 SR,0.6,0.05,datasets\test_images\2001\rgb\nagaland_2001_rice_kharif_rgb.png,datasets\test_images\2001\ndvi\nagaland_2001_rice_kharif_ndvi.png,0.184835,0.054681,0.010072,0.020621,1.132913,0.727561,0.25621,0.114699,0.206477,0.082499,0.016288,0.022604,0.947225,0.779106,0.392451,0.068779,-0.408671,-0.703308,-0.879732,0.062403,0.8131,0.473839,0.161708,0.088345,0.198255,0.058765,0.007983,0.02096
Nagaland,Rice,2001,Rabi,26.1630556,94.5884911,2001-11-01,2002-04-28,6,Landsat 5/7 SR,0.6,0.05,datasets\test_images\2001\rgb\nagaland_2001_rice_rabi_rgb.png,datasets\test_images\2001\ndvi\nagaland_2001_rice_rabi_ndvi.png,0.088035,0.026419,-0.002784,0.011924,0.823101,0.350744,0.042389,0.119665,0.143434,0.041294,-0.00101,0.017327,1.339833,0.690349,0.167272,0.141944,-0.25009,-0.678656,-1.068513,0.100291,0.648664,0.22531,0.021251,0.0811,0.182002,0.040785,-0.004585,0.023717
Nagaland,Rice,2002,Kharif,26.1630556,94.5884911,2002-07-01,2002-10-28,4,Landsat 5/7 SR,0.6,0.05,datasets\test_images\2002\rgb\nagaland_2002_rice_kharif_rgb.png,datasets\test_images\2002\ndvi\nagaland_2002_rice_kharif_ndvi.png,0.185852,0.029458,-0.002138,0.016886,1.072753,0.679317,0.144631,0.141841,0.22449,0.049366,-0.001587,0.024598,1.177197,0.866981,0.361464,0.093053,-0.380135,-0.790314,-1.035584,0.073659,0.783565,0.408921,0.063862,0.110664,0.209695,0.030908,-0.007995,0.024994
Nagaland,Rice,2003,Kharif,26.1630556,94.5884911,2003-07-01,2003-10-28,1,Landsat 5/7 SR,0.6,0.05,datasets\test_images\2003\rgb\nagaland_2003_rice_rgb.png,datasets\test_images\2003\ndvi\nagaland_2003_rice_ndvi.png,,,,,,,,,,,,,,,,,,,,,,,,,,,,
Nagaland,Rice,2003,Rabi,26.1630556,94.5884911,2003-11-01,2004-04-28,12,Landsat 5/7 SR,0.6,0.05,datasets\test_images\2003\rgb\nagaland_2003_rice_rgb.png,datasets\test_images\2003\ndvi\nagaland_2003_rice_ndvi.png,0.10833,0.026168,0.000997,0.009191,0.798989,0.366789,0.053934,0.123102,0.150515,0.041825,0.004586,0.015542,0.925524,0.708876,0.196777,0.098384,-0.242331,-0.685245,-0.864278,0.075436,0.5788,0.229355,0.034822,0.083783,0.173533,0.038553,0.002345,0.018944
Nagaland,Rice,2004,Kharif,26.1630556,94.5884911,2004-07-01,2004-10-28,3,Landsat 5/7 SR,0.6,0.05,datasets\test_images\2004\rgb\nagaland_2004_rice_rgb.png,datasets\test_images\2004\ndvi\nagaland_2004_rice_ndvi.png,0.186347,0.018405,-0.006345,0.012907,1.250402,0.560811,0.076501,0.176138,0.197128,0.036841,-0.00211,0.019378,1.256257,0.871569,0.241325,0.076457,-0.29322,-0.805001,-1.061565,0.061386,0.774765,0.335003,0.039745,0.131142,0.188053,0.02431,-0.0075,0.017999
Nagaland,Rice,2004,Rabi,26.1630556,94.5884911,2004-11-01,2005-04-28,18,Landsat 5/7 SR,0.6,0.05,datasets\test_images\2004\rgb\nagaland_2004_rice_rgb.png,datasets\test_images\2004\ndvi\nagaland_2004_rice_ndvi.png,0.108193,0.027358,0.00273,0.008628,0.775884,0.37462,0.062097,0.116593,0.132447,0.043213,0.007377,0.014848,0.895602,0.703256,0.206863,0.097233,-0.254943,-0.677572,-0.856862,0.072842,0.557597,0.235792,0.040309,0.082841,0.15893,0.039111,0.004435,0.018557
Nagaland,Rice,2005,Kharif,26.1630556,94.5884911,2005-07-01,2005-10-28,7,Landsat 5/7 SR,0.6,0.05,datasets\test_images\2005\rgb\nagaland_2005_rice_rgb.png,datasets\test_images\2005\ndvi\nagaland_2005_rice_ndvi.png,0.10459,0.021207,-0.004172,0.006533,0.927997,0.615367,0.148261,0.103226,0.13979,0.044981,0.000585,0.012151,1.03151,0.857144,0.239326,0.054868,-0.342717,-0.783782,-0.983539,0.046506,0.627667,0.373187,0.070435,0.076286,0.20777,0.028385,-0.001257,0.010994
Nagaland,Rice,2005,Rabi,26.1630556,94.5884911,2005-11-01,2006-04-28,13,Landsat 5/7 SR,0.6,0.05,datasets\test_images\2005\rgb\nagaland_2005_rice_rgb.png,datasets\test_images\2005\ndvi\nagaland_2005_rice_ndvi.png,0.09348,0.024623,0.003362,0.008815,0.748254,0.374746,0.052404,0.123039,0.142787,0.040061,0.00625,0.014891,0.915353,0.732849,0.152004,0.108468,-0.260444,-0.705409,-0.84585,0.071624,0.53117,0.23489,0.039222,0.08304,0.209819,0.036414,0.002977,0.020048
Nagaland,Rice,2006,Kharif,26.1630556,94.5884911,2006-07-01,2006-10-28,8,Landsat 5/7 SR,0.6,0.05,datasets\test_images\2006\rgb\nagaland_2006_rice_kharif_rgb.png,datasets\test_images\2006\ndvi\nagaland_2006_rice_kharif_ndvi.png,0.29929,0.026367,-0.012478,0.016148,0.988734,0.611701,0.089886,0.137608,0.339165,0.049401,-0.0075,0.021124,1.461696,0.844978,0.215947,0.079271,-0.274525,-0.774576,-1.305233,0.069425,0.73753,0.378837,0.041752,0.10328,0.336415,0.033388,-0.012588,0.019436
Nagaland,Rice,2006,Rabi,26.1630556,94.5884911,2006-11-01,2007-04-28,19,Landsat 5/7 SR,0.6,0.05,datasets\test_images\2006\rgb\nagaland_2006_rice_rabi_rgb.png,datasets\test_images\2006\ndvi\nagaland_2006_rice_rabi_ndvi.png,0.091143,0.029615,0.00559,0.009252,0.751809,0.350402,0.068401,0.107245,0.139776,0.043795,0.008615,0.015285,0.86901,0.677967,0.187597,0.105049,-0.237424,-0.649168,-0.827091,0.080985,0.52116,0.219017,0.04728,0.071478,0.181054,0.040075,0.007598,0.019656
Nagaland,Rice,2007,Kharif,26.1630556,94.5884911,2007-07-01,2007-10-28,3,Landsat 5/7 SR,0.6,0.05,datasets\test_images\2007\rgb\nagaland_2007_rice_kharif_rgb.png,datasets\test_images\2007\ndvi\nagaland_2007_rice_kharif_ndvi.png,0.147215,0.025538,0.004518,0.010158,0.907265,0.597659,0.114889,0.100636,0.181343,0.04788,0.00746,0.015487,0.953301,0.833856,0.176499,0.055335,-0.252463,-0.771259,-0.909489,0.050074,0.613065,0.365437,0.10932,0.075936,0.195093,0.033571,0.004627,0.013455
Nagaland,Rice,2007,Rabi,26.1630556,94.5884911,2007-11-01,2008-04-28,14,Landsat 5/7 SR,0.6,0.05,datasets\test_images\2007\rgb\nagaland_2007_rice_rabi_rgb.png,datasets\test_images\2007\ndvi\nagaland_2007_rice_rabi_ndvi.png,0.131595,0.027968,0.001162,0.008825,0.665178,0.324457,0.071637,0.094358,0.183405,0.042994,0.003472,0.013741,0.926886,0.666573,0.147649,0.117395,-0.202285,-0.647835,-0.868229,0.081776,0.442139,0.204454,0.042247,0.05919,0.200194,0.041057,0.002263,0.018924
Nagaland,Rice,2008,Kharif,26.1630556,94.5884911,2008-07-01,2008-10-28,5,Landsat 5/7 SR,0.6,0.05,datasets\test_images\2008\rgb\nagaland_2008_rice_kharif_rgb.png,datasets\test_images\2008\ndvi\nagaland_2008_rice_kharif_ndvi.png,0.33482,0.021244,-0.005108,0.014506,1.179791,0.643584,0.063685,0.114358,0.372688,0.043238,0.000722,0.018611,1.133928,0.876905,0.130181,0.066517,-0.215642,-0.800841,-0.980434,0.058123,0.74149,0.3858,0.06081,0.087945,0.378902,0.025967,-0.005108,0.017515
Nagaland,Rice,2009,Kharif,26.1630556,94.5884911,2009-07-01,2009-10-28,6,Landsat 5/7 SR,0.6,0.05,datasets\test_images\2009\rgb\nagaland_2009_rice_kharif_rgb.png,datasets\test_images\2009\ndvi\nagaland_2009_rice_kharif_ndvi.png,0.220145,0.023857,-0.004255,0.00997,0.969008,0.606845,0.081014,0.114537,0.248745,0.046801,-0.000707,0.015282,1.105141,0.844469,0.148115,0.057812,-0.227665,-0.776609,-1.018366,0.05109,0.686683,0.370979,0.068097,0.086787,0.23615,0.031473,-0.00354,0.013479
Nagaland,Rice,2010,Kharif,26.1630556,94.5884911,2010-07-01,2010-10-28,6,Landsat 5/7 SR,0.6,0.05,datasets\test_images\2010\rgb\nagaland_2010_rice_kharif_rgb.png,datasets\test_images\2010\ndvi\nagaland_2010_rice_kharif_ndvi.png,0.213435,0.025749,0.0024,0.010854,1.019786,0.640794,0.118873,0.101981,0.253475,0.051141,0.010925,0.014769,0.99174,0.842802,0.207127,0.056365,-0.271042,-0.771149,-0.904523,0.051366,0.715035,0.396573,0.08292,0.076154,0.23527,0.033607,0.001383,0.013197
Nagaland,Rice,2011,Kharif,26.1630556,94.5884911,2011-07-01,2011-10-28,5,Landsat 5/7 SR,0.6,0.05,datasets\test_images\2011\rgb\nagaland_2011_rice_kharif_rgb.png,datasets\test_images\2011\ndvi\nagaland_2011_rice_kharif_ndvi.png,0.219595,0.02422,-0.011598,0.016439,1.061695,0.590352,0.084529,0.168221,0.25771,0.043375,-0.008243,0.022862,1.626978,0.861538,0.267392,0.087195,-0.282721,-0.787025,-1.50521,0.072503,0.741353,0.353577,0.036225,0.124917,0.242997,0.028182,-0.009755,0.02077
Nagaland,Rice,2012,Kharif,26.1630556,94.5884911,2012-07-01,2012-10-28,4,Landsat 5/7 SR,0.6,0.05,datasets\test_images\2012\rgb\nagaland_2012_rice_kharif_rgb.png,datasets\test_images\2012\ndvi\nagaland_2012_rice_kharif_ndvi.png,0.191435,0.019204,-0.004035,0.010357,1.052815,0.644138,0.087772,0.120472,0.219183,0.04055,-0.002743,0.014866,1.360358,0.888572,0.268407,0.058943,-0.358436,-0.809582,-1.139328,0.0517,0.737585,0.381299,0.033805,0.08906,0.211537,0.022876,-0.006812,0.012972
Nagaland,Rice,2013,Kharif,26.1630556,94.5884911,2013-07-01,2013-10-28,4,Landsat 8 SR,0.6,0.05,datasets\test_images\2013\rgb\nagaland_2013_rice_kharif_rgb.png,datasets\test_images\2013\ndvi\nagaland_2013_rice_kharif_ndvi.png,0.151587,0.021708,-0.095858,0.009096,0.984698,0.577844,0.041987,0.166107,0.208458,0.04443,-0.00475,0.018629,1.2825,0.855713,0.167213,0.064053,-0.235962,-0.774278,-1.139074,0.053486,0.688168,0.347526,0.019863,0.118818,0.20018,0.027569,-0.00959,0.015225
Nagaland,Rice,2014,Kharif,26.1630556,94.5884911,2014-07-01,2014-10-28,5,Landsat 8 SR,0.6,0.05,datasets\test_images\2014\rgb\nagaland_2014_rice_kharif_rgb.png,datasets\test_images\2014\ndvi\nagaland_2014_rice_kharif_ndvi.png,0.28191,0.024658,-0.189193,0.012453,1.032112,0.607719,0.073842,0.143105,0.292388,0.048415,-0.01938,0.018527,1.19957,0.848786,0.186581,0.073091,-0.262478,-0.76528,-1.070584,0.057373,0.720508,0.364706,0.067575,0.100396,0.283835,0.03015,-0.042728,0.01797
Nagaland,Rice,2015,Kharif,26.1630556,94.5884911,2015-07-01,2015-10-28,6,Landsat 8 SR,0.6,0.05,datasets\test_images\2015\rgb\nagaland_2015_rice_kharif_rgb.png,datasets\test_images\2015\ndvi\nagaland_2015_rice_kharif_ndvi.png,0.209695,0.022097,-0.073527,0.008336,0.969367,0.631896,0.081702,0.103637,0.256885,0.050661,0.000447,0.013393,1.166261,0.852386,0.18051,0.06407,-0.250466,-0.767866,-0.987309,0.052552,0.646478,0.387786,0.059022,0.070463,0.248827,0.030564,-0.011336,0.012564
Nagaland,Rice,2016,Kharif,26.1630556,94.5884911,2016-07-01,2016-10-28,5,Landsat 8 SR,0.6,0.05,datasets\test_images\2016\rgb\nagaland_2016_rice_kharif_rgb.png,datasets\test_images\2016\ndvi\nagaland_2016_rice_kharif_ndvi.png,0.186733,0.023504,-0.067863,0.007734,1.0026,0.664319,0.086152,0.114753,0.224957,0.050201,0.002977,0.013829,1.094867,0.862752,0.17091,0.058077,-0.217745,-0.779446,-0.991878,0.047862,0.705025,0.40681,0.063478,0.081689,0.215855,0.029639,-0.014815,0.012346
Nagaland,Rice,2017,Kharif,26.1630556,94.5884911,2017-07-01,2017-10-28,1,Sentinel-2 SR,0.6,0.05,datasets\test_images\2017\rgb\nagaland_2017_rice_kharif_rgb.png,datasets\test_images\2017\ndvi\nagaland_2017_rice_kharif_ndvi.png,0.2531,0.025277,0.0061,0.010221,1.313193,0.653956,0.003676,0.125272,0.2789,0.045115,0.0059,0.01476,0.95,0.881996,0.006189,0.073124,-0.038202,-0.781434,-0.882431,0.062797,0.8359,0.369966,0.0444,0.081577,0.2522,0.022666,0.0021,0.012881
Nagaland,Rice,2019,Kharif,26.1630556,94.5884911,2019-07-01,2019-10-28,25,Sentinel-2 SR,0.6,0.05,datasets\test_images\2019\rgb\nagaland_2019_rice_kharif_rgb.png,datasets\test_images\2019\ndvi\nagaland_2019_rice_kharif_ndvi.png,0.2468,0.04622,0.0001,0.017761,1.535044,0.677449,0.056713,0.136955,0.2577,0.067409,0.0075,0.020514,0.933045,0.812169,0.082734,0.076823,-0.11344,-0.703816,-0.847091,0.067713,0.83905,0.39575,0.04745,0.089978,0.2364,0.039731,0.0031,0.017935
Odisha,Maize,1997,Autumn,20.5431241,84.6897321,1997-07-01,1997-10-28,5,Landsat 5/7 SR,0.6,0.05,datasets\test_images\1997\rgb\odisha_1997_maize_rgb.png,datasets\test_images\1997\ndvi\odisha_1997_maize_ndvi.png,0.182965,0.037388,0.007818,0.010514,0.747412,0.511232,-0.032301,0.084561,0.190294,0.059409,0.009467,0.014866,0.897599,0.742775,-0.088522,0.090622,0.113191,-0.683077,-0.843993,0.070083,0.467123,0.316779,0.070463,0.042483,0.235999,0.046857,0.00515,0.018468
Odisha,Maize,1997,Summer,20.5431241,84.6897321,1997-03-01,1997-06-28,4,Landsat 5/7 SR,0.6,0.05,datasets\test_images\1997\rgb\odisha_1997_maize_rgb.png,datasets\test_images\1997\ndvi\odisha_1997_maize_ndvi.png,0.120004,0.060737,0.026462,0.013185,0.531939,0.284682,0.03978,0.06716,0.197375,0.08983,0.03397,0.018383,0.736365,0.45367,0.077009,0.105764,-0.135616,-0.468333,-0.668768,0.064684,0.367765,0.25141,0.072154,0.029487,0.259278,0.095765,0.029323,0.029982
Odisha,Maize,1997,Winter,20.5431241,84.6897321,1997-07-01,1997-10-28,5,Landsat 5/7 SR,0.6,0.05,datasets\test_images\1997\rgb\odisha_1997_maize_rgb.png,datasets\test_images\1997\ndvi\odisha_1997_maize_ndvi.png,0.182965,0.037388,0.007818,0.010514,0.747412,0.511232,-0.032301,0.084561,0.190294,0.059409,0.009467,0.014866,0.897599,0.742775,-0.088522,0.090622,0.113191,-0.683077,-0.843993,0.070083,0.467123,0.316779,0.070463,0.042483,0.235999,0.046857,0.00515,0.018468
Odisha,Maize,1999,Kharif,20.5431241,84.6897321,1999-07-01,1999-10-28,3,Landsat 5/7 SR,0.6,0.05,datasets\test_images\1999\rgb\odisha_1999_maize_kharif_rgb.png,datasets\test_images\1999\ndvi\odisha_1999_maize_kharif_ndvi.png,0.191628,0.028018,0.005535,0.013408,0.768029,0.495901,-0.049035,0.083516,0.221107,0.048713,0.0112,0.016149,0.934969,0.788011,-0.143337,0.103009,0.143337,-0.716008,-0.839833,0.077684,0.454143,0.291744,0.073487,0.040816,0.218963,0.035409,0.003995,0.01964
Odisha,Maize,1999,Rabi,20.5431241,84.6897321,1999-11-01,2000-04-28,5,Landsat 5/7 SR,0.6,0.05,datasets\test_images\1999\rgb\odisha_1999_maize_rabi_rgb.png,datasets\test_images\1999\ndvi\odisha_1999_maize_rabi_ndvi.png,0.09623,0.043486,0.012465,0.012246,0.635324,0.351682,-0.074461,0.08615,0.151395,0.061166,0.022117,0.01694,0.838358,0.608947,-0.165826,0.132796,0.142116,-0.589086,-0.780685,0.08684,0.389627,0.237982,0.06411,0.035153,0.192508,0.059108,0.014802,0.026623
Odisha,Maize,2000,Kharif,20.5431241,84.6897321,2000-07-01,2000-10-28,4,Landsat 5/7 SR,0.6,0.05,datasets\test_images\2000\rgb\odisha_2000_maize_kharif_rgb.png,datasets\test_images\2000\ndvi\odisha_2000_maize_kharif_ndvi.png,0.180353,0.035217,0.013551,0.010002,0.807057,0.522095,0.018506,0.089094,0.211125,0.059242,0.018364,0.013638,0.913517,0.752934,0.03219,0.096942,-0.0142,-0.68717,-0.823357,0.075183,0.489205,0.322517,0.12032,0.039856,0.216625,0.04513,0.011956,0.017908
Odisha,Maize,2001,Kharif,20.5431241,84.6897321,2001-07-01,2001-10-28,3,Landsat 5/7 SR,0.6,0.05,datasets\test_images\2001\rgb\odisha_2001_maize_kharif_rgb.png,datasets\test_images\2001\ndvi\odisha_2001_maize_kharif_ndvi.png,0.184312,0.032208,0.011942,0.009011,0.770312,0.50179,-0.054942,0.090537,0.218275,0.05514,0.023685,0.013702,0.896666,0.758886,-0.132351,0.105862,0.124336,-0.692199,-0.802965,0.07379,0.46638,0.304928,0.07984,0.036893,0.217423,0.041937,0.01384,0.020251
Odisha,Maize,2002,Kharif,20.5431241,84.6897321,2002-07-01,2002-10-28,3,Landsat 5/7 SR,0.6,0.05,datasets\test_images\2002\rgb\odisha_2002_maize_rgb.png,datasets\test_images\2002\ndvi\odisha_2002_maize_ndvi.png,0.090854,0.025218,0.00515,0.008165,0.732824,0.495679,-0.031968,0.090838,0.183845,0.047811,0.010485,0.013654,0.910673,0.785924,-0.057337,0.113894,-0.013043,-0.719834,-0.84016,0.080705,0.448959,0.296592,0.080418,0.038041,0.24979,0.035494,0.006827,0.019893
Odisha,Maize,2003,Kharif,20.5431241,84.6897321,2003-07-01,2003-10-28,3,Landsat 5/7 SR,0.6,0.05,datasets\test_images\2003\rgb\odisha_2003_maize_rgb.png,datasets\test_images\2003\ndvi\odisha_2003_maize_ndvi.png,0.257985,0.036725,-0.006785,0.020388,0.93753,0.545643,-0.050223,0.133937,0.271267,0.056442,-0.002688,0.023668,1.352709,0.777511,-0.095907,0.122322,0.130986,-0.706148,-1.079825,0.094482,0.640427,0.328283,0.041505,0.07794,0.275695,0.041673,-0.010497,0.026775
Odisha,Maize,2003,Rabi,20.5431241,84.6897321,2003-11-01,2004-04-28,14,Landsat 5/7 SR,0.6,0.05,datasets\test_images\2003\rgb\odisha_2003_maize_rgb.png,datasets\test_images\2003\ndvi\odisha_2003_maize_ndvi.png,0.094168,0.035407,0.009357,0.011089,0.635672,0.352469,-0.093547,0.082475,0.17818,0.05414,0.014665,0.017035,0.849978,0.657833,-0.187716,0.132722,0.07692,-0.620111,-0.78758,0.08762,0.388473,0.233106,0.045905,0.035468,0.219925,0.048693,0.007047,0.02494
Odisha,Maize,2004,Autumn,20.5431241,84.6897321,2004-07-01,2004-10-28,7,Landsat 5/7 SR,0.6,0.05,datasets\test_images\2004\rgb\odisha_2004_maize_rgb.png,datasets\test_images\2004\ndvi\odisha_2004_maize_ndvi.png,0.823426,0.037283,0.002372,0.016218,0.786468,0.530812,-0.007941,0.081266,0.388307,0.056864,0.006882,0.018959,1.008925,0.764274,-0.013475,0.091948,0.074149,-0.699307,-0.875348,0.07406,0.566893,0.323669,0.087018,0.040941,0.37783,0.043408,-0.00046,0.021114
Odisha,Maize,2004,Summer,20.5431241,84.6897321,2004-03-01,2004-06-28,8,Landsat 5/7 SR,0.6,0.05,datasets\test_images\2004\rgb\odisha_2004_maize_rgb.png,datasets\test_images\2004\ndvi\odisha_2004_maize_ndvi.png,0.114875,0.062255,0.033227,0.012143,0.608477,0.31816,0.036804,0.0855,0.18368,0.092515,0.050607,0.016906,0.741027,0.474803,0.064908,0.117724,-0.117997,-0.481916,-0.677983,0.070881,0.415271,0.27377,0.131155,0.030187,0.234005,0.096219,0.042962,0.03011
Odisha,Maize,2004,Winter,20.5431241,84.6897321,2004-07-01,2004-10-28,7,Landsat 5/7 SR,0.6,0.05,datasets\test_images\2004\rgb\odisha_2004_maize_rgb.png,datasets\test_images\2004\ndvi\odisha_2004_maize_ndvi.png,0.823426,0.037283,0.002372,0.016218,0.786468,0.530812,-0.007941,0.081266,0.388307,0.056864,0.006882,0.018959,1.008925,0.764274,-0.013475,0.091948,0.074149,-0.699307,-0.875348,0.07406,0.566893,0.323669,0.087018,0.040941,0.37783,0.043408,-0.00046,0.021114
Odisha,Maize,2005,Autumn,20.5431241,84.6897321,2005-07-01,2005-10-28,5,Landsat 5/7 SR,0.6,0.05,datasets\test_images\2005\rgb\odisha_2005_maize_rgb.png,datasets\test_images\2005\ndvi\odisha_2005_maize_ndvi.png,0.215552,0.042462,0.013538,0.009978,0.844655,0.552396,0.000508,0.095709,0.239065,0.062149,0.021292,0.012637,0.924587,0.744194,0.001016,0.091397,-0.064123,-0.687223,-0.81425,0.072368,0.535818,0.340552,0.123592,0.043562,0.234445,0.049103,0.00966,0.016201
Odisha,Maize,2005,Summer,20.5431241,84.6897321,2005-03-01,2005-06-28,10,Landsat 5/7 SR,0.6,0.05,datasets\test_images\2005\rgb\odisha_2005_maize_rgb.png,datasets\test_images\2005\ndvi\odisha_2005_maize_ndvi.png,0.123428,0.063844,0.031467,0.012807,0.488908,0.245787,0.004679,0.063537,0.184642,0.090032,0.044736,0.018866,0.705115,0.401887,0.010197,0.103079,-0.108985,-0.448458,-0.6511,0.063032,0.343702,0.240951,0.098293,0.030785,0.249378,0.102777,0.038892,0.03218
Odisha,Maize,2005,Winter,20.5431241,84.6897321,2005-07-01,2005-10-28,5,Landsat 5/7 SR,0.6,0.05,datasets\test_images\2005\rgb\odisha_2005_maize_rgb.png,datasets\test_images\2005\ndvi\odisha_2005_maize_ndvi.png,0.215552,0.042462,0.013538,0.009978,0.844655,0.552396,0.000508,0.095709,0.239065,0.062149,0.021292,0.012637,0.924587,0.744194,0.001016,0.091397,-0.064123,-0.687223,-0.81425,0.072368,0.535818,0.340552,0.123592,0.043562,0.234445,0.049103,0.00966,0.016201
Odisha,Maize,2006,Autumn,20.5431241,84.6897321,2006-07-01,2006-10-28,7,Landsat 5/7 SR,0.6,0.05,datasets\test_images\2006\rgb\odisha_2006_maize_autumn_rgb.png,datasets\test_images\2006\ndvi\odisha_2006_maize_autumn_ndvi.png,0.143915,0.033977,0.011324,0.008524,0.724474,0.481886,-0.086683,0.075217,0.180737,0.053704,0.021224,0.013623,0.861701,0.748221,-0.160064,0.091651,0.131549,-0.689565,-0.80311,0.068156,0.44889,0.29108,0.089039,0.035458,0.203975,0.042667,0.014692,0.017678
Odisha,Maize,2006,Summer,20.5431241,84.6897321,2006-03-01,2006-06-28,8,Landsat 5/7 SR,0.6,0.05,datasets\test_images\2006\rgb\odisha_2006_maize_summer_rgb.png,datasets\test_images\2006\ndvi\odisha_2006_maize_summer_ndvi.png,0.105415,0.059067,0.024977,0.01152,0.522214,0.280143,-0.053582,0.071023,0.187695,0.084635,0.037132,0.015293,0.7657,0.451094,-0.10805,0.106694,0.03132,-0.463989,-0.682175,0.066739,0.353053,0.24363,0.096863,0.024616,0.24099,0.091834,0.027287,0.026777
Odisha,Maize,2006,Winter,20.5431241,84.6897321,2006-07-01,2006-10-28,7,Landsat 5/7 SR,0.6,0.05,datasets\test_images\2006\rgb\odisha_2006_maize_winter_rgb.png,datasets\test_images\2006\ndvi\odisha_2006_maize_winter_ndvi.png,0.143915,0.033977,0.011324,0.008524,0.724474,0.481886,-0.086683,0.075217,0.180737,0.053704,0.021224,0.013623,0.861701,0.748221,-0.160064,0.091651,0.131549,-0.689565,-0.80311,0.068156,0.44889,0.29108,0.089039,0.035458,0.203975,0.042667,0.014692,0.017678
Odisha,Maize,2007,Autumn,20.5431241,84.6897321,2007-07-01,2007-10-28,7,Landsat 5/7 SR,0.6,0.05,datasets\test_images\2007\rgb\odisha_2007_maize_autumn_rgb.png,datasets\test_images\2007\ndvi\odisha_2007_maize_autumn_ndvi.png,1.602213,0.051057,-0.000515,0.039479,0.839959,0.577477,-0.067348,0.107152,0.445947,0.074588,0.003032,0.028418,1.148856,0.736475,-0.049661,0.115367,0.048563,-0.663649,-0.917009,0.094185,0.618125,0.365296,0.062433,0.054494,0.445398,0.056714,-0.004612,0.031267
Odisha,Maize,2007,Summer,20.5431241,84.6897321,2007-03-01,2007-06-28,11,Landsat 5/7 SR,0.6,0.05,datasets\test_images\2007\rgb\odisha_2007_maize_summer_rgb.png,datasets\test_images\2007\ndvi\odisha_2007_maize_summer_ndvi.png,0.118945,0.069099,0.04112,0.011796,0.476579,0.234958,0.031032,0.056802,0.188795,0.09754,0.049494,0.015796,0.672337,0.375452,0.051038,0.092126,-0.093991,-0.416015,-0.615438,0.05855,0.341585,0.233336,0.107752,0.028845,0.23395,0.106314,0.045905,0.026769
Odisha,Maize,2007,Winter,20.5431241,84.6897321,2007-07-01,2007-10-28,7,Landsat 5/7 SR,0.6,0.05,datasets\test_images\2007\rgb\odisha_2007_maize_winter_rgb.png,datasets\test_images\2007\ndvi\odisha_2007_maize_winter_ndvi.png,1.602213,0.051057,-0.000515,0.039479,0.839959,0.577477,-0.067348,0.107152,0.445947,0.074588,0.003032,0.028418,1.148856,0.736475,-0.049661,0.115367,0.048563,-0.663649,-0.917009,0.094185,0.618125,0.365296,0.062433,0.054494,0.445398,0.056714,-0.004612,0.031267
Odisha,Maize,2008,Autumn,20.5431241,84.6897321,2008-07-01,2008-10-28,9,Landsat 5/7 SR,0.6,0.05,datasets\test_images\2008\rgb\odisha_2008_maize_autumn_rgb.png,datasets\test_images\2008\ndvi\odisha_2008_maize_autumn_ndvi.png,0.13396,0.034292,0.015352,0.006486,0.738515,0.496873,-0.061494,0.071,0.16399,0.054276,0.024482,0.011166,0.868431,0.754763,-0.106926,0.078963,0.010388,-0.694224,-0.796482,0.061991,0.45967,0.299602,0.095309,0.035345,0.19083,0.042167,0.014885,0.014135
Odisha,Maize,2008,Summer,20.5431241,84.6897321,2008-03-01,2008-06-28,13,Landsat 5/7 SR,0.6,0.05,datasets\test_images\2008\rgb\odisha_2008_maize_summer_rgb.png,datasets\test_images\2008\ndvi\odisha_2008_maize_summer_ndvi.png,0.108027,0.068416,0.040267,0.010206,0.463005,0.24916,0.038278,0.054062,0.180023,0.093214,0.05311,0.013728,0.686577,0.398971,0.059186,0.088196,-0.104456,-0.428075,-0.62809,0.05375,0.316698,0.23176,0.113115,0.023446,0.234129,0.100931,0.050443,0.02354
Odisha,Maize,2008,Winter,20.5431241,84.6897321,2008-07-01,2008-10-28,9,Landsat 5/7 SR,0.6,0.05,datasets\test_images\2008\rgb\odisha_2008_maize_winter_rgb.png,datasets\test_images\2008\ndvi\odisha_2008_maize_winter_ndvi.png,0.13396,0.034292,0.015352,0.006486,0.738515,0.496873,-0.061494,0.071,0.16399,0.054276,0.024482,0.011166,0.868431,0.754763,-0.106926,0.078963,0.010388,-0.694224,-0.796482,0.061991,0.45967,0.299602,0.095309,0.035345,0.19083,0.042167,0.014885,0.014135
Odisha,Maize,2009,Autumn,20.5431241,84.6897321,2009-07-01,2009-10-28,8,Landsat 5/7 SR,0.6,0.05,datasets\test_images\2009\rgb\odisha_2009_maize_autumn_rgb.png,datasets\test_images\2009\ndvi\odisha_2009_maize_autumn_ndvi.png,0.106391,0.030138,0.00977,0.007009,0.744308,0.511056,-0.045464,0.078931,0.168335,0.048638,0.017621,0.011522,0.898793,0.778758,-0.091522,0.085602,-0.002498,-0.722964,-0.823189,0.0635,0.487472,0.304072,0.068689,0.038243,0.199053,0.037858,0.011145,0.015646
Odisha,Maize,2009,Summer,20.5431241,84.6897321,2009-03-01,2009-06-28,14,Landsat 5/7 SR,0.6,0.05,datasets\test_images\2009\rgb\odisha_2009_maize_summer_rgb.png,datasets\test_images\2009\ndvi\odisha_2009_maize_summer_ndvi.png,0.117982,0.073417,0.041656,0.011449,0.460879,0.212865,0.029214,0.058585,0.172405,0.098106,0.05366,0.015622,0.63224,0.339447,0.059128,0.08845,-0.086273,-0.398425,-0.608763,0.055789,0.330668,0.23257,0.111108,0.030972,0.220241,0.110724,0.050305,0.02614
Odisha,Maize,2009,Winter,20.5431241,84.6897321,2009-07-01,2009-10-28,8,Landsat 5/7 SR,0.6,0.05,datasets\test_images\2009\rgb\odisha_2009_maize_winter_rgb.png,datasets\test_images\2009\ndvi\odisha_2009_maize_winter_ndvi.png,0.106391,0.030138,0.00977,0.007009,0.744308,0.511056,-0.045464,0.078931,0.168335,0.048638,0.017621,0.011522,0.898793,0.778758,-0.091522,0.085602,-0.002498,-0.722964,-0.823189,0.0635,0.487472,0.304072,0.068689,0.038243,0.199053,0.037858,0.011145,0.015646
Odisha,Maize,2010,Autumn,20.5431241,84.6897321,2010-07-01,2010-10-28,1,Landsat 5/7 SR,0.6,0.05,datasets\test_images\2010\rgb\odisha_2010_maize_autumn_rgb.png,datasets\test_images\2010\ndvi\odisha_2010_maize_autumn_ndvi.png,0.093562,0.027398,0.007763,0.007341,0.776204,0.539814,0.018635,0.07953,0.17422,0.045952,0.012437,0.011345,0.91825,0.803159,0.032114,0.087445,-0.045822,-0.748428,-0.848984,0.062663,0.459753,0.321087,0.084625,0.037545,0.237718,0.035008,0.009495,0.016006
Odisha,Maize,2010,Summer,20.5431241,84.6897321,2010-03-01,2010-06-28,9,Landsat 5/7 SR,0.6,0.05,datasets\test_images\2010\rgb\odisha_2010_maize_summer_rgb.png,datasets\test_images\2010\ndvi\odisha_2010_maize_summer_ndvi.png,0.125078,0.068509,0.037229,0.012746,0.498647,0.237262,0.047256,0.067004,0.17235,0.098569,0.053949,0.015257,0.67256,0.373175,0.078529,0.101243,-0.140381,-0.427221,-0.626497,0.062589,0.35429,0.246318,0.124307,0.031289,0.226718,0.108507,0.050415,0.027344
Odisha,Maize,2010,Winter,20.5431241,84.6897321,2010-07-01,2010-10-28,1,Landsat 5/7 SR,0.6,0.05,datasets\test_images\2010\rgb\odisha_2010_maize_winter_rgb.png,datasets\test_images\2010\ndvi\odisha_2010_maize_winter_ndvi.png,0.093562,0.027398,0.007763,0.007341,0.776204,0.539814,0.018635,0.07953,0.17422,0.045952,0.012437,0.011345,0.91825,0.803159,0.032114,0.087445,-0.045822,-0.748428,-0.848984,0.062663,0.459753,0.321087,0.084625,0.037545,0.237718,0.035008,0.009495,0.016006
Odisha,Maize,2011,Autumn,20.5431241,84.6897321,2011-07-01,2011-10-28,6,Landsat 5/7 SR,0.6,0.05,datasets\test_images\2011\rgb\odisha_2011_maize_autumn_rgb.png,datasets\test_images\2011\ndvi\odisha_2011_maize_autumn_ndvi.png,0.25276,0.031653,0.001273,0.010588,0.836818,0.513269,-0.028613,0.086955,0.266207,0.052363,0.010265,0.015144,0.954436,0.776953,-0.071388,0.096035,-0.049692,-0.708258,-0.860653,0.071247,0.515852,0.307203,0.08644,0.046511,0.27124,0.038934,0.003225,0.018213
Odisha,Maize,2011,Summer,20.5431241,84.6897321,2011-03-01,2011-06-28,10,Landsat 5/7 SR,0.6,0.05,datasets\test_images\2011\rgb\odisha_2011_maize_summer_rgb.png,datasets\test_images\2011\ndvi\odisha_2011_maize_summer_ndvi.png,0.103875,0.063795,0.03199,0.010244,0.551781,0.272849,0.054507,0.072581,0.166355,0.083516,0.043622,0.012579,0.741678,0.44091,0.098848,0.109529,-0.11859,-0.482072,-0.677548,0.06895,0.36749,0.233701,0.093535,0.030183,0.229935,0.089192,0.03793,0.023157
Odisha,Maize,2011,Winter,20.5431241,84.6897321,2011-07-01,2011-10-28,6,Landsat 5/7 SR,0.6,0.05,datasets\test_images\2011\rgb\odisha_2011_maize_winter_rgb.png,datasets\test_images\2011\ndvi\odisha_2011_maize_winter_ndvi.png,0.25276,0.031653,0.001273,0.010588,0.836818,0.513269,-0.028613,0.086955,0.266207,0.052363,0.010265,0.015144,0.954436,0.776953,-0.071388,0.096035,-0.049692,-0.708258,-0.860653,0.071247,0.515852,0.307203,0.08644,0.046511,0.27124,0.038934,0.003225,0.018213
Odisha,Maize,2012,Autumn,20.5431241,84.6897321,2012-07-01,2012-10-28,5,Landsat 5/7 SR,0.6,0.05,datasets\test_images\2012\rgb\odisha_2012_maize_autumn_rgb.png,datasets\test_images\2012\ndvi\odisha_2012_maize_autumn_ndvi.png,0.295083,0.030336,0.001603,0.015282,0.8392,0.555771,-0.074679,0.093486,0.3126,0.05417,0.012162,0.01847,0.996254,0.800616,-0.140405,0.097251,0.092923,-0.719425,-0.864073,0.080232,0.533013,0.332793,0.07819,0.050797,0.30567,0.036813,0.0002,0.020373
Odisha,Maize,2012,Summer,20.5431241,84.6897321,2012-03-01,2012-06-28,8,Landsat 5/7 SR,0.6,0.05,datasets\test_images\2012\rgb\odisha_2012_maize_summer_rgb.png,datasets\test_images\2012\ndvi\odisha_2012_maize_summer_ndvi.png,0.11416,0.073753,0.045657,0.009143,0.454144,0.207549,0.018883,0.045974,0.179445,0.09669,0.056822,0.01345,0.619568,0.329371,0.029792,0.069397,-0.160441,-0.386248,-0.59329,0.043608,0.317413,0.22256,0.108633,0.027828,0.228491,0.11149,0.057469,0.023469
Odisha,Maize,2012,Winter,20.5431241,84.6897321,2012-07-01,2012-10-28,5,Landsat 5/7 SR,0.6,0.05,datasets\test_images\2012\rgb\odisha_2012_maize_winter_rgb.png,datasets\test_images\2012\ndvi\odisha_2012_maize_winter_ndvi.png,0.295083,0.030336,0.001603,0.015282,0.8392,0.555771,-0.074679,0.093486,0.3126,0.05417,0.012162,0.01847,0.996254,0.800616,-0.140405,0.097251,0.092923,-0.719425,-0.864073,0.080232,0.533013,0.332793,0.07819,0.050797,0.30567,0.036813,0.0002,0.020373
Odisha,Maize,2013,Autumn,20.5431241,84.6897321,2013-07-01,2013-10-28,7,Landsat 8 SR,0.6,0.05,datasets\test_images\2013\rgb\odisha_2013_maize_autumn_rgb.png,datasets\test_images\2013\ndvi\odisha_2013_maize_autumn_ndvi.png,0.984287,0.158691,-0.152012,0.188255,1.039562,0.515626,0.100727,0.076036,0.960473,0.193551,-0.028978,0.165565,1.792914,0.564447,0.013493,0.227427,-0.005201,-0.491787,-1.329725,0.193182,0.991355,0.447991,0.169476,0.104371,0.950133,0.172185,-0.058127,0.170013
Odisha,Maize,2013,Summer,20.5431241,84.6897321,2013-03-01,2013-06-28,5,Landsat 8 SR,0.6,0.05,datasets\test_images\2013\rgb\odisha_2013_maize_summer_rgb.png,datasets\test_images\2013\ndvi\odisha_2013_maize_summer_ndvi.png,0.102197,0.04748,0.018212,0.013917,0.575653,0.27984,-0.022294,0.07518,0.170507,0.082706,0.036197,0.016044,0.787738,0.474196,-0.040398,0.115561,-0.089846,-0.499284,-0.692088,0.06689,0.363943,0.251031,0.091871,0.035025,0.22086,0.087184,0.029515,0.028148
Odisha,Maize,2013,Winter,20.5431241,84.6897321,2013-07-01,2013-10-28,7,Landsat 8 SR,0.6,0.05,datasets\test_images\2013\rgb\odisha_2013_maize_winter_rgb.png,datasets\test_images\2013\ndvi\odisha_2013_maize_winter_ndvi.png,0.984287,0.158691,-0.152012,0.188255,1.039562,0.515626,0.100727,0.076036,0.960473,0.193551,-0.028978,0.165565,1.792914,0.564447,0.013493,0.227427,-0.005201,-0.491787,-1.329725,0.193182,0.991355,0.447991,0.169476,0.104371,0.950133,0.172185,-0.058127,0.170013
Odisha,Maize,2014,Autumn,20.5431241,84.6897321,2014-07-01,2014-10-28,6,Landsat 8 SR,0.6,0.05,datasets\test_images\2014\rgb\odisha_2014_maize_autumn_rgb.png,datasets\test_images\2014\ndvi\odisha_2014_maize_autumn_ndvi.png,0.131375,0.027009,-0.018816,0.005029,0.794843,0.556482,-0.127437,0.085277,0.176777,0.059309,0.020742,0.011371,0.931273,0.803074,-0.334832,0.075169,0.322969,-0.705976,-0.798547,0.058079,0.496713,0.347647,0.049989,0.043031,0.19853,0.036648,0.011612,0.013765
Odisha,Maize,2014,Summer,20.5431241,84.6897321,2014-03-01,2014-06-28,8,Landsat 8 SR,0.6,0.05,datasets\test_images\2014\rgb\odisha_2014_maize_summer_rgb.png,datasets\test_images\2014\ndvi\odisha_2014_maize_summer_ndvi.png,0.08985,0.041159,0.01868,0.01281,0.620487,0.31616,-0.051611,0.059792,0.142072,0.077536,0.040804,0.0122,0.827822,0.564911,-0.118526,0.113713,0.040399,-0.548762,-0.702068,0.067109,0.420152,0.2434,0.083937,0.031398,0.170535,0.069819,0.029625,0.024619
Odisha,Maize,2014,Winter,20.5431241,84.6897321,2014-07-01,2014-10-28,6,Landsat 8 SR,0.6,0.05,datasets\test_images\2014\rgb\odisha_2014_maize_winter_rgb.png,datasets\test_images\2014\ndvi\odisha_2014_maize_winter_ndvi.png,0.131375,0.027009,-0.018816,0.005029,0.794843,0.556482,-0.127437,0.085277,0.176777,0.059309,0.020742,0.011371,0.931273,0.803074,-0.334832,0.075169,0.322969,-0.705976,-0.798547,0.058079,0.496713,0.347647,0.049989,0.043031,0.19853,0.036648,0.011612,0.013765
Odisha,Maize,2015,Autumn,20.5431241,84.6897321,2015-07-01,2015-10-28,6,Landsat 8 SR,0.6,0.05,datasets\test_images\2015\rgb\odisha_2015_maize_autumn_rgb.png,datasets\test_images\2015\ndvi\odisha_2015_maize_autumn_ndvi.png,0.173381,0.025797,-0.096435,0.007096,0.941564,0.545557,-0.009626,0.079424,0.211978,0.062182,0.015751,0.011818,1.049463,0.793533,-0.028483,0.067271,0.009903,-0.690907,-0.897179,0.051376,0.594255,0.346259,0.075619,0.045463,0.207399,0.03893,-0.006235,0.01352
Odisha,Maize,2015,Summer,20.5431241,84.6897321,2015-03-01,2015-06-28,8,Landsat 8 SR,0.6,0.05,datasets\test_images\2015\rgb\odisha_2015_maize_summer_rgb.png,datasets\test_images\2015\ndvi\odisha_2015_maize_summer_ndvi.png,0.092421,0.046835,0.024345,0.012715,0.481753,0.286162,0.006188,0.054569,0.153705,0.087481,0.053811,0.012172,0.738785,0.493337,0.012818,0.096888,-0.050287,-0.494528,-0.648529,0.053786,0.328797,0.245195,0.115948,0.024104,0.178029,0.086572,0.04079,0.023166
Odisha,Maize,2015,Winter,20.5431241,84.6897321,2015-07-01,2015-10-28,6,Landsat 8 SR,0.6,0.05,datasets\test_images\2015\rgb\odisha_2015_maize_winter_rgb.png,datasets\test_images\2015\ndvi\odisha_2015_maize_winter_ndvi.png,0.173381,0.025797,-0.096435,0.007096,0.941564,0.545557,-0.009626,0.079424,0.211978,0.062182,0.015751,0.011818,1.049463,0.793533,-0.028483,0.067271,0.009903,-0.690907,-0.897179,0.051376,0.594255,0.346259,0.075619,0.045463,0.207399,0.03893,-0.006235,0.01352
Odisha,Maize,2016,Autumn,20.5431241,84.6897321,2016-07-01,2016-10-28,4,Landsat 8 SR,0.6,0.05,datasets\test_images\2016\rgb\odisha_2016_maize_autumn_rgb.png,datasets\test_images\2016\ndvi\odisha_2016_maize_autumn_ndvi.png,0.157486,0.024901,-0.008765,0.006179,0.826419,0.556608,-0.078559,0.083876,0.18225,0.055672,0.023809,0.010695,0.914257,0.810016,-0.167927,0.070724,0.17723,-0.712076,-0.788582,0.050741,0.518382,0.338463,0.069418,0.042998,0.213985,0.035201,0.012658,0.013244
Odisha,Maize,2016,Summer,20.5431241,84.6897321,2016-03-01,2016-06-28,7,Landsat 8 SR,0.6,0.05,datasets\test_images\2016\rgb\odisha_2016_maize_summer_rgb.png,datasets\test_images\2016\ndvi\odisha_2016_maize_summer_ndvi.png,0.093191,0.044191,0.017869,0.013294,0.548303,0.326703,-0.043654,0.058755,0.153347,0.08176,0.039319,0.015303,0.791227,0.547903,-0.112316,0.103175,0.100191,-0.51439,-0.672227,0.055443,0.366308,0.260507,0.096106,0.027029,0.174949,0.077076,0.024111,0.026306
Odisha,Maize,2016,Winter,20.5431241,84.6897321,2016-07-01,2016-10-28,4,Landsat 8 SR,0.6,0.05,datasets\test_images\2016\rgb\odisha_2016_maize_winter_rgb.png,datasets\test_images\2016\ndvi\odisha_2016_maize_winter_ndvi.png,0.157486,0.024901,-0.008765,0.006179,0.826419,0.556608,-0.078559,0.083876,0.18225,0.055672,0.023809,0.010695,0.914257,0.810016,-0.167927,0.070724,0.17723,-0.712076,-0.788582,0.050741,0.518382,0.338463,0.069418,0.042998,0.213985,0.035201,0.012658,0.013244
Odisha,Maize,2017,Autumn,20.5431241,84.6897321,2017-07-01,2017-10-28,2,Sentinel-2 SR,0.6,0.05,datasets\test_images\2017\rgb\odisha_2017_maize_autumn_rgb.png,datasets\test_images\2017\ndvi\odisha_2017_maize_autumn_ndvi.png,0.1773,0.042828,0.0201,0.009122,0.924583,0.523106,-0.087268,0.082197,0.196,0.063855,0.028,0.012678,0.872642,0.750922,-0.156488,0.068535,0.191883,-0.649958,-0.774873,0.055107,0.60985,0.302056,0.06115,0.045343,0.2276,0.042696,0.0175,0.012114
Odisha,Maize,2017,Summer,20.5431241,84.6897321,2017-03-01,2017-06-28,6,Sentinel-2 SR,0.6,0.05,datasets\test_images\2017\rgb\odisha_2017_maize_summer_rgb.png,datasets\test_images\2017\ndvi\odisha_2017_maize_summer_ndvi.png,0.1494,0.05976,0.01885,0.017597,0.591162,0.208308,-0.113588,0.07344,0.2032,0.093399,0.03835,0.021613,0.836492,0.352336,-0.19291,0.119112,0.166926,-0.447477,-0.725429,0.074457,0.4891,0.244111,0.06115,0.038532,0.27605,0.117703,0.02985,0.035624
Odisha,Maize,2017,Winter,20.5431241,84.6897321,2017-07-01,2017-10-28,2,Sentinel-2 SR,0.6,0.05,datasets\test_images\2017\rgb\odisha_2017_maize_winter_rgb.png,datasets\test_images\2017\ndvi\odisha_2017_maize_winter_ndvi.png,0.1773,0.042828,0.0201,0.009122,0.924583,0.523106,-0.087268,0.082197,0.196,0.063855,0.028,0.012678,0.872642,0.750922,-0.156488,0.068535,0.191883,-0.649958,-0.774873,0.055107,0.60985,0.302056,0.06115,0.045343,0.2276,0.042696,0.0175,0.012114
Odisha,Maize,2018,Autumn,20.5431241,84.6897321,2018-07-01,2018-10-28,2,Sentinel-2 SR,0.6,0.05,datasets\test_images\2018\rgb\odisha_2018_maize_autumn_rgb.png,datasets\test_images\2018\ndvi\odisha_2018_maize_autumn_ndvi.png,0.1585,0.038026,0.0155,0.009294,0.976091,0.528254,-0.105451,0.096732,0.214,0.055947,0.0219,0.013093,0.889217,0.772715,-0.246498,0.095028,0.365434,-0.686065,-0.811005,0.068429,0.6601,0.302643,0.0462,0.04736,0.24735,0.038585,0.0119,0.017002
Odisha,Maize,2018,Summer,20.5431241,84.6897321,2018-03-01,2018-06-28,10,Sentinel-2 SR,0.6,0.05,datasets\test_images\2018\rgb\odisha_2018_maize_summer_rgb.png,datasets\test_images\2018\ndvi\odisha_2018_maize_summer_ndvi.png,0.14635,0.058647,0.0236,0.014913,0.628253,0.25836,-0.080644,0.079572,0.2169,0.089656,0.05025,0.016454,0.835208,0.411142,-0.218324,0.119919,0.272814,-0.4741,-0.757302,0.066288,0.53815,0.249771,0.05265,0.033677,0.26735,0.102846,0.0321,0.029553
Odisha,Maize,2018,Winter,20.5431241,84.6897321,2018-07-01,2018-10-28,2,Sentinel-2 SR,0.6,0.05,datasets\test_images\2018\rgb\odisha_2018_maize_winter_rgb.png,datasets\test_images\2018\ndvi\odisha_2018_maize_winter_ndvi.png,0.1585,0.038026,0.0155,0.009294,0.976091,0.528254,-0.105451,0.096732,0.214,0.055947,0.0219,0.013093,0.889217,0.772715,-0.246498,0.095028,0.365434,-0.686065,-0.811005,0.068429,0.6601,0.302643,0.0462,0.04736,0.24735,0.038585,0.0119,0.017002
Odisha,Rice,1997,Kharif,20.5431241,84.6897321,1997-07-01,1997-10-28,6,Landsat 5/7 SR,0.6,0.05,datasets\test_images\1997\rgb\odisha_1997_rice_kharif_rgb.png,datasets\test_images\1997\ndvi\odisha_1997_rice_kharif_ndvi.png,0.81475,0.038688,0.01241,0.014224,0.770401,0.516027,-0.053176,0.089918,0.323985,0.066667,0.018707,0.017855,0.869795,0.730623,-0.111925,0.100382,0.135622,-0.664056,-0.794934,0.076977,0.511232,0.330642,0.07335,0.043455,0.32019,0.051585,0.013372,0.021686
Odisha,Rice,1999,Autumn,20.5431241,84.6897321,1999-07-01,1999-10-28,3,Landsat 5/7 SR,0.6,0.05,datasets\test_images\1999\rgb\odisha_1999_rice_autumn_rgb.png,datasets\test_images\1999\ndvi\odisha_1999_rice_autumn_ndvi.png,0.191628,0.028018,0.005535,0.013408,0.768029,0.495901,-0.049035,0.083516,0.221107,0.048713,0.0112,0.016149,0.934969,0.788011,-0.143337,0.103009,0.143337,-0.716008,-0.839833,0.077684,0.454143,0.291744,0.073487,0.040816,0.218963,0.035409,0.003995,0.01964
Odisha,Rice,1999,Winter,20.5431241,84.6897321,1999-07-01,1999-10-28,3,Landsat 5/7 SR,0.6,0.05,datasets\test_images\1999\rgb\odisha_1999_rice_winter_rgb.png,datasets\test_images\1999\ndvi\odisha_1999_rice_winter_ndvi.png,0.191628,0.028018,0.005535,0.013408,0.768029,0.495901,-0.049035,0.083516,0.221107,0.048713,0.0112,0.016149,0.934969,0.788011,-0.143337,0.103009,0.143337,-0.716008,-0.839833,0.077684,0.454143,0.291744,0.073487,0.040816,0.218963,0.035409,0.003995,0.01964
Odisha,Rice,1999,Kharif,20.5431241,84.6897321,1999-07-01,1999-10-28,3,Landsat 5/7 SR,0.6,0.05,datasets\test_images\1999\rgb\odisha_1999_rice_kharif_rgb.png,datasets\test_images\1999\ndvi\odisha_1999_rice_kharif_ndvi.png,0.191628,0.028018,0.005535,0.013408,0.768029,0.495901,-0.049035,0.083516,0.221107,0.048713,0.0112,0.016149,0.934969,0.788011,-0.143337,0.103009,0.143337,-0.716008,-0.839833,0.077684,0.454143,0.291744,0.073487,0.040816,0.218963,0.035409,0.003995,0.01964
Odisha,Rice,2000,Autumn,20.5431241,84.6897321,2000-07-01,2000-10-28,4,Landsat 5/7 SR,0.6,0.05,datasets\test_images\2000\rgb\odisha_2000_rice_autumn_rgb.png,datasets\test_images\2000\ndvi\odisha_2000_rice_autumn_ndvi.png,0.180353,0.035217,0.013551,0.010002,0.807057,0.522095,0.018506,0.089094,0.211125,0.059242,0.018364,0.013638,0.913517,0.752934,0.03219,0.096942,-0.0142,-0.68717,-0.823357,0.075183,0.489205,0.322517,0.12032,0.039856,0.216625,0.04513,0.011956,0.017908
Odisha,Rice,2000,Summer,20.5431241,84.6897321,2000-03-01,2000-06-28,3,Landsat 5/7 SR,0.6,0.05,datasets\test_images\2000\rgb\odisha_2000_rice_summer_rgb.png,datasets\test_images\2000\ndvi\odisha_2000_rice_summer_ndvi.png,0.115645,0.060941,0.032512,0.011189,0.481365,0.240296,-0.0542,0.058281,0.16267,0.087358,0.043237,0.016286,0.71244,0.408157,-0.109803,0.102176,0.063908,-0.4489,-0.645345,0.058891,0.321042,0.22637,0.104287,0.026336,0.212747,0.098098,0.04013,0.02938
Odisha,Rice,2000,Winter,20.5431241,84.6897321,2000-07-01,2000-10-28,4,Landsat 5/7 SR,0.6,0.05,datasets\test_images\2000\rgb\odisha_2000_rice_winter_rgb.png,datasets\test_images\2000\ndvi\odisha_2000_rice_winter_ndvi.png,0.180353,0.035217,0.013551,0.010002,0.807057,0.522095,0.018506,0.089094,0.211125,0.059242,0.018364,0.013638,0.913517,0.752934,0.03219,0.096942,-0.0142,-0.68717,-0.823357,0.075183,0.489205,0.322517,0.12032,0.039856,0.216625,0.04513,0.011956,0.017908
Odisha,Rice,2000,Kharif,20.5431241,84.6897321,2000-07-01,2000-10-28,4,Landsat 5/7 SR,0.6,0.05,datasets\test_images\2000\rgb\odisha_2000_rice_kharif_rgb.png,datasets\test_images\2000\ndvi\odisha_2000_rice_kharif_ndvi.png,0.180353,0.035217,0.013551,0.010002,0.807057,0.522095,0.018506,0.089094,0.211125,0.059242,0.018364,0.013638,0.913517,0.752934,0.03219,0.096942,-0.0142,-0.68717,-0.823357,0.075183,0.489205,0.322517,0.12032,0.039856,0.216625,0.04513,0.011956,0.017908
Odisha,Rice,2001,Kharif,20.5431241,84.6897321,2001-07-01,2001-10-28,3,Landsat 5/7 SR,0.6,0.05,datasets\test_images\2001\rgb\odisha_2001_rice_kharif_rgb.png,datasets\test_images\2001\ndvi\odisha_2001_rice_kharif_ndvi.png,0.184312,0.032208,0.011942,0.009011,0.770312,0.50179,-0.054942,0.090537,0.218275,0.05514,0.023685,0.013702,0.896666,0.758886,-0.132351,0.105862,0.124336,-0.692199,-0.802965,0.07379,0.46638,0.304928,0.07984,0.036893,0.217423,0.041937,0.01384,0.020251
Odisha,Rice,2002,Kharif,20.5431241,84.6897321,2002-07-01,2002-10-28,3,Landsat 5/7 SR,0.6,0.05,datasets\test_images\2002\rgb\odisha_2002_rice_rgb.png,datasets\test_images\2002\ndvi\odisha_2002_rice_ndvi.png,0.090854,0.025218,0.00515,0.008165,0.732824,0.495679,-0.031968,0.090838,0.183845,0.047811,0.010485,0.013654,0.910673,0.785924,-0.057337,0.113894,-0.013043,-0.719834,-0.84016,0.080705,0.448959,0.296592,0.080418,0.038041,0.24979,0.035494,0.006827,0.019893
Odisha,Rice,2003,Kharif,20.5431241,84.6897321,2003-07-01,2003-10-28,3,Landsat 5/7 SR,0.6,0.05,datasets\test_images\2003\rgb\odisha_2003_rice_rgb.png,datasets\test_images\2003\ndvi\odisha_2003_rice_ndvi.png,0.257985,0.036725,-0.006785,0.020388,0.93753,0.545643,-0.050223,0.133937,0.271267,0.056442,-0.002688,0.023668,1.352709,0.777511,-0.095907,0.122322,0.130986,-0.706148,-1.079825,0.094482,0.640427,0.328283,0.041505,0.07794,0.275695,0.041673,-0.010497,0.026775
Odisha,Rice,2004,Autumn,20.5431241,84.6897321,2004-07-01,2004-10-28,7,Landsat 5/7 SR,0.6,0.05,datasets\test_images\2004\rgb\odisha_2004_rice_rgb.png,datasets\test_images\2004\ndvi\odisha_2004_rice_ndvi.png,0.823426,0.037283,0.002372,0.016218,0.786468,0.530812,-0.007941,0.081266,0.388307,0.056864,0.006882,0.018959,1.008925,0.764274,-0.013475,0.091948,0.074149,-0.699307,-0.875348,0.07406,0.566893,0.323669,0.087018,0.040941,0.37783,0.043408,-0.00046,0.021114
Odisha,Rice,2004,Summer,20.5431241,84.6897321,2004-03-01,2004-06-28,8,Landsat 5/7 SR,0.6,0.05,datasets\test_images\2004\rgb\odisha_2004_rice_rgb.png,datasets\test_images\2004\ndvi\odisha_2004_rice_ndvi.png,0.114875,0.062255,0.033227,0.012143,0.608477,0.31816,0.036804,0.0855,0.18368,0.092515,0.050607,0.016906,0.741027,0.474803,0.064908,0.117724,-0.117997,-0.481916,-0.677983,0.070881,0.415271,0.27377,0.131155,0.030187,0.234005,0.096219,0.042962,0.03011
Odisha,Rice,2004,Winter,20.5431241,84.6897321,2004-07-01,2004-10-28,7,Landsat 5/7 SR,0.6,0.05,datasets\test_images\2004\rgb\odisha_2004_rice_rgb.png,datasets\test_images\2004\ndvi\odisha_2004_rice_ndvi.png,0.823426,0.037283,0.002372,0.016218,0.786468,0.530812,-0.007941,0.081266,0.388307,0.056864,0.006882,0.018959,1.008925,0.764274,-0.013475,0.091948,0.074149,-0.699307,-0.875348,0.07406,0.566893,0.323669,0.087018,0.040941,0.37783,0.043408,-0.00046,0.021114
Odisha,Rice,2004,Kharif,20.5431241,84.6897321,2004-07-01,2004-10-28,9,Landsat 5/7 SR,0.6,0.05,datasets\test_images\2004\rgb\odisha_2004_rice_kharif_rgb.png,datasets\test_images\2004\ndvi\odisha_2004_rice_kharif_ndvi.png,0.823426,0.037283,0.002372,0.016218,0.786468,0.530812,-0.007941,0.081266,0.388307,0.056864,0.006882,0.018959,1.008925,0.764274,-0.013475,0.091948,0.074149,-0.699307,-0.875348,0.07406,0.566893,0.323669,0.087018,0.040941,0.37783,0.043408,-0.00046,0.021114
Odisha,Rice,2005,Autumn,20.5431241,84.6897321,2005-07-01,2005-10-28,5,Landsat 5/7 SR,0.6,0.05,datasets\test_images\2005\rgb\odisha_2005_rice_rgb.png,datasets\test_images\2005\ndvi\odisha_2005_rice_ndvi.png,0.215552,0.042462,0.013538,0.009978,0.844655,0.552396,0.000508,0.095709,0.239065,0.062149,0.021292,0.012637,0.924587,0.744194,0.001016,0.091397,-0.064123,-0.687223,-0.81425,0.072368,0.535818,0.340552,0.123592,0.043562,0.234445,0.049103,0.00966,0.016201
Odisha,Rice,2005,Summer,20.5431241,84.6897321,2005-03-01,2005-06-28,10,Landsat 5/7 SR,0.6,0.05,datasets\test_images\2005\rgb\odisha_2005_rice_rgb.png,datasets\test_images\2005\ndvi\odisha_2005_rice_ndvi.png,0.123428,0.063844,0.031467,0.012807,0.488908,0.245787,0.004679,0.063537,0.184642,0.090032,0.044736,0.018866,0.705115,0.401887,0.010197,0.103079,-0.108985,-0.448458,-0.6511,0.063032,0.343702,0.240951,0.098293,0.030785,0.249378,0.102777,0.038892,0.03218
Odisha,Rice,2005,Winter,20.5431241,84.6897321,2005-07-01,2005-10-28,5,Landsat 5/7 SR,0.6,0.05,datasets\test_images\2005\rgb\odisha_2005_rice_rgb.png,datasets\test_images\2005\ndvi\odisha_2005_rice_ndvi.png,0.215552,0.042462,0.013538,0.009978,0.844655,0.552396,0.000508,0.095709,0.239065,0.062149,0.021292,0.012637,0.924587,0.744194,0.001016,0.091397,-0.064123,-0.687223,-0.81425,0.072368,0.535818,0.340552,0.123592,0.043562,0.234445,0.049103,0.00966,0.016201
Odisha,Rice,2005,Kharif,20.5431241,84.6897321,2005-07-01,2005-10-28,10,Landsat 5/7 SR,0.6,0.05,datasets\test_images\2005\rgb\odisha_2005_rice_kharif_rgb.png,datasets\test_images\2005\ndvi\odisha_2005_rice_kharif_ndvi.png,0.826149,0.049274,0.015517,0.020542,0.78738,0.549705,0.000508,0.09321,0.36133,0.06947,0.027535,0.018946,0.924587,0.718328,0.001016,0.10064,-0.064123,-0.663733,-0.81425,0.082654,0.53711,0.348806,0.14892,0.043242,0.356848,0.056481,0.013125,0.021899
Odisha,Rice,2006,Autumn,20.5431241,84.6897321,2006-07-01,2006-10-28,7,Landsat 5/7 SR,0.6,0.05,datasets\test_images\2006\rgb\odisha_2006_rice_autumn_rgb.png,datasets\test_images\2006\ndvi\odisha_2006_rice_autumn_ndvi.png,0.143915,0.033977,0.011324,0.008524,0.724474,0.481886,-0.086683,0.075217,0.180737,0.053704,0.021224,0.013623,0.861701,0.748221,-0.160064,0.091651,0.131549,-0.689565,-0.80311,0.068156,0.44889,0.29108,0.089039,0.035458,0.203975,0.042667,0.014692,0.017678
Odisha,Rice,2006,Summer,20.5431241,84.6897321,2006-03-01,2006-06-28,8,Landsat 5/7 SR,0.6,0.05,datasets\test_images\2006\rgb\odisha_2006_rice_summer_rgb.png,datasets\test_images\2006\ndvi\odisha_2006_rice_summer_ndvi.png,0.105415,0.059067,0.024977,0.01152,0.522214,0.280143,-0.053582,0.071023,0.187695,0.084635,0.037132,0.015293,0.7657,0.451094,-0.10805,0.106694,0.03132,-0.463989,-0.682175,0.066739,0.353053,0.24363,0.096863,0.024616,0.24099,0.091834,0.027287,0.026777
Odisha,Rice,2006,Winter,20.5431241,84.6897321,2006-07-01,2006-10-28,7,Landsat 5/7 SR,0.6,0.05,datasets\test_images\2006\rgb\odisha_2006_rice_winter_rgb.png,datasets\test_images\2006\ndvi\odisha_2006_rice_winter_ndvi.png,0.143915,0.033977,0.011324,0.008524,0.724474,0.481886,-0.086683,0.075217,0.180737,0.053704,0.021224,0.013623,0.861701,0.748221,-0.160064,0.091651,0.131549,-0.689565,-0.80311,0.068156,0.44889,0.29108,0.089039,0.035458,0.203975,0.042667,0.014692,0.017678
Odisha,Rice,2006,Kharif,20.5431241,84.6897321,2006-07-01,2006-10-28,7,Landsat 5/7 SR,0.6,0.05,datasets\test_images\2006\rgb\odisha_2006_rice_kharif_rgb.png,datasets\test_images\2006\ndvi\odisha_2006_rice_kharif_ndvi.png,0.143915,0.033977,0.011324,0.008524,0.724474,0.481886,-0.086683,0.075217,0.180737,0.053704,0.021224,0.013623,0.861701,0.748221,-0.160064,0.091651,0.131549,-0.689565,-0.80311,0.068156,0.44889,0.29108,0.089039,0.035458,0.203975,0.042667,0.014692,0.017678
Odisha,Rice,2007,Autumn,20.5431241,84.6897321,2007-07-01,2007-10-28,7,Landsat 5/7 SR,0.6,0.05,datasets\test_images\2007\rgb\odisha_2007_rice_autumn_rgb.png,datasets\test_images\2007\ndvi\odisha_2007_rice_autumn_ndvi.png,1.602213,0.051057,-0.000515,0.039479,0.839959,0.577477,-0.067348,0.107152,0.445947,0.074588,0.003032,0.028418,1.148856,0.736475,-0.049661,0.115367,0.048563,-0.663649,-0.917009,0.094185,0.618125,0.365296,0.062433,0.054494,0.445398,0.056714,-0.004612,0.031267
Odisha,Rice,2007,Summer,20.5431241,84.6897321,2007-03-01,2007-06-28,11,Landsat 5/7 SR,0.6,0.05,datasets\test_images\2007\rgb\odisha_2007_rice_summer_rgb.png,datasets\test_images\2007\ndvi\odisha_2007_rice_summer_ndvi.png,0.118945,0.069099,0.04112,0.011796,0.476579,0.234958,0.031032,0.056802,0.188795,0.09754,0.049494,0.015796,0.672337,0.375452,0.051038,0.092126,-0.093991,-0.416015,-0.615438,0.05855,0.341585,0.233336,0.107752,0.028845,0.23395,0.106314,0.045905,0.026769
Odisha,Rice,2007,Winter,20.5431241,84.6897321,2007-07-01,2007-10-28,7,Landsat 5/7 SR,0.6,0.05,datasets\test_images\2007\rgb\odisha_2007_rice_winter_rgb.png,datasets\test_images\2007\ndvi\odisha_2007_rice_winter_ndvi.png,1.602213,0.051057,-0.000515,0.039479,0.839959,0.577477,-0.067348,0.107152,0.445947,0.074588,0.003032,0.028418,1.148856,0.736475,-0.049661,0.115367,0.048563,-0.663649,-0.917009,0.094185,0.618125,0.365296,0.062433,0.054494,0.445398,0.056714,-0.004612,0.031267
Odisha,Rice,2007,Kharif,20.5431241,84.6897321,2007-07-01,2007-10-28,7,Landsat 5/7 SR,0.6,0.05,datasets\test_images\2007\rgb\odisha_2007_rice_kharif_rgb.png,datasets\test_images\2007\ndvi\odisha_2007_rice_kharif_ndvi.png,1.602213,0.051057,-0.000515,0.039479,0.839959,0.577477,-0.067348,0.107152,0.445947,0.074588,0.003032,0.028418,1.148856,0.736475,-0.049661,0.115367,0.048563,-0.663649,-0.917009,0.094185,0.618125,0.365296,0.062433,0.054494,0.445398,0.056714,-0.004612,0.031267
Odisha,Rice,2008,Autumn,20.5431241,84.6897321,2008-07-01,2008-10-28,9,Landsat 5/7 SR,0.6,0.05,datasets\test_images\2008\rgb\odisha_2008_rice_autumn_rgb.png,datasets\test_images\2008\ndvi\odisha_2008_rice_autumn_ndvi.png,0.13396,0.034292,0.015352,0.006486,0.738515,0.496873,-0.061494,0.071,0.16399,0.054276,0.024482,0.011166,0.868431,0.754763,-0.106926,0.078963,0.010388,-0.694224,-0.796482,0.061991,0.45967,0.299602,0.095309,0.035345,0.19083,0.042167,0.014885,0.014135
Odisha,Rice,2008,Summer,20.5431241,84.6897321,2008-03-01,2008-06-28,13,Landsat 5/7 SR,0.6,0.05,datasets\test_images\2008\rgb\odisha_2008_rice_summer_rgb.png,datasets\test_images\2008\ndvi\odisha_2008_rice_summer_ndvi.png,0.108027,0.068416,0.040267,0.010206,0.463005,0.24916,0.038278,0.054062,0.180023,0.093214,0.05311,0.013728,0.686577,0.398971,0.059186,0.088196,-0.104456,-0.428075,-0.62809,0.05375,0.316698,0.23176,0.113115,0.023446,0.234129,0.100931,0.050443,0.02354
Odisha,Rice,2008,Winter,20.5431241,84.6897321,2008-07-01,2008-10-28,9,Landsat 5/7 SR,0.6,0.05,datasets\test_images\2008\rgb\odisha_2008_rice_winter_rgb.png,datasets\test_images\2008\ndvi\odisha_2008_rice_winter_ndvi.png,0.13396,0.034292,0.015352,0.006486,0.738515,0.496873,-0.061494,0.071,0.16399,0.054276,0.024482,0.011166,0.868431,0.754763,-0.106926,0.078963,0.010388,-0.694224,-0.796482,0.061991,0.45967,0.299602,0.095309,0.035345,0.19083,0.042167,0.014885,0.014135
Odisha,Rice,2008,Kharif,20.5431241,84.6897321,2008-07-01,2008-10-28,9,Landsat 5/7 SR,0.6,0.05,datasets\test_images\2008\rgb\odisha_2008_rice_kharif_rgb.png,datasets\test_images\2008\ndvi\odisha_2008_rice_kharif_ndvi.png,0.13396,0.034292,0.015352,0.006486,0.738515,0.496873,-0.061494,0.071,0.16399,0.054276,0.024482,0.011166,0.868431,0.754763,-0.106926,0.078963,0.010388,-0.694224,-0.796482,0.061991,0.45967,0.299602,0.095309,0.035345,0.19083,0.042167,0.014885,0.014135
Odisha,Rice,2009,Autumn,20.5431241,84.6897321,2009-07-01,2009-10-28,8,Landsat 5/7 SR,0.6,0.05,datasets\test_images\2009\rgb\odisha_2009_rice_autumn_rgb.png,datasets\test_images\2009\ndvi\odisha_2009_rice_autumn_ndvi.png,0.106391,0.030138,0.00977,0.007009,0.744308,0.511056,-0.045464,0.078931,0.168335,0.048638,0.017621,0.011522,0.898793,0.778758,-0.091522,0.085602,-0.002498,-0.722964,-0.823189,0.0635,0.487472,0.304072,0.068689,0.038243,0.199053,0.037858,0.011145,0.015646
Odisha,Rice,2009,Summer,20.5431241,84.6897321,2009-03-01,2009-06-28,14,Landsat 5/7 SR,0.6,0.05,datasets\test_images\2009\rgb\odisha_2009_rice_summer_rgb.png,datasets\test_images\2009\ndvi\odisha_2009_rice_summer_ndvi.png,0.117982,0.073417,0.041656,0.011449,0.460879,0.212865,0.029214,0.058585,0.172405,0.098106,0.05366,0.015622,0.63224,0.339447,0.059128,0.08845,-0.086273,-0.398425,-0.608763,0.055789,0.330668,0.23257,0.111108,0.030972,0.220241,0.110724,0.050305,0.02614
Odisha,Rice,2009,Winter,20.5431241,84.6897321,2009-07-01,2009-10-28,8,Landsat 5/7 SR,0.6,0.05,datasets\test_images\2009\rgb\odisha_2009_rice_winter_rgb.png,datasets\test_images\2009\ndvi\odisha_2009_rice_winter_ndvi.png,0.106391,0.030138,0.00977,0.007009,0.744308,0.511056,-0.045464,0.078931,0.168335,0.048638,0.017621,0.011522,0.898793,0.778758,-0.091522,0.085602,-0.002498,-0.722964,-0.823189,0.0635,0.487472,0.304072,0.068689,0.038243,0.199053,0.037858,0.011145,0.015646
Odisha,Rice,2009,Kharif,20.5431241,84.6897321,2009-07-01,2009-10-28,8,Landsat 5/7 SR,0.6,0.05,datasets\test_images\2009\rgb\odisha_2009_rice_kharif_rgb.png,datasets\test_images\2009\ndvi\odisha_2009_rice_kharif_ndvi.png,0.106391,0.030138,0.00977,0.007009,0.744308,0.511056,-0.045464,0.078931,0.168335,0.048638,0.017621,0.011522,0.898793,0.778758,-0.091522,0.085602,-0.002498,-0.722964,-0.823189,0.0635,0.487472,0.304072,0.068689,0.038243,0.199053,0.037858,0.011145,0.015646
Odisha,Rice,2010,Autumn,20.5431241,84.6897321,2010-07-01,2010-10-28,1,Landsat 5/7 SR,0.6,0.05,datasets\test_images\2010\rgb\odisha_2010_rice_autumn_rgb.png,datasets\test_images\2010\ndvi\odisha_2010_rice_autumn_ndvi.png,0.093562,0.027398,0.007763,0.007341,0.776204,0.539814,0.018635,0.07953,0.17422,0.045952,0.012437,0.011345,0.91825,0.803159,0.032114,0.087445,-0.045822,-0.748428,-0.848984,0.062663,0.459753,0.321087,0.084625,0.037545,0.237718,0.035008,0.009495,0.016006
Odisha,Rice,2010,Summer,20.5431241,84.6897321,2010-03-01,2010-06-28,9,Landsat 5/7 SR,0.6,0.05,datasets\test_images\2010\rgb\odisha_2010_rice_summer_rgb.png,datasets\test_images\2010\ndvi\odisha_2010_rice_summer_ndvi.png,0.125078,0.068509,0.037229,0.012746,0.498647,0.237262,0.047256,0.067004,0.17235,0.098569,0.053949,0.015257,0.67256,0.373175,0.078529,0.101243,-0.140381,-0.427221,-0.626497,0.062589,0.35429,0.246318,0.124307,0.031289,0.226718,0.108507,0.050415,0.027344
Odisha,Rice,2010,Winter,20.5431241,84.6897321,2010-07-01,2010-10-28,1,Landsat 5/7 SR,0.6,0.05,datasets\test_images\2010\rgb\odisha_2010_rice_winter_rgb.png,datasets\test_images\2010\ndvi\odisha_2010_rice_winter_ndvi.png,0.093562,0.027398,0.007763,0.007341,0.776204,0.539814,0.018635,0.07953,0.17422,0.045952,0.012437,0.011345,0.91825,0.803159,0.032114,0.087445,-0.045822,-0.748428,-0.848984,0.062663,0.459753,0.321087,0.084625,0.037545,0.237718,0.035008,0.009495,0.016006
Odisha,Rice,2010,Kharif,20.5431241,84.6897321,2010-07-01,2010-10-28,1,Landsat 5/7 SR,0.6,0.05,datasets\test_images\2010\rgb\odisha_2010_rice_kharif_rgb.png,datasets\test_images\2010\ndvi\odisha_2010_rice_kharif_ndvi.png,0.093562,0.027398,0.007763,0.007341,0.776204,0.539814,0.018635,0.07953,0.17422,0.045952,0.012437,0.011345,0.91825,0.803159,0.032114,0.087445,-0.045822,-0.748428,-0.848984,0.062663,0.459753,0.321087,0.084625,0.037545,0.237718,0.035008,0.009495,0.016006
Odisha,Rice,2011,Autumn,20.5431241,84.6897321,2011-07-01,2011-10-28,6,Landsat 5/7 SR,0.6,0.05,datasets\test_images\2011\rgb\odisha_2011_rice_autumn_rgb.png,datasets\test_images\2011\ndvi\odisha_2011_rice_autumn_ndvi.png,0.25276,0.031653,0.001273,0.010588,0.836818,0.513269,-0.028613,0.086955,0.266207,0.052363,0.010265,0.015144,0.954436,0.776953,-0.071388,0.096035,-0.049692,-0.708258,-0.860653,0.071247,0.515852,0.307203,0.08644,0.046511,0.27124,0.038934,0.003225,0.018213
Odisha,Rice,2011,Summer,20.5431241,84.6897321,2011-03-01,2011-06-28,10,Landsat 5/7 SR,0.6,0.05,datasets\test_images\2011\rgb\odisha_2011_rice_summer_rgb.png,datasets\test_images\2011\ndvi\odisha_2011_rice_summer_ndvi.png,0.103875,0.063795,0.03199,0.010244,0.551781,0.272849,0.054507,0.072581,0.166355,0.083516,0.043622,0.012579,0.741678,0.44091,0.098848,0.109529,-0.11859,-0.482072,-0.677548,0.06895,0.36749,0.233701,0.093535,0.030183,0.229935,0.089192,0.03793,0.023157
Odisha,Rice,2011,Winter,20.5431241,84.6897321,2011-07-01,2011-10-28,6,Landsat 5/7 SR,0.6,0.05,datasets\test_images\2011\rgb\odisha_2011_rice_winter_rgb.png,datasets\test_images\2011\ndvi\odisha_2011_rice_winter_ndvi.png,0.25276,0.031653,0.001273,0.010588,0.836818,0.513269,-0.028613,0.086955,0.266207,0.052363,0.010265,0.015144,0.954436,0.776953,-0.071388,0.096035,-0.049692,-0.708258,-0.860653,0.071247,0.515852,0.307203,0.08644,0.046511,0.27124,0.038934,0.003225,0.018213
Odisha,Rice,2011,Kharif,20.5431241,84.6897321,2011-07-01,2011-10-28,6,Landsat 5/7 SR,0.6,0.05,datasets\test_images\2011\rgb\odisha_2011_rice_kharif_rgb.png,datasets\test_images\2011\ndvi\odisha_2011_rice_kharif_ndvi.png,0.25276,0.031653,0.001273,0.010588,0.836818,0.513269,-0.028613,0.086955,0.266207,0.052363,0.010265,0.015144,0.954436,0.776953,-0.071388,0.096035,-0.049692,-0.708258,-0.860653,0.071247,0.515852,0.307203,0.08644,0.046511,0.27124,0.038934,0.003225,0.018213
Odisha,Rice,2012,Autumn,20.5431241,84.6897321,2012-07-01,2012-10-28,5,Landsat 5/7 SR,0.6,0.05,datasets\test_images\2012\rgb\odisha_2012_rice_autumn_rgb.png,datasets\test_images\2012\ndvi\odisha_2012_rice_autumn_ndvi.png,0.295083,0.030336,0.001603,0.015282,0.8392,0.555771,-0.074679,0.093486,0.3126,0.05417,0.012162,0.01847,0.996254,0.800616,-0.140405,0.097251,0.092923,-0.719425,-0.864073,0.080232,0.533013,0.332793,0.07819,0.050797,0.30567,0.036813,0.0002,0.020373
Odisha,Rice,2012,Summer,20.5431241,84.6897321,2012-03-01,2012-06-28,8,Landsat 5/7 SR,0.6,0.05,datasets\test_images\2012\rgb\odisha_2012_rice_summer_rgb.png,datasets\test_images\2012\ndvi\odisha_2012_rice_summer_ndvi.png,0.11416,0.073753,0.045657,0.009143,0.454144,0.207549,0.018883,0.045974,0.179445,0.09669,0.056822,0.01345,0.619568,0.329371,0.029792,0.069397,-0.160441,-0.386248,-0.59329,0.043608,0.317413,0.22256,0.108633,0.027828,0.228491,0.11149,0.057469,0.023469
Odisha,Rice,2012,Winter,20.5431241,84.6897321,2012-07-01,2012-10-28,5,Landsat 5/7 SR,0.6,0.05,datasets\test_images\2012\rgb\odisha_2012_rice_winter_rgb.png,datasets\test_images\2012\ndvi\odisha_2012_rice_winter_ndvi.png,0.295083,0.030336,0.001603,0.015282,0.8392,0.555771,-0.074679,0.093486,0.3126,0.05417,0.012162,0.01847,0.996254,0.800616,-0.140405,0.097251,0.092923,-0.719425,-0.864073,0.080232,0.533013,0.332793,0.07819,0.050797,0.30567,0.036813,0.0002,0.020373
Odisha,Rice,2012,Kharif,20.5431241,84.6897321,2012-07-01,2012-10-28,5,Landsat 5/7 SR,0.6,0.05,datasets\test_images\2012\rgb\odisha_2012_rice_kharif_rgb.png,datasets\test_images\2012\ndvi\odisha_2012_rice_kharif_ndvi.png,0.295083,0.030336,0.001603,0.015282,0.8392,0.555771,-0.074679,0.093486,0.3126,0.05417,0.012162,0.01847,0.996254,0.800616,-0.140405,0.097251,0.092923,-0.719425,-0.864073,0.080232,0.533013,0.332793,0.07819,0.050797,0.30567,0.036813,0.0002,0.020373
Odisha,Rice,2013,Autumn,20.5431241,84.6897321,2013-07-01,2013-10-28,7,Landsat 8 SR,0.6,0.05,datasets\test_images\2013\rgb\odisha_2013_rice_autumn_rgb.png,datasets\test_images\2013\ndvi\odisha_2013_rice_autumn_ndvi.png,0.984287,0.158691,-0.152012,0.188255,1.039562,0.515626,0.100727,0.076036,0.960473,0.193551,-0.028978,0.165565,1.792914,0.564447,0.013493,0.227427,-0.005201,-0.491787,-1.329725,0.193182,0.991355,0.447991,0.169476,0.104371,0.950133,0.172185,-0.058127,0.170013
Odisha,Rice,2013,Summer,20.5431241,84.6897321,2013-03-01,2013-06-28,5,Landsat 8 SR,0.6,0.05,datasets\test_images\2013\rgb\odisha_2013_rice_summer_rgb.png,datasets\test_images\2013\ndvi\odisha_2013_rice_summer_ndvi.png,0.102197,0.04748,0.018212,0.013917,0.575653,0.27984,-0.022294,0.07518,0.170507,0.082706,0.036197,0.016044,0.787738,0.474196,-0.040398,0.115561,-0.089846,-0.499284,-0.692088,0.06689,0.363943,0.251031,0.091871,0.035025,0.22086,0.087184,0.029515,0.028148
Odisha,Rice,2013,Winter,20.5431241,84.6897321,2013-07-01,2013-10-28,7,Landsat 8 SR,0.6,0.05,datasets\test_images\2013\rgb\odisha_2013_rice_winter_rgb.png,datasets\test_images\2013\ndvi\odisha_2013_rice_winter_ndvi.png,0.984287,0.158691,-0.152012,0.188255,1.039562,0.515626,0.100727,0.076036,0.960473,0.193551,-0.028978,0.165565,1.792914,0.564447,0.013493,0.227427,-0.005201,-0.491787,-1.329725,0.193182,0.991355,0.447991,0.169476,0.104371,0.950133,0.172185,-0.058127,0.170013
Odisha,Rice,2013,Kharif,20.5431241,84.6897321,2013-07-01,2013-10-28,7,Landsat 8 SR,0.6,0.05,datasets\test_images\2013\rgb\odisha_2013_rice_kharif_rgb.png,datasets\test_images\2013\ndvi\odisha_2013_rice_kharif_ndvi.png,0.984287,0.158691,-0.152012,0.188255,1.039562,0.515626,0.100727,0.076036,0.960473,0.193551,-0.028978,0.165565,1.792914,0.564447,0.013493,0.227427,-0.005201,-0.491787,-1.329725,0.193182,0.991355,0.447991,0.169476,0.104371,0.950133,0.172185,-0.058127,0.170013
Odisha,Rice,2014,Autumn,20.5431241,84.6897321,2014-07-01,2014-10-28,6,Landsat 8 SR,0.6,0.05,datasets\test_images\2014\rgb\odisha_2014_rice_autumn_rgb.png,datasets\test_images\2014\ndvi\odisha_2014_rice_autumn_ndvi.png,0.131375,0.027009,-0.018816,0.005029,0.794843,0.556482,-0.127437,0.085277,0.176777,0.059309,0.020742,0.011371,0.931273,0.803074,-0.334832,0.075169,0.322969,-0.705976,-0.798547,0.058079,0.496713,0.347647,0.049989,0.043031,0.19853,0.036648,0.011612,0.013765
Odisha,Rice,2014,Summer,20.5431241,84.6897321,2014-03-01,2014-06-28,8,Landsat 8 SR,0.6,0.05,datasets\test_images\2014\rgb\odisha_2014_rice_summer_rgb.png,datasets\test_images\2014\ndvi\odisha_2014_rice_summer_ndvi.png,0.08985,0.041159,0.01868,0.01281,0.620487,0.31616,-0.051611,0.059792,0.142072,0.077536,0.040804,0.0122,0.827822,0.564911,-0.118526,0.113713,0.040399,-0.548762,-0.702068,0.067109,0.420152,0.2434,0.083937,0.031398,0.170535,0.069819,0.029625,0.024619
Odisha,Rice,2014,Winter,20.5431241,84.6897321,2014-07-01,2014-10-28,6,Landsat 8 SR,0.6,0.05,datasets\test_images\2014\rgb\odisha_2014_rice_winter_rgb.png,datasets\test_images\2014\ndvi\odisha_2014_rice_winter_ndvi.png,0.131375,0.027009,-0.018816,0.005029,0.794843,0.556482,-0.127437,0.085277,0.176777,0.059309,0.020742,0.011371,0.931273,0.803074,-0.334832,0.075169,0.322969,-0.705976,-0.798547,0.058079,0.496713,0.347647,0.049989,0.043031,0.19853,0.036648,0.011612,0.013765
Odisha,Rice,2014,Kharif,20.5431241,84.6897321,2014-07-01,2014-10-28,6,Landsat 8 SR,0.6,0.05,datasets\test_images\2014\rgb\odisha_2014_rice_kharif_rgb.png,datasets\test_images\2014\ndvi\odisha_2014_rice_kharif_ndvi.png,0.131375,0.027009,-0.018816,0.005029,0.794843,0.556482,-0.127437,0.085277,0.176777,0.059309,0.020742,0.011371,0.931273,0.803074,-0.334832,0.075169,0.322969,-0.705976,-0.798547,0.058079,0.496713,0.347647,0.049989,0.043031,0.19853,0.036648,0.011612,0.013765
Odisha,Rice,2015,Autumn,20.5431241,84.6897321,2015-07-01,2015-10-28,6,Landsat 8 SR,0.6,0.05,datasets\test_images\2015\rgb\odisha_2015_rice_autumn_rgb.png,datasets\test_images\2015\ndvi\odisha_2015_rice_autumn_ndvi.png,0.173381,0.025797,-0.096435,0.007096,0.941564,0.545557,-0.009626,0.079424,0.211978,0.062182,0.015751,0.011818,1.049463,0.793533,-0.028483,0.067271,0.009903,-0.690907,-0.897179,0.051376,0.594255,0.346259,0.075619,0.045463,0.207399,0.03893,-0.006235,0.01352
Odisha,Rice,2015,Summer,20.5431241,84.6897321,2015-03-01,2015-06-28,8,Landsat 8 SR,0.6,0.05,datasets\test_images\2015\rgb\odisha_2015_rice_summer_rgb.png,datasets\test_images\2015\ndvi\odisha_2015_rice_summer_ndvi.png,0.092421,0.046835,0.024345,0.012715,0.481753,0.286162,0.006188,0.054569,0.153705,0.087481,0.053811,0.012172,0.738785,0.493337,0.012818,0.096888,-0.050287,-0.494528,-0.648529,0.053786,0.328797,0.245195,0.115948,0.024104,0.178029,0.086572,0.04079,0.023166
Odisha,Rice,2015,Winter,20.5431241,84.6897321,2015-07-01,2015-10-28,6,Landsat 8 SR,0.6,0.05,datasets\test_images\2015\rgb\odisha_2015_rice_winter_rgb.png,datasets\test_images\2015\ndvi\odisha_2015_rice_winter_ndvi.png,0.173381,0.025797,-0.096435,0.007096,0.941564,0.545557,-0.009626,0.079424,0.211978,0.062182,0.015751,0.011818,1.049463,0.793533,-0.028483,0.067271,0.009903,-0.690907,-0.897179,0.051376,0.594255,0.346259,0.075619,0.045463,0.207399,0.03893,-0.006235,0.01352
Odisha,Rice,2015,Kharif,20.5431241,84.6897321,2015-07-01,2015-10-28,6,Landsat 8 SR,0.6,0.05,datasets\test_images\2015\rgb\odisha_2015_rice_kharif_rgb.png,datasets\test_images\2015\ndvi\odisha_2015_rice_kharif_ndvi.png,0.173381,0.025797,-0.096435,0.007096,0.941564,0.545557,-0.009626,0.079424,0.211978,0.062182,0.015751,0.011818,1.049463,0.793533,-0.028483,0.067271,0.009903,-0.690907,-0.897179,0.051376,0.594255,0.346259,0.075619,0.045463,0.207399,0.03893,-0.006235,0.01352
Odisha,Rice,2016,Autumn,20.5431241,84.6897321,2016-07-01,2016-10-28,4,Landsat 8 SR,0.6,0.05,datasets\test_images\2016\rgb\odisha_2016_rice_autumn_rgb.png,datasets\test_images\2016\ndvi\odisha_2016_rice_autumn_ndvi.png,0.157486,0.024901,-0.008765,0.006179,0.826419,0.556608,-0.078559,0.083876,0.18225,0.055672,0.023809,0.010695,0.914257,0.810016,-0.167927,0.070724,0.17723,-0.712076,-0.788582,0.050741,0.518382,0.338463,0.069418,0.042998,0.213985,0.035201,0.012658,0.013244
Odisha,Rice,2016,Summer,20.5431241,84.6897321,2016-03-01,2016-06-28,7,Landsat 8 SR,0.6,0.05,datasets\test_images\2016\rgb\odisha_2016_rice_summer_rgb.png,datasets\test_images\2016\ndvi\odisha_2016_rice_summer_ndvi.png,0.093191,0.044191,0.017869,0.013294,0.548303,0.326703,-0.043654,0.058755,0.153347,0.08176,0.039319,0.015303,0.791227,0.547903,-0.112316,0.103175,0.100191,-0.51439,-0.672227,0.055443,0.366308,0.260507,0.096106,0.027029,0.174949,0.077076,0.024111,0.026306
Odisha,Rice,2016,Winter,20.5431241,84.6897321,2016-07-01,2016-10-28,4,Landsat 8 SR,0.6,0.05,datasets\test_images\2016\rgb\odisha_2016_rice_winter_rgb.png,datasets\test_images\2016\ndvi\odisha_2016_rice_winter_ndvi.png,0.157486,0.024901,-0.008765,0.006179,0.826419,0.556608,-0.078559,0.083876,0.18225,0.055672,0.023809,0.010695,0.914257,0.810016,-0.167927,0.070724,0.17723,-0.712076,-0.788582,0.050741,0.518382,0.338463,0.069418,0.042998,0.213985,0.035201,0.012658,0.013244
Odisha,Rice,2016,Kharif,20.5431241,84.6897321,2016-07-01,2016-10-28,4,Landsat 8 SR,0.6,0.05,datasets\test_images\2016\rgb\odisha_2016_rice_kharif_rgb.png,datasets\test_images\2016\ndvi\odisha_2016_rice_kharif_ndvi.png,0.157486,0.024901,-0.008765,0.006179,0.826419,0.556608,-0.078559,0.083876,0.18225,0.055672,0.023809,0.010695,0.914257,0.810016,-0.167927,0.070724,0.17723,-0.712076,-0.788582,0.050741,0.518382,0.338463,0.069418,0.042998,0.213985,0.035201,0.012658,0.013244
Odisha,Rice,2017,Autumn,20.5431241,84.6897321,2017-07-01,2017-10-28,2,Sentinel-2 SR,0.6,0.05,datasets\test_images\2017\rgb\odisha_2017_rice_autumn_rgb.png,datasets\test_images\2017\ndvi\odisha_2017_rice_autumn_ndvi.png,0.1773,0.042828,0.0201,0.009122,0.924583,0.523106,-0.087268,0.082197,0.196,0.063855,0.028,0.012678,0.872642,0.750922,-0.156488,0.068535,0.191883,-0.649958,-0.774873,0.055107,0.60985,0.302056,0.06115,0.045343,0.2276,0.042696,0.0175,0.012114
Odisha,Rice,2017,Summer,20.5431241,84.6897321,2017-03-01,2017-06-28,6,Sentinel-2 SR,0.6,0.05,datasets\test_images\2017\rgb\odisha_2017_rice_summer_rgb.png,datasets\test_images\2017\ndvi\odisha_2017_rice_summer_ndvi.png,0.1494,0.05976,0.01885,0.017597,0.591162,0.208308,-0.113588,0.07344,0.2032,0.093399,0.03835,0.021613,0.836492,0.352336,-0.19291,0.119112,0.166926,-0.447477,-0.725429,0.074457,0.4891,0.244111,0.06115,0.038532,0.27605,0.117703,0.02985,0.035624
Odisha,Rice,2017,Winter,20.5431241,84.6897321,2017-07-01,2017-10-28,2,Sentinel-2 SR,0.6,0.05,datasets\test_images\2017\rgb\odisha_2017_rice_winter_rgb.png,datasets\test_images\2017\ndvi\odisha_2017_rice_winter_ndvi.png,0.1773,0.042828,0.0201,0.009122,0.924583,0.523106,-0.087268,0.082197,0.196,0.063855,0.028,0.012678,0.872642,0.750922,-0.156488,0.068535,0.191883,-0.649958,-0.774873,0.055107,0.60985,0.302056,0.06115,0.045343,0.2276,0.042696,0.0175,0.012114
Odisha,Rice,2017,Kharif,20.5431241,84.6897321,2017-07-01,2017-10-28,2,Sentinel-2 SR,0.6,0.05,datasets\test_images\2017\rgb\odisha_2017_rice_kharif_rgb.png,datasets\test_images\2017\ndvi\odisha_2017_rice_kharif_ndvi.png,0.1773,0.042828,0.0201,0.009122,0.924583,0.523106,-0.087268,0.082197,0.196,0.063855,0.028,0.012678,0.872642,0.750922,-0.156488,0.068535,0.191883,-0.649958,-0.774873,0.055107,0.60985,0.302056,0.06115,0.045343,0.2276,0.042696,0.0175,0.012114
Odisha,Rice,2018,Autumn,20.5431241,84.6897321,2018-07-01,2018-10-28,2,Sentinel-2 SR,0.6,0.05,datasets\test_images\2018\rgb\odisha_2018_rice_autumn_rgb.png,datasets\test_images\2018\ndvi\odisha_2018_rice_autumn_ndvi.png,0.1585,0.038026,0.0155,0.009294,0.976091,0.528254,-0.105451,0.096732,0.214,0.055947,0.0219,0.013093,0.889217,0.772715,-0.246498,0.095028,0.365434,-0.686065,-0.811005,0.068429,0.6601,0.302643,0.0462,0.04736,0.24735,0.038585,0.0119,0.017002
Odisha,Rice,2018,Summer,20.5431241,84.6897321,2018-03-01,2018-06-28,10,Sentinel-2 SR,0.6,0.05,datasets\test_images\2018\rgb\odisha_2018_rice_summer_rgb.png,datasets\test_images\2018\ndvi\odisha_2018_rice_summer_ndvi.png,0.14635,0.058647,0.0236,0.014913,0.628253,0.25836,-0.080644,0.079572,0.2169,0.089656,0.05025,0.016454,0.835208,0.411142,-0.218324,0.119919,0.272814,-0.4741,-0.757302,0.066288,0.53815,0.249771,0.05265,0.033677,0.26735,0.102846,0.0321,0.029553
Odisha,Rice,2018,Winter,20.5431241,84.6897321,2018-07-01,2018-10-28,2,Sentinel-2 SR,0.6,0.05,datasets\test_images\2018\rgb\odisha_2018_rice_winter_rgb.png,datasets\test_images\2018\ndvi\odisha_2018_rice_winter_ndvi.png,0.1585,0.038026,0.0155,0.009294,0.976091,0.528254,-0.105451,0.096732,0.214,0.055947,0.0219,0.013093,0.889217,0.772715,-0.246498,0.095028,0.365434,-0.686065,-0.811005,0.068429,0.6601,0.302643,0.0462,0.04736,0.24735,0.038585,0.0119,0.017002
Odisha,Rice,2018,Kharif,20.5431241,84.6897321,2018-07-01,2018-10-28,2,Sentinel-2 SR,0.6,0.05,datasets\test_images\2018\rgb\odisha_2018_rice_kharif_rgb.png,datasets\test_images\2018\ndvi\odisha_2018_rice_kharif_ndvi.png,0.1585,0.038026,0.0155,0.009294,0.976091,0.528254,-0.105451,0.096732,0.214,0.055947,0.0219,0.013093,0.889217,0.772715,-0.246498,0.095028,0.365434,-0.686065,-0.811005,0.068429,0.6601,0.302643,0.0462,0.04736,0.24735,0.038585,0.0119,0.017002
Odisha,Rice,2019,Kharif,20.5431241,84.6897321,2019-07-01,2019-10-28,18,Sentinel-2 SR,0.6,0.05,datasets\test_images\2019\rgb\odisha_2019_rice_kharif_rgb.png,datasets\test_images\2019\ndvi\odisha_2019_rice_kharif_ndvi.png,0.2675,0.048866,0.02285,0.009543,1.232866,0.571868,-0.124184,0.102454,0.3,0.069918,0.03405,0.013303,0.891431,0.762428,-0.182646,0.085748,0.260709,-0.64053,-0.771663,0.068462,0.78275,0.324131,0.057,0.050442,0.2435,0.042492,0.01965,0.014233
Puducherry,Rice,1997,Kharif,10.9156489,79.8069488,1997-07-01,1997-10-28,8,Landsat 5/7 SR,0.6,0.05,datasets\test_images\1997\rgb\puducherry_1997_rice_kharif_rgb.png,datasets\test_images\1997\ndvi\puducherry_1997_rice_kharif_ndvi.png,0.31909,0.067303,0.029281,0.018294,0.669662,0.21714,-0.175864,0.131543,0.386809,0.101274,0.032911,0.024344,0.817774,0.341059,-0.48767,0.207719,0.552819,-0.361886,-0.76694,0.205613,0.506393,0.229822,0.018543,0.065358,0.409015,0.107814,0.035084,0.03269
Puducherry,Rice,1999,Kharif,10.9156489,79.8069488,1999-07-01,1999-10-28,2,Landsat 5/7 SR,0.6,0.05,datasets\test_images\1999\rgb\puducherry_1999_rice_rgb.png,datasets\test_images\1999\ndvi\puducherry_1999_rice_ndvi.png,0.291673,0.092607,0.043072,0.019904,0.726755,0.204853,-0.166618,0.136395,0.320273,0.120578,0.054375,0.023348,0.745718,0.27963,-0.361883,0.195536,0.470133,-0.307022,-0.681367,0.212517,0.49234,0.2429,0.045355,0.07152,0.331575,0.129894,0.043843,0.034028
Puducherry,Rice,2000,Kharif,10.9156489,79.8069488,2000-07-01,2000-10-28,2,Landsat 5/7 SR,0.6,0.05,datasets\test_images\2000\rgb\puducherry_2000_rice_kharif_rgb.png,datasets\test_images\2000\ndvi\puducherry_2000_rice_kharif_ndvi.png,0.262138,0.075007,0.036775,0.016897,0.643175,0.226604,-0.164843,0.129826,0.331328,0.104871,0.057345,0.020697,0.773882,0.339408,-0.369084,0.194646,0.440424,-0.375284,-0.709397,0.184607,0.43492,0.240964,0.050126,0.056755,0.37794,0.115316,0.045135,0.031006
Puducherry,Rice,2001,Kharif,10.9156489,79.8069488,2001-07-01,2001-10-28,7,Landsat 5/7 SR,0.6,0.05,datasets\test_images\2001\rgb\puducherry_2001_rice_kharif_rgb.png,datasets\test_images\2001\ndvi\puducherry_2001_rice_kharif_ndvi.png,0.257916,0.077716,0.036954,0.016225,0.625112,0.224937,-0.17812,0.115385,0.313576,0.106596,0.05135,0.019973,0.765852,0.331002,-0.404784,0.180039,0.528861,-0.374065,-0.706514,0.191951,0.42557,0.246578,0.02363,0.057877,0.359323,0.119567,0.03419,0.031274
Puducherry,Rice,2002,Kharif,10.9156489,79.8069488,2002-07-01,2002-10-28,6,Landsat 5/7 SR,0.6,0.05,datasets\test_images\2002\rgb\puducherry_2002_rice_rgb.png,datasets\test_images\2002\ndvi\puducherry_2002_rice_ndvi.png,0.902475,0.080275,0.03628,0.0152,1.506739,0.182726,-0.162035,0.10891,0.305642,0.111943,0.049631,0.019106,0.763587,0.27174,-0.397653,0.172731,0.501769,-0.344325,-0.719378,0.184176,0.425487,0.240081,0.034259,0.052877,0.928889,0.133055,0.044612,0.029508
Puducherry,Rice,2004,Autumn,10.9156489,79.8069488,2004-07-01,2004-10-28,11,Landsat 5/7 SR,0.6,0.05,datasets\test_images\2004\rgb\puducherry_2004_rice_rgb.png,datasets\test_images\2004\ndvi\puducherry_2004_rice_ndvi.png,0.289197,0.0608,0.027232,0.016957,0.733234,0.253863,-0.149152,0.141814,0.348061,0.090307,0.034575,0.022257,0.868808,0.398628,-0.446005,0.220554,0.632892,-0.395697,-0.788622,0.224859,0.456178,0.230072,0.014253,0.070831,0.372248,0.089334,0.029405,0.030313
Puducherry,Rice,2004,Summer,10.9156489,79.8069488,2004-03-01,2004-06-28,21,Landsat 5/7 SR,0.6,0.05,datasets\test_images\2004\rgb\puducherry_2004_rice_rgb.png,datasets\test_images\2004\ndvi\puducherry_2004_rice_ndvi.png,0.280892,0.076252,0.039745,0.012865,0.640852,0.232079,-0.170716,0.108281,0.34604,0.108801,0.05608,0.016485,0.754107,0.339936,-0.324093,0.166191,0.533518,-0.376668,-0.70653,0.187056,0.426849,0.261819,0.029955,0.05889,0.355624,0.118676,0.046317,0.025419
Puducherry,Rice,2004,Winter,10.9156489,79.8069488,2004-07-01,2004-10-28,17,Landsat 5/7 SR,0.6,0.05,datasets\test_images\2004\rgb\puducherry_2004_rice_winter_rgb.png,datasets\test_images\2004\ndvi\puducherry_2004_rice_winter_ndvi.png,0.289197,0.061607,0.027232,0.017275,0.733234,0.252373,-0.149152,0.140638,0.348061,0.09102,0.034575,0.022325,0.866476,0.394622,-0.446005,0.219505,0.632892,-0.393914,-0.78835,0.22377,0.456178,0.230725,0.014253,0.070468,0.372248,0.090566,0.029405,0.030695
Puducherry,Rice,2004,Kharif,10.9156489,79.8069488,2004-07-01,2004-10-28,17,Landsat 5/7 SR,0.6,0.05,datasets\test_images\2004\rgb\puducherry_2004_rice_kharif_rgb.png,datasets\test_images\2004\ndvi\puducherry_2004_rice_kharif_ndvi.png,0.289197,0.061607,0.027232,0.017275,0.733234,0.252373,-0.149152,0.140638,0.348061,0.09102,0.034575,0.022325,0.866476,0.394622,-0.446005,0.219505,0.632892,-0.393914,-0.78835,0.22377,0.456178,0.230725,0.014253,0.070468,0.372248,0.090566,0.029405,0.030695
Puducherry,Rice,2005,Autumn,10.9156489,79.8069488,2005-07-01,2005-10-28,5,Landsat 5/7 SR,0.6,0.05,datasets\test_images\2005\rgb\puducherry_2005_rice_rgb.png,datasets\test_images\2005\ndvi\puducherry_2005_rice_ndvi.png,0.310689,0.070844,0.029872,0.014931,0.679865,0.21065,-0.276373,0.125282,0.391676,0.101707,0.04574,0.019926,0.793639,0.326387,-0.411797,0.186584,0.515948,-0.355861,-0.744889,0.197083,0.453593,0.226791,0.027012,0.062411,0.418159,0.11064,0.036225,0.028664
Puducherry,Rice,2005,Summer,10.9156489,79.8069488,2005-03-01,2005-06-28,18,Landsat 5/7 SR,0.6,0.05,datasets\test_images\2005\rgb\puducherry_2005_rice_rgb.png,datasets\test_images\2005\ndvi\puducherry_2005_rice_ndvi.png,0.274224,0.065383,0.035565,0.014265,0.747191,0.285112,-0.159522,0.12962,0.34417,0.09432,0.046331,0.017783,0.811486,0.422845,-0.433605,0.201935,0.593572,-0.426934,-0.732004,0.208031,0.520624,0.254498,0.028057,0.06214,0.37673,0.096257,0.03573,0.025365
Puducherry,Rice,2005,Winter,10.9156489,79.8069488,2005-07-01,2005-10-28,5,Landsat 5/7 SR,0.6,0.05,datasets\test_images\2005\rgb\puducherry_2005_rice_rgb.png,datasets\test_images\2005\ndvi\puducherry_2005_rice_ndvi.png,0.310689,0.070844,0.029872,0.014931,0.679865,0.21065,-0.276373,0.125282,0.391676,0.101707,0.04574,0.019926,0.793639,0.326387,-0.411797,0.186584,0.515948,-0.355861,-0.744889,0.197083,0.453593,0.226791,0.027012,0.062411,0.418159,0.11064,0.036225,0.028664
Puducherry,Rice,2005,Kharif,10.9156489,79.8069488,2005-07-01,2005-10-28,11,Landsat 5/7 SR,0.6,0.05,datasets\test_images\2005\rgb\puducherry_2005_rice_kharif_rgb.png,datasets\test_images\2005\ndvi\puducherry_2005_rice_kharif_ndvi.png,0.310689,0.070892,0.029872,0.014901,0.679865,0.210333,-0.276373,0.125063,0.391676,0.101712,0.04574,0.019862,0.793639,0.325658,-0.411797,0.186222,0.515948,-0.355381,-0.744889,0.196831,0.454308,0.226709,0.027012,0.062392,0.418159,0.110653,0.036225,0.028558
Puducherry,Rice,2006,Kharif,10.9156489,79.8069488,2006-07-01,2006-10-28,18,Landsat 5/7 SR,0.6,0.05,datasets\test_images\2006\rgb\puducherry_2006_rice_kharif_rgb.png,datasets\test_images\2006\ndvi\puducherry_2006_rice_kharif_ndvi.png,0.322046,0.080297,0.041368,0.017456,0.644866,0.208807,-0.145272,0.113221,0.393656,0.112527,0.04332,0.023948,0.771827,0.306172,-0.305,0.168076,0.474342,-0.335208,-0.694712,0.177196,0.464524,0.24226,0.026188,0.062004,0.426862,0.12186,0.041065,0.035882
Puducherry,Rice,2006,Rabi,10.9156489,79.8069488,2006-11-01,2007-04-28,29,Landsat 5/7 SR,0.6,0.05,datasets\test_images\2006\rgb\puducherry_2006_rice_rabi_rgb.png,datasets\test_images\2006\ndvi\puducherry_2006_rice_rabi_ndvi.png,0.325415,0.061156,0.017333,0.017434,0.72841,0.301867,-0.133037,0.134635,0.39224,0.088675,0.03397,0.020663,0.852424,0.45579,-0.402935,0.214373,0.539918,-0.450369,-0.7718,0.216114,0.482,0.254931,0.028333,0.06396,0.44218,0.087807,0.020632,0.028136
Puducherry,Rice,2006,Summer,10.9156489,79.8069488,2006-03-01,2006-06-28,17,Landsat 5/7 SR,0.6,0.05,datasets\test_images\2006\rgb\puducherry_2006_rice_summer_rgb.png,datasets\test_images\2006\ndvi\puducherry_2006_rice_summer_ndvi.png,0.294216,0.085221,0.037848,0.014079,0.753803,0.234562,-0.13215,0.113727,0.36969,0.114092,0.054897,0.018357,0.767094,0.32353,-0.312235,0.161399,0.448813,-0.361373,-0.722497,0.177119,0.511398,0.258909,0.041037,0.058836,0.404766,0.125977,0.044832,0.029117
Puducherry,Rice,2007,Kharif,10.9156489,79.8069488,2007-07-01,2007-10-28,18,Landsat 5/7 SR,0.6,0.05,datasets\test_images\2007\rgb\puducherry_2007_rice_kharif_rgb.png,datasets\test_images\2007\ndvi\puducherry_2007_rice_kharif_ndvi.png,0.27729,0.065017,0.035001,0.013651,0.697342,0.250877,-0.135382,0.126593,0.36056,0.091282,0.050855,0.018525,0.812762,0.395117,-0.297285,0.185656,0.412549,-0.381001,-0.727077,0.192403,0.477875,0.220981,0.030986,0.065378,0.978389,0.089693,0.036417,0.027791
Puducherry,Rice,2007,Summer,10.9156489,79.8069488,2007-03-01,2007-06-28,17,Landsat 5/7 SR,0.6,0.05,datasets\test_images\2007\rgb\puducherry_2007_rice_summer_rgb.png,datasets\test_images\2007\ndvi\puducherry_2007_rice_summer_ndvi.png,0.33196,0.081021,0.040928,0.015812,0.613814,0.224973,-0.137198,0.107622,0.418008,0.114264,0.0497,0.021189,0.739727,0.323489,-0.368202,0.167928,0.50078,-0.360757,-0.680553,0.185145,0.503863,0.256384,0.03815,0.057442,0.454981,0.125771,0.045107,0.031894
Puducherry,Rice,2007,Rabi,10.9156489,79.8069488,2007-11-01,2008-04-28,21,Landsat 5/7 SR,0.6,0.05,datasets\test_images\2007\rgb\puducherry_2007_rice_rabi_rgb.png,datasets\test_images\2007\ndvi\puducherry_2007_rice_rabi_ndvi.png,0.352035,0.052574,0.023437,0.015636,0.693225,0.302356,-0.126764,0.126203,0.427468,0.078303,0.037311,0.019059,0.8386,0.482014,-0.43171,0.21319,0.620675,-0.473442,-0.763936,0.229494,0.518286,0.239319,0.018776,0.061608,0.493866,0.077897,0.028002,0.027201
Puducherry,Rice,2008,Kharif,10.9156489,79.8069488,2008-07-01,2008-10-28,17,Landsat 5/7 SR,0.6,0.05,datasets\test_images\2008\rgb\puducherry_2008_rice_kharif_rgb.png,datasets\test_images\2008\ndvi\puducherry_2008_rice_kharif_ndvi.png,0.334463,0.081498,0.042825,0.014731,0.580296,0.196369,-0.120244,0.101179,0.421775,0.116628,0.064192,0.019832,0.732326,0.29168,-0.26885,0.14978,0.377423,-0.327509,-0.689513,0.155189,0.497895,0.24016,0.049604,0.053013,0.459203,0.12761,0.057317,0.029036
Puducherry,Rice,2008,Rabi,10.9156489,79.8069488,2008-11-01,2009-04-28,30,Landsat 5/7 SR,0.6,0.05,datasets\test_images\2008\rgb\puducherry_2008_rice_rabi_rgb.png,datasets\test_images\2008\ndvi\puducherry_2008_rice_rabi_ndvi.png,0.335714,0.054867,0.029295,0.013722,0.644378,0.291058,-0.113204,0.118268,0.433009,0.079303,0.04134,0.016805,0.809795,0.469507,-0.360108,0.199036,0.560141,-0.451548,-0.735392,0.216455,0.529204,0.230647,0.022791,0.059239,0.475373,0.076871,0.033282,0.023427
Puducherry,Rice,2008,Summer,10.9156489,79.8069488,2008-03-01,2008-06-28,19,Landsat 5/7 SR,0.6,0.05,datasets\test_images\2008\rgb\puducherry_2008_rice_summer_rgb.png,datasets\test_images\2008\ndvi\puducherry_2008_rice_summer_ndvi.png,0.29599,0.076641,0.043389,0.012095,0.591112,0.244353,-0.096838,0.102321,0.39026,0.107152,0.057675,0.015789,0.733556,0.354144,-0.249999,0.151988,0.392848,-0.387133,-0.682193,0.166938,0.468305,0.253841,0.03914,0.053644,0.425818,0.117218,0.053289,0.025075
Puducherry,Rice,2009,Kharif,10.9156489,79.8069488,2009-07-01,2009-10-28,14,Landsat 5/7 SR,0.6,0.05,datasets\test_images\2009\rgb\puducherry_2009_rice_kharif_rgb.png,datasets\test_images\2009\ndvi\puducherry_2009_rice_kharif_ndvi.png,0.968035,0.090392,0.03914,0.01465,0.58959,0.186795,-0.148826,0.096253,0.429255,0.128146,0.064358,0.019726,0.724451,0.26101,-0.376289,0.145169,0.490508,-0.313584,-0.676838,0.161981,0.507548,0.257822,0.041532,0.053503,0.463273,0.145315,0.05652,0.02912
Puducherry,Rice,2009,Rabi,10.9156489,79.8069488,2009-11-01,2010-04-28,24,Landsat 5/7 SR,0.6,0.05,datasets\test_images\2009\rgb\puducherry_2009_rice_rabi_rgb.png,datasets\test_images\2009\ndvi\puducherry_2009_rice_rabi_ndvi.png,0.315694,0.061523,0.017937,0.013668,0.668639,0.281325,-0.325515,0.118728,0.375465,0.085307,0.031495,0.017648,0.845277,0.44052,-0.545858,0.198488,0.602817,-0.440932,-0.770091,0.211295,0.504289,0.23501,0.019945,0.061198,1.602213,0.085849,0.02319,0.02632
Puducherry,Rice,2009,Summer,10.9156489,79.8069488,2009-03-01,2009-06-28,12,Landsat 5/7 SR,0.6,0.05,datasets\test_images\2009\rgb\puducherry_2009_rice_summer_rgb.png,datasets\test_images\2009\ndvi\puducherry_2009_rice_summer_ndvi.png,0.315446,0.067907,0.039209,0.012982,0.616821,0.268344,-0.120782,0.109333,0.408878,0.097271,0.054733,0.017199,0.761348,0.405948,-0.345439,0.174052,0.540971,-0.402557,-0.689966,0.195278,0.527609,0.243449,0.02396,0.055616,0.450375,0.097457,0.033805,0.024316
Puducherry,Rice,2010,Kharif,10.9156489,79.8069488,2010-07-01,2010-10-28,5,Landsat 5/7 SR,0.6,0.05,datasets\test_images\2010\rgb\puducherry_2010_rice_kharif_rgb.png,datasets\test_images\2010\ndvi\puducherry_2010_rice_kharif_ndvi.png,0.311418,0.051723,0.022654,0.016298,0.720021,0.282342,-0.33047,0.136923,0.413264,0.076338,0.02726,0.019778,0.868455,0.470438,-0.567337,0.203595,0.529295,-0.454071,-0.794414,0.218673,0.505031,0.222447,0.022723,0.069895,1.602213,0.074282,0.021856,0.028194
Puducherry,Rice,2010,Rabi,10.9156489,79.8069488,2010-11-01,2011-04-28,19,Landsat 5/7 SR,0.6,0.05,datasets\test_images\2010\rgb\puducherry_2010_rice_rabi_rgb.png,datasets\test_images\2010\ndvi\puducherry_2010_rice_rabi_ndvi.png,0.829078,0.058417,0.02495,0.014413,0.717714,0.311872,-0.119869,0.130405,0.387235,0.08098,0.036362,0.018566,0.86854,0.481602,-0.4153,0.204613,0.604012,-0.460376,-0.792462,0.220143,0.495503,0.241615,0.016618,0.064242,0.42084,0.077458,0.021705,0.025162
Puducherry,Rice,2010,Summer,10.9156489,79.8069488,2010-03-01,2010-06-28,7,Landsat 5/7 SR,0.6,0.05,datasets\test_images\2010\rgb\puducherry_2010_rice_summer_rgb.png,datasets\test_images\2010\ndvi\puducherry_2010_rice_summer_ndvi.png,0.28169,0.071546,0.036596,0.014475,0.636136,0.268923,-0.323208,0.110076,0.338312,0.09687,0.044722,0.018442,0.783311,0.391318,-0.570294,0.164442,0.423648,-0.421966,-0.716075,0.181064,0.447818,0.258174,0.032183,0.058902,1.602213,0.107812,0.033777,0.027932
Puducherry,Rice,2011,Kharif,10.9156489,79.8069488,2011-07-01,2011-10-28,6,Landsat 5/7 SR,0.6,0.05,datasets\test_images\2011\rgb\puducherry_2011_rice_kharif_rgb.png,datasets\test_images\2011\ndvi\puducherry_2011_rice_kharif_ndvi.png,0.284151,0.061517,0.02924,0.017716,0.749115,0.285237,-0.320583,0.132985,0.345339,0.083038,0.034768,0.021428,0.837499,0.443004,-0.578794,0.188597,0.410859,-0.460306,-0.778602,0.180437,0.48068,0.240019,0.02396,0.069598,1.602213,0.08838,0.022035,0.032392
Puducherry,Rice,2011,Rabi,10.9156489,79.8069488,2011-11-01,2012-04-28,16,Landsat 5/7 SR,0.6,0.05,datasets\test_images\2011\rgb\puducherry_2011_rice_rabi_rgb.png,datasets\test_images\2011\ndvi\puducherry_2011_rice_rabi_ndvi.png,0.339495,0.068824,0.029047,0.013176,0.697794,0.273224,-0.133066,0.109322,0.330888,0.089828,0.036211,0.016877,0.810136,0.407519,-0.333476,0.167988,0.476317,-0.438685,-0.737948,0.187074,0.443198,0.24707,0.02506,0.059085,0.38806,0.0989,0.030037,0.02792
Puducherry,Rice,2011,Summer,10.9156489,79.8069488,2011-03-01,2011-06-28,8,Landsat 5/7 SR,0.6,0.05,datasets\test_images\2011\rgb\puducherry_2011_rice_summer_rgb.png,datasets\test_images\2011\ndvi\puducherry_2011_rice_summer_ndvi.png,0.308777,0.080139,0.032966,0.016391,0.745273,0.235521,-0.098651,0.098847,0.387647,0.105175,0.050992,0.019359,0.819706,0.338914,-0.270495,0.151167,0.440806,-0.38691,-0.75864,0.170493,0.48981,0.248265,0.034369,0.054824,0.421252,0.120431,0.036143,0.030636
Puducherry,Rice,2012,Kharif,10.9156489,79.8069488,2012-07-01,2012-10-28,3,Landsat 5/7 SR,0.6,0.05,datasets\test_images\2012\rgb\puducherry_2012_rice_kharif_rgb.png,datasets\test_images\2012\ndvi\puducherry_2012_rice_kharif_ndvi.png,0.308695,0.071638,0.026875,0.017784,1.945819,0.271248,-0.123218,0.14616,0.328027,0.095211,0.038576,0.021722,0.843115,0.383565,-0.426213,0.211797,0.62299,-0.415323,-0.771805,0.238987,0.50939,0.255634,0.019244,0.076794,0.345517,0.105463,0.031165,0.034277
Puducherry,Rice,2012,Rabi,10.9156489,79.8069488,2012-11-01,2013-04-28,11,Landsat 5/7 SR,0.6,0.05,datasets\test_images\2012\rgb\puducherry_2012_rice_rabi_rgb.png,datasets\test_images\2012\ndvi\puducherry_2012_rice_rabi_ndvi.png,0.254424,0.064049,0.032265,0.01321,0.766285,0.29189,-0.109303,0.118952,0.32789,0.081405,0.037875,0.016183,0.812892,0.449339,-0.28351,0.18222,0.468934,-0.457575,-0.738789,0.192413,0.455572,0.243041,0.026737,0.058326,0.396173,0.084304,0.02869,0.024783
Puducherry,Rice,2012,Summer,10.9156489,79.8069488,2012-03-01,2012-06-28,10,Landsat 5/7 SR,0.6,0.05,datasets\test_images\2012\rgb\puducherry_2012_rice_summer_rgb.png,datasets\test_images\2012\ndvi\puducherry_2012_rice_summer_ndvi.png,0.26398,0.083607,0.042495,0.015252,0.663717,0.251464,-0.114719,0.099689,0.325663,0.106028,0.049205,0.019345,0.741469,0.354644,-0.237482,0.144427,0.400755,-0.402488,-0.678884,0.157041,0.444985,0.263717,0.037119,0.057995,0.38278,0.121062,0.042962,0.031501
Puducherry,Rice,2013,Kharif,10.9156489,79.8069488,2013-07-01,2013-10-28,8,Landsat 8 SR,0.6,0.05,datasets\test_images\2013\rgb\puducherry_2013_rice_kharif_rgb.png,datasets\test_images\2013\ndvi\puducherry_2013_rice_kharif_ndvi.png,0.308475,0.07333,-0.029692,0.01828,1.548901,0.274354,-0.212382,0.127059,0.375878,0.111598,0.038164,0.021756,0.813985,0.383264,-1.151362,0.186157,0.761834,-0.405466,-0.738401,0.202768,0.48266,0.2828,0.005769,0.069195,0.420043,0.119663,0.012217,0.033351
Puducherry,Rice,2013,Rabi,10.9156489,79.8069488,2013-11-01,2014-04-28,22,Landsat 8 SR,0.6,0.05,datasets\test_images\2013\rgb\puducherry_2013_rice_rabi_rgb.png,datasets\test_images\2013\ndvi\puducherry_2013_rice_rabi_ndvi.png,0.240248,0.060273,0.015517,0.016906,1.07366,0.287534,-0.119268,0.11093,0.32822,0.092089,0.037793,0.018215,0.835371,0.437554,-0.767035,0.189831,0.907156,-0.441948,-0.738824,0.206079,0.484888,0.257815,0.001988,0.064541,0.392213,0.095352,0.012767,0.030191
Puducherry,Rice,2013,Summer,10.9156489,79.8069488,2013-03-01,2013-06-28,10,Landsat 8 SR,0.6,0.05,datasets\test_images\2013\rgb\puducherry_2013_rice_summer_rgb.png,datasets\test_images\2013\ndvi\puducherry_2013_rice_summer_ndvi.png,0.36089,0.078654,0.021182,0.018555,1.564705,0.241851,-0.137343,0.102608,0.426519,0.111086,0.041271,0.022833,0.788469,0.341666,-0.353574,0.154667,0.742438,-0.388657,-0.723249,0.186007,0.526234,0.271735,0.009399,0.066582,0.470299,0.127799,0.017113,0.037787
Puducherry,Rice,2014,Kharif,10.9156489,79.8069488,2014-07-01,2014-10-28,16,Landsat 8 SR,0.6,0.05,datasets\test_images\2014\rgb\puducherry_2014_rice_kharif_rgb.png,datasets\test_images\2014\ndvi\puducherry_2014_rice_kharif_ndvi.png,0.309534,0.063835,0.015105,0.016592,1.37649,0.275378,-0.117544,0.133163,0.385833,0.096276,0.030202,0.020132,0.852923,0.406459,-0.432417,0.197868,0.666204,-0.43184,-0.787311,0.214306,0.508868,0.263927,0.014775,0.07136,0.444366,0.103733,0.024922,0.031402
Puducherry,Rice,2014,Rabi,10.9156489,79.8069488,2014-11-01,2015-04-28,17,Landsat 8 SR,0.6,0.05,datasets\test_images\2014\rgb\puducherry_2014_rice_rabi_rgb.png,datasets\test_images\2014\ndvi\puducherry_2014_rice_rabi_ndvi.png,0.272959,0.056992,0.013042,0.016877,1.318133,0.29654,-0.145309,0.116302,0.349698,0.086158,0.029611,0.019486,0.850292,0.449317,-1.236932,0.2225,1.07156,-0.450153,-0.767982,0.251654,0.490869,0.25661,-0.001326,0.069436,0.40599,0.08907,0.005507,0.031228
Puducherry,Rice,2014,Summer,10.9156489,79.8069488,2014-03-01,2014-06-28,16,Landsat 8 SR,0.6,0.05,datasets\test_images\2014\rgb\puducherry_2014_rice_summer_rgb.png,datasets\test_images\2014\ndvi\puducherry_2014_rice_summer_ndvi.png,0.293102,0.069821,0.020522,0.016259,1.00648,0.266885,-0.107643,0.104901,0.353575,0.100821,0.042261,0.018084,0.809523,0.388886,-0.296373,0.154907,0.617188,-0.418183,-0.722726,0.180626,0.511205,0.265578,0.015078,0.064112,0.430245,0.110251,0.01824,0.03106
Puducherry,Rice,2015,Kharif,10.9156489,79.8069488,2015-07-01,2015-10-28,14,Landsat 8 SR,0.6,0.05,datasets\test_images\2015\rgb\puducherry_2015_rice_kharif_rgb.png,datasets\test_images\2015\ndvi\puducherry_2015_rice_kharif_ndvi.png,0.323188,0.071442,0.0123,0.019164,1.286345,0.281064,-0.122504,0.12994,0.39763,0.105549,0.040515,0.022724,0.850789,0.398207,-0.44783,0.177297,0.652583,-0.41809,-0.771952,0.198075,0.56076,0.276271,0.014046,0.071854,0.456535,0.113998,0.02297,0.034889
Puducherry,Rice,2015,Rabi,10.9156489,79.8069488,2015-11-01,2016-04-28,18,Landsat 8 SR,0.6,0.05,datasets\test_images\2015\rgb\puducherry_2015_rice_rabi_rgb.png,datasets\test_images\2015\ndvi\puducherry_2015_rice_rabi_ndvi.png,0.291975,0.061759,0.01593,0.017574,0.749075,0.302384,-0.126716,0.118292,0.357879,0.093191,0.036899,0.01932,0.837042,0.443904,-0.755057,0.187805,0.948754,-0.449454,-0.740106,0.21733,0.521091,0.271609,0.001933,0.072051,0.431592,0.097602,0.011832,0.032805
Puducherry,Rice,2015,Summer,10.9156489,79.8069488,2015-03-01,2015-06-28,14,Landsat 8 SR,0.6,0.05,datasets\test_images\2015\rgb\puducherry_2015_rice_summer_rgb.png,datasets\test_images\2015\ndvi\puducherry_2015_rice_summer_ndvi.png,0.302439,0.066915,0.023465,0.015544,1.508071,0.30188,-0.091862,0.119421,0.367875,0.100372,0.04321,0.017594,0.808761,0.427987,-0.250182,0.170933,0.563142,-0.436464,-0.732214,0.188948,0.507341,0.279462,0.021787,0.068142,0.427358,0.104256,0.027397,0.028956
Puducherry,Rice,2016,Kharif,10.9156489,79.8069488,2016-07-01,2016-10-28,14,Landsat 8 SR,0.6,0.05,datasets\test_images\2016\rgb\puducherry_2016_rice_kharif_rgb.png,datasets\test_images\2016\ndvi\puducherry_2016_rice_kharif_ndvi.png,0.268572,0.060503,0.012052,0.016381,1.146278,0.315124,-0.131129,0.140616,0.34604,0.094413,0.033007,0.01918,0.865515,0.453047,-1.871606,0.207768,1.170639,-0.457312,-0.803652,0.227104,0.492257,0.27911,-0.005231,0.074987,0.389407,0.097028,0.0035,0.029273
Puducherry,Rice,2016,Rabi,10.9156489,79.8069488,2016-11-01,2017-04-28,24,Landsat 8 SR,0.6,0.05,datasets\test_images\2016\rgb\puducherry_2016_rice_rabi_rgb.png,datasets\test_images\2016\ndvi\puducherry_2016_rice_rabi_ndvi.png,0.255551,0.051408,0.018102,0.014026,0.761725,0.322352,-0.093086,0.126133,0.3159,0.082021,0.038837,0.01615,0.83925,0.497297,-0.629478,0.199606,0.791828,-0.472951,-0.74491,0.224406,0.456288,0.258363,0.00669,0.069042,0.370295,0.07818,0.021416,0.024585
Puducherry,Rice,2016,Summer,10.9156489,79.8069488,2016-03-01,2016-06-28,16,Landsat 8 SR,0.6,0.05,datasets\test_images\2016\rgb\puducherry_2016_rice_summer_rgb.png,datasets\test_images\2016\ndvi\puducherry_2016_rice_summer_ndvi.png,0.297173,0.064051,0.020797,0.0166,0.801786,0.289187,-0.134611,0.117602,0.362458,0.094457,0.039704,0.019184,0.837634,0.424278,-0.300853,0.179797,0.544702,-0.440331,-0.742903,0.199413,0.553005,0.269127,0.019422,0.068955,0.425487,0.100214,0.025555,0.032183
Puducherry,Rice,2017,Kharif,10.9156489,79.8069488,2017-07-01,2017-10-28,12,Landsat 8 SR,0.6,0.05,datasets\test_images\2017\rgb\puducherry_2017_rice_kharif_rgb.png,datasets\test_images\2017\ndvi\puducherry_2017_rice_kharif_ndvi.png,0.33262,0.065156,0.012025,0.017647,0.998139,0.311726,-0.136145,0.13554,0.404533,0.096256,0.041807,0.02118,0.842502,0.438977,-2.290036,0.204238,1.078647,-0.44443,-0.783557,0.234775,0.554325,0.276884,-0.00211,0.072752,0.463822,0.100275,0.002785,0.032756
Puducherry,Rice,2017,Rabi,10.9156489,79.8069488,2017-11-01,2018-04-28,4,Sentinel-2 SR,0.6,0.05,datasets\test_images\2017\rgb\puducherry_2017_rice_rabi_rgb.png,datasets\test_images\2017\ndvi\puducherry_2017_rice_rabi_ndvi.png,0.5806,0.055366,0.0185,0.025786,7.103194,0.33828,-3.856645,0.170976,0.5905,0.07913,0.0232,0.026893,0.902049,0.524402,-0.611373,0.271803,0.718554,-0.469131,-0.81277,0.265154,0.6386,0.245318,0.01025,0.07344,0.6085,0.068652,0.0161,0.035665
Puducherry,Rice,2018,Kharif,10.9156489,79.8069488,2018-07-01,2018-10-28,3,Sentinel-2 SR,0.6,0.05,datasets\test_images\2018\rgb\puducherry_2018_rice_kharif_rgb.png,datasets\test_images\2018\ndvi\puducherry_2018_rice_kharif_ndvi.png,0.7696,0.076968,0.0,0.041321,8.618722,0.239796,-8.333371,0.184859,0.7872,0.110146,0.0,0.042364,1.0,0.345516,-1.0,0.278736,1.0,-0.380362,-1.0,0.26645,0.7612,0.265891,0.0,0.083097,0.8118,0.12319,0.0,0.059634
Puducherry,Rice,2018,Rabi,10.9156489,79.8069488,2018-11-01,2019-04-28,20,Sentinel-2 SR,0.6,0.05,datasets\test_images\2018\rgb\puducherry_2018_rice_rabi_rgb.png,datasets\test_images\2018\ndvi\puducherry_2018_rice_rabi_ndvi.png,0.465,0.08138,0.02945,0.025891,2.806506,0.277895,-3.121165,0.143715,0.5172,0.108881,0.0331,0.02885,0.851199,0.380765,-0.37355,0.213298,0.570875,-0.394003,-0.735857,0.221549,0.6126,0.273257,0.0271,0.073366,0.5729,0.116279,0.025,0.047079
Puducherry,Rice,2019,Kharif,10.9156489,79.8069488,2019-07-01,2019-10-28,14,Sentinel-2 SR,0.6,0.05,datasets\test_images\2019\rgb\puducherry_2019_rice_kharif_rgb.png,datasets\test_images\2019\ndvi\puducherry_2019_rice_kharif_ndvi.png,0.526,0.082136,0.0201,0.031405,3.325186,0.229958,-6.178825,0.162964,0.5341,0.110659,0.02765,0.032631,0.893833,0.327098,-0.413043,0.237107,0.579968,-0.357884,-0.80278,0.229778,0.54555,0.250096,0.0222,0.066072,0.5413,0.119234,0.02265,0.046645
Puducherry,Rice,2019,Rabi,10.9156489,79.8069488,2019-11-01,2020-04-28,28,Sentinel-2 SR,0.6,0.05,datasets\test_images\2019\rgb\puducherry_2019_rice_rabi_rgb.png,datasets\test_images\2019\ndvi\puducherry_2019_rice_rabi_ndvi.png,0.5335,0.072006,0.0239,0.026744,2.226281,0.321018,-2.728127,0.161408,0.54175,0.099163,0.0306,0.027924,0.88644,0.444074,-0.461615,0.240964,0.676017,-0.41597,-0.786842,0.246172,0.5079,0.27331,0.0169,0.077028,0.52195,0.093761,0.02125,0.04124
Punjab,Maize,1997,Kharif,30.9293211,75.5004841,1997-07-01,1997-10-28,7,Landsat 5/7 SR,0.6,0.05,datasets\test_images\1997\rgb\punjab_1997_maize_rgb.png,datasets\test_images\1997\ndvi\punjab_1997_maize_ndvi.png,0.158325,0.060725,0.039415,0.011495,0.691409,0.291918,-0.015801,0.090713,0.206409,0.096848,0.057428,0.015205,0.788904,0.443561,-0.04426,0.123608,0.024821,-0.450964,-0.707046,0.099858,0.456549,0.262522,0.061662,0.040398,0.234995,0.099488,0.047156,0.022863
Punjab,Maize,1998,Kharif,30.9293211,75.5004841,1998-07-01,1998-10-28,11,Landsat 5/7 SR,0.6,0.05,datasets\test_images\1998\rgb\punjab_1998_maize_rgb.png,datasets\test_images\1998\ndvi\punjab_1998_maize_ndvi.png,0.171236,0.07717,0.047995,0.008477,0.646518,0.224538,-0.088476,0.104431,0.228849,0.107689,0.055447,0.012661,0.697315,0.326467,-0.211857,0.125398,0.160199,-0.358291,-0.629511,0.102455,0.4831,0.240693,0.070188,0.052083,0.252966,0.112729,0.05487,0.018865
Punjab,Maize,1999,Kharif,30.9293211,75.5004841,1999-07-01,1999-10-28,7,Landsat 5/7 SR,0.6,0.05,datasets\test_images\1999\rgb\punjab_1999_maize_kharif_rgb.png,datasets\test_images\1999\ndvi\punjab_1999_maize_kharif_ndvi.png,0.174193,0.069352,0.031633,0.010302,0.68555,0.293484,-0.054315,0.129745,0.230237,0.093425,0.050443,0.015475,0.795922,0.433323,-0.130746,0.161356,0.084924,-0.432623,-0.720537,0.126088,0.472224,0.243044,0.077736,0.052595,0.252787,0.095112,0.03452,0.024472
Punjab,Maize,2000,Kharif,30.9293211,75.5004841,2000-07-01,2000-10-28,12,Landsat 5/7 SR,0.6,0.05,datasets\test_images\2000\rgb\punjab_2000_maize_kharif_rgb.png,datasets\test_images\2000\ndvi\punjab_2000_maize_kharif_ndvi.png,0.161996,0.069829,0.03584,0.013649,0.675019,0.312938,-0.001963,0.101368,0.224641,0.096061,0.051653,0.016396,0.784627,0.436039,-0.004675,0.13865,0.011705,-0.444567,-0.711191,0.107564,0.437354,0.271375,0.0794,0.039717,0.266868,0.099959,0.041189,0.024407
Punjab,Maize,2001,Kharif,30.9293211,75.5004841,2001-07-01,2001-10-28,6,Landsat 5/7 SR,0.6,0.05,datasets\test_images\2001\rgb\punjab_2001_maize_kharif_rgb.png,datasets\test_images\2001\ndvi\punjab_2001_maize_kharif_ndvi.png,0.223239,0.076,0.053193,0.011859,0.698273,0.443966,0.112378,0.100736,0.263059,0.109319,0.078726,0.01444,0.730479,0.546385,0.141729,0.106577,-0.172319,-0.514505,-0.649608,0.080971,0.47463,0.344546,0.133905,0.040779,0.264833,0.100197,0.064564,0.021919
Punjab,Maize,2002,Kharif,30.9293211,75.5004841,2002-07-01,2002-10-28,9,Landsat 5/7 SR,0.6,0.05,datasets\test_images\2002\rgb\punjab_2002_maize_rgb.png,datasets\test_images\2002\ndvi\punjab_2002_maize_ndvi.png,0.183185,0.05574,0.01879,0.018615,0.726742,0.391856,-0.013189,0.127855,0.234693,0.088901,0.037132,0.023418,0.883424,0.535436,-0.029873,0.175562,0.010402,-0.532458,-0.81193,0.132496,0.480212,0.307833,0.082439,0.042863,0.277675,0.090518,0.022145,0.035906
Punjab,Maize,2003,Kharif,30.9293211,75.5004841,2003-07-01,2003-10-28,6,Landsat 5/7 SR,0.6,0.05,datasets\test_images\2003\rgb\punjab_2003_maize_rgb.png,datasets\test_images\2003\ndvi\punjab_2003_maize_ndvi.png,0.40841,0.067197,0.012822,0.017815,1.006121,0.316877,-0.026294,0.141644,0.437753,0.092894,0.020577,0.021109,0.969271,0.464549,-0.059056,0.172807,0.035263,-0.480899,-0.862842,0.130651,0.685858,0.270613,0.045712,0.057836,0.440062,0.09799,0.00614,0.033432
Punjab,Maize,2004,Kharif,30.9293211,75.5004841,2004-07-01,2004-10-28,9,Landsat 5/7 SR,0.6,0.05,datasets\test_images\2004\rgb\punjab_2004_maize_rgb.png,datasets\test_images\2004\ndvi\punjab_2004_maize_ndvi.png,0.15827,0.084657,0.035373,0.014851,0.677259,0.353013,0.023713,0.09549,0.222208,0.11114,0.061332,0.016568,0.791509,0.441908,0.048426,0.114996,-0.118504,-0.444839,-0.731594,0.088163,0.445205,0.309489,0.116992,0.035246,0.250092,0.116379,0.045974,0.02444
Punjab,Maize,2005,Kharif,30.9293211,75.5004841,2005-07-01,2005-10-28,9,Landsat 5/7 SR,0.6,0.05,datasets\test_images\2005\rgb\punjab_2005_maize_rgb.png,datasets\test_images\2005\ndvi\punjab_2005_maize_ndvi.png,0.179692,0.062478,0.025775,0.014003,0.764059,0.418204,0.008782,0.137457,0.216543,0.085899,0.040653,0.015635,0.850972,0.563747,0.022907,0.153941,-0.035295,-0.557859,-0.767359,0.110484,0.462654,0.306809,0.064,0.051138,0.257738,0.084991,0.026298,0.024417
Punjab,Maize,2006,Kharif,30.9293211,75.5004841,2006-07-01,2006-10-28,13,Landsat 5/7 SR,0.6,0.05,datasets\test_images\2006\rgb\punjab_2006_maize_kharif_rgb.png,datasets\test_images\2006\ndvi\punjab_2006_maize_kharif_ndvi.png,0.16443,0.07408,0.035744,0.014711,0.784191,0.339957,0.023119,0.10552,0.201418,0.0956,0.047885,0.017013,0.834894,0.453626,0.049965,0.131709,-0.037793,-0.464382,-0.750452,0.097861,0.464634,0.280858,0.071398,0.03946,0.25771,0.100084,0.03078,0.024807
Punjab,Maize,2007,Kharif,30.9293211,75.5004841,2007-07-01,2007-10-28,15,Landsat 5/7 SR,0.6,0.05,datasets\test_images\2007\rgb\punjab_2007_maize_kharif_rgb.png,datasets\test_images\2007\ndvi\punjab_2007_maize_kharif_ndvi.png,0.155218,0.06046,0.015985,0.015509,0.742955,0.364545,0.019465,0.111354,0.203398,0.082516,0.033145,0.018822,0.910186,0.522246,0.04764,0.141868,-0.040361,-0.53902,-0.842428,0.106905,0.452754,0.285422,0.071068,0.042863,0.265877,0.088147,0.01791,0.028392
Punjab,Maize,2008,Kharif,30.9293211,75.5004841,2008-07-01,2008-10-28,17,Landsat 5/7 SR,0.6,0.05,datasets\test_images\2008\rgb\punjab_2008_maize_kharif_rgb.png,datasets\test_images\2008\ndvi\punjab_2008_maize_kharif_ndvi.png,0.162931,0.06525,0.031385,0.01213,0.620721,0.335879,-0.025788,0.095698,0.210053,0.094294,0.057235,0.014931,0.76419,0.462644,-0.05288,0.125193,0.022874,-0.467263,-0.721474,0.099888,0.4215,0.278931,0.091789,0.036489,0.252513,0.09565,0.050113,0.021937
Punjab,Maize,2009,Kharif,30.9293211,75.5004841,2009-07-01,2009-10-28,30,Landsat 5/7 SR,0.6,0.05,datasets\test_images\2009\rgb\punjab_2009_maize_kharif_rgb.png,datasets\test_images\2009\ndvi\punjab_2009_maize_kharif_ndvi.png,0.15101,0.065509,0.040543,0.010896,0.668261,0.466736,0.06718,0.1071,0.200428,0.093502,0.064536,0.014223,0.762514,0.591455,0.124622,0.118279,-0.175667,-0.553689,-0.705192,0.089626,0.44196,0.333886,0.094828,0.039133,0.243286,0.084023,0.048792,0.022682
Punjab,Rice,1997,Kharif,30.9293211,75.5004841,1997-07-01,1997-10-28,7,Landsat 5/7 SR,0.6,0.05,datasets\test_images\1997\rgb\punjab_1997_rice_rgb.png,datasets\test_images\1997\ndvi\punjab_1997_rice_ndvi.png,0.158325,0.060725,0.039415,0.011495,0.691409,0.291918,-0.015801,0.090713,0.206409,0.096848,0.057428,0.015205,0.788904,0.443561,-0.04426,0.123608,0.024821,-0.450964,-0.707046,0.099858,0.456549,0.262522,0.061662,0.040398,0.234995,0.099488,0.047156,0.022863
Punjab,Rice,1998,Kharif,30.9293211,75.5004841,1998-07-01,1998-10-28,11,Landsat 5/7 SR,0.6,0.05,datasets\test_images\1998\rgb\punjab_1998_rice_rgb.png,datasets\test_images\1998\ndvi\punjab_1998_rice_ndvi.png,0.171236,0.07717,0.047995,0.008477,0.646518,0.224538,-0.088476,0.104431,0.228849,0.107689,0.055447,0.012661,0.697315,0.326467,-0.211857,0.125398,0.160199,-0.358291,-0.629511,0.102455,0.4831,0.240693,0.070188,0.052083,0.252966,0.112729,0.05487,0.018865
Punjab,Rice,1999,Kharif,30.9293211,75.5004841,1999-07-01,1999-10-28,7,Landsat 5/7 SR,0.6,0.05,datasets\test_images\1999\rgb\punjab_1999_rice_kharif_rgb.png,datasets\test_images\1999\ndvi\punjab_1999_rice_kharif_ndvi.png,0.174193,0.069352,0.031633,0.010302,0.68555,0.293484,-0.054315,0.129745,0.230237,0.093425,0.050443,0.015475,0.795922,0.433323,-0.130746,0.161356,0.084924,-0.432623,-0.720537,0.126088,0.472224,0.243044,0.077736,0.052595,0.252787,0.095112,0.03452,0.024472
Punjab,Rice,2000,Kharif,30.9293211,75.5004841,2000-07-01,2000-10-28,12,Landsat 5/7 SR,0.6,0.05,datasets\test_images\2000\rgb\punjab_2000_rice_kharif_rgb.png,datasets\test_images\2000\ndvi\punjab_2000_rice_kharif_ndvi.png,0.161996,0.069829,0.03584,0.013649,0.675019,0.312938,-0.001963,0.101368,0.224641,0.096061,0.051653,0.016396,0.784627,0.436039,-0.004675,0.13865,0.011705,-0.444567,-0.711191,0.107564,0.437354,0.271375,0.0794,0.039717,0.266868,0.099959,0.041189,0.024407
Punjab,Rice,2001,Kharif,30.9293211,75.5004841,2001-07-01,2001-10-28,6,Landsat 5/7 SR,0.6,0.05,datasets\test_images\2001\rgb\punjab_2001_rice_kharif_rgb.png,datasets\test_images\2001\ndvi\punjab_2001_rice_kharif_ndvi.png,0.223239,0.076,0.053193,0.011859,0.698273,0.443966,0.112378,0.100736,0.263059,0.109319,0.078726,0.01444,0.730479,0.546385,0.141729,0.106577,-0.172319,-0.514505,-0.649608,0.080971,0.47463,0.344546,0.133905,0.040779,0.264833,0.100197,0.064564,0.021919
Punjab,Rice,2002,Kharif,30.9293211,75.5004841,2002-07-01,2002-10-28,9,Landsat 5/7 SR,0.6,0.05,datasets\test_images\2002\rgb\punjab_2002_rice_rgb.png,datasets\test_images\2002\ndvi\punjab_2002_rice_ndvi.png,0.183185,0.05574,0.01879,0.018615,0.726742,0.391856,-0.013189,0.127855,0.234693,0.088901,0.037132,0.023418,0.883424,0.535436,-0.029873,0.175562,0.010402,-0.532458,-0.81193,0.132496,0.480212,0.307833,0.082439,0.042863,0.277675,0.090518,0.022145,0.035906
Punjab,Rice,2003,Kharif,30.9293211,75.5004841,2003-07-01,2003-10-28,6,Landsat 5/7 SR,0.6,0.05,datasets\test_images\2003\rgb\punjab_2003_rice_rgb.png,datasets\test_images\2003\ndvi\punjab_2003_rice_ndvi.png,0.40841,0.067197,0.012822,0.017815,1.006121,0.316877,-0.026294,0.141644,0.437753,0.092894,0.020577,0.021109,0.969271,0.464549,-0.059056,0.172807,0.035263,-0.480899,-0.862842,0.130651,0.685858,0.270613,0.045712,0.057836,0.440062,0.09799,0.00614,0.033432
Punjab,Rice,2004,Kharif,30.9293211,75.5004841,2004-07-01,2004-10-28,9,Landsat 5/7 SR,0.6,0.05,datasets\test_images\2004\rgb\punjab_2004_rice_rgb.png,datasets\test_images\2004\ndvi\punjab_2004_rice_ndvi.png,0.15827,0.084657,0.035373,0.014851,0.677259,0.353013,0.023713,0.09549,0.222208,0.11114,0.061332,0.016568,0.791509,0.441908,0.048426,0.114996,-0.118504,-0.444839,-0.731594,0.088163,0.445205,0.309489,0.116992,0.035246,0.250092,0.116379,0.045974,0.02444
Punjab,Rice,2005,Kharif,30.9293211,75.5004841,2005-07-01,2005-10-28,9,Landsat 5/7 SR,0.6,0.05,datasets\test_images\2005\rgb\punjab_2005_rice_rgb.png,datasets\test_images\2005\ndvi\punjab_2005_rice_ndvi.png,0.179692,0.062478,0.025775,0.014003,0.764059,0.418204,0.008782,0.137457,0.216543,0.085899,0.040653,0.015635,0.850972,0.563747,0.022907,0.153941,-0.035295,-0.557859,-0.767359,0.110484,0.462654,0.306809,0.064,0.051138,0.257738,0.084991,0.026298,0.024417
Punjab,Rice,2006,Kharif,30.9293211,75.5004841,2006-07-01,2006-10-28,13,Landsat 5/7 SR,0.6,0.05,datasets\test_images\2006\rgb\punjab_2006_rice_kharif_rgb.png,datasets\test_images\2006\ndvi\punjab_2006_rice_kharif_ndvi.png,0.16443,0.07408,0.035744,0.014711,0.784191,0.339957,0.023119,0.10552,0.201418,0.0956,0.047885,0.017013,0.834894,0.453626,0.049965,0.131709,-0.037793,-0.464382,-0.750452,0.097861,0.464634,0.280858,0.071398,0.03946,0.25771,0.100084,0.03078,0.024807
Punjab,Rice,2007,Kharif,30.9293211,75.5004841,2007-07-01,2007-10-28,15,Landsat 5/7 SR,0.6,0.05,datasets\test_images\2007\rgb\punjab_2007_rice_kharif_rgb.png,datasets\test_images\2007\ndvi\punjab_2007_rice_kharif_ndvi.png,0.155218,0.06046,0.015985,0.015509,0.742955,0.364545,0.019465,0.111354,0.203398,0.082516,0.033145,0.018822,0.910186,0.522246,0.04764,0.141868,-0.040361,-0.53902,-0.842428,0.106905,0.452754,0.285422,0.071068,0.042863,0.265877,0.088147,0.01791,0.028392
Punjab,Rice,2008,Kharif,30.9293211,75.5004841,2008-07-01,2008-10-28,17,Landsat 5/7 SR,0.6,0.05,datasets\test_images\2008\rgb\punjab_2008_rice_kharif_rgb.png,datasets\test_images\2008\ndvi\punjab_2008_rice_kharif_ndvi.png,0.162931,0.06525,0.031385,0.01213,0.620721,0.335879,-0.025788,0.095698,0.210053,0.094294,0.057235,0.014931,0.76419,0.462644,-0.05288,0.125193,0.022874,-0.467263,-0.721474,0.099888,0.4215,0.278931,0.091789,0.036489,0.252513,0.09565,0.050113,0.021937
Punjab,Rice,2009,Kharif,30.9293211,75.5004841,2009-07-01,2009-10-28,30,Landsat 5/7 SR,0.6,0.05,datasets\test_images\2009\rgb\punjab_2009_rice_kharif_rgb.png,datasets\test_images\2009\ndvi\punjab_2009_rice_kharif_ndvi.png,0.15101,0.065509,0.040543,0.010896,0.668261,0.466736,0.06718,0.1071,0.200428,0.093502,0.064536,0.014223,0.762514,0.591455,0.124622,0.118279,-0.175667,-0.553689,-0.705192,0.089626,0.44196,0.333886,0.094828,0.039133,0.243286,0.084023,0.048792,0.022682
Punjab,Rice,2010,Kharif,30.9293211,75.5004841,2010-07-01,2010-10-28,18,Landsat 5/7 SR,0.6,0.05,datasets\test_images\2010\rgb\punjab_2010_rice_kharif_rgb.png,datasets\test_images\2010\ndvi\punjab_2010_rice_kharif_ndvi.png,0.176489,0.068757,0.03023,0.014175,0.788374,0.448483,-0.058177,0.149758,0.22614,0.092433,0.048077,0.017281,0.828201,0.554677,-0.092707,0.174742,0.08777,-0.536367,-0.754836,0.137265,0.504605,0.32101,0.091005,0.055946,0.272065,0.088271,0.034713,0.026725
Punjab,Rice,2011,Kharif,30.9293211,75.5004841,2011-07-01,2011-10-28,20,Landsat 5/7 SR,0.6,0.05,datasets\test_images\2011\rgb\punjab_2011_rice_kharif_rgb.png,datasets\test_images\2011\ndvi\punjab_2011_rice_kharif_ndvi.png,0.150323,0.073236,0.040776,0.010868,0.833008,0.482367,0.006683,0.128758,0.18742,0.093328,0.05025,0.012277,0.874616,0.601368,0.014943,0.137618,-0.026125,-0.562837,-0.819331,0.107725,0.504522,0.3298,0.088475,0.053742,0.224559,0.08292,0.03353,0.019664
Punjab,Rice,2012,Kharif,30.9293211,75.5004841,2012-07-01,2012-10-28,14,Landsat 5/7 SR,0.6,0.05,datasets\test_images\2012\rgb\punjab_2012_rice_kharif_rgb.png,datasets\test_images\2012\ndvi\punjab_2012_rice_kharif_ndvi.png,0.168363,0.078734,0.021045,0.014924,0.765416,0.349131,0.01351,0.104518,0.211483,0.104717,0.036802,0.016197,0.878349,0.458802,0.031984,0.124485,-0.047559,-0.462307,-0.819452,0.098576,0.471027,0.294235,0.07357,0.041424,0.256858,0.105161,0.027686,0.023207
Punjab,Rice,2013,Kharif,30.9293211,75.5004841,2013-07-01,2013-10-28,12,Landsat 8 SR,0.6,0.05,datasets\test_images\2013\rgb\punjab_2013_rice_kharif_rgb.png,datasets\test_images\2013\ndvi\punjab_2013_rice_kharif_ndvi.png,0.199699,0.040436,0.019876,0.015724,0.719049,0.442337,0.00788,0.127895,0.259085,0.078219,0.046661,0.0179,0.853282,0.644802,0.041651,0.161057,-0.013356,-0.59236,-0.776863,0.122657,0.475276,0.319286,0.057964,0.052464,0.287273,0.06594,0.027975,0.028014
Punjab,Rice,2014,Kharif,30.9293211,75.5004841,2014-07-01,2014-10-28,15,Landsat 8 SR,0.6,0.05,datasets\test_images\2014\rgb\punjab_2014_rice_kharif_rgb.png,datasets\test_images\2014\ndvi\punjab_2014_rice_kharif_ndvi.png,0.171099,0.044147,0.02561,0.013849,0.68346,0.487682,0.072249,0.116054,0.233744,0.085338,0.05795,0.015866,0.841092,0.667769,0.110316,0.141314,-0.130312,-0.577509,-0.736035,0.095836,0.48002,0.336143,0.10679,0.041007,0.253461,0.067589,0.031303,0.025933
Punjab,Rice,2015,Kharif,30.9293211,75.5004841,2015-07-01,2015-10-28,15,Landsat 8 SR,0.6,0.05,datasets\test_images\2015\rgb\punjab_2015_rice_kharif_rgb.png,datasets\test_images\2015\ndvi\punjab_2015_rice_kharif_ndvi.png,0.166988,0.042594,0.022214,0.016638,0.671564,0.424985,0.030685,0.110906,0.226058,0.082457,0.047995,0.01865,0.841123,0.626831,0.096679,0.143845,-0.069889,-0.58258,-0.759787,0.108521,0.454995,0.313241,0.078355,0.044999,0.251028,0.071716,0.03397,0.027421
Punjab,Rice,2016,Kharif,30.9293211,75.5004841,2016-07-01,2016-10-28,14,Landsat 8 SR,0.6,0.05,datasets\test_images\2016\rgb\punjab_2016_rice_kharif_rgb.png,datasets\test_images\2016\ndvi\punjab_2016_rice_kharif_ndvi.png,0.148865,0.041413,0.0233,0.012064,0.681634,0.443833,0.015518,0.103028,0.215869,0.082092,0.051982,0.01208,0.853053,0.644113,0.037733,0.120367,-0.059786,-0.588771,-0.729797,0.08918,0.45912,0.322259,0.101455,0.044624,0.238928,0.068154,0.031935,0.021179
Punjab,Rice,2017,Kharif,30.9293211,75.5004841,2017-07-01,2017-10-28,12,Sentinel-2 SR,0.6,0.05,datasets\test_images\2017\rgb\punjab_2017_rice_kharif_rgb.png,datasets\test_images\2017\ndvi\punjab_2017_rice_kharif_ndvi.png,1.006,0.03898,0.0024,0.022142,0.785741,0.473063,-0.019128,0.149422,1.0368,0.070323,0.0246,0.024132,0.909535,0.663831,-0.051546,0.185491,0.100881,-0.616629,-0.829642,0.141473,1.0056,0.323428,0.04,0.056393,1.072,0.062923,0.0195,0.033664
Punjab,Rice,2018,Kharif,30.9293211,75.5004841,2018-07-01,2018-10-28,5,Sentinel-2 SR,0.6,0.05,datasets\test_images\2018\rgb\punjab_2018_rice_kharif_rgb.png,datasets\test_images\2018\ndvi\punjab_2018_rice_kharif_ndvi.png,0.9144,0.029328,0.0,0.022186,1.561043,0.389145,-0.117149,0.130959,0.904,0.069878,0.0103,0.023314,0.96326,0.631687,-0.32342,0.191683,0.300094,-0.607682,-0.892261,0.145058,1.0472,0.295617,0.0268,0.055598,0.9696,0.063966,0.005,0.032932
Punjab,Rice,2019,Kharif,30.9293211,75.5004841,2019-07-01,2019-10-28,19,Sentinel-2 SR,0.6,0.05,datasets\test_images\2019\rgb\punjab_2019_rice_kharif_rgb.png,datasets\test_images\2019\ndvi\punjab_2019_rice_kharif_ndvi.png,0.2788,0.073519,0.0206,0.020006,0.83948,0.460076,-0.064237,0.158974,0.3142,0.097975,0.0534,0.020116,0.842349,0.59363,-0.129376,0.186841,0.134694,-0.527783,-0.731499,0.145029,0.5028,0.316707,0.078,0.056722,0.3448,0.079439,0.0326,0.030287
Sikkim,Maize,1997,Kharif,27.6016108,88.4550204,1997-07-01,1997-10-28,5,Landsat 5/7 SR,0.6,0.05,datasets\test_images\1997\rgb\sikkim_1997_maize_rgb.png,datasets\test_images\1997\ndvi\sikkim_1997_maize_ndvi.png,0.81387,0.032573,-0.002083,0.024133,0.854756,0.434334,-0.12693,0.143733,0.393615,0.045534,0.003431,0.025941,0.946827,0.747733,-0.187551,0.099357,0.199235,-0.703556,-0.884806,0.090724,0.61499,0.262182,0.015847,0.096295,0.383028,0.038204,0.001052,0.025801
Sikkim,Maize,1997,Whole Year,27.6016108,88.4550204,1997-01-01,1997-12-28,12,Landsat 5/7 SR,0.6,0.05,datasets\test_images\1997\rgb\sikkim_1997_maize_rgb.png,datasets\test_images\1997\ndvi\sikkim_1997_maize_ndvi.png,0.453015,0.033816,-0.002083,0.020246,0.844907,0.385223,-0.746453,0.154831,0.448753,0.043732,0.003431,0.020787,0.946827,0.690529,-0.339012,0.139265,0.562396,-0.645988,-0.87773,0.141561,0.575198,0.233583,0.010485,0.097832,0.505898,0.037612,0.001052,0.020553
Sikkim,Maize,1998,Kharif,27.6016108,88.4550204,1998-07-01,1998-10-28,4,Landsat 5/7 SR,0.6,0.05,datasets\test_images\1998\rgb\sikkim_1998_maize_kharif_rgb.png,datasets\test_images\1998\ndvi\sikkim_1998_maize_kharif_ndvi.png,0.253943,0.027351,0.002015,0.017326,0.897806,0.435478,-0.142659,0.129902,0.30743,0.041535,0.00504,0.020217,0.905003,0.769973,-0.170893,0.088278,0.225608,-0.717272,-0.866676,0.082331,0.594942,0.254588,0.021402,0.086449,0.301847,0.032966,0.002647,0.01937
Sikkim,Maize,1999,Kharif,27.6016108,88.4550204,1999-07-01,1999-10-28,6,Landsat 5/7 SR,0.6,0.05,datasets\test_images\1999\rgb\sikkim_1999_maize_kharif_rgb.png,datasets\test_images\1999\ndvi\sikkim_1999_maize_kharif_ndvi.png,1.602213,0.059487,0.006965,0.066711,0.928276,0.44178,-0.140063,0.134755,0.47661,0.072017,0.013923,0.053111,0.881598,0.666708,-0.102581,0.133929,0.121035,-0.626124,-0.822722,0.124364,0.671172,0.286506,0.05223,0.095942,0.469212,0.063412,0.009522,0.052613
Sikkim,Maize,2000,Kharif,27.6016108,88.4550204,2000-07-01,2000-10-28,6,Landsat 5/7 SR,0.6,0.05,datasets\test_images\2000\rgb\sikkim_2000_maize_kharif_rgb.png,datasets\test_images\2000\ndvi\sikkim_2000_maize_kharif_ndvi.png,0.227625,0.025693,-0.002248,0.013275,0.832602,0.393628,-0.145466,0.14601,0.261505,0.03684,0.00031,0.017172,0.990811,0.757513,-0.197325,0.097338,0.213926,-0.708892,-0.98675,0.083326,0.570137,0.22595,0.019615,0.091535,0.271653,0.029865,0.000283,0.016801
Sikkim,Maize,2001,Kharif,27.6016108,88.4550204,2001-07-01,2001-10-28,6,Landsat 5/7 SR,0.6,0.05,datasets\test_images\2001\rgb\sikkim_2001_maize_kharif_rgb.png,datasets\test_images\2001\ndvi\sikkim_2001_maize_kharif_ndvi.png,1.602213,0.050407,-0.000515,0.053865,0.836049,0.471846,-0.11866,0.12465,0.463355,0.064103,0.0035,0.045991,1.10679,0.728191,-0.1301,0.152339,0.141241,-0.669174,-0.89953,0.135881,0.567965,0.293626,0.043292,0.080443,0.453813,0.052951,-0.00266,0.046915
Sikkim,Maize,2001,Whole Year,27.6016108,88.4550204,2001-01-01,2001-12-28,23,Landsat 5/7 SR,0.6,0.05,datasets\test_images\2001\rgb\sikkim_2001_maize_whole_year_rgb.png,datasets\test_images\2001\ndvi\sikkim_2001_maize_whole_year_ndvi.png,0.470038,0.039541,-0.001505,0.027905,0.760338,0.243028,-0.182715,0.13474,0.597225,0.047619,0.003665,0.030356,1.150312,0.544925,-0.456209,0.192507,0.469153,-0.506736,-0.81299,0.192737,0.61169,0.165073,0.010788,0.082351,0.607235,0.043107,-0.001808,0.033901
Sikkim,Maize,2002,Whole Year,27.6016108,88.4550204,2002-01-01,2002-12-28,7,Landsat 5/7 SR,0.6,0.05,datasets\test_images\2002\rgb\sikkim_2002_maize_rgb.png,datasets\test_images\2002\ndvi\sikkim_2002_maize_ndvi.png,0.522975,0.030007,-0.001065,0.018215,0.584604,0.255164,-0.118257,0.109849,0.559055,0.041713,0.00251,0.021406,1.183086,0.620378,-0.2077,0.153787,0.342322,-0.594912,-0.810447,0.129909,0.53227,0.166156,0.00944,0.062438,0.585345,0.040002,-0.00233,0.027316
Sikkim,Maize,2002,Kharif,27.6016108,88.4550204,2002-07-01,2002-10-28,3,Landsat 5/7 SR,0.6,0.05,datasets\test_images\2002\rgb\sikkim_2002_maize_kharif_rgb.png,datasets\test_images\2002\ndvi\sikkim_2002_maize_kharif_ndvi.png,,,,,,,,,,,,,,,,,,,,,,,,,,,,
Sikkim,Maize,2003,Kharif,27.6016108,88.4550204,2003-07-01,2003-10-28,2,Landsat 5/7 SR,0.6,0.05,datasets\test_images\2003\rgb\sikkim_2003_maize_rgb.png,datasets\test_images\2003\ndvi\sikkim_2003_maize_ndvi.png,0.263045,0.032012,0.001328,0.025017,0.958372,0.552948,-0.182224,0.155178,0.309548,0.047937,0.000117,0.028622,1.149592,0.819857,-0.164691,0.137049,0.161446,-0.742777,-0.996924,0.122108,0.65074,0.320765,0.05201,0.098497,0.32668,0.032662,-0.00618,0.02892
Sikkim,Maize,2004,Kharif,27.6016108,88.4550204,2004-07-01,2004-10-28,7,Landsat 5/7 SR,0.6,0.05,datasets\test_images\2004\rgb\sikkim_2004_maize_rgb.png,datasets\test_images\2004\ndvi\sikkim_2004_maize_ndvi.png,0.83191,0.026976,-0.004502,0.022218,0.916052,0.397269,-0.149936,0.153047,0.29632,0.037642,-0.00233,0.023046,1.27548,0.765629,-0.178472,0.108208,0.219787,-0.72091,-1.141148,0.093416,0.588782,0.231726,0.014555,0.097223,0.318348,0.031048,-0.004667,0.023194
Sikkim,Maize,2005,Kharif,27.6016108,88.4550204,2005-07-01,2005-10-28,6,Landsat 5/7 SR,0.6,0.05,datasets\test_images\2005\rgb\sikkim_2005_maize_rgb.png,datasets\test_images\2005\ndvi\sikkim_2005_maize_ndvi.png,0.810144,0.035166,0.002455,0.024338,1.829345,0.451558,-0.118135,0.14079,0.335342,0.047665,0.004353,0.026643,0.947694,0.750185,-0.145893,0.100325,0.189226,-0.699679,-0.91269,0.093808,0.628933,0.268251,0.030065,0.092687,0.81288,0.038839,0.003252,0.026254
Sikkim,Maize,2006,Kharif,27.6016108,88.4550204,2006-07-01,2006-10-28,13,Landsat 5/7 SR,0.6,0.05,datasets\test_images\2006\rgb\sikkim_2006_maize_kharif_rgb.png,datasets\test_images\2006\ndvi\sikkim_2006_maize_kharif_ndvi.png,1.602213,0.044598,0.005755,0.061719,0.857399,0.471906,-0.103184,0.121344,0.438193,0.058691,0.007845,0.038963,0.900818,0.728282,-0.13498,0.121601,0.141882,-0.673268,-0.862162,0.109963,0.59277,0.29328,0.041051,0.080054,0.445068,0.047966,0.004518,0.039616
Sikkim,Maize,2007,Kharif,27.6016108,88.4550204,2007-07-01,2007-10-28,7,Landsat 5/7 SR,0.6,0.05,datasets\test_images\2007\rgb\sikkim_2007_maize_kharif_rgb.png,datasets\test_images\2007\ndvi\sikkim_2007_maize_kharif_ndvi.png,1.602213,0.073354,-0.000543,0.053,0.906895,0.484291,-0.150533,0.140083,0.456672,0.091661,0.000887,0.051586,0.951961,0.633946,-0.17523,0.149522,0.200113,-0.578677,-0.966841,0.136949,0.600442,0.325917,0.044283,0.094247,0.449605,0.07842,0.002015,0.051563
Sikkim,Maize,2008,Kharif,27.6016108,88.4550204,2008-07-01,2008-10-28,10,Landsat 5/7 SR,0.6,0.05,datasets\test_images\2008\rgb\sikkim_2008_maize_kharif_rgb.png,datasets\test_images\2008\ndvi\sikkim_2008_maize_kharif_ndvi.png,0.819356,0.030451,-0.001587,0.029757,0.804299,0.371196,-0.099557,0.144168,0.366885,0.042439,0.003115,0.023972,0.883961,0.709506,-0.15102,0.112609,0.193582,-0.673106,-0.854695,0.097405,0.524405,0.224814,0.014527,0.09158,0.36892,0.036843,0.002716,0.024025
Sikkim,Maize,2009,Kharif,27.6016108,88.4550204,2009-07-01,2009-10-28,11,Landsat 5/7 SR,0.6,0.05,datasets\test_images\2009\rgb\sikkim_2009_maize_kharif_rgb.png,datasets\test_images\2009\ndvi\sikkim_2009_maize_kharif_ndvi.png,0.809635,0.026847,-0.00475,0.018286,0.815277,0.429466,-0.105095,0.137108,0.323903,0.040604,-0.004943,0.021973,1.344996,0.779649,-0.123568,0.102113,0.152736,-0.723753,-1.465889,0.091535,0.538237,0.251714,0.019065,0.088167,0.296155,0.031678,-0.004585,0.021234
Sikkim,Maize,2010,Kharif,27.6016108,88.4550204,2010-07-01,2010-10-28,7,Landsat 5/7 SR,0.6,0.05,datasets\test_images\2010\rgb\sikkim_2010_maize_kharif_rgb.png,datasets\test_images\2010\ndvi\sikkim_2010_maize_kharif_ndvi.png,1.602213,0.113555,0.004408,0.111492,0.883645,0.417403,-0.05209,0.125869,0.408795,0.111522,0.01263,0.076021,0.911268,0.543369,-0.043358,0.200134,0.054739,-0.487855,-0.844069,0.176238,0.58793,0.28027,0.08908,0.094156,0.427275,0.100161,0.00614,0.077976
Sikkim,Maize,2011,Kharif,27.6016108,88.4550204,2011-07-01,2011-10-28,9,Landsat 5/7 SR,0.6,0.05,datasets\test_images\2011\rgb\sikkim_2011_maize_kharif_rgb.png,datasets\test_images\2011\ndvi\sikkim_2011_maize_kharif_ndvi.png,0.278335,0.025928,0.00042,0.015065,0.798519,0.442503,-0.085333,0.128898,0.344225,0.038466,0.003775,0.018711,1.063113,0.784701,-0.128983,0.102316,0.118139,-0.731572,-0.899821,0.087949,0.504962,0.255866,0.029955,0.082531,0.369057,0.030189,-0.001037,0.020073
Sikkim,Maize,2012,Kharif,27.6016108,88.4550204,2012-07-01,2012-10-28,5,Landsat 5/7 SR,0.6,0.05,datasets\test_images\2012\rgb\sikkim_2012_maize_kharif_rgb.png,datasets\test_images\2012\ndvi\sikkim_2012_maize_kharif_ndvi.png,0.3027,0.022135,-0.013577,0.019633,0.88256,0.407765,-0.105061,0.13233,0.369828,0.035637,-0.01047,0.024036,1.522648,0.794645,-0.107796,0.121069,0.127252,-0.741994,-1.440096,0.102635,0.609298,0.234705,0.019285,0.083227,0.42931,0.028238,-0.007775,0.025681
Sikkim,Maize,2013,Kharif,27.6016108,88.4550204,2013-07-01,2013-10-28,5,Landsat 8 SR,0.6,0.05,datasets\test_images\2013\rgb\sikkim_2013_maize_kharif_rgb.png,datasets\test_images\2013\ndvi\sikkim_2013_maize_kharif_ndvi.png,0.40544,0.043134,-0.194363,0.04853,1.05115,0.524805,-0.305291,0.159245,0.411847,0.072907,-0.131057,0.051852,13.374392,0.76548,-0.272897,0.213951,0.270664,-0.651466,-47.598222,0.350206,0.69023,0.321931,0.032183,0.092109,0.409758,0.049711,-0.119425,0.054489
Sikkim,Maize,2014,Kharif,27.6016108,88.4550204,2014-07-01,2014-10-28,8,Landsat 8 SR,0.6,0.05,datasets\test_images\2014\rgb\sikkim_2014_maize_kharif_rgb.png,datasets\test_images\2014\ndvi\sikkim_2014_maize_kharif_ndvi.png,0.319819,0.019586,-0.054044,0.015355,0.924751,0.404416,-0.215191,0.156085,0.34252,0.03556,-0.007307,0.020711,8.241158,0.787271,-34.571429,0.155356,6.235149,-0.740201,-9.764045,0.09597,0.576738,0.239016,0.003967,0.095608,0.352998,0.027867,-0.012711,0.021406
Sikkim,Maize,2015,Kharif,27.6016108,88.4550204,2015-07-01,2015-10-28,7,Landsat 8 SR,0.6,0.05,datasets\test_images\2015\rgb\sikkim_2015_maize_kharif_rgb.png,datasets\test_images\2015\ndvi\sikkim_2015_maize_kharif_ndvi.png,0.83785,0.088411,-0.165378,0.127139,0.978345,0.445175,-0.245857,0.140194,0.814035,0.114477,-0.043828,0.122901,36.282572,0.670923,-2.900131,0.277005,0.451424,-0.596857,-81.636507,0.329054,0.87778,0.33746,0.014967,0.110006,0.81739,0.099875,-0.05832,0.126918
Sikkim,Maize,2016,Kharif,27.6016108,88.4550204,2016-07-01,2016-10-28,6,Landsat 8 SR,0.6,0.05,datasets\test_images\2016\rgb\sikkim_2016_maize_kharif_rgb.png,datasets\test_images\2016\ndvi\sikkim_2016_maize_kharif_ndvi.png,0.308832,0.023306,-0.110488,0.022167,4.420123,0.424309,-8.248356,0.179154,0.350275,0.036923,-0.03984,0.027192,4.921801,0.805826,-0.283802,0.12298,0.284332,-0.741238,-6.198816,0.107195,0.658289,0.243227,0.008862,0.107887,0.318334,0.027762,-0.035481,0.027344
Sikkim,Maize,2017,Kharif,27.6016108,88.4550204,2017-07-01,2017-10-28,1,Sentinel-2 SR,0.6,0.05,datasets\test_images\2017\rgb\sikkim_2017_maize_kharif_rgb.png,datasets\test_images\2017\ndvi\sikkim_2017_maize_kharif_ndvi.png,0.698,0.030967,0.0036,0.023848,1.509851,0.478751,-0.972906,0.157769,0.7518,0.044088,0.0021,0.027643,0.940809,0.788572,-0.324725,0.14436,0.435556,-0.718691,-0.876914,0.11811,1.5576,0.271398,0.0057,0.094533,0.7951,0.031837,0.0017,0.029257
Sikkim,Maize,2018,Kharif,27.6016108,88.4550204,2018-07-01,2018-10-28,2,Sentinel-2 SR,0.6,0.05,datasets\test_images\2018\rgb\sikkim_2018_maize_kharif_rgb.png,datasets\test_images\2018\ndvi\sikkim_2018_maize_kharif_ndvi.png,1.6056,0.036627,0.00215,0.071335,90.232333,0.452283,-54.402292,0.322961,1.5752,0.055302,0.00275,0.070776,0.930663,0.76382,-0.298913,0.165946,0.417591,-0.688877,-0.858067,0.142147,1.532,0.275671,0.01395,0.0935,1.5528,0.041807,0.0018,0.072798
Sikkim,Maize,2019,Kharif,27.6016108,88.4550204,2019-07-01,2019-10-28,10,Sentinel-2 SR,0.6,0.05,datasets\test_images\2019\rgb\sikkim_2019_maize_kharif_rgb.png,datasets\test_images\2019\ndvi\sikkim_2019_maize_kharif_ndvi.png,1.6225,0.05578,0.0012,0.059166,108.269601,0.539209,-31.019496,0.354775,1.5892,0.076037,0.0049,0.065799,0.92447,0.730866,-0.376198,0.157065,0.404631,-0.646525,-0.8321,0.137138,1.5672,0.33704,0.0228,0.142105,1.5656,0.055918,0.0034,0.064392
Sikkim,Rice,1997,Kharif,27.6016108,88.4550204,1997-07-01,1997-10-28,5,Landsat 5/7 SR,0.6,0.05,datasets\test_images\1997\rgb\sikkim_1997_rice_rgb.png,datasets\test_images\1997\ndvi\sikkim_1997_rice_ndvi.png,0.81387,0.032573,-0.002083,0.024133,0.854756,0.434334,-0.12693,0.143733,0.393615,0.045534,0.003431,0.025941,0.946827,0.747733,-0.187551,0.099357,0.199235,-0.703556,-0.884806,0.090724,0.61499,0.262182,0.015847,0.096295,0.383028,0.038204,0.001052,0.025801
Sikkim,Rice,1998,Kharif,27.6016108,88.4550204,1998-07-01,1998-10-28,4,Landsat 5/7 SR,0.6,0.05,datasets\test_images\1998\rgb\sikkim_1998_rice_kharif_rgb.png,datasets\test_images\1998\ndvi\sikkim_1998_rice_kharif_ndvi.png,0.253943,0.027351,0.002015,0.017326,0.897806,0.435478,-0.142659,0.129902,0.30743,0.041535,0.00504,0.020217,0.905003,0.769973,-0.170893,0.088278,0.225608,-0.717272,-0.866676,0.082331,0.594942,0.254588,0.021402,0.086449,0.301847,0.032966,0.002647,0.01937
Sikkim,Rice,1999,Kharif,27.6016108,88.4550204,1999-07-01,1999-10-28,6,Landsat 5/7 SR,0.6,0.05,datasets\test_images\1999\rgb\sikkim_1999_rice_kharif_rgb.png,datasets\test_images\1999\ndvi\sikkim_1999_rice_kharif_ndvi.png,1.602213,0.059487,0.006965,0.066711,0.928276,0.44178,-0.140063,0.134755,0.47661,0.072017,0.013923,0.053111,0.881598,0.666708,-0.102581,0.133929,0.121035,-0.626124,-0.822722,0.124364,0.671172,0.286506,0.05223,0.095942,0.469212,0.063412,0.009522,0.052613
Sikkim,Rice,2000,Kharif,27.6016108,88.4550204,2000-07-01,2000-10-28,6,Landsat 5/7 SR,0.6,0.05,datasets\test_images\2000\rgb\sikkim_2000_rice_kharif_rgb.png,datasets\test_images\2000\ndvi\sikkim_2000_rice_kharif_ndvi.png,0.227625,0.025693,-0.002248,0.013275,0.832602,0.393628,-0.145466,0.14601,0.261505,0.03684,0.00031,0.017172,0.990811,0.757513,-0.197325,0.097338,0.213926,-0.708892,-0.98675,0.083326,0.570137,0.22595,0.019615,0.091535,0.271653,0.029865,0.000283,0.016801
Sikkim,Rice,2001,Kharif,27.6016108,88.4550204,2001-07-01,2001-10-28,6,Landsat 5/7 SR,0.6,0.05,datasets\test_images\2001\rgb\sikkim_2001_rice_kharif_rgb.png,datasets\test_images\2001\ndvi\sikkim_2001_rice_kharif_ndvi.png,1.602213,0.050407,-0.000515,0.053865,0.836049,0.471846,-0.11866,0.12465,0.463355,0.064103,0.0035,0.045991,1.10679,0.728191,-0.1301,0.152339,0.141241,-0.669174,-0.89953,0.135881,0.567965,0.293626,0.043292,0.080443,0.453813,0.052951,-0.00266,0.046915
Sikkim,Rice,2002,Kharif,27.6016108,88.4550204,2002-07-01,2002-10-28,3,Landsat 5/7 SR,0.6,0.05,datasets\test_images\2002\rgb\sikkim_2002_rice_kharif_rgb.png,datasets\test_images\2002\ndvi\sikkim_2002_rice_kharif_ndvi.png,,,,,,,,,,,,,,,,,,,,,,,,,,,,
Sikkim,Rice,2003,Kharif,27.6016108,88.4550204,2003-07-01,2003-10-28,2,Landsat 5/7 SR,0.6,0.05,datasets\test_images\2003\rgb\sikkim_2003_rice_rgb.png,datasets\test_images\2003\ndvi\sikkim_2003_rice_ndvi.png,0.263045,0.032012,0.001328,0.025017,0.958372,0.552948,-0.182224,0.155178,0.309548,0.047937,0.000117,0.028622,1.149592,0.819857,-0.164691,0.137049,0.161446,-0.742777,-0.996924,0.122108,0.65074,0.320765,0.05201,0.098497,0.32668,0.032662,-0.00618,0.02892
Sikkim,Rice,2004,Kharif,27.6016108,88.4550204,2004-07-01,2004-10-28,7,Landsat 5/7 SR,0.6,0.05,datasets\test_images\2004\rgb\sikkim_2004_rice_rgb.png,datasets\test_images\2004\ndvi\sikkim_2004_rice_ndvi.png,0.83191,0.026976,-0.004502,0.022218,0.916052,0.397269,-0.149936,0.153047,0.29632,0.037642,-0.00233,0.023046,1.27548,0.765629,-0.178472,0.108208,0.219787,-0.72091,-1.141148,0.093416,0.588782,0.231726,0.014555,0.097223,0.318348,0.031048,-0.004667,0.023194
Sikkim,Rice,2005,Kharif,27.6016108,88.4550204,2005-07-01,2005-10-28,6,Landsat 5/7 SR,0.6,0.05,datasets\test_images\2005\rgb\sikkim_2005_rice_rgb.png,datasets\test_images\2005\ndvi\sikkim_2005_rice_ndvi.png,0.810144,0.035166,0.002455,0.024338,1.829345,0.451558,-0.118135,0.14079,0.335342,0.047665,0.004353,0.026643,0.947694,0.750185,-0.145893,0.100325,0.189226,-0.699679,-0.91269,0.093808,0.628933,0.268251,0.030065,0.092687,0.81288,0.038839,0.003252,0.026254
Sikkim,Rice,2006,Kharif,27.6016108,88.4550204,2006-07-01,2006-10-28,13,Landsat 5/7 SR,0.6,0.05,datasets\test_images\2006\rgb\sikkim_2006_rice_kharif_rgb.png,datasets\test_images\2006\ndvi\sikkim_2006_rice_kharif_ndvi.png,1.602213,0.044598,0.005755,0.061719,0.857399,0.471906,-0.103184,0.121344,0.438193,0.058691,0.007845,0.038963,0.900818,0.728282,-0.13498,0.121601,0.141882,-0.673268,-0.862162,0.109963,0.59277,0.29328,0.041051,0.080054,0.445068,0.047966,0.004518,0.039616
Sikkim,Rice,2007,Kharif,27.6016108,88.4550204,2007-07-01,2007-10-28,7,Landsat 5/7 SR,0.6,0.05,datasets\test_images\2007\rgb\sikkim_2007_rice_kharif_rgb.png,datasets\test_images\2007\ndvi\sikkim_2007_rice_kharif_ndvi.png,1.602213,0.073354,-0.000543,0.053,0.906895,0.484291,-0.150533,0.140083,0.456672,0.091661,0.000887,0.051586,0.951961,0.633946,-0.17523,0.149522,0.200113,-0.578677,-0.966841,0.136949,0.600442,0.325917,0.044283,0.094247,0.449605,0.07842,0.002015,0.051563
Sikkim,Rice,2008,Kharif,27.6016108,88.4550204,2008-07-01,2008-10-28,10,Landsat 5/7 SR,0.6,0.05,datasets\test_images\2008\rgb\sikkim_2008_rice_kharif_rgb.png,datasets\test_images\2008\ndvi\sikkim_2008_rice_kharif_ndvi.png,0.819356,0.030451,-0.001587,0.029757,0.804299,0.371196,-0.099557,0.144168,0.366885,0.042439,0.003115,0.023972,0.883961,0.709506,-0.15102,0.112609,0.193582,-0.673106,-0.854695,0.097405,0.524405,0.224814,0.014527,0.09158,0.36892,0.036843,0.002716,0.024025
Sikkim,Rice,2009,Kharif,27.6016108,88.4550204,2009-07-01,2009-10-28,11,Landsat 5/7 SR,0.6,0.05,datasets\test_images\2009\rgb\sikkim_2009_rice_kharif_rgb.png,datasets\test_images\2009\ndvi\sikkim_2009_rice_kharif_ndvi.png,0.809635,0.026847,-0.00475,0.018286,0.815277,0.429466,-0.105095,0.137108,0.323903,0.040604,-0.004943,0.021973,1.344996,0.779649,-0.123568,0.102113,0.152736,-0.723753,-1.465889,0.091535,0.538237,0.251714,0.019065,0.088167,0.296155,0.031678,-0.004585,0.021234
Sikkim,Rice,2010,Kharif,27.6016108,88.4550204,2010-07-01,2010-10-28,7,Landsat 5/7 SR,0.6,0.05,datasets\test_images\2010\rgb\sikkim_2010_rice_kharif_rgb.png,datasets\test_images\2010\ndvi\sikkim_2010_rice_kharif_ndvi.png,1.602213,0.113555,0.004408,0.111492,0.883645,0.417403,-0.05209,0.125869,0.408795,0.111522,0.01263,0.076021,0.911268,0.543369,-0.043358,0.200134,0.054739,-0.487855,-0.844069,0.176238,0.58793,0.28027,0.08908,0.094156,0.427275,0.100161,0.00614,0.077976
Sikkim,Rice,2011,Kharif,27.6016108,88.4550204,2011-07-01,2011-10-28,9,Landsat 5/7 SR,0.6,0.05,datasets\test_images\2011\rgb\sikkim_2011_rice_kharif_rgb.png,datasets\test_images\2011\ndvi\sikkim_2011_rice_kharif_ndvi.png,0.278335,0.025928,0.00042,0.015065,0.798519,0.442503,-0.085333,0.128898,0.344225,0.038466,0.003775,0.018711,1.063113,0.784701,-0.128983,0.102316,0.118139,-0.731572,-0.899821,0.087949,0.504962,0.255866,0.029955,0.082531,0.369057,0.030189,-0.001037,0.020073
Sikkim,Rice,2012,Kharif,27.6016108,88.4550204,2012-07-01,2012-10-28,5,Landsat 5/7 SR,0.6,0.05,datasets\test_images\2012\rgb\sikkim_2012_rice_kharif_rgb.png,datasets\test_images\2012\ndvi\sikkim_2012_rice_kharif_ndvi.png,0.3027,0.022135,-0.013577,0.019633,0.88256,0.407765,-0.105061,0.13233,0.369828,0.035637,-0.01047,0.024036,1.522648,0.794645,-0.107796,0.121069,0.127252,-0.741994,-1.440096,0.102635,0.609298,0.234705,0.019285,0.083227,0.42931,0.028238,-0.007775,0.025681
Sikkim,Rice,2013,Kharif,27.6016108,88.4550204,2013-07-01,2013-10-28,5,Landsat 8 SR,0.6,0.05,datasets\test_images\2013\rgb\sikkim_2013_rice_kharif_rgb.png,datasets\test_images\2013\ndvi\sikkim_2013_rice_kharif_ndvi.png,0.40544,0.043134,-0.194363,0.04853,1.05115,0.524805,-0.305291,0.159245,0.411847,0.072907,-0.131057,0.051852,13.374392,0.76548,-0.272897,0.213951,0.270664,-0.651466,-47.598222,0.350206,0.69023,0.321931,0.032183,0.092109,0.409758,0.049711,-0.119425,0.054489
Sikkim,Rice,2014,Kharif,27.6016108,88.4550204,2014-07-01,2014-10-28,8,Landsat 8 SR,0.6,0.05,datasets\test_images\2014\rgb\sikkim_2014_rice_kharif_rgb.png,datasets\test_images\2014\ndvi\sikkim_2014_rice_kharif_ndvi.png,0.319819,0.019586,-0.054044,0.015355,0.924751,0.404416,-0.215191,0.156085,0.34252,0.03556,-0.007307,0.020711,8.241158,0.787271,-34.571429,0.155356,6.235149,-0.740201,-9.764045,0.09597,0.576738,0.239016,0.003967,0.095608,0.352998,0.027867,-0.012711,0.021406
Sikkim,Rice,2015,Kharif,27.6016108,88.4550204,2015-07-01,2015-10-28,7,Landsat 8 SR,0.6,0.05,datasets\test_images\2015\rgb\sikkim_2015_rice_kharif_rgb.png,datasets\test_images\2015\ndvi\sikkim_2015_rice_kharif_ndvi.png,0.83785,0.088411,-0.165378,0.127139,0.978345,0.445175,-0.245857,0.140194,0.814035,0.114477,-0.043828,0.122901,36.282572,0.670923,-2.900131,0.277005,0.451424,-0.596857,-81.636507,0.329054,0.87778,0.33746,0.014967,0.110006,0.81739,0.099875,-0.05832,0.126918
Sikkim,Rice,2016,Kharif,27.6016108,88.4550204,2016-07-01,2016-10-28,6,Landsat 8 SR,0.6,0.05,datasets\test_images\2016\rgb\sikkim_2016_rice_kharif_rgb.png,datasets\test_images\2016\ndvi\sikkim_2016_rice_kharif_ndvi.png,0.308832,0.023306,-0.110488,0.022167,4.420123,0.424309,-8.248356,0.179154,0.350275,0.036923,-0.03984,0.027192,4.921801,0.805826,-0.283802,0.12298,0.284332,-0.741238,-6.198816,0.107195,0.658289,0.243227,0.008862,0.107887,0.318334,0.027762,-0.035481,0.027344
Sikkim,Rice,2017,Kharif,27.6016108,88.4550204,2017-07-01,2017-10-28,1,Sentinel-2 SR,0.6,0.05,datasets\test_images\2017\rgb\sikkim_2017_rice_kharif_rgb.png,datasets\test_images\2017\ndvi\sikkim_2017_rice_kharif_ndvi.png,0.698,0.030967,0.0036,0.023848,1.509851,0.478751,-0.972906,0.157769,0.7518,0.044088,0.0021,0.027643,0.940809,0.788572,-0.324725,0.14436,0.435556,-0.718691,-0.876914,0.11811,1.5576,0.271398,0.0057,0.094533,0.7951,0.031837,0.0017,0.029257
Sikkim,Rice,2018,Kharif,27.6016108,88.4550204,2018-07-01,2018-10-28,2,Sentinel-2 SR,0.6,0.05,datasets\test_images\2018\rgb\sikkim_2018_rice_kharif_rgb.png,datasets\test_images\2018\ndvi\sikkim_2018_rice_kharif_ndvi.png,1.6056,0.036627,0.00215,0.071335,90.232333,0.452283,-54.402292,0.322961,1.5752,0.055302,0.00275,0.070776,0.930663,0.76382,-0.298913,0.165946,0.417591,-0.688877,-0.858067,0.142147,1.532,0.275671,0.01395,0.0935,1.5528,0.041807,0.0018,0.072798
Sikkim,Rice,2019,Kharif,27.6016108,88.4550204,2019-07-01,2019-10-28,10,Sentinel-2 SR,0.6,0.05,datasets\test_images\2019\rgb\sikkim_2019_rice_kharif_rgb.png,datasets\test_images\2019\ndvi\sikkim_2019_rice_kharif_ndvi.png,1.6225,0.05578,0.0012,0.059166,108.269601,0.539209,-31.019496,0.354775,1.5892,0.076037,0.0049,0.065799,0.92447,0.730866,-0.376198,0.157065,0.404631,-0.646525,-0.8321,0.137138,1.5672,0.33704,0.0228,0.142105,1.5656,0.055918,0.0034,0.064392
Tamil Nadu,Maize,1999,Kharif,11.3323723,78.6098639,1999-07-01,1999-10-28,1,Landsat 5/7 SR,0.6,0.05,datasets\test_images\1999\rgb\tamil_nadu_1999_maize_kharif_rgb.png,datasets\test_images\1999\ndvi\tamil_nadu_1999_maize_kharif_ndvi.png,0.156537,0.03188,0.011338,0.009503,0.757625,0.364895,0.058844,0.110967,0.188575,0.057777,0.023025,0.013807,0.89086,0.627861,0.102953,0.160085,-0.229323,-0.630482,-0.820958,0.08589,0.472953,0.257597,0.09194,0.039523,0.225123,0.059569,0.01604,0.028732
Tamil Nadu,Maize,2000,Kharif,11.3323723,78.6098639,2000-07-01,2000-10-28,2,Landsat 5/7 SR,0.6,0.05,datasets\test_images\2000\rgb\tamil_nadu_2000_maize_kharif_rgb.png,datasets\test_images\2000\ndvi\tamil_nadu_2000_maize_kharif_ndvi.png,0.106694,0.032813,0.010182,0.0093,0.738643,0.413421,0.087687,0.094692,0.151643,0.057418,0.025087,0.012741,0.885061,0.66937,0.186487,0.128526,-0.279938,-0.649116,-0.813298,0.076435,0.475139,0.276476,0.107202,0.036055,0.206973,0.053996,0.016673,0.022838
Tamil Nadu,Maize,2002,Kharif,11.3323723,78.6098639,2002-07-01,2002-10-28,5,Landsat 5/7 SR,0.6,0.05,datasets\test_images\2002\rgb\tamil_nadu_2002_maize_kharif_rgb.png,datasets\test_images\2002\ndvi\tamil_nadu_2002_maize_kharif_ndvi.png,0.101565,0.037623,0.01571,0.009318,0.641593,0.355544,0.070958,0.10992,0.14892,0.064693,0.031467,0.012979,0.859875,0.592245,0.123524,0.160622,-0.236255,-0.596122,-0.779445,0.084763,0.426368,0.261397,0.125999,0.036119,0.200675,0.066405,0.019753,0.028182
Tamil Nadu,Maize,2003,Kharif,11.3323723,78.6098639,2003-07-01,2003-10-28,1,Landsat 5/7 SR,0.6,0.05,datasets\test_images\2003\rgb\tamil_nadu_2003_maize_rgb.png,datasets\test_images\2003\ndvi\tamil_nadu_2003_maize_ndvi.png,0.11009,0.036223,0.004408,0.012856,0.842571,0.413352,0.061373,0.120002,0.155108,0.063528,0.01197,0.017146,0.884841,0.650222,0.176876,0.1392,-0.321831,-0.63833,-0.80876,0.079439,0.536973,0.290959,0.061745,0.062769,0.196742,0.061859,0.007433,0.02754
Tamil Nadu,Maize,2004,Kharif,11.3323723,78.6098639,2004-07-01,2004-10-28,6,Landsat 5/7 SR,0.6,0.05,datasets\test_images\2004\rgb\tamil_nadu_2004_maize_rgb.png,datasets\test_images\2004\ndvi\tamil_nadu_2004_maize_ndvi.png,0.100589,0.035296,0.01681,0.008881,0.74469,0.443733,0.061154,0.1057,0.153458,0.060518,0.02836,0.012921,0.875617,0.671516,0.142114,0.130646,-0.201744,-0.656777,-0.81482,0.079001,0.490607,0.302404,0.07478,0.041731,0.196412,0.058933,0.021072,0.02424
Tamil Nadu,Maize,2005,Kharif,11.3323723,78.6098639,2005-07-01,2005-10-28,6,Landsat 5/7 SR,0.6,0.05,datasets\test_images\2005\rgb\tamil_nadu_2005_maize_rgb.png,datasets\test_images\2005\ndvi\tamil_nadu_2005_maize_ndvi.png,0.180861,0.036276,0.016838,0.010664,0.771883,0.428955,0.074111,0.110963,0.210534,0.063358,0.028112,0.014545,0.863912,0.655946,0.17626,0.142178,-0.245457,-0.638578,-0.805432,0.08633,0.502804,0.298375,0.114751,0.044294,0.211496,0.060244,0.020687,0.025568
Tamil Nadu,Maize,2006,Whole Year,11.3323723,78.6098639,2006-01-01,2006-12-28,24,Landsat 5/7 SR,0.6,0.05,datasets\test_images\2006\rgb\tamil_nadu_2006_maize_whole_year_rgb.png,datasets\test_images\2006\ndvi\tamil_nadu_2006_maize_whole_year_ndvi.png,0.084006,0.038674,0.01516,0.007564,0.617311,0.368294,0.08215,0.07072,0.127827,0.063102,0.025748,0.011126,0.843606,0.626248,0.1434,0.105392,-0.237375,-0.610273,-0.795612,0.065888,0.40456,0.254993,0.113528,0.030021,0.156895,0.060095,0.017882,0.020116
Tamil Nadu,Maize,2007,Whole Year,11.3323723,78.6098639,2007-01-01,2007-12-28,28,Landsat 5/7 SR,0.6,0.05,datasets\test_images\2007\rgb\tamil_nadu_2007_maize_whole_year_rgb.png,datasets\test_images\2007\ndvi\tamil_nadu_2007_maize_whole_year_ndvi.png,0.092916,0.0363,0.01769,0.00751,0.645033,0.384602,0.059333,0.074957,0.133437,0.060608,0.032554,0.011936,0.837169,0.645494,0.172611,0.1085,-0.205415,-0.62216,-0.769599,0.064722,0.405578,0.257056,0.09227,0.030823,0.167579,0.057225,0.023671,0.02114
Tamil Nadu,Maize,2008,Whole Year,11.3323723,78.6098639,2008-01-01,2008-12-28,26,Landsat 5/7 SR,0.6,0.05,datasets\test_images\2008\rgb\tamil_nadu_2008_maize_whole_year_rgb.png,datasets\test_images\2008\ndvi\tamil_nadu_2008_maize_whole_year_ndvi.png,0.088887,0.03316,0.01615,0.006681,0.672775,0.412294,0.074882,0.067138,0.130564,0.056975,0.030175,0.010813,0.847044,0.687502,0.198398,0.092391,-0.225214,-0.646958,-0.787358,0.05794,0.425598,0.270582,0.094676,0.032568,0.158944,0.049939,0.022709,0.017782
Tamil Nadu,Maize,2009,Whole Year,11.3323723,78.6098639,2009-01-01,2009-12-28,28,Landsat 5/7 SR,0.6,0.05,datasets\test_images\2009\rgb\tamil_nadu_2009_maize_whole_year_rgb.png,datasets\test_images\2009\ndvi\tamil_nadu_2009_maize_whole_year_ndvi.png,0.094498,0.036182,0.019175,0.007415,0.600803,0.336569,0.10461,0.070433,0.135748,0.059511,0.029955,0.011073,0.832484,0.612062,0.185007,0.11325,-0.252537,-0.602463,-0.783441,0.066995,0.363076,0.234472,0.090373,0.028116,0.162697,0.057242,0.025252,0.020346
Tamil Nadu,Maize,2011,Kharif,11.3323723,78.6098639,2011-07-01,2011-10-28,4,Landsat 5/7 SR,0.6,0.05,datasets\test_images\2011\rgb\tamil_nadu_2011_maize_kharif_rgb.png,datasets\test_images\2011\ndvi\tamil_nadu_2011_maize_kharif_ndvi.png,0.11372,0.035013,0.018157,0.005955,0.76178,0.480272,-0.00793,0.087852,0.159109,0.058194,0.025115,0.008949,0.890387,0.723982,-0.018343,0.090043,-0.028584,-0.674656,-0.821886,0.056309,0.469295,0.302198,0.114793,0.040592,0.17213,0.047803,0.019037,0.014531
Tamil Nadu,Maize,2011,Rabi,11.3323723,78.6098639,2011-11-01,2012-04-28,5,Landsat 5/7 SR,0.6,0.05,datasets\test_images\2011\rgb\tamil_nadu_2011_maize_rabi_rgb.png,datasets\test_images\2011\ndvi\tamil_nadu_2011_maize_rabi_ndvi.png,0.17378,0.037735,0.014472,0.010716,0.757931,0.347138,0.052786,0.089623,0.20051,0.059007,0.023987,0.013904,0.893127,0.604367,0.131998,0.131253,-0.116015,-0.609784,-0.825121,0.073742,0.451338,0.244564,0.063092,0.036441,0.233111,0.061346,0.011283,0.026179
Tamil Nadu,Maize,2013,Kharif,11.3323723,78.6098639,2013-07-01,2013-10-28,4,Landsat 8 SR,0.6,0.05,datasets\test_images\2013\rgb\tamil_nadu_2013_maize_kharif_rgb.png,datasets\test_images\2013\ndvi\tamil_nadu_2013_maize_kharif_ndvi.png,0.147298,0.027243,-0.081833,0.00773,0.701134,0.403798,0.018213,0.098452,0.187173,0.068607,0.017662,0.012329,1.061405,0.653544,0.040656,0.115644,-0.191274,-0.62081,-0.902601,0.06414,0.47617,0.296168,0.135802,0.045199,0.186567,0.061551,-0.010277,0.020887
Tamil Nadu,Maize,2013,Rabi,11.3323723,78.6098639,2013-11-01,2014-04-28,9,Landsat 8 SR,0.6,0.05,datasets\test_images\2013\rgb\tamil_nadu_2013_maize_rabi_rgb.png,datasets\test_images\2013\ndvi\tamil_nadu_2013_maize_rabi_ndvi.png,0.1168,0.025804,0.005947,0.008618,0.641465,0.347944,-0.037316,0.066478,0.15277,0.049456,0.017525,0.012408,0.849688,0.669581,-0.078174,0.109573,0.053858,-0.648651,-0.788518,0.061097,0.403804,0.233905,0.055888,0.037004,0.203728,0.047298,0.01098,0.02094
Tamil Nadu,Maize,2014,Kharif,11.3323723,78.6098639,2014-07-01,2014-10-28,6,Landsat 8 SR,0.6,0.05,datasets\test_images\2014\rgb\tamil_nadu_2014_maize_kharif_rgb.png,datasets\test_images\2014\ndvi\tamil_nadu_2014_maize_kharif_ndvi.png,0.10811,0.026344,0.004545,0.008155,0.708546,0.366704,0.062766,0.076669,0.157307,0.061328,0.022049,0.011338,0.86614,0.641552,0.159487,0.118569,-0.14505,-0.626912,-0.776364,0.06145,0.50158,0.270726,0.115934,0.033104,0.186677,0.059247,0.014046,0.02369
Tamil Nadu,Maize,2014,Rabi,11.3323723,78.6098639,2014-11-01,2015-04-28,10,Landsat 8 SR,0.6,0.05,datasets\test_images\2014\rgb\tamil_nadu_2014_maize_rabi_rgb.png,datasets\test_images\2014\ndvi\tamil_nadu_2014_maize_rabi_ndvi.png,0.087141,0.022067,0.005123,0.006676,0.716985,0.396485,0.007751,0.068062,0.135582,0.04297,0.010733,0.011356,0.89208,0.746391,0.02278,0.085589,0.022543,-0.702067,-0.826092,0.049858,0.448698,0.244586,0.028305,0.044246,0.153664,0.036255,0.005892,0.016703
Tamil Nadu,Maize,2015,Kharif,11.3323723,78.6098639,2015-07-01,2015-10-28,8,Landsat 8 SR,0.6,0.05,datasets\test_images\2015\rgb\tamil_nadu_2015_maize_kharif_rgb.png,datasets\test_images\2015\ndvi\tamil_nadu_2015_maize_kharif_ndvi.png,0.157046,0.02357,-0.054621,0.007152,0.805217,0.494712,0.091048,0.078746,0.197732,0.059514,0.026847,0.011311,1.01909,0.753387,0.245871,0.086263,-0.209021,-0.69372,-0.911723,0.05294,0.536202,0.33316,0.086633,0.044833,0.195478,0.046638,0.008258,0.017958
Tamil Nadu,Maize,2015,Rabi,11.3323723,78.6098639,2015-11-01,2016-04-28,10,Landsat 8 SR,0.6,0.05,datasets\test_images\2015\rgb\tamil_nadu_2015_maize_rabi_rgb.png,datasets\test_images\2015\ndvi\tamil_nadu_2015_maize_rabi_ndvi.png,0.080968,0.02466,0.004435,0.008655,0.64495,0.350263,0.010805,0.069833,0.127525,0.05259,0.021127,0.012788,0.896666,0.664885,0.05522,0.121507,0.04012,-0.644045,-0.794718,0.063632,0.398455,0.24187,0.040611,0.031528,0.169737,0.049721,0.011365,0.023256
Tamil Nadu,Maize,2016,Kharif,11.3323723,78.6098639,2016-07-01,2016-10-28,8,Landsat 8 SR,0.6,0.05,datasets\test_images\2016\rgb\tamil_nadu_2016_maize_kharif_rgb.png,datasets\test_images\2016\ndvi\tamil_nadu_2016_maize_kharif_ndvi.png,0.112868,0.024778,0.009784,0.00697,0.754819,0.461222,0.044051,0.096249,0.15398,0.059875,0.033049,0.010693,0.878727,0.715363,0.116951,0.117817,-0.098315,-0.678865,-0.81398,0.066105,0.50532,0.316799,0.097976,0.037425,0.170177,0.051893,0.02187,0.021324
Tamil Nadu,Maize,2016,Rabi,11.3323723,78.6098639,2016-11-01,2017-04-28,10,Landsat 8 SR,0.6,0.05,datasets\test_images\2016\rgb\tamil_nadu_2016_maize_rabi_rgb.png,datasets\test_images\2016\ndvi\tamil_nadu_2016_maize_rabi_ndvi.png,0.082906,0.027045,0.006415,0.009438,0.594223,0.29846,0.035503,0.052992,0.123978,0.052066,0.015737,0.013166,0.865558,0.612757,0.185556,0.106451,-0.146139,-0.602467,-0.767525,0.054092,0.383028,0.212032,0.051515,0.034435,0.16509,0.052673,0.009962,0.022073
Tamil Nadu,Maize,2017,Kharif,11.3323723,78.6098639,2017-07-01,2017-10-28,1,Sentinel-2 SR,0.6,0.05,datasets\test_images\2017\rgb\tamil_nadu_2017_maize_kharif_rgb.png,datasets\test_images\2017\ndvi\tamil_nadu_2017_maize_kharif_ndvi.png,0.1979,0.037997,0.0,0.014662,0.734948,0.266605,0.028406,0.096676,0.228,0.065998,0.005,0.020012,0.901923,0.510359,0.041301,0.149667,-0.081081,-0.535886,-0.844131,0.077771,0.4711,0.217893,0.038,0.05401,0.2565,0.073134,0.0051,0.035152
Tamil Nadu,Maize,2017,Rabi,11.3323723,78.6098639,2017-11-01,2018-04-28,10,Sentinel-2 SR,0.6,0.05,datasets\test_images\2017\rgb\tamil_nadu_2017_maize_rabi_rgb.png,datasets\test_images\2017\ndvi\tamil_nadu_2017_maize_rabi_ndvi.png,0.15,0.029857,0.01245,0.008051,0.82793,0.415678,-0.048464,0.078831,0.1673,0.047628,0.02025,0.011409,0.910419,0.733122,-0.305506,0.099535,0.401871,-0.6755,-0.82668,0.062132,0.51305,0.24744,0.02015,0.040465,0.2065,0.038281,0.0129,0.016505
Tamil Nadu,Maize,2018,Kharif,11.3323723,78.6098639,2018-07-01,2018-10-28,7,Landsat 8 SR,0.6,0.05,datasets\test_images\2018\rgb\tamil_nadu_2018_maize_kharif_rgb.png,datasets\test_images\2018\ndvi\tamil_nadu_2018_maize_kharif_ndvi.png,0.117171,0.027734,-0.0031,0.009413,0.662719,0.358135,0.082014,0.099221,0.160525,0.062827,0.021457,0.013234,0.930387,0.626414,0.190079,0.148172,-0.297198,-0.61521,-0.793994,0.079056,0.45857,0.265493,0.08556,0.036069,0.18434,0.060737,0.003912,0.026699
Tamil Nadu,Maize,2018,Rabi,11.3323723,78.6098639,2018-11-01,2019-04-28,52,Sentinel-2 SR,0.6,0.05,datasets\test_images\2018\rgb\tamil_nadu_2018_maize_rabi_rgb.png,datasets\test_images\2018\ndvi\tamil_nadu_2018_maize_rabi_ndvi.png,0.1533,0.036168,0.0179,0.009253,0.762842,0.365135,-0.048161,0.083662,0.1831,0.056399,0.0276,0.012216,0.869904,0.645664,-0.112426,0.128009,0.097826,-0.615428,-0.787145,0.06682,0.4718,0.239953,0.0379,0.029754,0.2308,0.052127,0.0169,0.022871
Tamil Nadu,Maize,2019,Kharif,11.3323723,78.6098639,2019-07-01,2019-10-28,23,Sentinel-2 SR,0.6,0.05,datasets\test_images\2019\rgb\tamil_nadu_2019_maize_kharif_rgb.png,datasets\test_images\2019\ndvi\tamil_nadu_2019_maize_kharif_ndvi.png,0.2142,0.045324,0.0138,0.011248,0.895498,0.370305,0.028344,0.092615,0.2305,0.073068,0.02575,0.013793,0.909684,0.590282,0.061123,0.123411,-0.046964,-0.559979,-0.813511,0.071078,0.5758,0.265916,0.1105,0.035832,0.24915,0.06731,0.0156,0.024645
Tamil Nadu,Maize,2019,Rabi,11.3323723,78.6098639,2019-11-01,2020-04-28,61,Sentinel-2 SR,0.6,0.05,datasets\test_images\2019\rgb\tamil_nadu_2019_maize_rabi_rgb.png,datasets\test_images\2019\ndvi\tamil_nadu_2019_maize_rabi_ndvi.png,0.17255,0.0389,0.01745,0.009366,0.817375,0.412881,-0.140115,0.082101,0.2068,0.057325,0.0283,0.012478,0.887536,0.675854,-0.213363,0.113953,0.230326,-0.622067,-0.808068,0.068437,0.49265,0.251565,0.0296,0.031618,0.2027,0.049232,0.01595,0.020172
Tamil Nadu,Rice,1997,Kharif,11.3323723,78.6098639,1997-07-01,1997-10-28,2,Landsat 5/7 SR,0.6,0.05,datasets\test_images\1997\rgb\tamil_nadu_1997_rice_kharif_rgb.png,datasets\test_images\1997\ndvi\tamil_nadu_1997_rice_kharif_ndvi.png,0.199933,0.04034,0.019505,0.009771,0.707659,0.329686,0.071023,0.09933,0.2433,0.066628,0.030147,0.013857,0.840952,0.562898,0.129797,0.14043,-0.219739,-0.571068,-0.785887,0.083287,0.461953,0.246782,0.080363,0.038808,0.25694,0.069249,0.028222,0.025788
Tamil Nadu,Rice,1999,Kharif,11.3323723,78.6098639,1999-07-01,1999-10-28,1,Landsat 5/7 SR,0.6,0.05,datasets\test_images\1999\rgb\tamil_nadu_1999_rice_kharif_rgb.png,datasets\test_images\1999\ndvi\tamil_nadu_1999_rice_kharif_ndvi.png,0.156537,0.03188,0.011338,0.009503,0.757625,0.364895,0.058844,0.110967,0.188575,0.057777,0.023025,0.013807,0.89086,0.627861,0.102953,0.160085,-0.229323,-0.630482,-0.820958,0.08589,0.472953,0.257597,0.09194,0.039523,0.225123,0.059569,0.01604,0.028732
Tamil Nadu,Rice,2000,Kharif,11.3323723,78.6098639,2000-07-01,2000-10-28,2,Landsat 5/7 SR,0.6,0.05,datasets\test_images\2000\rgb\tamil_nadu_2000_rice_kharif_rgb.png,datasets\test_images\2000\ndvi\tamil_nadu_2000_rice_kharif_ndvi.png,0.106694,0.032813,0.010182,0.0093,0.738643,0.413421,0.087687,0.094692,0.151643,0.057418,0.025087,0.012741,0.885061,0.66937,0.186487,0.128526,-0.279938,-0.649116,-0.813298,0.076435,0.475139,0.276476,0.107202,0.036055,0.206973,0.053996,0.016673,0.022838
Tamil Nadu,Rice,2001,Kharif,11.3323723,78.6098639,2001-07-01,2001-10-28,2,Landsat 5/7 SR,0.6,0.05,datasets\test_images\2001\rgb\tamil_nadu_2001_rice_kharif_rgb.png,datasets\test_images\2001\ndvi\tamil_nadu_2001_rice_kharif_ndvi.png,0.1344,0.040908,0.019698,0.009182,0.7565,0.397901,0.081135,0.128767,0.165915,0.068103,0.031413,0.012318,0.859178,0.610283,0.173303,0.154162,-0.248887,-0.610665,-0.796651,0.083673,0.506338,0.287632,0.092573,0.048883,0.22867,0.068661,0.023767,0.026776
Tamil Nadu,Rice,2002,Kharif,11.3323723,78.6098639,2002-07-01,2002-10-28,5,Landsat 5/7 SR,0.6,0.05,datasets\test_images\2002\rgb\tamil_nadu_2002_rice_kharif_rgb.png,datasets\test_images\2002\ndvi\tamil_nadu_2002_rice_kharif_ndvi.png,0.101565,0.037623,0.01571,0.009318,0.641593,0.355544,0.070958,0.10992,0.14892,0.064693,0.031467,0.012979,0.859875,0.592245,0.123524,0.160622,-0.236255,-0.596122,-0.779445,0.084763,0.426368,0.261397,0.125999,0.036119,0.200675,0.066405,0.019753,0.028182
Tamil Nadu,Rice,2003,Kharif,11.3323723,78.6098639,2003-07-01,2003-10-28,1,Landsat 5/7 SR,0.6,0.05,datasets\test_images\2003\rgb\tamil_nadu_2003_rice_rgb.png,datasets\test_images\2003\ndvi\tamil_nadu_2003_rice_ndvi.png,0.11009,0.036223,0.004408,0.012856,0.842571,0.413352,0.061373,0.120002,0.155108,0.063528,0.01197,0.017146,0.884841,0.650222,0.176876,0.1392,-0.321831,-0.63833,-0.80876,0.079439,0.536973,0.290959,0.061745,0.062769,0.196742,0.061859,0.007433,0.02754
Tamil Nadu,Rice,2004,Kharif,11.3323723,78.6098639,2004-07-01,2004-10-28,6,Landsat 5/7 SR,0.6,0.05,datasets\test_images\2004\rgb\tamil_nadu_2004_rice_rgb.png,datasets\test_images\2004\ndvi\tamil_nadu_2004_rice_ndvi.png,0.100589,0.035296,0.01681,0.008881,0.74469,0.443733,0.061154,0.1057,0.153458,0.060518,0.02836,0.012921,0.875617,0.671516,0.142114,0.130646,-0.201744,-0.656777,-0.81482,0.079001,0.490607,0.302404,0.07478,0.041731,0.196412,0.058933,0.021072,0.02424
Tamil Nadu,Rice,2005,Kharif,11.3323723,78.6098639,2005-07-01,2005-10-28,6,Landsat 5/7 SR,0.6,0.05,datasets\test_images\2005\rgb\tamil_nadu_2005_rice_rgb.png,datasets\test_images\2005\ndvi\tamil_nadu_2005_rice_ndvi.png,0.180861,0.036276,0.016838,0.010664,0.771883,0.428955,0.074111,0.110963,0.210534,0.063358,0.028112,0.014545,0.863912,0.655946,0.17626,0.142178,-0.245457,-0.638578,-0.805432,0.08633,0.502804,0.298375,0.114751,0.044294,0.211496,0.060244,0.020687,0.025568
Tamil Nadu,Rice,2006,Kharif,11.3323723,78.6098639,2006-07-01,2006-10-28,7,Landsat 5/7 SR,0.6,0.05,datasets\test_images\2006\rgb\tamil_nadu_2006_rice_kharif_rgb.png,datasets\test_images\2006\ndvi\tamil_nadu_2006_rice_kharif_ndvi.png,0.107615,0.03996,0.01934,0.008107,0.706905,0.362964,0.084718,0.095667,0.167702,0.066755,0.03782,0.01237,0.844109,0.597918,0.142995,0.124601,-0.228245,-0.590075,-0.77761,0.078011,0.451942,0.263769,0.125628,0.037123,0.218907,0.065587,0.02759,0.022629
Tamil Nadu,Rice,2007,Kharif,11.3323723,78.6098639,2007-07-01,2007-10-28,7,Landsat 5/7 SR,0.6,0.05,datasets\test_images\2007\rgb\tamil_nadu_2007_rice_kharif_rgb.png,datasets\test_images\2007\ndvi\tamil_nadu_2007_rice_kharif_ndvi.png,0.137026,0.038036,0.015242,0.009332,0.788542,0.473977,0.049482,0.098396,0.175677,0.067293,0.032018,0.013234,0.862847,0.690573,0.110688,0.109641,-0.04264,-0.646646,-0.79693,0.071333,0.517062,0.318466,0.122383,0.04439,0.200813,0.057583,0.023355,0.019909
Tamil Nadu,Rice,2008,Kharif,11.3323723,78.6098639,2008-07-01,2008-10-28,8,Landsat 5/7 SR,0.6,0.05,datasets\test_images\2008\rgb\tamil_nadu_2008_rice_kharif_rgb.png,datasets\test_images\2008\ndvi\tamil_nadu_2008_rice_kharif_ndvi.png,0.110117,0.04,0.01791,0.008015,0.737,0.431545,0.103478,0.094942,0.141962,0.066896,0.03397,0.011701,0.854401,0.65525,0.2232,0.112973,-0.29728,-0.624312,-0.79162,0.071513,0.47122,0.292979,0.113225,0.037767,0.159095,0.060729,0.021512,0.020534
Tamil Nadu,Rice,2009,Kharif,11.3323723,78.6098639,2009-07-01,2009-10-28,6,Landsat 5/7 SR,0.6,0.05,datasets\test_images\2009\rgb\tamil_nadu_2009_rice_kharif_rgb.png,datasets\test_images\2009\ndvi\tamil_nadu_2009_rice_kharif_ndvi.png,0.178318,0.041824,0.02033,0.009427,0.708906,0.410038,0.078598,0.099487,0.21624,0.068874,0.037256,0.01191,0.85798,0.634825,0.135187,0.115937,-0.211382,-0.603059,-0.777441,0.074215,0.456782,0.282744,0.127003,0.043034,0.21283,0.062258,0.026985,0.020028
Tamil Nadu,Rice,2010,Kharif,11.3323723,78.6098639,2010-07-01,2010-10-28,2,Landsat 5/7 SR,0.6,0.05,datasets\test_images\2010\rgb\tamil_nadu_2010_rice_kharif_rgb.png,datasets\test_images\2010\ndvi\tamil_nadu_2010_rice_kharif_ndvi.png,0.157253,0.060523,0.008697,0.025405,0.616994,0.40454,0.150401,0.065478,0.183872,0.083773,0.025885,0.025211,0.814243,0.58509,0.300374,0.089778,-0.310893,-0.552779,-0.765302,0.081148,0.41523,0.283941,0.140285,0.04291,0.173642,0.076083,0.018267,0.023892
Tamil Nadu,Rice,2011,Kharif,11.3323723,78.6098639,2011-07-01,2011-10-28,4,Landsat 5/7 SR,0.6,0.05,datasets\test_images\2011\rgb\tamil_nadu_2011_rice_kharif_rgb.png,datasets\test_images\2011\ndvi\tamil_nadu_2011_rice_kharif_ndvi.png,0.11372,0.035013,0.018157,0.005955,0.76178,0.480272,-0.00793,0.087852,0.159109,0.058194,0.025115,0.008949,0.890387,0.723982,-0.018343,0.090043,-0.028584,-0.674656,-0.821886,0.056309,0.469295,0.302198,0.114793,0.040592,0.17213,0.047803,0.019037,0.014531
Tamil Nadu,Rice,2012,Kharif,11.3323723,78.6098639,2012-07-01,2012-10-28,1,Landsat 5/7 SR,0.6,0.05,datasets\test_images\2012\rgb\tamil_nadu_2012_rice_kharif_rgb.png,datasets\test_images\2012\ndvi\tamil_nadu_2012_rice_kharif_ndvi.png,0.111245,0.026772,0.005617,0.008979,0.754797,0.434922,0.078139,0.11444,0.15519,0.053293,0.01747,0.013278,0.909619,0.711134,0.143816,0.15196,-0.278241,-0.682395,-0.828822,0.080716,0.474273,0.285547,0.08369,0.043167,0.202738,0.048633,0.01076,0.027396
Tamil Nadu,Rice,2013,Kharif,11.3323723,78.6098639,2013-07-01,2013-10-28,4,Landsat 8 SR,0.6,0.05,datasets\test_images\2013\rgb\tamil_nadu_2013_rice_kharif_rgb.png,datasets\test_images\2013\ndvi\tamil_nadu_2013_rice_kharif_ndvi.png,0.147298,0.027243,-0.081833,0.00773,0.701134,0.403798,0.018213,0.098452,0.187173,0.068607,0.017662,0.012329,1.061405,0.653544,0.040656,0.115644,-0.191274,-0.62081,-0.902601,0.06414,0.47617,0.296168,0.135802,0.045199,0.186567,0.061551,-0.010277,0.020887
Tamil Nadu,Rice,2014,Kharif,11.3323723,78.6098639,2014-07-01,2014-10-28,6,Landsat 8 SR,0.6,0.05,datasets\test_images\2014\rgb\tamil_nadu_2014_rice_kharif_rgb.png,datasets\test_images\2014\ndvi\tamil_nadu_2014_rice_kharif_ndvi.png,0.10811,0.026344,0.004545,0.008155,0.708546,0.366704,0.062766,0.076669,0.157307,0.061328,0.022049,0.011338,0.86614,0.641552,0.159487,0.118569,-0.14505,-0.626912,-0.776364,0.06145,0.50158,0.270726,0.115934,0.033104,0.186677,0.059247,0.014046,0.02369
Tamil Nadu,Rice,2015,Kharif,11.3323723,78.6098639,2015-07-01,2015-10-28,8,Landsat 8 SR,0.6,0.05,datasets\test_images\2015\rgb\tamil_nadu_2015_rice_kharif_rgb.png,datasets\test_images\2015\ndvi\tamil_nadu_2015_rice_kharif_ndvi.png,0.157046,0.02357,-0.054621,0.007152,0.805217,0.494712,0.091048,0.078746,0.197732,0.059514,0.026847,0.011311,1.01909,0.753387,0.245871,0.086263,-0.209021,-0.69372,-0.911723,0.05294,0.536202,0.33316,0.086633,0.044833,0.195478,0.046638,0.008258,0.017958
Tamil Nadu,Rice,2016,Kharif,11.3323723,78.6098639,2016-07-01,2016-10-28,8,Landsat 8 SR,0.6,0.05,datasets\test_images\2016\rgb\tamil_nadu_2016_rice_kharif_rgb.png,datasets\test_images\2016\ndvi\tamil_nadu_2016_rice_kharif_ndvi.png,0.112868,0.024778,0.009784,0.00697,0.754819,0.461222,0.044051,0.096249,0.15398,0.059875,0.033049,0.010693,0.878727,0.715363,0.116951,0.117817,-0.098315,-0.678865,-0.81398,0.066105,0.50532,0.316799,0.097976,0.037425,0.170177,0.051893,0.02187,0.021324
Tamil Nadu,Rice,2017,Kharif,11.3323723,78.6098639,2017-07-01,2017-10-28,1,Sentinel-2 SR,0.6,0.05,datasets\test_images\2017\rgb\tamil_nadu_2017_rice_kharif_rgb.png,datasets\test_images\2017\ndvi\tamil_nadu_2017_rice_kharif_ndvi.png,0.1979,0.037997,0.0,0.014662,0.734948,0.266605,0.028406,0.096676,0.228,0.065998,0.005,0.020012,0.901923,0.510359,0.041301,0.149667,-0.081081,-0.535886,-0.844131,0.077771,0.4711,0.217893,0.038,0.05401,0.2565,0.073134,0.0051,0.035152
Tamil Nadu,Rice,2019,Kharif,11.3323723,78.6098639,2019-07-01,2019-10-28,23,Sentinel-2 SR,0.6,0.05,datasets\test_images\2019\rgb\tamil_nadu_2019_rice_kharif_rgb.png,datasets\test_images\2019\ndvi\tamil_nadu_2019_rice_kharif_ndvi.png,0.2142,0.045324,0.0138,0.011248,0.895498,0.370305,0.028344,0.092615,0.2305,0.073068,0.02575,0.013793,0.909684,0.590282,0.061123,0.123411,-0.046964,-0.559979,-0.813511,0.071078,0.5758,0.265916,0.1105,0.035832,0.24915,0.06731,0.0156,0.024645
Telangana,Rice,1998,Kharif,17.8495919,79.1151663,1998-07-01,1998-10-28,6,Landsat 5/7 SR,0.6,0.05,datasets\test_images\1998\rgb\telangana_1998_rice_kharif_rgb.png,datasets\test_images\1998\ndvi\telangana_1998_rice_kharif_ndvi.png,1.602213,0.087988,0.025252,0.055149,0.818857,0.407321,-0.119945,0.09797,0.53271,0.123218,0.04046,0.045896,0.842423,0.499857,-0.202757,0.116162,0.155728,-0.497752,-0.794852,0.09596,0.650932,0.363287,0.06576,0.067237,0.456452,0.123283,0.03243,0.049606
Telangana,Rice,1999,Kharif,17.8495919,79.1151663,1999-07-01,1999-10-28,6,Landsat 5/7 SR,0.6,0.05,datasets\test_images\1999\rgb\telangana_1999_rice_kharif_rgb.png,datasets\test_images\1999\ndvi\telangana_1999_rice_kharif_ndvi.png,0.151945,0.062797,0.031646,0.014133,1.026919,0.389162,-0.050093,0.080962,0.18797,0.095634,0.042151,0.018321,0.810068,0.534311,-0.090323,0.101367,-0.010413,-0.557541,-0.778315,0.068516,0.998766,0.333763,0.065884,0.035415,0.268628,0.101729,0.033984,0.029439
Telangana,Rice,2000,Kharif,17.8495919,79.1151663,2000-07-01,2000-10-28,15,Landsat 5/7 SR,0.6,0.05,datasets\test_images\2000\rgb\telangana_2000_rice_kharif_rgb.png,datasets\test_images\2000\ndvi\telangana_2000_rice_kharif_ndvi.png,0.140285,0.059413,0.025995,0.011096,0.732061,0.401994,-0.100634,0.075469,0.180146,0.090911,0.03419,0.01714,0.844727,0.549299,-0.206206,0.0887,0.146151,-0.546057,-0.789513,0.064849,0.48002,0.327901,0.04244,0.044507,0.232135,0.092036,0.027095,0.024846
Telangana,Rice,2001,Kharif,17.8495919,79.1151663,2001-07-01,2001-10-28,16,Landsat 5/7 SR,0.6,0.05,datasets\test_images\2001\rgb\telangana_2001_rice_kharif_rgb.png,datasets\test_images\2001\ndvi\telangana_2001_rice_kharif_ndvi.png,0.149979,0.071368,0.03232,0.010848,0.650595,0.401669,-0.007291,0.066506,0.182663,0.103704,0.050882,0.01547,0.780569,0.508318,-0.009602,0.075249,-0.081587,-0.525424,-0.71446,0.050077,0.446855,0.339435,0.10184,0.032525,0.235957,0.112219,0.040075,0.024184
Telangana,Rice,2002,Kharif,17.8495919,79.1151663,2002-07-01,2002-10-28,10,Landsat 5/7 SR,0.6,0.05,datasets\test_images\2002\rgb\telangana_2002_rice_kharif_rgb.png,datasets\test_images\2002\ndvi\telangana_2002_rice_kharif_ndvi.png,0.153622,0.065537,0.03122,0.012989,0.716542,0.385297,-0.078006,0.077378,0.189125,0.099025,0.050113,0.016312,0.794405,0.52998,-0.145964,0.091949,0.068008,-0.546814,-0.742835,0.057928,0.48387,0.330037,0.08622,0.038507,0.262715,0.1044,0.03771,0.025708
Telangana,Rice,2003,Kharif,17.8495919,79.1151663,2003-07-01,2003-10-28,3,Landsat 5/7 SR,0.6,0.05,datasets\test_images\2003\rgb\telangana_2003_rice_kharif_rgb.png,datasets\test_images\2003\ndvi\telangana_2003_rice_kharif_ndvi.png,0.180765,0.052168,0.026133,0.009223,0.790955,0.442767,-0.102481,0.090837,0.211427,0.083492,0.038315,0.013775,0.859215,0.605233,-0.19535,0.100698,0.113743,-0.601436,-0.774755,0.063716,0.51709,0.338383,0.06994,0.041277,0.238295,0.08324,0.03045,0.024466
Telangana,Rice,2004,Kharif,17.8495919,79.1151663,2004-07-01,2004-10-28,19,Landsat 5/7 SR,0.6,0.05,datasets\test_images\2004\rgb\telangana_2004_rice_kharif_rgb.png,datasets\test_images\2004\ndvi\telangana_2004_rice_kharif_ndvi.png,0.218413,0.067484,0.032471,0.012136,0.810574,0.413527,-0.086503,0.081229,0.243273,0.103211,0.04563,0.017745,0.829637,0.536986,-0.176317,0.092795,0.096156,-0.545528,-0.76421,0.061317,0.530372,0.356607,0.123592,0.036518,0.278473,0.106681,0.03177,0.028112
Telangana,Rice,2005,Kharif,17.8495919,79.1151663,2005-07-01,2005-10-28,19,Landsat 5/7 SR,0.6,0.05,datasets\test_images\2005\rgb\telangana_2005_rice_kharif_rgb.png,datasets\test_images\2005\ndvi\telangana_2005_rice_kharif_ndvi.png,0.20722,0.059087,0.032622,0.009177,0.693989,0.413857,-0.090964,0.094752,0.268064,0.097427,0.037408,0.014913,0.803543,0.559033,-0.218942,0.109314,0.218013,-0.558555,-0.741305,0.076919,0.474795,0.342696,0.056163,0.041831,0.282543,0.097815,0.03573,0.027318
Telangana,Rice,2006,Kharif,17.8495919,79.1151663,2006-07-01,2006-10-28,22,Landsat 5/7 SR,0.6,0.05,datasets\test_images\2006\rgb\telangana_2006_rice_kharif_rgb.png,datasets\test_images\2006\ndvi\telangana_2006_rice_kharif_ndvi.png,0.191765,0.07278,0.039277,0.010329,0.64483,0.366664,-0.048223,0.070278,0.247755,0.111604,0.047871,0.016932,0.743724,0.482801,-0.102608,0.085918,0.126089,-0.506843,-0.695746,0.057446,0.445288,0.339871,0.064179,0.031883,0.26816,0.119525,0.039924,0.027691
Telangana,Rice,2007,Kharif,17.8495919,79.1151663,2007-07-01,2007-10-28,18,Landsat 5/7 SR,0.6,0.05,datasets\test_images\2007\rgb\telangana_2007_rice_kharif_rgb.png,datasets\test_images\2007\ndvi\telangana_2007_rice_kharif_ndvi.png,0.19292,0.061918,0.027975,0.013658,0.769744,0.421236,-0.100982,0.079319,0.259305,0.103182,0.04805,0.01912,0.808659,0.550674,-0.193801,0.095668,0.173209,-0.546412,-0.76344,0.067702,0.573795,0.356952,0.075935,0.036447,0.288826,0.102103,0.03199,0.029129
Telangana,Rice,2008,Kharif,17.8495919,79.1151663,2008-07-01,2008-10-28,27,Landsat 5/7 SR,0.6,0.05,datasets\test_images\2008\rgb\telangana_2008_rice_kharif_rgb.png,datasets\test_images\2008\ndvi\telangana_2008_rice_kharif_ndvi.png,0.158958,0.062917,0.037408,0.009733,0.664034,0.352736,-0.058467,0.084635,0.217285,0.098376,0.050965,0.016349,0.768299,0.504829,-0.112341,0.10481,0.124232,-0.521882,-0.702992,0.072796,0.450073,0.307894,0.05828,0.038715,0.27399,0.10331,0.04156,0.028784
Telangana,Rice,2009,Kharif,17.8495919,79.1151663,2009-07-01,2009-10-28,25,Landsat 5/7 SR,0.6,0.05,datasets\test_images\2009\rgb\telangana_2009_rice_kharif_rgb.png,datasets\test_images\2009\ndvi\telangana_2009_rice_kharif_ndvi.png,0.15321,0.065233,0.042413,0.009149,0.627481,0.366709,-0.066753,0.076264,0.214095,0.101055,0.05982,0.015066,0.750767,0.495052,-0.111917,0.09198,0.104558,-0.520991,-0.69516,0.059778,0.433325,0.330156,0.092188,0.03237,0.268132,0.110296,0.049453,0.026993
Telangana,Rice,2010,Kharif,17.8495919,79.1151663,2010-07-01,2010-10-28,10,Landsat 5/7 SR,0.6,0.05,datasets\test_images\2010\rgb\telangana_2010_rice_kharif_rgb.png,datasets\test_images\2010\ndvi\telangana_2010_rice_kharif_ndvi.png,1.602213,0.06981,0.011695,0.031855,0.905221,0.428137,-0.138518,0.111176,0.450293,0.105515,0.02077,0.034543,0.872837,0.552207,-0.292959,0.131463,0.392734,-0.539162,-0.825065,0.106201,0.628053,0.35192,0.031798,0.065231,0.45549,0.103427,0.011777,0.04257
Telangana,Rice,2011,Kharif,17.8495919,79.1151663,2011-07-01,2011-10-28,18,Landsat 5/7 SR,0.6,0.05,datasets\test_images\2011\rgb\telangana_2011_rice_kharif_rgb.png,datasets\test_images\2011\ndvi\telangana_2011_rice_kharif_ndvi.png,0.14551,0.068139,0.039497,0.00942,0.73309,0.376875,-0.031565,0.082347,0.215002,0.098396,0.051969,0.015526,0.793549,0.51472,-0.06502,0.101908,0.088395,-0.527626,-0.73332,0.070635,0.465679,0.319534,0.063904,0.031815,0.274292,0.103501,0.037889,0.027439
Telangana,Rice,2012,Kharif,17.8495919,79.1151663,2012-07-01,2012-10-28,11,Landsat 5/7 SR,0.6,0.05,datasets\test_images\2012\rgb\telangana_2012_rice_kharif_rgb.png,datasets\test_images\2012\ndvi\telangana_2012_rice_kharif_ndvi.png,0.226662,0.054217,0.015284,0.010768,0.877889,0.413659,-0.042296,0.094545,0.255098,0.081686,0.027315,0.014431,0.884523,0.583888,-0.06855,0.106394,0.061676,-0.587177,-0.82004,0.072419,0.57836,0.316678,0.065045,0.044587,0.267363,0.083494,0.01637,0.024593
Telangana,Rice,2013,Kharif,17.8495919,79.1151663,2013-07-01,2013-10-28,12,Landsat 8 SR,0.6,0.05,datasets\test_images\2013\rgb\telangana_2013_rice_kharif_rgb.png,datasets\test_images\2013\ndvi\telangana_2013_rice_kharif_ndvi.png,0.152853,0.048925,0.005425,0.012196,0.738269,0.370863,-0.043906,0.096788,0.21646,0.105881,0.043444,0.017576,0.859674,0.523405,-0.083263,0.115238,0.135834,-0.535937,-0.774449,0.071168,0.515357,0.354259,0.123978,0.04839,0.272615,0.113173,0.028704,0.031811
Telangana,Rice,2014,Kharif,17.8495919,79.1151663,2014-07-01,2014-10-28,14,Landsat 8 SR,0.6,0.05,datasets\test_images\2014\rgb\telangana_2014_rice_kharif_rgb.png,datasets\test_images\2014\ndvi\telangana_2014_rice_kharif_ndvi.png,0.181686,0.043073,-0.031796,0.012663,0.82772,0.428137,-0.047747,0.093652,0.24297,0.09455,0.035345,0.019069,0.872645,0.598885,-0.141428,0.111635,0.203894,-0.590207,-0.782446,0.07899,0.583943,0.371552,0.03375,0.048041,0.259085,0.093283,0.012685,0.031965
Telangana,Rice,2015,Kharif,17.8495919,79.1151663,2015-07-01,2015-10-28,20,Landsat 8 SR,0.6,0.05,datasets\test_images\2015\rgb\telangana_2015_rice_kharif_rgb.png,datasets\test_images\2015\ndvi\telangana_2015_rice_kharif_ndvi.png,0.110709,0.040209,0.013042,0.009972,0.702799,0.408119,-0.027256,0.086733,0.171855,0.08525,0.042742,0.014133,0.831607,0.596028,-0.068174,0.109672,0.023279,-0.59803,-0.751434,0.073073,0.506104,0.344933,0.053,0.042446,0.245033,0.086621,0.03034,0.027417
Telangana,Rice,2016,Kharif,17.8495919,79.1151663,2016-07-01,2016-10-28,14,Landsat 8 SR,0.6,0.05,datasets\test_images\2016\rgb\telangana_2016_rice_kharif_rgb.png,datasets\test_images\2016\ndvi\telangana_2016_rice_kharif_ndvi.png,0.155658,0.03559,0.005452,0.010338,0.806415,0.451042,-0.121827,0.103569,0.200317,0.079238,0.02781,0.015828,0.88022,0.64764,-0.264726,0.118027,0.181166,-0.628269,-0.789887,0.097332,0.549678,0.357053,0.031385,0.06168,0.261175,0.07474,0.019423,0.026408
Telangana,Rice,2017,Kharif,17.8495919,79.1151663,2017-07-01,2017-10-28,2,Sentinel-2 SR,0.6,0.05,datasets\test_images\2017\rgb\telangana_2017_rice_kharif_rgb.png,datasets\test_images\2017\ndvi\telangana_2017_rice_kharif_ndvi.png,0.43085,0.032586,0.0,0.02267,0.930156,0.472032,-13.438558,0.167536,0.44885,0.076746,0.0,0.028438,1.0,0.665816,-1.0,0.229523,1.0,-0.629986,-1.0,0.181822,0.6347,0.356831,0.0,0.082146,0.4322,0.069426,0.0,0.04707
Telangana,Rice,2018,Kharif,17.8495919,79.1151663,2018-07-01,2018-10-28,1,Sentinel-2 SR,0.6,0.05,datasets\test_images\2018\rgb\telangana_2018_rice_kharif_rgb.png,datasets\test_images\2018\ndvi\telangana_2018_rice_kharif_ndvi.png,0.326,0.045463,0.0077,0.018063,0.941948,0.322101,-0.137559,0.112276,0.3501,0.077407,0.0146,0.022648,0.943149,0.505251,-1.0,0.202426,1.0,-0.553376,-0.859542,0.179004,0.5422,0.282098,0.0,0.052014,0.3674,0.091919,0.0091,0.041353
Telangana,Rice,2019,Kharif,17.8495919,79.1151663,2019-07-01,2019-10-28,22,Sentinel-2 SR,0.6,0.05,datasets\test_images\2019\rgb\telangana_2019_rice_kharif_rgb.png,datasets\test_images\2019\ndvi\telangana_2019_rice_kharif_ndvi.png,0.366,0.069882,0.0025,0.021288,0.948832,0.478339,-0.157981,0.155597,0.4006,0.103644,0.003,0.022656,0.947723,0.583341,-0.955556,0.173265,0.965517,-0.523991,-0.814124,0.150668,0.62165,0.350333,0.0001,0.077428,0.3917,0.088048,0.0003,0.03512
Tripura,Maize,1998,Kharif,23.7750823,91.7025091,1998-07-01,1998-10-28,3,Landsat 5/7 SR,0.6,0.05,datasets\test_images\1998\rgb\tripura_1998_maize_rgb.png,datasets\test_images\1998\ndvi\tripura_1998_maize_ndvi.png,1.602213,0.033522,0.008835,0.022754,0.958481,0.61588,-0.117893,0.097169,0.47012,0.056899,0.014555,0.022359,1.173058,0.818083,-0.251291,0.085839,-0.144737,-0.735831,-0.8526,0.071263,0.637843,0.371276,0.094415,0.061888,0.524075,0.037921,-0.024523,0.025136
Tripura,Maize,1999,Kharif,23.7750823,91.7025091,1999-07-01,1999-10-28,9,Landsat 5/7 SR,0.6,0.05,datasets\test_images\1999\rgb\tripura_1999_maize_kharif_rgb.png,datasets\test_images\1999\ndvi\tripura_1999_maize_kharif_ndvi.png,0.2367,0.03556,0.001273,0.013589,0.946432,0.590882,-0.014424,0.106729,0.261615,0.05873,0.003857,0.01685,1.077143,0.790091,-0.042175,0.078186,0.041267,-0.723883,-0.904462,0.065841,0.628217,0.367889,0.049122,0.070846,0.254933,0.043358,-0.002358,0.017492
Tripura,Maize,2000,Kharif,23.7750823,91.7025091,2000-07-01,2000-10-28,19,Landsat 5/7 SR,0.6,0.05,datasets\test_images\2000\rgb\tripura_2000_maize_kharif_rgb.png,datasets\test_images\2000\ndvi\tripura_2000_maize_kharif_ndvi.png,0.215869,0.039195,0.005288,0.018,0.937099,0.625138,-0.01977,0.098173,0.25441,0.067059,0.01219,0.023211,0.949181,0.802669,-0.054037,0.07718,-0.025914,-0.717755,-0.861143,0.066241,0.688855,0.39448,0.06422,0.075262,0.300638,0.045412,0.005975,0.021366
Tripura,Maize,2001,Kharif,23.7750823,91.7025091,2001-07-01,2001-10-28,14,Landsat 5/7 SR,0.6,0.05,datasets\test_images\2001\rgb\tripura_2001_maize_kharif_rgb.png,datasets\test_images\2001\ndvi\tripura_2001_maize_kharif_ndvi.png,1.602213,0.041061,6.2e-05,0.034098,0.989986,0.625313,-0.066547,0.117814,0.48838,0.069673,0.00548,0.031443,1.085576,0.798279,0.120268,0.104521,-0.099486,-0.710152,-0.876128,0.087596,0.690368,0.396217,0.062267,0.085094,0.467232,0.046972,-0.0031,0.031653
Tripura,Maize,2002,Kharif,23.7750823,91.7025091,2002-07-01,2002-10-28,8,Landsat 5/7 SR,0.6,0.05,datasets\test_images\2002\rgb\tripura_2002_maize_rgb.png,datasets\test_images\2002\ndvi\tripura_2002_maize_ndvi.png,0.136284,0.019734,0.007433,0.005084,0.868638,0.597858,0.012378,0.086661,0.211262,0.043935,0.015352,0.00968,0.937796,0.864804,0.039653,0.062031,-0.111824,-0.775621,-0.850232,0.048974,0.60542,0.350221,0.089025,0.055599,0.254699,0.025073,0.006965,0.010361
Tripura,Maize,2003,Kharif,23.7750823,91.7025091,2003-07-01,2003-10-28,4,Landsat 5/7 SR,0.6,0.05,datasets\test_images\2003\rgb\tripura_2003_maize_rgb.png,datasets\test_images\2003\ndvi\tripura_2003_maize_ndvi.png,0.306798,0.033436,0.005975,0.021655,0.991735,0.614095,0.10807,0.103166,0.346783,0.055968,0.018501,0.024134,0.964966,0.828552,0.210508,0.090869,-0.222868,-0.735951,-0.861147,0.075713,0.702385,0.36266,0.10888,0.072325,0.354813,0.035176,0.004903,0.024758
Tripura,Maize,2004,Kharif,23.7750823,91.7025091,2004-07-01,2004-10-28,13,Landsat 5/7 SR,0.6,0.05,datasets\test_images\2004\rgb\tripura_2004_maize_rgb.png,datasets\test_images\2004\ndvi\tripura_2004_maize_ndvi.png,0.194323,0.030746,0.004394,0.01188,0.930503,0.617485,-0.03487,0.100609,0.228216,0.053512,0.013785,0.015466,1.029834,0.829655,-0.087183,0.07508,0.078052,-0.747541,-0.946304,0.063921,0.63985,0.372294,0.06257,0.065791,0.272299,0.03442,0.00504,0.016053
Tripura,Maize,2005,Kharif,23.7750823,91.7025091,2005-07-01,2005-10-28,11,Landsat 5/7 SR,0.6,0.05,datasets\test_images\2005\rgb\tripura_2005_maize_rgb.png,datasets\test_images\2005\ndvi\tripura_2005_maize_ndvi.png,0.214342,0.032187,0.005507,0.012346,0.935331,0.624336,0.057069,0.095687,0.24165,0.058425,0.018075,0.015587,0.95183,0.821216,0.092711,0.072038,-0.142095,-0.736004,-0.845858,0.059396,0.667212,0.382378,0.077832,0.064378,0.256582,0.03776,0.004463,0.015858
Tripura,Maize,2006,Kharif,23.7750823,91.7025091,2006-07-01,2006-10-28,22,Landsat 5/7 SR,0.6,0.05,datasets\test_images\2006\rgb\tripura_2006_maize_kharif_rgb.png,datasets\test_images\2006\ndvi\tripura_2006_maize_kharif_ndvi.png,0.21701,0.035374,0.007102,0.015958,0.990432,0.646051,0.056916,0.111436,0.252513,0.060824,0.014363,0.017856,0.939596,0.815347,0.182935,0.073034,-0.082166,-0.732029,-0.840728,0.064303,0.687947,0.397352,0.082452,0.074874,0.232768,0.038667,0.008725,0.017507
Tripura,Maize,2007,Kharif,23.7750823,91.7025091,2007-07-01,2007-10-28,13,Landsat 5/7 SR,0.6,0.05,datasets\test_images\2007\rgb\tripura_2007_maize_kharif_rgb.png,datasets\test_images\2007\ndvi\tripura_2007_maize_kharif_ndvi.png,1.602213,0.03141,0.002015,0.020485,1.021999,0.618149,-0.076987,0.098437,0.423755,0.054583,0.009495,0.021613,0.969467,0.83008,0.092817,0.078738,-0.158341,-0.744808,-0.853273,0.06704,0.652775,0.370435,0.071782,0.066451,0.405413,0.034989,0.00174,0.021332
Tripura,Maize,2008,Kharif,23.7750823,91.7025091,2008-07-01,2008-10-28,16,Landsat 5/7 SR,0.6,0.05,datasets\test_images\2008\rgb\tripura_2008_maize_kharif_rgb.png,datasets\test_images\2008\ndvi\tripura_2008_maize_kharif_ndvi.png,0.135665,0.031736,0.014115,0.007176,0.861529,0.610008,0.069386,0.086815,0.167538,0.062162,0.028883,0.011553,0.902725,0.809085,0.162048,0.062666,-0.151732,-0.723351,-0.823797,0.052489,0.606809,0.388433,0.099118,0.057322,0.201748,0.040167,0.013455,0.011854
Tripura,Maize,2009,Kharif,23.7750823,91.7025091,2009-07-01,2009-10-28,15,Landsat 5/7 SR,0.6,0.05,datasets\test_images\2009\rgb\tripura_2009_maize_kharif_rgb.png,datasets\test_images\2009\ndvi\tripura_2009_maize_kharif_ndvi.png,1.602213,0.037978,0.007598,0.020186,1.100825,0.608465,-0.076956,0.09324,0.487885,0.06008,0.016067,0.019173,0.985792,0.806842,0.180314,0.076209,-0.188906,-0.719623,-0.871624,0.065951,0.715145,0.365377,0.09931,0.061127,0.495585,0.039563,0.001383,0.019021
Tripura,Rice,1997,Kharif,23.7750823,91.7025091,1997-07-01,1997-10-28,9,Landsat 5/7 SR,0.6,0.05,datasets\test_images\1997\rgb\tripura_1997_rice_kharif_rgb.png,datasets\test_images\1997\ndvi\tripura_1997_rice_kharif_ndvi.png,1.602213,0.032544,0.008642,0.02349,1.017231,0.584958,-0.071734,0.091283,0.44581,0.056025,0.01692,0.022073,0.919137,0.808554,-0.02511,0.074636,0.018395,-0.7287,-0.853488,0.065892,0.686298,0.353769,0.078382,0.062676,0.432692,0.038162,0.007872,0.021632
Tripura,Rice,1998,Kharif,23.7750823,91.7025091,1998-07-01,1998-10-28,3,Landsat 5/7 SR,0.6,0.05,datasets\test_images\1998\rgb\tripura_1998_rice_rgb.png,datasets\test_images\1998\ndvi\tripura_1998_rice_ndvi.png,1.602213,0.033522,0.008835,0.022754,0.958481,0.61588,-0.117893,0.097169,0.47012,0.056899,0.014555,0.022359,1.173058,0.818083,-0.251291,0.085839,-0.144737,-0.735831,-0.8526,0.071263,0.637843,0.371276,0.094415,0.061888,0.524075,0.037921,-0.024523,0.025136
Tripura,Rice,1999,Kharif,23.7750823,91.7025091,1999-07-01,1999-10-28,9,Landsat 5/7 SR,0.6,0.05,datasets\test_images\1999\rgb\tripura_1999_rice_kharif_rgb.png,datasets\test_images\1999\ndvi\tripura_1999_rice_kharif_ndvi.png,0.2367,0.03556,0.001273,0.013589,0.946432,0.590882,-0.014424,0.106729,0.261615,0.05873,0.003857,0.01685,1.077143,0.790091,-0.042175,0.078186,0.041267,-0.723883,-0.904462,0.065841,0.628217,0.367889,0.049122,0.070846,0.254933,0.043358,-0.002358,0.017492
Tripura,Rice,2000,Kharif,23.7750823,91.7025091,2000-07-01,2000-10-28,19,Landsat 5/7 SR,0.6,0.05,datasets\test_images\2000\rgb\tripura_2000_rice_kharif_rgb.png,datasets\test_images\2000\ndvi\tripura_2000_rice_kharif_ndvi.png,0.215869,0.039195,0.005288,0.018,0.937099,0.625138,-0.01977,0.098173,0.25441,0.067059,0.01219,0.023211,0.949181,0.802669,-0.054037,0.07718,-0.025914,-0.717755,-0.861143,0.066241,0.688855,0.39448,0.06422,0.075262,0.300638,0.045412,0.005975,0.021366
Tripura,Rice,2001,Kharif,23.7750823,91.7025091,2001-07-01,2001-10-28,14,Landsat 5/7 SR,0.6,0.05,datasets\test_images\2001\rgb\tripura_2001_rice_kharif_rgb.png,datasets\test_images\2001\ndvi\tripura_2001_rice_kharif_ndvi.png,1.602213,0.041061,6.2e-05,0.034098,0.989986,0.625313,-0.066547,0.117814,0.48838,0.069673,0.00548,0.031443,1.085576,0.798279,0.120268,0.104521,-0.099486,-0.710152,-0.876128,0.087596,0.690368,0.396217,0.062267,0.085094,0.467232,0.046972,-0.0031,0.031653
Tripura,Rice,2002,Kharif,23.7750823,91.7025091,2002-07-01,2002-10-28,8,Landsat 5/7 SR,0.6,0.05,datasets\test_images\2002\rgb\tripura_2002_rice_rgb.png,datasets\test_images\2002\ndvi\tripura_2002_rice_ndvi.png,0.136284,0.019734,0.007433,0.005084,0.868638,0.597858,0.012378,0.086661,0.211262,0.043935,0.015352,0.00968,0.937796,0.864804,0.039653,0.062031,-0.111824,-0.775621,-0.850232,0.048974,0.60542,0.350221,0.089025,0.055599,0.254699,0.025073,0.006965,0.010361
Tripura,Rice,2003,Kharif,23.7750823,91.7025091,2003-07-01,2003-10-28,4,Landsat 5/7 SR,0.6,0.05,datasets\test_images\2003\rgb\tripura_2003_rice_rgb.png,datasets\test_images\2003\ndvi\tripura_2003_rice_ndvi.png,0.306798,0.033436,0.005975,0.021655,0.991735,0.614095,0.10807,0.103166,0.346783,0.055968,0.018501,0.024134,0.964966,0.828552,0.210508,0.090869,-0.222868,-0.735951,-0.861147,0.075713,0.702385,0.36266,0.10888,0.072325,0.354813,0.035176,0.004903,0.024758
Tripura,Rice,2004,Kharif,23.7750823,91.7025091,2004-07-01,2004-10-28,13,Landsat 5/7 SR,0.6,0.05,datasets\test_images\2004\rgb\tripura_2004_rice_rgb.png,datasets\test_images\2004\ndvi\tripura_2004_rice_ndvi.png,0.194323,0.030746,0.004394,0.01188,0.930503,0.617485,-0.03487,0.100609,0.228216,0.053512,0.013785,0.015466,1.029834,0.829655,-0.087183,0.07508,0.078052,-0.747541,-0.946304,0.063921,0.63985,0.372294,0.06257,0.065791,0.272299,0.03442,0.00504,0.016053
Tripura,Rice,2005,Kharif,23.7750823,91.7025091,2005-07-01,2005-10-28,11,Landsat 5/7 SR,0.6,0.05,datasets\test_images\2005\rgb\tripura_2005_rice_rgb.png,datasets\test_images\2005\ndvi\tripura_2005_rice_ndvi.png,0.214342,0.032187,0.005507,0.012346,0.935331,0.624336,0.057069,0.095687,0.24165,0.058425,0.018075,0.015587,0.95183,0.821216,0.092711,0.072038,-0.142095,-0.736004,-0.845858,0.059396,0.667212,0.382378,0.077832,0.064378,0.256582,0.03776,0.004463,0.015858
Tripura,Rice,2006,Kharif,23.7750823,91.7025091,2006-07-01,2006-10-28,22,Landsat 5/7 SR,0.6,0.05,datasets\test_images\2006\rgb\tripura_2006_rice_kharif_rgb.png,datasets\test_images\2006\ndvi\tripura_2006_rice_kharif_ndvi.png,0.21701,0.035374,0.007102,0.015958,0.990432,0.646051,0.056916,0.111436,0.252513,0.060824,0.014363,0.017856,0.939596,0.815347,0.182935,0.073034,-0.082166,-0.732029,-0.840728,0.064303,0.687947,0.397352,0.082452,0.074874,0.232768,0.038667,0.008725,0.017507
Tripura,Rice,2007,Kharif,23.7750823,91.7025091,2007-07-01,2007-10-28,13,Landsat 5/7 SR,0.6,0.05,datasets\test_images\2007\rgb\tripura_2007_rice_kharif_rgb.png,datasets\test_images\2007\ndvi\tripura_2007_rice_kharif_ndvi.png,1.602213,0.03141,0.002015,0.020485,1.021999,0.618149,-0.076987,0.098437,0.423755,0.054583,0.009495,0.021613,0.969467,0.83008,0.092817,0.078738,-0.158341,-0.744808,-0.853273,0.06704,0.652775,0.370435,0.071782,0.066451,0.405413,0.034989,0.00174,0.021332
Tripura,Rice,2008,Kharif,23.7750823,91.7025091,2008-07-01,2008-10-28,16,Landsat 5/7 SR,0.6,0.05,datasets\test_images\2008\rgb\tripura_2008_rice_kharif_rgb.png,datasets\test_images\2008\ndvi\tripura_2008_rice_kharif_ndvi.png,0.135665,0.031736,0.014115,0.007176,0.861529,0.610008,0.069386,0.086815,0.167538,0.062162,0.028883,0.011553,0.902725,0.809085,0.162048,0.062666,-0.151732,-0.723351,-0.823797,0.052489,0.606809,0.388433,0.099118,0.057322,0.201748,0.040167,0.013455,0.011854
Tripura,Rice,2009,Kharif,23.7750823,91.7025091,2009-07-01,2009-10-28,15,Landsat 5/7 SR,0.6,0.05,datasets\test_images\2009\rgb\tripura_2009_rice_kharif_rgb.png,datasets\test_images\2009\ndvi\tripura_2009_rice_kharif_ndvi.png,1.602213,0.037978,0.007598,0.020186,1.100825,0.608465,-0.076956,0.09324,0.487885,0.06008,0.016067,0.019173,0.985792,0.806842,0.180314,0.076209,-0.188906,-0.719623,-0.871624,0.065951,0.715145,0.365377,0.09931,0.061127,0.495585,0.039563,0.001383,0.019021
Tripura,Rice,2010,Kharif,23.7750823,91.7025091,2010-07-01,2010-10-28,5,Landsat 5/7 SR,0.6,0.05,datasets\test_images\2010\rgb\tripura_2010_rice_kharif_rgb.png,datasets\test_images\2010\ndvi\tripura_2010_rice_kharif_ndvi.png,0.10316,0.037602,0.002812,0.016985,0.810691,0.545523,0.103211,0.111859,0.12846,0.058278,0.011035,0.018897,0.969527,0.772665,0.307234,0.075485,-0.348242,-0.701606,-0.866098,0.062665,0.534112,0.330192,0.066447,0.077511,0.111382,0.042882,0.001905,0.017549
Tripura,Rice,2011,Kharif,23.7750823,91.7025091,2011-07-01,2011-10-28,13,Landsat 5/7 SR,0.6,0.05,datasets\test_images\2011\rgb\tripura_2011_rice_kharif_rgb.png,datasets\test_images\2011\ndvi\tripura_2011_rice_kharif_ndvi.png,1.602213,0.041104,0.007047,0.026782,0.955392,0.603749,-0.062735,0.096306,0.46187,0.065915,0.021045,0.026238,0.960433,0.793027,0.170236,0.087185,-0.15814,-0.707312,-0.845201,0.073422,0.65987,0.374394,0.079703,0.067491,0.452053,0.044657,0.005068,0.027024
Tripura,Rice,2012,Kharif,23.7750823,91.7025091,2012-07-01,2012-10-28,6,Landsat 5/7 SR,0.6,0.05,datasets\test_images\2012\rgb\tripura_2012_rice_kharif_rgb.png,datasets\test_images\2012\ndvi\tripura_2012_rice_kharif_ndvi.png,0.235765,0.035783,-0.0042,0.02043,1.043957,0.581029,0.105278,0.123755,0.245555,0.05446,-0.000103,0.023231,1.266466,0.812066,0.25654,0.079503,-0.2644,-0.724988,-1.002367,0.067948,0.75128,0.339062,0.08237,0.086586,0.234913,0.036128,-0.010195,0.021937
Tripura,Rice,2013,Kharif,23.7750823,91.7025091,2013-07-01,2013-10-28,9,Landsat 8 SR,0.6,0.05,datasets\test_images\2013\rgb\tripura_2013_rice_kharif_rgb.png,datasets\test_images\2013\ndvi\tripura_2013_rice_kharif_ndvi.png,0.401562,0.030213,-0.19824,0.016394,1.106776,0.671277,-0.105054,0.125863,0.423947,0.06565,-0.059228,0.021606,2.44785,0.832387,-0.854677,0.073842,0.886424,-0.733076,-1.873272,0.060977,0.784803,0.428231,0.003967,0.088226,0.421418,0.039218,-0.081833,0.021375
Tripura,Rice,2014,Kharif,23.7750823,91.7025091,2014-07-01,2014-10-28,12,Landsat 8 SR,0.6,0.05,datasets\test_images\2014\rgb\tripura_2014_rice_kharif_rgb.png,datasets\test_images\2014\ndvi\tripura_2014_rice_kharif_ndvi.png,0.245775,0.030208,-0.161033,0.010635,0.973664,0.629802,-0.016205,0.10811,0.285952,0.06253,-0.086398,0.015734,1.456218,0.821499,-0.048109,0.073564,0.018019,-0.722638,-1.34847,0.058155,0.672932,0.391666,0.068565,0.069987,0.281745,0.038281,-0.10815,0.01661
Tripura,Rice,2015,Kharif,23.7750823,91.7025091,2015-07-01,2015-10-28,8,Landsat 8 SR,0.6,0.05,datasets\test_images\2015\rgb\tripura_2015_rice_kharif_rgb.png,datasets\test_images\2015\ndvi\tripura_2015_rice_kharif_ndvi.png,0.413993,0.030166,-0.178275,0.019403,0.894724,0.606674,0.035868,0.092619,0.432005,0.062773,-0.027823,0.022075,1.266664,0.811525,0.091448,0.072598,-0.026159,-0.717912,-1.144537,0.059815,0.627035,0.380681,0.08127,0.063598,0.437973,0.040252,-0.0394,0.023505
Tripura,Rice,2016,Kharif,23.7750823,91.7025091,2016-07-01,2016-10-28,12,Landsat 8 SR,0.6,0.05,datasets\test_images\2016\rgb\tripura_2016_rice_kharif_rgb.png,datasets\test_images\2016\ndvi\tripura_2016_rice_kharif_ndvi.png,0.185165,0.02562,-0.073486,0.006836,0.960656,0.651745,-0.090356,0.106355,0.211538,0.055973,-0.004599,0.013606,1.127147,0.854185,-0.519833,0.060687,0.561091,-0.754777,-1.029331,0.051436,0.681568,0.39969,0.019945,0.07542,0.192672,0.030948,-0.018321,0.012089
Tripura,Rice,2019,Kharif,23.7750823,91.7025091,2019-07-01,2019-10-28,10,Sentinel-2 SR,0.6,0.05,datasets\test_images\2019\rgb\tripura_2019_rice_kharif_rgb.png,datasets\test_images\2019\ndvi\tripura_2019_rice_kharif_ndvi.png,0.1784,0.051507,0.0088,0.017604,1.287445,0.659906,-0.098409,0.114974,0.2585,0.073976,0.0155,0.018578,0.920737,0.788351,-0.122656,0.09015,0.168808,-0.668558,-0.821985,0.079473,0.6831,0.375509,0.044,0.063237,0.3048,0.043775,0.0066,0.01741
Uttar Pradesh,Maize,1997,Kharif,27.1303344,80.859666,1997-07-01,1997-10-28,2,Landsat 5/7 SR,0.6,0.05,datasets\test_images\1997\rgb\uttar_pradesh_1997_maize_rgb.png,datasets\test_images\1997\ndvi\uttar_pradesh_1997_maize_ndvi.png,0.29797,0.058117,0.026408,0.01548,0.741739,0.399675,-0.013839,0.097755,0.337267,0.084359,0.040625,0.020597,0.8293,0.57357,-0.032045,0.121973,0.050117,-0.548593,-0.780269,0.10241,0.51588,0.291008,0.076925,0.045779,0.334105,0.078848,0.031495,0.024807
Uttar Pradesh,Maize,1997,Summer,27.1303344,80.859666,1997-03-01,1997-06-28,1,Landsat 5/7 SR,0.6,0.05,datasets\test_images\1997\rgb\uttar_pradesh_1997_maize_rgb.png,datasets\test_images\1997\ndvi\uttar_pradesh_1997_maize_ndvi.png,0.200263,0.091567,0.049095,0.013267,0.522714,0.200027,0.003881,0.049675,0.262935,0.126619,0.071342,0.019965,0.602657,0.289606,0.011155,0.074576,0.010587,-0.329227,-0.567854,0.055208,0.39213,0.249591,0.08204,0.021981,0.29291,0.13902,0.074257,0.027529
Uttar Pradesh,Maize,1998,Kharif,27.1303344,80.859666,1998-07-01,1998-10-28,5,Landsat 5/7 SR,0.6,0.05,datasets\test_images\1998\rgb\uttar_pradesh_1998_maize_rgb.png,datasets\test_images\1998\ndvi\uttar_pradesh_1998_maize_ndvi.png,0.863109,0.078113,0.031082,0.019002,0.746104,0.352937,-0.041299,0.111055,0.414171,0.109214,0.046207,0.023654,0.816781,0.474555,-0.132621,0.138882,0.183474,-0.442769,-0.726042,0.10867,0.508235,0.288048,0.065966,0.045717,0.320025,0.102359,0.028415,0.031815
Uttar Pradesh,Maize,1999,Kharif,27.1303344,80.859666,1999-07-01,1999-10-28,3,Landsat 5/7 SR,0.6,0.05,datasets\test_images\1999\rgb\uttar_pradesh_1999_maize_kharif_rgb.png,datasets\test_images\1999\ndvi\uttar_pradesh_1999_maize_kharif_ndvi.png,0.18401,0.092452,0.045685,0.020105,0.584072,0.26873,-0.017014,0.088175,0.242695,0.133748,0.06939,0.028266,0.699163,0.366569,-0.045284,0.125316,0.013332,-0.387924,-0.655846,0.096209,0.41952,0.296428,0.120609,0.026414,0.280494,0.143313,0.056877,0.038485
Uttar Pradesh,Maize,1999,Rabi,27.1303344,80.859666,1999-11-01,2000-04-28,5,Landsat 5/7 SR,0.6,0.05,datasets\test_images\1999\rgb\uttar_pradesh_1999_maize_rabi_rgb.png,datasets\test_images\1999\ndvi\uttar_pradesh_1999_maize_rabi_ndvi.png,0.16542,0.080505,0.041423,0.013751,0.501291,0.185619,-0.045917,0.06464,0.223583,0.114332,0.054567,0.021912,0.673643,0.286234,-0.091832,0.106216,0.101882,-0.346718,-0.62998,0.079019,0.340073,0.244524,0.083993,0.024948,0.259607,0.128545,0.047473,0.028474
Uttar Pradesh,Maize,2000,Kharif,27.1303344,80.859666,2000-07-01,2000-10-28,4,Landsat 5/7 SR,0.6,0.05,datasets\test_images\2000\rgb\uttar_pradesh_2000_maize_kharif_rgb.png,datasets\test_images\2000\ndvi\uttar_pradesh_2000_maize_kharif_ndvi.png,0.165351,0.072567,0.0442,0.011508,0.637144,0.348554,0.003409,0.079427,0.225659,0.107935,0.065018,0.017512,0.765707,0.479556,0.007452,0.102934,-0.015274,-0.47227,-0.697267,0.076638,0.463754,0.301314,0.118285,0.031615,0.247232,0.106774,0.04717,0.025891
Uttar Pradesh,Maize,2000,Rabi,27.1303344,80.859666,2000-11-01,2001-04-28,3,Landsat 5/7 SR,0.6,0.05,datasets\test_images\2000\rgb\uttar_pradesh_2000_maize_rabi_rgb.png,datasets\test_images\2000\ndvi\uttar_pradesh_2000_maize_rabi_ndvi.png,0.159068,0.080531,0.038453,0.014455,0.554813,0.229918,-0.045482,0.064833,0.217257,0.110165,0.052065,0.01809,0.674674,0.338194,-0.090695,0.093822,0.117373,-0.37518,-0.634832,0.076363,0.362815,0.244419,0.075082,0.027626,0.263045,0.1181,0.04552,0.023498
Uttar Pradesh,Maize,2001,Kharif,27.1303344,80.859666,2001-07-01,2001-10-28,6,Landsat 5/7 SR,0.6,0.05,datasets\test_images\2001\rgb\uttar_pradesh_2001_maize_kharif_rgb.png,datasets\test_images\2001\ndvi\uttar_pradesh_2001_maize_kharif_ndvi.png,0.171828,0.070141,0.031578,0.015602,0.632365,0.358962,-0.016797,0.079657,0.231393,0.106857,0.052422,0.022234,0.783486,0.483838,-0.044273,0.11341,-0.007759,-0.467128,-0.69923,0.0905,0.44724,0.308279,0.09986,0.035191,0.260625,0.104552,0.038178,0.030023
Uttar Pradesh,Maize,2001,Rabi,27.1303344,80.859666,2001-11-01,2002-04-28,3,Landsat 5/7 SR,0.6,0.05,datasets\test_images\2001\rgb\uttar_pradesh_2001_maize_rabi_rgb.png,datasets\test_images\2001\ndvi\uttar_pradesh_2001_maize_rabi_ndvi.png,0.150625,0.081459,0.04134,0.013567,0.522288,0.209495,-0.006736,0.074742,0.21173,0.111779,0.053605,0.021286,0.703766,0.319718,-0.011899,0.117466,-0.0174,-0.366055,-0.659729,0.083712,0.368865,0.266141,0.06873,0.032007,0.26728,0.124074,0.045217,0.03103
Uttar Pradesh,Maize,2002,Kharif,27.1303344,80.859666,2002-07-01,2002-10-28,3,Landsat 5/7 SR,0.6,0.05,datasets\test_images\2002\rgb\uttar_pradesh_2002_maize_rgb.png,datasets\test_images\2002\ndvi\uttar_pradesh_2002_maize_ndvi.png,0.172515,0.085208,0.047321,0.016506,0.670545,0.316361,-0.012822,0.084425,0.233428,0.12435,0.06147,0.02368,0.747645,0.436913,-0.019635,0.107264,-0.02828,-0.443254,-0.687545,0.081187,0.421583,0.308716,0.104535,0.029548,0.270827,0.130463,0.044805,0.033465
Uttar Pradesh,Maize,2002,Rabi,27.1303344,80.859666,2002-11-01,2003-04-28,6,Landsat 5/7 SR,0.6,0.05,datasets\test_images\2002\rgb\uttar_pradesh_2002_maize_rgb.png,datasets\test_images\2002\ndvi\uttar_pradesh_2002_maize_ndvi.png,0.147352,0.072448,0.047473,0.010678,0.472227,0.245966,0.03296,0.056874,0.194378,0.10188,0.066186,0.015927,0.666557,0.380161,0.062855,0.091358,-0.069041,-0.417534,-0.617514,0.063558,0.327629,0.246567,0.089328,0.023245,0.230334,0.110834,0.056767,0.022919
Uttar Pradesh,Maize,2003,Kharif,27.1303344,80.859666,2003-07-01,2003-10-28,1,Landsat 5/7 SR,0.6,0.05,datasets\test_images\2003\rgb\uttar_pradesh_2003_maize_rgb.png,datasets\test_images\2003\ndvi\uttar_pradesh_2003_maize_ndvi.png,0.12252,0.047467,0.01637,0.011616,0.714996,0.323563,-0.09816,0.159194,0.184752,0.075164,0.033447,0.017321,0.889987,0.505445,-0.350907,0.239387,0.398233,-0.484735,-0.808716,0.220676,0.442592,0.245291,0.027727,0.079595,0.219073,0.071484,0.02121,0.025031
Uttar Pradesh,Maize,2003,Rabi,27.1303344,80.859666,2003-11-01,2004-04-28,5,Landsat 5/7 SR,0.6,0.05,datasets\test_images\2003\rgb\uttar_pradesh_2003_maize_rgb.png,datasets\test_images\2003\ndvi\uttar_pradesh_2003_maize_ndvi.png,0.191682,0.081449,0.043677,0.011954,0.722164,0.256427,-0.028228,0.096088,0.25155,0.107225,0.057029,0.017023,0.807703,0.372008,-0.068085,0.128169,0.109173,-0.396778,-0.725878,0.090226,0.430328,0.261152,0.07951,0.036871,0.289555,0.110415,0.044228,0.026231
Uttar Pradesh,Maize,2003,Summer,27.1303344,80.859666,2003-03-01,2003-06-28,2,Landsat 5/7 SR,0.6,0.05,datasets\test_images\2003\rgb\uttar_pradesh_2003_maize_rgb.png,datasets\test_images\2003\ndvi\uttar_pradesh_2003_maize_ndvi.png,0.153856,0.077708,0.047926,0.011886,0.439355,0.201371,0.03296,0.043187,0.209159,0.110148,0.06928,0.018018,0.585585,0.315819,0.079315,0.072274,-0.118074,-0.378893,-0.565448,0.053285,0.371134,0.241776,0.098306,0.020205,0.255139,0.12863,0.067644,0.025723
Uttar Pradesh,Maize,2004,Kharif,27.1303344,80.859666,2004-07-01,2004-10-28,5,Landsat 5/7 SR,0.6,0.05,datasets\test_images\2004\rgb\uttar_pradesh_2004_maize_rgb.png,datasets\test_images\2004\ndvi\uttar_pradesh_2004_maize_ndvi.png,0.193965,0.057671,0.012465,0.015118,0.719743,0.387552,-0.056321,0.115798,0.265671,0.08743,0.021897,0.019524,0.938445,0.544684,-0.133565,0.145351,0.114681,-0.529874,-0.85167,0.114716,0.48838,0.292054,0.069912,0.047679,0.327093,0.084021,0.011667,0.027355
Uttar Pradesh,Maize,2004,Rabi,27.1303344,80.859666,2004-11-01,2005-04-28,11,Landsat 5/7 SR,0.6,0.05,datasets\test_images\2004\rgb\uttar_pradesh_2004_maize_rgb.png,datasets\test_images\2004\ndvi\uttar_pradesh_2004_maize_ndvi.png,0.178042,0.079302,0.043815,0.009686,0.569461,0.239059,-0.048872,0.06455,0.223665,0.106044,0.055447,0.015064,0.703096,0.368281,-0.081505,0.096464,0.074004,-0.391118,-0.637552,0.066496,0.347168,0.246776,0.07522,0.02629,0.261037,0.109572,0.046318,0.022815
Uttar Pradesh,Maize,2005,Kharif,27.1303344,80.859666,2005-07-01,2005-10-28,1,Landsat 5/7 SR,0.6,0.05,datasets\test_images\2005\rgb\uttar_pradesh_2005_maize_rgb.png,datasets\test_images\2005\ndvi\uttar_pradesh_2005_maize_ndvi.png,0.266703,0.062127,0.02154,0.017681,0.770218,0.30548,-0.062463,0.116275,0.306385,0.092855,0.032595,0.025296,0.817879,0.466292,-0.137365,0.169334,0.109348,-0.482182,-0.741865,0.121292,0.49289,0.265644,0.05531,0.036802,0.32932,0.098707,0.026627,0.038939
Uttar Pradesh,Maize,2006,Kharif,27.1303344,80.859666,2006-07-01,2006-10-28,5,Landsat 5/7 SR,0.6,0.05,datasets\test_images\2006\rgb\uttar_pradesh_2006_maize_kharif_rgb.png,datasets\test_images\2006\ndvi\uttar_pradesh_2006_maize_kharif_ndvi.png,0.179308,0.065611,0.02495,0.018751,0.689567,0.349652,-0.077003,0.113365,0.244675,0.099554,0.040818,0.025435,0.843959,0.488055,-0.146702,0.155513,0.148389,-0.489254,-0.756313,0.11668,0.472925,0.296804,0.071122,0.037177,0.280728,0.102178,0.0299,0.037392
Uttar Pradesh,Maize,2006,Rabi,27.1303344,80.859666,2006-11-01,2007-04-28,10,Landsat 5/7 SR,0.6,0.05,datasets\test_images\2006\rgb\uttar_pradesh_2006_maize_rabi_rgb.png,datasets\test_images\2006\ndvi\uttar_pradesh_2006_maize_rabi_ndvi.png,0.178537,0.070323,0.026737,0.017005,0.692798,0.280737,0.009112,0.096801,0.236453,0.097296,0.042962,0.022094,0.868586,0.417588,0.011586,0.139876,0.003518,-0.436358,-0.797419,0.104797,0.418393,0.254333,0.068207,0.034263,0.271886,0.103745,0.028443,0.031376
Uttar Pradesh,Maize,2007,Kharif,27.1303344,80.859666,2007-07-01,2007-10-28,4,Landsat 5/7 SR,0.6,0.05,datasets\test_images\2007\rgb\uttar_pradesh_2007_maize_kharif_rgb.png,datasets\test_images\2007\ndvi\uttar_pradesh_2007_maize_kharif_ndvi.png,0.202985,0.058263,0.02066,0.014123,0.707809,0.401216,-0.012303,0.1011,0.224875,0.087763,0.040047,0.018712,0.855186,0.569173,-0.026152,0.132446,0.00106,-0.543536,-0.789275,0.098715,0.46385,0.299027,0.094882,0.039689,0.237855,0.082652,0.026641,0.027421
Uttar Pradesh,Maize,2007,Rabi,27.1303344,80.859666,2007-11-01,2008-04-28,10,Landsat 5/7 SR,0.6,0.05,datasets\test_images\2007\rgb\uttar_pradesh_2007_maize_rabi_rgb.png,datasets\test_images\2007\ndvi\uttar_pradesh_2007_maize_rabi_ndvi.png,0.159782,0.084856,0.04629,0.012823,0.449191,0.19406,-0.000816,0.055877,0.220008,0.113754,0.060837,0.018118,0.64458,0.298294,-0.001795,0.086643,0.016789,-0.348089,-0.61182,0.063049,0.344968,0.234988,0.075165,0.022669,0.268518,0.123613,0.051542,0.023606
Uttar Pradesh,Maize,2008,Kharif,27.1303344,80.859666,2008-07-01,2008-10-28,5,Landsat 5/7 SR,0.6,0.05,datasets\test_images\2008\rgb\uttar_pradesh_2008_maize_kharif_rgb.png,datasets\test_images\2008\ndvi\uttar_pradesh_2008_maize_kharif_ndvi.png,0.150983,0.060296,0.024702,0.015464,0.645835,0.28461,-0.059781,0.124213,0.212527,0.089224,0.03958,0.023976,0.848716,0.448262,-0.170967,0.181388,0.206581,-0.451454,-0.775811,0.153971,0.398318,0.243935,0.05509,0.051949,0.25122,0.091237,0.028442,0.033174
Uttar Pradesh,Maize,2008,Rabi,27.1303344,80.859666,2008-11-01,2009-04-28,17,Landsat 5/7 SR,0.6,0.05,datasets\test_images\2008\rgb\uttar_pradesh_2008_maize_rabi_rgb.png,datasets\test_images\2008\ndvi\uttar_pradesh_2008_maize_rabi_ndvi.png,0.18445,0.091595,0.04948,0.012234,0.455438,0.204673,-0.050683,0.051804,0.241595,0.121359,0.072993,0.015803,0.596458,0.297254,-0.087509,0.077721,0.101396,-0.322709,-0.551331,0.060951,0.346452,0.242895,0.099324,0.025796,0.25991,0.122994,0.06026,0.020862
Uttar Pradesh,Maize,2009,Kharif,27.1303344,80.859666,2009-07-01,2009-10-28,10,Landsat 5/7 SR,0.6,0.05,datasets\test_images\2009\rgb\uttar_pradesh_2009_maize_kharif_rgb.png,datasets\test_images\2009\ndvi\uttar_pradesh_2009_maize_kharif_ndvi.png,0.164898,0.067357,0.041807,0.011142,0.714788,0.384957,-0.039162,0.091416,0.230664,0.101738,0.05927,0.017066,0.749322,0.506863,-0.090399,0.11052,0.057199,-0.479919,-0.678718,0.090075,0.45252,0.31309,0.09502,0.036529,0.248553,0.095713,0.049783,0.022375
Uttar Pradesh,Maize,2009,Rabi,27.1303344,80.859666,2009-11-01,2010-04-28,12,Landsat 5/7 SR,0.6,0.05,datasets\test_images\2009\rgb\uttar_pradesh_2009_maize_rabi_rgb.png,datasets\test_images\2009\ndvi\uttar_pradesh_2009_maize_rabi_ndvi.png,0.176406,0.087058,0.047005,0.012929,0.580384,0.22115,-0.007956,0.06865,0.232176,0.114174,0.06059,0.01756,0.656408,0.319794,-0.017858,0.093799,0.049246,-0.348242,-0.622452,0.071041,0.371024,0.242177,0.087677,0.026732,0.262852,0.119681,0.057909,0.022102
Uttar Pradesh,Rice,1997,Kharif,27.1303344,80.859666,1997-07-01,1997-10-28,2,Landsat 5/7 SR,0.6,0.05,datasets\test_images\1997\rgb\uttar_pradesh_1997_rice_rgb.png,datasets\test_images\1997\ndvi\uttar_pradesh_1997_rice_ndvi.png,0.29797,0.058117,0.026408,0.01548,0.741739,0.399675,-0.013839,0.097755,0.337267,0.084359,0.040625,0.020597,0.8293,0.57357,-0.032045,0.121973,0.050117,-0.548593,-0.780269,0.10241,0.51588,0.291008,0.076925,0.045779,0.334105,0.078848,0.031495,0.024807
Uttar Pradesh,Rice,1997,Summer,27.1303344,80.859666,1997-03-01,1997-06-28,1,Landsat 5/7 SR,0.6,0.05,datasets\test_images\1997\rgb\uttar_pradesh_1997_rice_rgb.png,datasets\test_images\1997\ndvi\uttar_pradesh_1997_rice_ndvi.png,0.200263,0.091567,0.049095,0.013267,0.522714,0.200027,0.003881,0.049675,0.262935,0.126619,0.071342,0.019965,0.602657,0.289606,0.011155,0.074576,0.010587,-0.329227,-0.567854,0.055208,0.39213,0.249591,0.08204,0.021981,0.29291,0.13902,0.074257,0.027529
Uttar Pradesh,Rice,1998,Kharif,27.1303344,80.859666,1998-07-01,1998-10-28,6,Landsat 5/7 SR,0.6,0.05,datasets\test_images\1998\rgb\uttar_pradesh_1998_rice_kharif_rgb.png,datasets\test_images\1998\ndvi\uttar_pradesh_1998_rice_kharif_ndvi.png,0.863109,0.078113,0.031082,0.019002,0.746104,0.352937,-0.041299,0.111055,0.414171,0.109214,0.046207,0.023654,0.816781,0.474555,-0.132621,0.138882,0.183474,-0.442769,-0.726042,0.10867,0.508235,0.288048,0.065966,0.045717,0.320025,0.102359,0.028415,0.031815
Uttar Pradesh,Rice,1999,Kharif,27.1303344,80.859666,1999-07-01,1999-10-28,3,Landsat 5/7 SR,0.6,0.05,datasets\test_images\1999\rgb\uttar_pradesh_1999_rice_kharif_rgb.png,datasets\test_images\1999\ndvi\uttar_pradesh_1999_rice_kharif_ndvi.png,0.18401,0.092452,0.045685,0.020105,0.584072,0.26873,-0.017014,0.088175,0.242695,0.133748,0.06939,0.028266,0.699163,0.366569,-0.045284,0.125316,0.013332,-0.387924,-0.655846,0.096209,0.41952,0.296428,0.120609,0.026414,0.280494,0.143313,0.056877,0.038485
Uttar Pradesh,Rice,1999,Summer,27.1303344,80.859666,1999-03-01,1999-06-28,1,Landsat 5/7 SR,0.6,0.05,datasets\test_images\1999\rgb\uttar_pradesh_1999_rice_summer_rgb.png,datasets\test_images\1999\ndvi\uttar_pradesh_1999_rice_summer_ndvi.png,0.20249,0.091509,0.043733,0.016182,0.572993,0.166685,-0.075216,0.052788,0.284935,0.138362,-0.006895,0.025522,0.68527,0.244001,-0.202972,0.082703,0.241523,-0.328322,-1.061774,0.067825,0.415697,0.272146,0.053495,0.032253,0.323737,0.167512,0.05762,0.036121
Uttar Pradesh,Rice,2000,Kharif,27.1303344,80.859666,2000-07-01,2000-10-28,4,Landsat 5/7 SR,0.6,0.05,datasets\test_images\2000\rgb\uttar_pradesh_2000_rice_kharif_rgb.png,datasets\test_images\2000\ndvi\uttar_pradesh_2000_rice_kharif_ndvi.png,0.165351,0.072567,0.0442,0.011508,0.637144,0.348554,0.003409,0.079427,0.225659,0.107935,0.065018,0.017512,0.765707,0.479556,0.007452,0.102934,-0.015274,-0.47227,-0.697267,0.076638,0.463754,0.301314,0.118285,0.031615,0.247232,0.106774,0.04717,0.025891
Uttar Pradesh,Rice,2000,Summer,27.1303344,80.859666,2000-03-01,2000-06-28,2,Landsat 5/7 SR,0.6,0.05,datasets\test_images\2000\rgb\uttar_pradesh_2000_rice_summer_rgb.png,datasets\test_images\2000\ndvi\uttar_pradesh_2000_rice_summer_ndvi.png,0.182429,0.102474,0.05883,0.013991,0.430468,0.16334,-0.011173,0.059336,0.245019,0.147517,0.084804,0.021629,0.565857,0.225764,-0.021307,0.082568,0.013698,-0.307462,-0.54928,0.060213,0.37673,0.277467,0.10448,0.022646,0.287451,0.176894,0.077585,0.032838
Uttar Pradesh,Rice,2001,Kharif,27.1303344,80.859666,2001-07-01,2001-10-28,6,Landsat 5/7 SR,0.6,0.05,datasets\test_images\2001\rgb\uttar_pradesh_2001_rice_kharif_rgb.png,datasets\test_images\2001\ndvi\uttar_pradesh_2001_rice_kharif_ndvi.png,0.171828,0.070141,0.031578,0.015602,0.632365,0.358962,-0.016797,0.079657,0.231393,0.106857,0.052422,0.022234,0.783486,0.483838,-0.044273,0.11341,-0.007759,-0.467128,-0.69923,0.0905,0.44724,0.308279,0.09986,0.035191,0.260625,0.104552,0.038178,0.030023
Uttar Pradesh,Rice,2002,Kharif,27.1303344,80.859666,2002-07-01,2002-10-28,3,Landsat 5/7 SR,0.6,0.05,datasets\test_images\2002\rgb\uttar_pradesh_2002_rice_rgb.png,datasets\test_images\2002\ndvi\uttar_pradesh_2002_rice_ndvi.png,0.172515,0.085208,0.047321,0.016506,0.670545,0.316361,-0.012822,0.084425,0.233428,0.12435,0.06147,0.02368,0.747645,0.436913,-0.019635,0.107264,-0.02828,-0.443254,-0.687545,0.081187,0.421583,0.308716,0.104535,0.029548,0.270827,0.130463,0.044805,0.033465
Uttar Pradesh,Rice,2002,Summer,27.1303344,80.859666,2002-03-01,2002-06-28,2,Landsat 5/7 SR,0.6,0.05,datasets\test_images\2002\rgb\uttar_pradesh_2002_rice_rgb.png,datasets\test_images\2002\ndvi\uttar_pradesh_2002_rice_ndvi.png,0.158078,0.124901,0.070518,0.009803,0.363338,0.167478,-0.006736,0.03867,0.225095,0.17376,0.096697,0.015079,0.488341,0.208233,-0.011899,0.050086,-0.030333,-0.277996,-0.474083,0.036285,0.354139,0.305643,0.134043,0.017293,0.265314,0.20116,0.09502,0.022909
Uttar Pradesh,Rice,2003,Kharif,27.1303344,80.859666,2003-07-01,2003-10-28,1,Landsat 5/7 SR,0.6,0.05,datasets\test_images\2003\rgb\uttar_pradesh_2003_rice_rgb.png,datasets\test_images\2003\ndvi\uttar_pradesh_2003_rice_ndvi.png,0.12252,0.047467,0.01637,0.011616,0.714996,0.323563,-0.09816,0.159194,0.184752,0.075164,0.033447,0.017321,0.889987,0.505445,-0.350907,0.239387,0.398233,-0.484735,-0.808716,0.220676,0.442592,0.245291,0.027727,0.079595,0.219073,0.071484,0.02121,0.025031
Uttar Pradesh,Rice,2003,Summer,27.1303344,80.859666,2003-03-01,2003-06-28,2,Landsat 5/7 SR,0.6,0.05,datasets\test_images\2003\rgb\uttar_pradesh_2003_rice_rgb.png,datasets\test_images\2003\ndvi\uttar_pradesh_2003_rice_ndvi.png,0.153856,0.077708,0.047926,0.011886,0.439355,0.201371,0.03296,0.043187,0.209159,0.110148,0.06928,0.018018,0.585585,0.315819,0.079315,0.072274,-0.118074,-0.378893,-0.565448,0.053285,0.371134,0.241776,0.098306,0.020205,0.255139,0.12863,0.067644,0.025723
Uttar Pradesh,Rice,2004,Kharif,27.1303344,80.859666,2004-07-01,2004-10-28,5,Landsat 5/7 SR,0.6,0.05,datasets\test_images\2004\rgb\uttar_pradesh_2004_rice_rgb.png,datasets\test_images\2004\ndvi\uttar_pradesh_2004_rice_ndvi.png,0.193965,0.057671,0.012465,0.015118,0.719743,0.387552,-0.056321,0.115798,0.265671,0.08743,0.021897,0.019524,0.938445,0.544684,-0.133565,0.145351,0.114681,-0.529874,-0.85167,0.114716,0.48838,0.292054,0.069912,0.047679,0.327093,0.084021,0.011667,0.027355
Uttar Pradesh,Rice,2005,Kharif,27.1303344,80.859666,2005-07-01,2005-10-28,1,Landsat 5/7 SR,0.6,0.05,datasets\test_images\2005\rgb\uttar_pradesh_2005_rice_rgb.png,datasets\test_images\2005\ndvi\uttar_pradesh_2005_rice_ndvi.png,0.266703,0.062127,0.02154,0.017681,0.770218,0.30548,-0.062463,0.116275,0.306385,0.092855,0.032595,0.025296,0.817879,0.466292,-0.137365,0.169334,0.109348,-0.482182,-0.741865,0.121292,0.49289,0.265644,0.05531,0.036802,0.32932,0.098707,0.026627,0.038939
Uttar Pradesh,Rice,2006,Kharif,27.1303344,80.859666,2006-07-01,2006-10-28,5,Landsat 5/7 SR,0.6,0.05,datasets\test_images\2006\rgb\uttar_pradesh_2006_rice_kharif_rgb.png,datasets\test_images\2006\ndvi\uttar_pradesh_2006_rice_kharif_ndvi.png,0.179308,0.065611,0.02495,0.018751,0.689567,0.349652,-0.077003,0.113365,0.244675,0.099554,0.040818,0.025435,0.843959,0.488055,-0.146702,0.155513,0.148389,-0.489254,-0.756313,0.11668,0.472925,0.296804,0.071122,0.037177,0.280728,0.102178,0.0299,0.037392
Uttar Pradesh,Rice,2007,Kharif,27.1303344,80.859666,2007-07-01,2007-10-28,4,Landsat 5/7 SR,0.6,0.05,datasets\test_images\2007\rgb\uttar_pradesh_2007_rice_kharif_rgb.png,datasets\test_images\2007\ndvi\uttar_pradesh_2007_rice_kharif_ndvi.png,0.202985,0.058263,0.02066,0.014123,0.707809,0.401216,-0.012303,0.1011,0.224875,0.087763,0.040047,0.018712,0.855186,0.569173,-0.026152,0.132446,0.00106,-0.543536,-0.789275,0.098715,0.46385,0.299027,0.094882,0.039689,0.237855,0.082652,0.026641,0.027421
Uttar Pradesh,Rice,2008,Kharif,27.1303344,80.859666,2008-07-01,2008-10-28,5,Landsat 5/7 SR,0.6,0.05,datasets\test_images\2008\rgb\uttar_pradesh_2008_rice_kharif_rgb.png,datasets\test_images\2008\ndvi\uttar_pradesh_2008_rice_kharif_ndvi.png,0.150983,0.060296,0.024702,0.015464,0.645835,0.28461,-0.059781,0.124213,0.212527,0.089224,0.03958,0.023976,0.848716,0.448262,-0.170967,0.181388,0.206581,-0.451454,-0.775811,0.153971,0.398318,0.243935,0.05509,0.051949,0.25122,0.091237,0.028442,0.033174
Uttar Pradesh,Rice,2009,Kharif,27.1303344,80.859666,2009-07-01,2009-10-28,10,Landsat 5/7 SR,0.6,0.05,datasets\test_images\2009\rgb\uttar_pradesh_2009_rice_kharif_rgb.png,datasets\test_images\2009\ndvi\uttar_pradesh_2009_rice_kharif_ndvi.png,0.164898,0.067357,0.041807,0.011142,0.714788,0.384957,-0.039162,0.091416,0.230664,0.101738,0.05927,0.017066,0.749322,0.506863,-0.090399,0.11052,0.057199,-0.479919,-0.678718,0.090075,0.45252,0.31309,0.09502,0.036529,0.248553,0.095713,0.049783,0.022375
Uttar Pradesh,Rice,2010,Kharif,27.1303344,80.859666,2010-07-01,2010-10-28,6,Landsat 5/7 SR,0.6,0.05,datasets\test_images\2010\rgb\uttar_pradesh_2010_rice_kharif_rgb.png,datasets\test_images\2010\ndvi\uttar_pradesh_2010_rice_kharif_ndvi.png,0.202738,0.089468,0.024345,0.03857,0.733246,0.363359,-0.103725,0.112097,0.270168,0.121889,0.037683,0.040264,0.858419,0.452107,-0.465007,0.185981,0.473091,-0.437398,-0.79901,0.157526,0.466737,0.304507,0.04871,0.038944,0.313398,0.114664,0.029817,0.043419
Uttar Pradesh,Rice,2011,Kharif,27.1303344,80.859666,2011-07-01,2011-10-28,5,Landsat 5/7 SR,0.6,0.05,datasets\test_images\2011\rgb\uttar_pradesh_2011_rice_kharif_rgb.png,datasets\test_images\2011\ndvi\uttar_pradesh_2011_rice_kharif_ndvi.png,0.837176,0.068645,0.02528,0.017936,0.698737,0.377205,-0.044851,0.105431,0.275076,0.098764,0.046868,0.022258,0.854541,0.522492,-0.120251,0.142097,0.110749,-0.498209,-0.773002,0.112046,0.44592,0.298052,0.082508,0.035917,0.285705,0.093872,0.029845,0.03082
Uttar Pradesh,Rice,2012,Kharif,27.1303344,80.859666,2012-07-01,2012-10-28,5,Landsat 5/7 SR,0.6,0.05,datasets\test_images\2012\rgb\uttar_pradesh_2012_rice_kharif_rgb.png,datasets\test_images\2012\ndvi\uttar_pradesh_2012_rice_kharif_ndvi.png,0.174825,0.061762,0.019367,0.017942,0.776334,0.392808,-0.020338,0.112743,0.230884,0.089488,0.035812,0.021273,0.887318,0.55236,-0.04248,0.14832,0.04451,-0.535144,-0.812831,0.11297,0.519166,0.298802,0.057221,0.039006,0.276575,0.086035,0.02297,0.030545
Uttar Pradesh,Rice,2013,Kharif,27.1303344,80.859666,2013-07-01,2013-10-28,6,Landsat 8 SR,0.6,0.05,datasets\test_images\2013\rgb\uttar_pradesh_2013_rice_kharif_rgb.png,datasets\test_images\2013\ndvi\uttar_pradesh_2013_rice_kharif_ndvi.png,0.142458,0.047417,0.012534,0.014421,0.730741,0.410024,-0.035887,0.090705,0.216707,0.088313,0.04805,0.018208,0.842603,0.601262,-0.093375,0.125511,0.1262,-0.550619,-0.754913,0.093289,0.493632,0.311761,0.079703,0.041752,0.246627,0.077019,0.024373,0.026215
Uttar Pradesh,Rice,2014,Kharif,27.1303344,80.859666,2014-07-01,2014-10-28,8,Landsat 8 SR,0.6,0.05,datasets\test_images\2014\rgb\uttar_pradesh_2014_rice_kharif_rgb.png,datasets\test_images\2014\ndvi\uttar_pradesh_2014_rice_kharif_ndvi.png,0.14419,0.044285,0.015022,0.013096,0.777348,0.406847,-0.041589,0.092685,0.215222,0.078859,0.0365,0.016976,0.851847,0.611542,-0.171979,0.125901,0.231304,-0.577071,-0.769139,0.096657,0.531706,0.300762,0.042797,0.03687,0.261134,0.071379,0.020852,0.024728
Uttar Pradesh,Rice,2015,Kharif,27.1303344,80.859666,2015-07-01,2015-10-28,7,Landsat 8 SR,0.6,0.05,datasets\test_images\2015\rgb\uttar_pradesh_2015_rice_kharif_rgb.png,datasets\test_images\2015\ndvi\uttar_pradesh_2015_rice_kharif_ndvi.png,0.143502,0.045942,0.020028,0.013449,0.692623,0.430951,0.022973,0.082548,0.22328,0.084522,0.047115,0.017511,0.83365,0.622489,0.071064,0.112166,0.005847,-0.577421,-0.749496,0.084522,0.468772,0.321697,0.081242,0.036257,0.265877,0.074489,0.029075,0.024909
Uttar Pradesh,Rice,2016,Kharif,27.1303344,80.859666,2016-07-01,2016-10-28,7,Landsat 8 SR,0.6,0.05,datasets\test_images\2016\rgb\uttar_pradesh_2016_rice_kharif_rgb.png,datasets\test_images\2016\ndvi\uttar_pradesh_2016_rice_kharif_ndvi.png,0.169737,0.046513,-0.038781,0.015817,0.786469,0.428148,-0.062501,0.111336,0.249914,0.083424,0.027837,0.020451,0.923774,0.617753,-0.203968,0.144623,0.288551,-0.57644,-0.809247,0.110155,0.52292,0.320339,0.046675,0.049277,0.294863,0.07423,0.011447,0.029428
Uttar Pradesh,Rice,2017,Kharif,27.1303344,80.859666,2017-07-01,2017-10-28,5,Sentinel-2 SR,0.6,0.05,datasets\test_images\2017\rgb\uttar_pradesh_2017_rice_kharif_rgb.png,datasets\test_images\2017\ndvi\uttar_pradesh_2017_rice_kharif_ndvi.png,0.3101,0.050891,0.0051,0.024497,1.279893,0.459373,-0.285365,0.137611,0.3432,0.085167,0.0176,0.027628,0.915633,0.631895,-0.492419,0.172474,0.527017,-0.58535,-0.839317,0.135253,0.6507,0.328389,0.0108,0.056989,0.3678,0.074413,0.0116,0.038546
Uttar Pradesh,Rice,2018,Kharif,27.1303344,80.859666,2018-07-01,2018-10-28,7,Sentinel-2 SR,0.6,0.05,datasets\test_images\2018\rgb\uttar_pradesh_2018_rice_kharif_rgb.png,datasets\test_images\2018\ndvi\uttar_pradesh_2018_rice_kharif_ndvi.png,0.2776,0.054958,0.0133,0.024791,0.854469,0.343886,-0.347395,0.130416,0.3127,0.089188,0.0235,0.03098,0.892761,0.523921,-0.359923,0.197323,0.434701,-0.52165,-0.821675,0.150923,0.5791,0.286601,0.031,0.04856,0.337,0.090718,0.01935,0.045839
Uttar Pradesh,Rice,2019,Kharif,27.1303344,80.859666,2019-07-01,2019-10-28,24,Sentinel-2 SR,0.6,0.05,datasets\test_images\2019\rgb\uttar_pradesh_2019_rice_kharif_rgb.png,datasets\test_images\2019\ndvi\uttar_pradesh_2019_rice_kharif_ndvi.png,0.3671,0.065961,0.0217,0.019961,0.873313,0.446064,-0.429359,0.125931,0.3629,0.093369,0.0328,0.02383,0.889285,0.59225,-0.265487,0.158433,0.365344,-0.532924,-0.801927,0.127479,0.5491,0.308463,0.0369,0.047314,0.32865,0.07915,0.0212,0.031991
Uttarakhand,Maize,2000,Kharif,30.0417376,79.089691,2000-07-01,2000-10-28,8,Landsat 5/7 SR,0.6,0.05,datasets\test_images\2000\rgb\uttarakhand_2000_maize_kharif_rgb.png,datasets\test_images\2000\ndvi\uttarakhand_2000_maize_kharif_ndvi.png,0.821034,0.03111,-0.033859,0.021464,0.719236,0.38218,0.101503,0.076683,0.257449,0.050443,0.00658,0.023834,0.942171,0.704122,0.163238,0.123698,-0.248082,-0.666441,-0.856527,0.09186,0.485327,0.243355,0.050167,0.053842,0.255359,0.045153,0.00317,0.027983
Uttarakhand,Maize,2000,Rabi,30.0417376,79.089691,2000-11-01,2001-04-28,11,Landsat 5/7 SR,0.6,0.05,datasets\test_images\2000\rgb\uttarakhand_2000_maize_rabi_rgb.png,datasets\test_images\2000\ndvi\uttarakhand_2000_maize_rabi_ndvi.png,0.123262,0.038159,0.00394,0.018429,0.561143,0.232524,0.024141,0.080857,0.172831,0.053643,0.005617,0.02821,0.821268,0.530188,0.137514,0.160636,-0.1862,-0.550069,-0.784583,0.110451,0.369965,0.17656,0.015091,0.066295,0.214893,0.060203,0.003844,0.039903
Uttarakhand,Maize,2001,Kharif,30.0417376,79.089691,2001-07-01,2001-10-28,6,Landsat 5/7 SR,0.6,0.05,datasets\test_images\2001\rgb\uttarakhand_2001_maize_kharif_rgb.png,datasets\test_images\2001\ndvi\uttarakhand_2001_maize_kharif_ndvi.png,0.169586,0.030527,0.003637,0.014098,0.701465,0.367182,0.085631,0.075898,0.199809,0.048794,0.008532,0.021241,0.959619,0.690956,0.152573,0.125599,-0.253844,-0.658173,-0.860959,0.088824,0.45835,0.231652,0.043622,0.051957,0.216213,0.045054,0.002345,0.027035
Uttarakhand,Maize,2001,Rabi,30.0417376,79.089691,2001-11-01,2002-04-28,5,Landsat 5/7 SR,0.6,0.05,datasets\test_images\2001\rgb\uttarakhand_2001_maize_rabi_rgb.png,datasets\test_images\2001\ndvi\uttarakhand_2001_maize_rabi_ndvi.png,0.124995,0.037648,0.003665,0.018037,0.546733,0.218036,0.015238,0.082694,0.176681,0.051444,0.005521,0.02774,0.864988,0.521125,0.093676,0.152797,0.027885,-0.545085,-0.791184,0.107238,0.354758,0.167217,0.011984,0.068605,0.223569,0.05831,0.00174,0.039028
Uttarakhand,Maize,2002,Kharif,30.0417376,79.089691,2002-07-01,2002-10-28,5,Landsat 5/7 SR,0.6,0.05,datasets\test_images\2002\rgb\uttarakhand_2002_maize_rgb.png,datasets\test_images\2002\ndvi\uttarakhand_2002_maize_ndvi.png,0.118601,0.028835,9e-05,0.015452,0.630488,0.35113,0.075713,0.083067,0.162271,0.047165,0.005301,0.023239,0.97586,0.685225,0.180102,0.152342,-0.250597,-0.663271,-0.85966,0.105407,0.425061,0.226775,0.047486,0.05344,0.197911,0.045578,0.001451,0.031298
Uttarakhand,Maize,2002,Rabi,30.0417376,79.089691,2002-11-01,2003-04-28,8,Landsat 5/7 SR,0.6,0.05,datasets\test_images\2002\rgb\uttarakhand_2002_maize_rgb.png,datasets\test_images\2002\ndvi\uttarakhand_2002_maize_ndvi.png,0.130756,0.034769,0.004875,0.018458,0.520479,0.231422,0.020199,0.083407,0.180119,0.049743,0.005397,0.028326,0.851929,0.546875,0.114365,0.160975,-0.092866,-0.571105,-0.810659,0.109792,0.364176,0.175859,0.01494,0.069602,0.220434,0.057008,0.00262,0.039861
Uttarakhand,Maize,2003,Kharif,30.0417376,79.089691,2003-07-01,2003-10-28,2,Landsat 5/7 SR,0.6,0.05,datasets\test_images\2003\rgb\uttarakhand_2003_maize_rgb.png,datasets\test_images\2003\ndvi\uttarakhand_2003_maize_ndvi.png,0.106158,0.025393,0.002757,0.014077,0.61394,0.333609,0.077707,0.073322,0.166602,0.043384,0.00471,0.021802,0.965922,0.699381,0.122962,0.138153,-0.211408,-0.673441,-0.858961,0.0938,0.426766,0.211318,0.03298,0.054194,0.197815,0.041395,0.001162,0.028766
Uttarakhand,Maize,2003,Summer,30.0417376,79.089691,2003-03-01,2003-06-28,3,Landsat 5/7 SR,0.6,0.05,datasets\test_images\2003\rgb\uttarakhand_2003_maize_rgb.png,datasets\test_images\2003\ndvi\uttarakhand_2003_maize_ndvi.png,0.120183,0.037874,0.007185,0.018242,0.516744,0.270612,0.067987,0.066457,0.166355,0.058224,0.011118,0.024966,0.847103,0.553317,0.128928,0.159115,-0.23829,-0.58197,-0.787152,0.106344,0.36012,0.207842,0.039525,0.039423,0.208842,0.063965,0.006552,0.036503
Uttarakhand,Maize,2004,Kharif,30.0417376,79.089691,2004-07-01,2004-10-28,4,Landsat 5/7 SR,0.6,0.05,datasets\test_images\2004\rgb\uttarakhand_2004_maize_rgb.png,datasets\test_images\2004\ndvi\uttarakhand_2004_maize_ndvi.png,0.474905,0.031265,-0.005933,0.020265,0.792865,0.323437,0.044231,0.098564,0.480048,0.047356,-0.001202,0.026836,1.144245,0.666375,0.072158,0.138324,-0.076328,-0.644655,-1.028858,0.101592,0.559385,0.209423,0.025252,0.072519,0.48409,0.04572,-0.004007,0.031191
Uttarakhand,Maize,2005,Kharif,30.0417376,79.089691,2005-07-01,2005-10-28,8,Landsat 5/7 SR,0.6,0.05,datasets\test_images\2005\rgb\uttarakhand_2005_maize_rgb.png,datasets\test_images\2005\ndvi\uttarakhand_2005_maize_ndvi.png,0.327697,0.028788,-0.006565,0.021187,0.825958,0.359429,0.027955,0.089196,0.32987,0.046613,-0.003265,0.026529,1.908105,0.707103,0.167516,0.133738,-0.225916,-0.671789,-1.219754,0.096566,0.539283,0.226012,0.015985,0.066713,0.326212,0.041828,-0.004833,0.029678
Uttarakhand,Maize,2005,Summer,30.0417376,79.089691,2005-03-01,2005-06-28,10,Landsat 5/7 SR,0.6,0.05,datasets\test_images\2005\rgb\uttarakhand_2005_maize_rgb.png,datasets\test_images\2005\ndvi\uttarakhand_2005_maize_ndvi.png,0.130578,0.046106,0.01439,0.018495,0.584466,0.300689,0.084128,0.084945,0.17301,0.070354,0.023053,0.024426,0.831827,0.535314,0.145298,0.15247,-0.21897,-0.545347,-0.764231,0.102726,0.379315,0.234114,0.074065,0.038459,0.210355,0.073249,0.018405,0.035801
Uttarakhand,Maize,2006,Kharif,30.0417376,79.089691,2006-07-01,2006-10-28,10,Landsat 5/7 SR,0.6,0.05,datasets\test_images\2006\rgb\uttarakhand_2006_maize_kharif_rgb.png,datasets\test_images\2006\ndvi\uttarakhand_2006_maize_kharif_ndvi.png,0.217285,0.02883,-0.002248,0.014664,0.73054,0.333566,0.041934,0.086704,0.230127,0.045886,0.000915,0.021978,1.268779,0.68402,0.196762,0.13762,-0.21106,-0.653713,-0.963031,0.094294,0.50862,0.212882,0.025418,0.059569,0.232575,0.042901,-0.002413,0.028287
Uttarakhand,Maize,2006,Rabi,30.0417376,79.089691,2006-11-01,2007-04-28,15,Landsat 5/7 SR,0.6,0.05,datasets\test_images\2006\rgb\uttarakhand_2006_maize_rabi_rgb.png,datasets\test_images\2006\ndvi\uttarakhand_2006_maize_rabi_ndvi.png,0.11482,0.036503,0.004435,0.017167,0.547724,0.236472,0.034496,0.071272,0.16872,0.052137,0.006525,0.025942,0.835272,0.536096,0.111439,0.144443,-0.1741,-0.556235,-0.790621,0.09747,0.42634,0.178765,0.02253,0.059481,0.211524,0.058182,0.00493,0.036026
Uttarakhand,Maize,2007,Kharif,30.0417376,79.089691,2007-07-01,2007-10-28,4,Landsat 5/7 SR,0.6,0.05,datasets\test_images\2007\rgb\uttarakhand_2007_maize_kharif_rgb.png,datasets\test_images\2007\ndvi\uttarakhand_2007_maize_kharif_ndvi.png,0.3016,0.029929,-0.002523,0.019674,0.8102,0.351722,0.067533,0.095322,0.33636,0.04644,0.002235,0.02507,1.004369,0.697647,0.173712,0.143257,-0.177966,-0.665018,-0.888829,0.106005,0.546323,0.22034,0.031481,0.063646,0.339303,0.042678,0.000172,0.029544
Uttarakhand,Maize,2008,Kharif,30.0417376,79.089691,2008-07-01,2008-10-28,12,Landsat 5/7 SR,0.6,0.05,datasets\test_images\2008\rgb\uttarakhand_2008_maize_kharif_rgb.png,datasets\test_images\2008\ndvi\uttarakhand_2008_maize_kharif_ndvi.png,0.18137,0.031765,-0.026764,0.016757,0.606597,0.297204,-0.026263,0.074471,0.212335,0.048622,-0.005933,0.024281,1.059347,0.630146,0.082086,0.154758,-0.169115,-0.621071,-1.143228,0.115325,0.409895,0.198201,0.029542,0.052921,0.346783,0.049053,-0.001849,0.031433
Uttarakhand,Maize,2009,Kharif,30.0417376,79.089691,2009-07-01,2009-10-28,21,Landsat 5/7 SR,0.6,0.05,datasets\test_images\2009\rgb\uttarakhand_2009_maize_kharif_rgb.png,datasets\test_images\2009\ndvi\uttarakhand_2009_maize_kharif_ndvi.png,0.123455,0.030601,0.005315,0.014576,0.622977,0.347153,0.078487,0.068911,0.17983,0.0508,0.009289,0.022337,0.868637,0.66563,0.199475,0.120505,-0.225023,-0.632783,-0.815437,0.086966,0.417251,0.22613,0.03529,0.051549,0.212032,0.046835,0.006594,0.027623
Uttarakhand,Maize,2009,Rabi,30.0417376,79.089691,2009-11-01,2010-04-28,27,Landsat 5/7 SR,0.6,0.05,datasets\test_images\2009\rgb\uttarakhand_2009_maize_rabi_rgb.png,datasets\test_images\2009\ndvi\uttarakhand_2009_maize_rabi_ndvi.png,0.138635,0.039195,0.006951,0.018914,0.540281,0.2427,0.031096,0.077472,0.205817,0.056549,0.00834,0.028944,0.828843,0.528348,0.127021,0.151319,-0.201125,-0.543486,-0.788999,0.10402,0.377473,0.18656,0.020674,0.063449,0.253283,0.061969,0.006635,0.039813
Uttarakhand,Rice,1997,Kharif,30.0417376,79.089691,1997-07-01,1997-10-28,9,Landsat 5/7 SR,0.6,0.05,datasets\test_images\1997\rgb\uttarakhand_1997_rice_kharif_rgb.png,datasets\test_images\1997\ndvi\uttarakhand_1997_rice_kharif_ndvi.png,0.205886,0.033279,0.004174,0.013369,0.740049,0.372828,0.069609,0.0825,0.230251,0.050272,0.005343,0.020038,0.913238,0.687048,0.190016,0.104538,-0.202096,-0.657454,-0.85566,0.079088,0.502652,0.239851,0.046593,0.060176,0.221231,0.046157,0.00438,0.023257
Uttarakhand,Rice,1998,Kharif,30.0417376,79.089691,1998-07-01,1998-10-28,8,Landsat 5/7 SR,0.6,0.05,datasets\test_images\1998\rgb\uttarakhand_1998_rice_kharif_rgb.png,datasets\test_images\1998\ndvi\uttarakhand_1998_rice_kharif_ndvi.png,0.153677,0.028322,-0.004805,0.014709,0.735153,0.318851,0.03588,0.086391,0.170274,0.046619,0.001768,0.022528,0.907371,0.667102,0.164141,0.13041,-0.178425,-0.637258,-0.923373,0.099994,0.466985,0.205456,0.033502,0.060891,0.189785,0.043442,0.002785,0.02691
Uttarakhand,Rice,1999,Kharif,30.0417376,79.089691,1999-07-01,1999-10-28,4,Landsat 5/7 SR,0.6,0.05,datasets\test_images\1999\rgb\uttarakhand_1999_rice_kharif_rgb.png,datasets\test_images\1999\ndvi\uttarakhand_1999_rice_kharif_ndvi.png,0.11229,0.027125,0.001671,0.014791,0.665824,0.307582,0.061282,0.080531,0.1586,0.044172,0.003802,0.022716,0.998041,0.66772,0.140993,0.152338,-0.205887,-0.652989,-0.875719,0.101987,0.478617,0.200771,0.027535,0.056246,0.196495,0.044446,6.2e-05,0.031106
Uttarakhand,Rice,2000,Kharif,30.0417376,79.089691,2000-07-01,2000-10-28,8,Landsat 5/7 SR,0.6,0.05,datasets\test_images\2000\rgb\uttarakhand_2000_rice_kharif_rgb.png,datasets\test_images\2000\ndvi\uttarakhand_2000_rice_kharif_ndvi.png,0.821034,0.03111,-0.033859,0.021464,0.719236,0.38218,0.101503,0.076683,0.257449,0.050443,0.00658,0.023834,0.942171,0.704122,0.163238,0.123698,-0.248082,-0.666441,-0.856527,0.09186,0.485327,0.243355,0.050167,0.053842,0.255359,0.045153,0.00317,0.027983
Uttarakhand,Rice,2000,Rabi,30.0417376,79.089691,2000-11-01,2001-04-28,11,Landsat 5/7 SR,0.6,0.05,datasets\test_images\2000\rgb\uttarakhand_2000_rice_rabi_rgb.png,datasets\test_images\2000\ndvi\uttarakhand_2000_rice_rabi_ndvi.png,0.123262,0.038159,0.00394,0.018429,0.561143,0.232524,0.024141,0.080857,0.172831,0.053643,0.005617,0.02821,0.821268,0.530188,0.137514,0.160636,-0.1862,-0.550069,-0.784583,0.110451,0.369965,0.17656,0.015091,0.066295,0.214893,0.060203,0.003844,0.039903
Uttarakhand,Rice,2001,Kharif,30.0417376,79.089691,2001-07-01,2001-10-28,6,Landsat 5/7 SR,0.6,0.05,datasets\test_images\2001\rgb\uttarakhand_2001_rice_kharif_rgb.png,datasets\test_images\2001\ndvi\uttarakhand_2001_rice_kharif_ndvi.png,0.169586,0.030527,0.003637,0.014098,0.701465,0.367182,0.085631,0.075898,0.199809,0.048794,0.008532,0.021241,0.959619,0.690956,0.152573,0.125599,-0.253844,-0.658173,-0.860959,0.088824,0.45835,0.231652,0.043622,0.051957,0.216213,0.045054,0.002345,0.027035
Uttarakhand,Rice,2001,Rabi,30.0417376,79.089691,2001-11-01,2002-04-28,5,Landsat 5/7 SR,0.6,0.05,datasets\test_images\2001\rgb\uttarakhand_2001_rice_rabi_rgb.png,datasets\test_images\2001\ndvi\uttarakhand_2001_rice_rabi_ndvi.png,0.124995,0.037648,0.003665,0.018037,0.546733,0.218036,0.015238,0.082694,0.176681,0.051444,0.005521,0.02774,0.864988,0.521125,0.093676,0.152797,0.027885,-0.545085,-0.791184,0.107238,0.354758,0.167217,0.011984,0.068605,0.223569,0.05831,0.00174,0.039028
Uttarakhand,Rice,2002,Kharif,30.0417376,79.089691,2002-07-01,2002-10-28,5,Landsat 5/7 SR,0.6,0.05,datasets\test_images\2002\rgb\uttarakhand_2002_rice_rgb.png,datasets\test_images\2002\ndvi\uttarakhand_2002_rice_ndvi.png,0.118601,0.028835,9e-05,0.015452,0.630488,0.35113,0.075713,0.083067,0.162271,0.047165,0.005301,0.023239,0.97586,0.685225,0.180102,0.152342,-0.250597,-0.663271,-0.85966,0.105407,0.425061,0.226775,0.047486,0.05344,0.197911,0.045578,0.001451,0.031298
Uttarakhand,Rice,2002,Rabi,30.0417376,79.089691,2002-11-01,2003-04-28,8,Landsat 5/7 SR,0.6,0.05,datasets\test_images\2002\rgb\uttarakhand_2002_rice_rgb.png,datasets\test_images\2002\ndvi\uttarakhand_2002_rice_ndvi.png,0.130756,0.034769,0.004875,0.018458,0.520479,0.231422,0.020199,0.083407,0.180119,0.049743,0.005397,0.028326,0.851929,0.546875,0.114365,0.160975,-0.092866,-0.571105,-0.810659,0.109792,0.364176,0.175859,0.01494,0.069602,0.220434,0.057008,0.00262,0.039861
Uttarakhand,Rice,2003,Kharif,30.0417376,79.089691,2003-07-01,2003-10-28,2,Landsat 5/7 SR,0.6,0.05,datasets\test_images\2003\rgb\uttarakhand_2003_rice_rgb.png,datasets\test_images\2003\ndvi\uttarakhand_2003_rice_ndvi.png,0.106158,0.025393,0.002757,0.014077,0.61394,0.333609,0.077707,0.073322,0.166602,0.043384,0.00471,0.021802,0.965922,0.699381,0.122962,0.138153,-0.211408,-0.673441,-0.858961,0.0938,0.426766,0.211318,0.03298,0.054194,0.197815,0.041395,0.001162,0.028766
Uttarakhand,Rice,2003,Summer,30.0417376,79.089691,2003-03-01,2003-06-28,3,Landsat 5/7 SR,0.6,0.05,datasets\test_images\2003\rgb\uttarakhand_2003_rice_rgb.png,datasets\test_images\2003\ndvi\uttarakhand_2003_rice_ndvi.png,0.120183,0.037874,0.007185,0.018242,0.516744,0.270612,0.067987,0.066457,0.166355,0.058224,0.011118,0.024966,0.847103,0.553317,0.128928,0.159115,-0.23829,-0.58197,-0.787152,0.106344,0.36012,0.207842,0.039525,0.039423,0.208842,0.063965,0.006552,0.036503
Uttarakhand,Rice,2004,Kharif,30.0417376,79.089691,2004-07-01,2004-10-28,4,Landsat 5/7 SR,0.6,0.05,datasets\test_images\2004\rgb\uttarakhand_2004_rice_rgb.png,datasets\test_images\2004\ndvi\uttarakhand_2004_rice_ndvi.png,0.474905,0.031265,-0.005933,0.020265,0.792865,0.323437,0.044231,0.098564,0.480048,0.047356,-0.001202,0.026836,1.144245,0.666375,0.072158,0.138324,-0.076328,-0.644655,-1.028858,0.101592,0.559385,0.209423,0.025252,0.072519,0.48409,0.04572,-0.004007,0.031191
Uttarakhand,Rice,2004,Summer,30.0417376,79.089691,2004-03-01,2004-06-28,12,Landsat 5/7 SR,0.6,0.05,datasets\test_images\2004\rgb\uttarakhand_2004_rice_rgb.png,datasets\test_images\2004\ndvi\uttarakhand_2004_rice_ndvi.png,0.138663,0.048919,0.012561,0.019989,0.587879,0.287685,0.081352,0.085407,0.179527,0.073433,0.022283,0.027162,0.83202,0.507331,0.132677,0.166515,-0.205522,-0.535326,-0.757948,0.110733,0.36738,0.242228,0.103847,0.033812,0.22449,0.080533,0.016177,0.041638
Uttarakhand,Rice,2005,Kharif,30.0417376,79.089691,2005-07-01,2005-10-28,8,Landsat 5/7 SR,0.6,0.05,datasets\test_images\2005\rgb\uttarakhand_2005_rice_rgb.png,datasets\test_images\2005\ndvi\uttarakhand_2005_rice_ndvi.png,0.327697,0.028788,-0.006565,0.021187,0.825958,0.359429,0.027955,0.089196,0.32987,0.046613,-0.003265,0.026529,1.908105,0.707103,0.167516,0.133738,-0.225916,-0.671789,-1.219754,0.096566,0.539283,0.226012,0.015985,0.066713,0.326212,0.041828,-0.004833,0.029678
Uttarakhand,Rice,2005,Summer,30.0417376,79.089691,2005-03-01,2005-06-28,10,Landsat 5/7 SR,0.6,0.05,datasets\test_images\2005\rgb\uttarakhand_2005_rice_rgb.png,datasets\test_images\2005\ndvi\uttarakhand_2005_rice_ndvi.png,0.130578,0.046106,0.01439,0.018495,0.584466,0.300689,0.084128,0.084945,0.17301,0.070354,0.023053,0.024426,0.831827,0.535314,0.145298,0.15247,-0.21897,-0.545347,-0.764231,0.102726,0.379315,0.234114,0.074065,0.038459,0.210355,0.073249,0.018405,0.035801
Uttarakhand,Rice,2006,Kharif,30.0417376,79.089691,2006-07-01,2006-10-28,10,Landsat 5/7 SR,0.6,0.05,datasets\test_images\2006\rgb\uttarakhand_2006_rice_kharif_rgb.png,datasets\test_images\2006\ndvi\uttarakhand_2006_rice_kharif_ndvi.png,0.217285,0.02883,-0.002248,0.014664,0.73054,0.333566,0.041934,0.086704,0.230127,0.045886,0.000915,0.021978,1.268779,0.68402,0.196762,0.13762,-0.21106,-0.653713,-0.963031,0.094294,0.50862,0.212882,0.025418,0.059569,0.232575,0.042901,-0.002413,0.028287
Uttarakhand,Rice,2006,Rabi,30.0417376,79.089691,2006-11-01,2007-04-28,15,Landsat 5/7 SR,0.6,0.05,datasets\test_images\2006\rgb\uttarakhand_2006_rice_rabi_rgb.png,datasets\test_images\2006\ndvi\uttarakhand_2006_rice_rabi_ndvi.png,0.11482,0.036503,0.004435,0.017167,0.547724,0.236472,0.034496,0.071272,0.16872,0.052137,0.006525,0.025942,0.835272,0.536096,0.111439,0.144443,-0.1741,-0.556235,-0.790621,0.09747,0.42634,0.178765,0.02253,0.059481,0.211524,0.058182,0.00493,0.036026
Uttarakhand,Rice,2007,Kharif,30.0417376,79.089691,2007-07-01,2007-10-28,4,Landsat 5/7 SR,0.6,0.05,datasets\test_images\2007\rgb\uttarakhand_2007_rice_kharif_rgb.png,datasets\test_images\2007\ndvi\uttarakhand_2007_rice_kharif_ndvi.png,0.3016,0.029929,-0.002523,0.019674,0.8102,0.351722,0.067533,0.095322,0.33636,0.04644,0.002235,0.02507,1.004369,0.697647,0.173712,0.143257,-0.177966,-0.665018,-0.888829,0.106005,0.546323,0.22034,0.031481,0.063646,0.339303,0.042678,0.000172,0.029544
Uttarakhand,Rice,2008,Kharif,30.0417376,79.089691,2008-07-01,2008-10-28,12,Landsat 5/7 SR,0.6,0.05,datasets\test_images\2008\rgb\uttarakhand_2008_rice_kharif_rgb.png,datasets\test_images\2008\ndvi\uttarakhand_2008_rice_kharif_ndvi.png,0.18137,0.031765,-0.026764,0.016757,0.606597,0.297204,-0.026263,0.074471,0.212335,0.048622,-0.005933,0.024281,1.059347,0.630146,0.082086,0.154758,-0.169115,-0.621071,-1.143228,0.115325,0.409895,0.198201,0.029542,0.052921,0.346783,0.049053,-0.001849,0.031433
Uttarakhand,Rice,2009,Kharif,30.0417376,79.089691,2009-07-01,2009-10-28,21,Landsat 5/7 SR,0.6,0.05,datasets\test_images\2009\rgb\uttarakhand_2009_rice_kharif_rgb.png,datasets\test_images\2009\ndvi\uttarakhand_2009_rice_kharif_ndvi.png,0.123455,0.030601,0.005315,0.014576,0.622977,0.347153,0.078487,0.068911,0.17983,0.0508,0.009289,0.022337,0.868637,0.66563,0.199475,0.120505,-0.225023,-0.632783,-0.815437,0.086966,0.417251,0.22613,0.03529,0.051549,0.212032,0.046835,0.006594,0.027623
Uttarakhand,Rice,2009,Rabi,30.0417376,79.089691,2009-11-01,2010-04-28,27,Landsat 5/7 SR,0.6,0.05,datasets\test_images\2009\rgb\uttarakhand_2009_rice_rabi_rgb.png,datasets\test_images\2009\ndvi\uttarakhand_2009_rice_rabi_ndvi.png,0.138635,0.039195,0.006951,0.018914,0.540281,0.2427,0.031096,0.077472,0.205817,0.056549,0.00834,0.028944,0.828843,0.528348,0.127021,0.151319,-0.201125,-0.543486,-0.788999,0.10402,0.377473,0.18656,0.020674,0.063449,0.253283,0.061969,0.006635,0.039813
Uttarakhand,Rice,2010,Kharif,30.0417376,79.089691,2010-07-01,2010-10-28,14,Landsat 5/7 SR,0.6,0.05,datasets\test_images\2010\rgb\uttarakhand_2010_rice_kharif_rgb.png,datasets\test_images\2010\ndvi\uttarakhand_2010_rice_kharif_ndvi.png,0.115934,0.027953,0.003225,0.01287,0.639444,0.330313,0.06783,0.070152,0.167785,0.045451,0.005975,0.020265,0.903617,0.680415,0.103947,0.11726,-0.173958,-0.654667,-0.853835,0.082133,0.438138,0.211306,0.0376,0.054976,0.19611,0.042734,0.003912,0.025182
Uttarakhand,Rice,2011,Kharif,30.0417376,79.089691,2011-07-01,2011-10-28,16,Landsat 5/7 SR,0.6,0.05,datasets\test_images\2011\rgb\uttarakhand_2011_rice_kharif_rgb.png,datasets\test_images\2011\ndvi\uttarakhand_2011_rice_kharif_ndvi.png,0.118422,0.029669,0.003225,0.012456,0.691072,0.362363,0.085864,0.07292,0.15156,0.047556,0.00702,0.019992,0.901058,0.694435,0.158639,0.110611,-0.22273,-0.66244,-0.851689,0.080948,0.450815,0.227488,0.041972,0.054426,0.178042,0.043258,0.00515,0.023896
Uttarakhand,Rice,2012,Kharif,30.0417376,79.089691,2012-07-01,2012-10-28,10,Landsat 5/7 SR,0.6,0.05,datasets\test_images\2012\rgb\uttarakhand_2012_rice_kharif_rgb.png,datasets\test_images\2012\ndvi\uttarakhand_2012_rice_kharif_ndvi.png,1.602213,0.030121,-0.002715,0.025322,3.172903,0.344825,-0.010777,0.089429,0.617438,0.048138,-0.000295,0.026383,1.061714,0.69088,-0.413763,0.129995,-0.03185,-0.656752,-1.009395,0.089096,0.66438,0.223215,0.031523,0.066281,1.602213,0.043986,-0.001587,0.031897
Uttarakhand,Rice,2013,Kharif,30.0417376,79.089691,2013-07-01,2013-10-28,12,Landsat 8 SR,0.6,0.05,datasets\test_images\2013\rgb\uttarakhand_2013_rice_kharif_rgb.png,datasets\test_images\2013\ndvi\uttarakhand_2013_rice_kharif_ndvi.png,0.215126,0.027346,-0.080306,0.011215,0.759444,0.416932,0.054344,0.080766,0.225081,0.046665,-0.046825,0.020193,2.790465,0.770309,0.199836,0.106801,-0.237215,-0.684902,-1.809803,0.07719,0.55911,0.247131,0.017525,0.060411,0.225631,0.0341,-0.060369,0.02176
Uttarakhand,Rice,2014,Kharif,30.0417376,79.089691,2014-07-01,2014-10-28,13,Landsat 8 SR,0.6,0.05,datasets\test_images\2014\rgb\uttarakhand_2014_rice_kharif_rgb.png,datasets\test_images\2014\ndvi\uttarakhand_2014_rice_kharif_ndvi.png,0.199795,0.028105,-0.09088,0.011851,0.731614,0.38116,0.066115,0.073315,0.24473,0.047354,-0.009782,0.018875,1.191433,0.725908,0.233254,0.110531,-0.257559,-0.667066,-1.061176,0.07561,0.467232,0.233881,0.02825,0.052683,0.24297,0.03852,-0.009178,0.022597
Uttarakhand,Rice,2015,Kharif,30.0417376,79.089691,2015-07-01,2015-10-28,13,Landsat 8 SR,0.6,0.05,datasets\test_images\2015\rgb\uttarakhand_2015_rice_kharif_rgb.png,datasets\test_images\2015\ndvi\uttarakhand_2015_rice_kharif_ndvi.png,0.105882,0.028775,0.003912,0.013312,0.74631,0.384684,0.074152,0.077967,0.151313,0.046021,0.00768,0.021259,0.915572,0.746562,0.213688,0.118644,-0.26303,-0.670564,-0.815703,0.076726,0.46209,0.230329,0.026545,0.058096,0.176558,0.037811,0.00251,0.02453
Uttarakhand,Rice,2016,Kharif,30.0417376,79.089691,2016-07-01,2016-10-28,14,Landsat 8 SR,0.6,0.05,datasets\test_images\2016\rgb\uttarakhand_2016_rice_kharif_rgb.png,datasets\test_images\2016\ndvi\uttarakhand_2016_rice_kharif_ndvi.png,0.097027,0.028999,-0.013591,0.010881,0.797874,0.416184,0.070415,0.079601,0.150487,0.047601,0.003362,0.018862,1.27018,0.76789,0.208251,0.094727,-0.275806,-0.679078,-0.840314,0.063301,0.538183,0.247867,0.026737,0.061701,0.165626,0.034429,-0.003403,0.020588
Uttarakhand,Rice,2017,Kharif,30.0417376,79.089691,2017-07-01,2017-10-28,1,Sentinel-2 SR,0.6,0.05,datasets\test_images\2017\rgb\uttarakhand_2017_rice_kharif_rgb.png,datasets\test_images\2017\ndvi\uttarakhand_2017_rice_kharif_ndvi.png,0.3069,0.039121,0.0037,0.018056,1.837097,0.408668,0.021036,0.119067,0.3563,0.05673,0.0048,0.024287,0.947853,0.690191,0.060761,0.156035,-0.080378,-0.638874,-0.841079,0.105854,0.6531,0.253362,0.0268,0.062112,0.3816,0.048868,0.0017,0.032208
Uttarakhand,Rice,2018,Kharif,30.0417376,79.089691,2018-07-01,2018-10-28,3,Sentinel-2 SR,0.6,0.05,datasets\test_images\2018\rgb\uttarakhand_2018_rice_kharif_rgb.png,datasets\test_images\2018\ndvi\uttarakhand_2018_rice_kharif_ndvi.png,0.2831,0.032785,0.004,0.017204,0.868148,0.398642,0.055831,0.102247,0.309,0.054975,0.0082,0.023189,0.925448,0.701128,0.036494,0.164327,-0.056068,-0.658958,-0.87155,0.105397,0.6196,0.259234,0.055,0.052754,0.3309,0.048116,0.0047,0.034097
Uttarakhand,Rice,2019,Kharif,30.0417376,79.089691,2019-07-01,2019-10-28,11,Sentinel-2 SR,0.6,0.05,datasets\test_images\2019\rgb\uttarakhand_2019_rice_kharif_rgb.png,datasets\test_images\2019\ndvi\uttarakhand_2019_rice_kharif_ndvi.png,0.2001,0.041361,0.00545,0.016754,0.97536,0.45354,0.04444,0.112257,0.2337,0.062374,0.0074,0.023405,0.897738,0.714811,0.099259,0.118813,-0.106628,-0.635248,-0.814281,0.086307,0.61625,0.275993,0.0333,0.064481,0.2691,0.046982,0.0052,0.02514
West Bengal,Maize,1997,Whole Year,22.9964948,87.6855882,1997-01-01,1997-12-28,12,Landsat 5/7 SR,0.6,0.05,datasets\test_images\1997\rgb\west_bengal_1997_maize_rgb.png,datasets\test_images\1997\ndvi\west_bengal_1997_maize_ndvi.png,0.161212,0.070491,0.040034,0.01461,0.570093,0.267935,-0.074701,0.089427,0.25408,0.108448,0.057414,0.022701,0.737141,0.396564,-0.176268,0.122862,0.208891,-0.414563,-0.676808,0.094051,0.404753,0.255243,0.065265,0.035705,0.314663,0.114623,0.048682,0.033037
West Bengal,Maize,1998,Kharif,22.9964948,87.6855882,1998-07-01,1998-10-28,3,Landsat 5/7 SR,0.6,0.05,datasets\test_images\1998\rgb\west_bengal_1998_maize_rgb.png,datasets\test_images\1998\ndvi\west_bengal_1998_maize_ndvi.png,0.184395,0.038971,0.01659,0.016162,0.720448,0.419704,-0.111628,0.109663,0.65448,0.067683,0.00779,0.026858,0.966437,0.664671,-0.371918,0.161152,0.457507,-0.60746,-0.993508,0.137408,0.444174,0.278696,0.03793,0.045938,0.345737,0.056882,0.00966,0.033611
West Bengal,Maize,1999,Kharif,22.9964948,87.6855882,1999-07-01,1999-10-28,6,Landsat 5/7 SR,0.6,0.05,datasets\test_images\1999\rgb\west_bengal_1999_maize_rgb.png,datasets\test_images\1999\ndvi\west_bengal_1999_maize_ndvi.png,0.845522,0.061634,0.025363,0.019498,0.594979,0.322242,-0.125079,0.09884,0.296086,0.091138,0.043568,0.025665,0.799668,0.501956,-0.191512,0.151473,0.176794,-0.460387,-0.73831,0.129254,0.428196,0.248216,0.073171,0.035557,0.32734,0.083322,0.03078,0.032408
West Bengal,Maize,2000,Kharif,22.9964948,87.6855882,2000-07-01,2000-10-28,7,Landsat 5/7 SR,0.6,0.05,datasets\test_images\2000\rgb\west_bengal_2000_maize_kharif_rgb.png,datasets\test_images\2000\ndvi\west_bengal_2000_maize_kharif_ndvi.png,0.147366,0.04822,0.02781,0.012049,0.617983,0.386379,-0.099031,0.090101,0.231791,0.07742,0.042316,0.019165,0.800464,0.595751,-0.176386,0.127886,0.280223,-0.543455,-0.724311,0.102434,0.410596,0.261495,0.061277,0.03217,0.298988,0.067805,0.029405,0.027649
West Bengal,Maize,2001,Kharif,22.9964948,87.6855882,2001-07-01,2001-10-28,8,Landsat 5/7 SR,0.6,0.05,datasets\test_images\2001\rgb\west_bengal_2001_maize_kharif_rgb.png,datasets\test_images\2001\ndvi\west_bengal_2001_maize_kharif_ndvi.png,0.8505,0.056237,0.015985,0.026058,0.720497,0.319643,-0.157801,0.103237,0.279861,0.085399,0.035345,0.030315,0.86923,0.517856,-0.309738,0.174788,0.345905,-0.487007,-0.772798,0.14686,0.447267,0.248356,0.045657,0.039772,0.947053,0.080686,0.021155,0.039256
West Bengal,Maize,2002,Kharif,22.9964948,87.6855882,2002-07-01,2002-10-28,5,Landsat 5/7 SR,0.6,0.05,datasets\test_images\2002\rgb\west_bengal_2002_maize_kharif_rgb.png,datasets\test_images\2002\ndvi\west_bengal_2002_maize_kharif_ndvi.png,1.602213,0.072993,0.029707,0.024911,3.106438,0.326156,-0.084223,0.124219,0.390782,0.099419,0.044173,0.02587,0.834658,0.47011,-0.46615,0.144894,0.172651,-0.421963,-0.739409,0.120475,0.583392,0.24832,0.073543,0.054842,1.602213,0.08893,0.033255,0.031787
West Bengal,Maize,2003,Kharif,22.9964948,87.6855882,2003-07-01,2003-10-28,3,Landsat 5/7 SR,0.6,0.05,datasets\test_images\2003\rgb\west_bengal_2003_maize_kharif_rgb.png,datasets\test_images\2003\ndvi\west_bengal_2003_maize_kharif_ndvi.png,,,,,,,,,,,,,,,,,,,,,,,,,,,,
West Bengal,Maize,2004,Kharif,22.9964948,87.6855882,2004-07-01,2004-10-28,6,Landsat 5/7 SR,0.6,0.05,datasets\test_images\2004\rgb\west_bengal_2004_maize_rgb.png,datasets\test_images\2004\ndvi\west_bengal_2004_maize_ndvi.png,0.231942,0.044996,0.009687,0.018904,0.668025,0.414266,-0.122123,0.119095,0.28301,0.069091,0.01758,0.025851,0.935288,0.644135,-0.42664,0.176673,0.43537,-0.591401,-0.836264,0.14851,0.490168,0.271365,0.040515,0.046122,0.372688,0.059354,0.007515,0.034494
West Bengal,Maize,2005,Kharif,22.9964948,87.6855882,2005-07-01,2005-10-28,5,Landsat 5/7 SR,0.6,0.05,datasets\test_images\2005\rgb\west_bengal_2005_maize_rgb.png,datasets\test_images\2005\ndvi\west_bengal_2005_maize_ndvi.png,0.82113,0.068406,0.019092,0.036303,1.894272,0.407299,-0.123444,0.121303,0.389284,0.099868,0.040295,0.041499,0.868869,0.55269,-0.200869,0.156062,0.166746,-0.506279,-0.80553,0.133325,0.5821,0.306264,0.069734,0.055461,0.855478,0.090304,0.02616,0.04989
West Bengal,Maize,2006,Kharif,22.9964948,87.6855882,2006-07-01,2006-10-28,11,Landsat 5/7 SR,0.6,0.05,datasets\test_images\2006\rgb\west_bengal_2006_maize_kharif_rgb.png,datasets\test_images\2006\ndvi\west_bengal_2006_maize_kharif_ndvi.png,0.17345,0.047118,0.024317,0.014073,0.675253,0.428664,-0.086022,0.098501,0.26508,0.07221,0.038068,0.021311,0.825598,0.649112,-0.166679,0.141398,0.192088,-0.593158,-0.76763,0.111786,0.441245,0.280949,0.071122,0.036708,0.328358,0.06051,0.02616,0.030811
West Bengal,Maize,2007,Kharif,22.9964948,87.6855882,2007-07-01,2007-10-28,8,Landsat 5/7 SR,0.6,0.05,datasets\test_images\2007\rgb\west_bengal_2007_maize_kharif_rgb.png,datasets\test_images\2007\ndvi\west_bengal_2007_maize_kharif_ndvi.png,0.205487,0.051821,0.018982,0.016814,0.654998,0.380394,-0.101697,0.097269,0.282158,0.078869,0.04178,0.025969,0.829995,0.59545,-0.232631,0.15177,0.221451,-0.548286,-0.739763,0.128987,0.441355,0.262448,0.072855,0.03597,0.338175,0.069565,0.028236,0.033592
West Bengal,Maize,2007,Rabi,22.9964948,87.6855882,2007-11-01,2008-04-28,12,Landsat 5/7 SR,0.6,0.05,datasets\test_images\2007\rgb\west_bengal_2007_maize_rabi_rgb.png,datasets\test_images\2007\ndvi\west_bengal_2007_maize_rabi_ndvi.png,0.156785,0.071808,0.045493,0.013457,0.553675,0.253102,-0.093636,0.071387,0.2477,0.105937,0.0618,0.021738,0.718596,0.38669,-0.168691,0.101942,0.194296,-0.400334,-0.643035,0.076257,0.400751,0.248719,0.078575,0.035534,0.313287,0.109261,0.055475,0.033076
West Bengal,Maize,2007,Summer,22.9964948,87.6855882,2007-03-01,2007-06-28,15,Landsat 5/7 SR,0.6,0.05,datasets\test_images\2007\rgb\west_bengal_2007_maize_summer_rgb.png,datasets\test_images\2007\ndvi\west_bengal_2007_maize_summer_ndvi.png,0.155272,0.074467,0.042247,0.015443,0.583452,0.260373,-0.028707,0.074326,0.245088,0.112647,0.064715,0.023733,0.735359,0.385731,-0.058726,0.104854,0.095417,-0.410836,-0.676036,0.075943,0.417526,0.269545,0.09579,0.033083,0.317495,0.121821,0.049893,0.035299
West Bengal,Maize,2008,Autumn,22.9964948,87.6855882,2008-07-01,2008-10-28,8,Landsat 5/7 SR,0.6,0.05,datasets\test_images\2008\rgb\west_bengal_2008_maize_autumn_rgb.png,datasets\test_images\2008\ndvi\west_bengal_2008_maize_autumn_ndvi.png,0.217711,0.055456,0.022778,0.015983,0.673818,0.402177,-0.084807,0.101857,0.297049,0.082259,0.040735,0.023867,0.808262,0.613892,-0.232884,0.146351,0.254997,-0.549816,-0.745963,0.116662,0.431317,0.266099,0.057675,0.036464,0.349161,0.067401,0.030285,0.032878
West Bengal,Maize,2008,Rabi,22.9964948,87.6855882,2008-11-01,2009-04-28,17,Landsat 5/7 SR,0.6,0.05,datasets\test_images\2008\rgb\west_bengal_2008_maize_rabi_rgb.png,datasets\test_images\2008\ndvi\west_bengal_2008_maize_rabi_ndvi.png,0.154544,0.081625,0.048132,0.015476,0.50236,0.208499,-0.033871,0.064998,0.23329,0.115716,0.070132,0.021743,0.690233,0.316837,-0.061685,0.098513,0.112336,-0.344224,-0.62213,0.069635,0.364163,0.236455,0.095309,0.02705,0.290256,0.123808,0.059957,0.033029
West Bengal,Maize,2008,Summer,22.9964948,87.6855882,2008-03-01,2008-06-28,14,Landsat 5/7 SR,0.6,0.05,datasets\test_images\2008\rgb\west_bengal_2008_maize_summer_rgb.png,datasets\test_images\2008\ndvi\west_bengal_2008_maize_summer_ndvi.png,0.155328,0.079239,0.049755,0.01286,0.534167,0.30932,-0.021145,0.066128,0.249048,0.118183,0.07764,0.020398,0.644047,0.413387,-0.035691,0.079812,0.074216,-0.41839,-0.586362,0.060635,0.417155,0.296785,0.08996,0.036786,0.309768,0.119691,0.068428,0.029682
West Bengal,Maize,2009,Rabi,22.9964948,87.6855882,2009-11-01,2010-04-28,17,Landsat 5/7 SR,0.6,0.05,datasets\test_images\2009\rgb\west_bengal_2009_maize_rabi_rgb.png,datasets\test_images\2009\ndvi\west_bengal_2009_maize_rabi_ndvi.png,0.155726,0.085119,0.056465,0.011982,0.498648,0.203268,-0.046823,0.056143,0.237058,0.115216,0.077585,0.018473,0.625924,0.303142,-0.097559,0.079145,0.09876,-0.350645,-0.567743,0.057925,0.380882,0.243482,0.083621,0.030759,0.299661,0.126064,0.072085,0.028478
West Bengal,Rice,1997,Autumn,22.9964948,87.6855882,1997-07-01,1997-10-28,4,Landsat 5/7 SR,0.6,0.05,datasets\test_images\1997\rgb\west_bengal_1997_rice_rgb.png,datasets\test_images\1997\ndvi\west_bengal_1997_rice_ndvi.png,0.15277,0.041894,0.018542,0.01523,0.785429,0.401354,-0.107331,0.1025,0.251632,0.06733,0.011626,0.024841,0.989388,0.64038,-0.343738,0.158168,0.42033,-0.599693,-0.951044,0.132381,0.419754,0.269961,0.046097,0.03925,0.320864,0.060441,0.004627,0.034824
West Bengal,Rice,1997,Summer,22.9964948,87.6855882,1997-03-01,1997-06-28,3,Landsat 5/7 SR,0.6,0.05,datasets\test_images\1997\rgb\west_bengal_1997_rice_rgb.png,datasets\test_images\1997\ndvi\west_bengal_1997_rice_ndvi.png,0.161212,0.068025,0.038879,0.014959,0.594219,0.314788,-0.086423,0.076086,0.256528,0.111313,0.058596,0.024082,0.722828,0.45142,-0.161866,0.098982,0.209743,-0.454466,-0.663234,0.074808,0.430204,0.295287,0.06114,0.038695,0.318471,0.113717,0.053289,0.034228
West Bengal,Rice,1997,Winter,22.9964948,87.6855882,1997-07-01,1997-10-28,4,Landsat 5/7 SR,0.6,0.05,datasets\test_images\1997\rgb\west_bengal_1997_rice_rgb.png,datasets\test_images\1997\ndvi\west_bengal_1997_rice_ndvi.png,0.15277,0.041894,0.018542,0.01523,0.785429,0.401354,-0.107331,0.1025,0.251632,0.06733,0.011626,0.024841,0.989388,0.64038,-0.343738,0.158168,0.42033,-0.599693,-0.951044,0.132381,0.419754,0.269961,0.046097,0.03925,0.320864,0.060441,0.004627,0.034824
West Bengal,Rice,1997,Kharif,22.9964948,87.6855882,1997-07-01,1997-10-28,6,Landsat 5/7 SR,0.6,0.05,datasets\test_images\1997\rgb\west_bengal_1997_rice_kharif_rgb.png,datasets\test_images\1997\ndvi\west_bengal_1997_rice_kharif_ndvi.png,0.15409,0.044313,0.018542,0.017347,0.785429,0.394813,-0.107331,0.104354,0.251632,0.069534,0.015792,0.02672,0.989388,0.627927,-0.343738,0.161195,0.42033,-0.5902,-0.916585,0.136114,0.431634,0.269006,0.046097,0.038164,0.320864,0.063172,0.004627,0.035932
West Bengal,Rice,1998,Autumn,22.9964948,87.6855882,1998-07-01,1998-10-28,3,Landsat 5/7 SR,0.6,0.05,datasets\test_images\1998\rgb\west_bengal_1998_rice_rgb.png,datasets\test_images\1998\ndvi\west_bengal_1998_rice_ndvi.png,0.184395,0.038971,0.01659,0.016162,0.720448,0.419704,-0.111628,0.109663,0.65448,0.067683,0.00779,0.026858,0.966437,0.664671,-0.371918,0.161152,0.457507,-0.60746,-0.993508,0.137408,0.444174,0.278696,0.03793,0.045938,0.345737,0.056882,0.00966,0.033611
West Bengal,Rice,1998,Summer,22.9964948,87.6855882,1998-03-01,1998-06-28,5,Landsat 5/7 SR,0.6,0.05,datasets\test_images\1998\rgb\west_bengal_1998_rice_rgb.png,datasets\test_images\1998\ndvi\west_bengal_1998_rice_ndvi.png,0.166011,0.063855,0.0321,0.018769,0.643681,0.286155,-0.128532,0.098941,0.262578,0.098667,0.048077,0.02816,0.808851,0.445907,-0.295608,0.147706,0.368852,-0.442365,-0.739241,0.111928,0.43008,0.257416,0.042605,0.03808,0.32789,0.099497,0.037875,0.039937
West Bengal,Rice,1998,Winter,22.9964948,87.6855882,1998-07-01,1998-10-28,3,Landsat 5/7 SR,0.6,0.05,datasets\test_images\1998\rgb\west_bengal_1998_rice_rgb.png,datasets\test_images\1998\ndvi\west_bengal_1998_rice_ndvi.png,0.184395,0.038971,0.01659,0.016162,0.720448,0.419704,-0.111628,0.109663,0.65448,0.067683,0.00779,0.026858,0.966437,0.664671,-0.371918,0.161152,0.457507,-0.60746,-0.993508,0.137408,0.444174,0.278696,0.03793,0.045938,0.345737,0.056882,0.00966,0.033611
West Bengal,Rice,1998,Kharif,22.9964948,87.6855882,1998-07-01,1998-10-28,3,Landsat 5/7 SR,0.6,0.05,datasets\test_images\1998\rgb\west_bengal_1998_rice_kharif_rgb.png,datasets\test_images\1998\ndvi\west_bengal_1998_rice_kharif_ndvi.png,0.184395,0.038971,0.01659,0.016162,0.720448,0.419704,-0.111628,0.109663,0.65448,0.067683,0.00779,0.026858,0.966437,0.664671,-0.371918,0.161152,0.457507,-0.60746,-0.993508,0.137408,0.444174,0.278696,0.03793,0.045938,0.345737,0.056882,0.00966,0.033611
West Bengal,Rice,1999,Autumn,22.9964948,87.6855882,1999-07-01,1999-10-28,6,Landsat 5/7 SR,0.6,0.05,datasets\test_images\1999\rgb\west_bengal_1999_rice_rgb.png,datasets\test_images\1999\ndvi\west_bengal_1999_rice_ndvi.png,0.845522,0.061634,0.025363,0.019498,0.594979,0.322242,-0.125079,0.09884,0.296086,0.091138,0.043568,0.025665,0.799668,0.501956,-0.191512,0.151473,0.176794,-0.460387,-0.73831,0.129254,0.428196,0.248216,0.073171,0.035557,0.32734,0.083322,0.03078,0.032408
West Bengal,Rice,1999,Summer,22.9964948,87.6855882,1999-03-01,1999-06-28,4,Landsat 5/7 SR,0.6,0.05,datasets\test_images\1999\rgb\west_bengal_1999_rice_rgb.png,datasets\test_images\1999\ndvi\west_bengal_1999_rice_ndvi.png,0.159068,0.073174,0.039442,0.014479,0.567651,0.21179,-0.110591,0.060652,0.24737,0.108115,0.05729,0.023413,0.73068,0.330266,-0.273096,0.094329,0.319697,-0.359666,-0.676889,0.06624,0.390549,0.245849,0.052285,0.034163,0.307939,0.116305,0.04706,0.035139
West Bengal,Rice,1999,Winter,22.9964948,87.6855882,1999-07-01,1999-10-28,6,Landsat 5/7 SR,0.6,0.05,datasets\test_images\1999\rgb\west_bengal_1999_rice_rgb.png,datasets\test_images\1999\ndvi\west_bengal_1999_rice_ndvi.png,0.845522,0.061634,0.025363,0.019498,0.594979,0.322242,-0.125079,0.09884,0.296086,0.091138,0.043568,0.025665,0.799668,0.501956,-0.191512,0.151473,0.176794,-0.460387,-0.73831,0.129254,0.428196,0.248216,0.073171,0.035557,0.32734,0.083322,0.03078,0.032408
West Bengal,Rice,1999,Kharif,22.9964948,87.6855882,1999-07-01,1999-10-28,9,Landsat 5/7 SR,0.6,0.05,datasets\test_images\1999\rgb\west_bengal_1999_rice_kharif_rgb.png,datasets\test_images\1999\ndvi\west_bengal_1999_rice_kharif_ndvi.png,0.845522,0.061634,0.025363,0.019498,0.594979,0.322242,-0.125079,0.09884,0.296086,0.091138,0.043568,0.025665,0.799668,0.501956,-0.191512,0.151473,0.176794,-0.460387,-0.73831,0.129254,0.428196,0.248216,0.073171,0.035557,0.32734,0.083322,0.03078,0.032408
West Bengal,Rice,2000,Autumn,22.9964948,87.6855882,2000-07-01,2000-10-28,7,Landsat 5/7 SR,0.6,0.05,datasets\test_images\2000\rgb\west_bengal_2000_rice_autumn_rgb.png,datasets\test_images\2000\ndvi\west_bengal_2000_rice_autumn_ndvi.png,0.147366,0.04822,0.02781,0.012049,0.617983,0.386379,-0.099031,0.090101,0.231791,0.07742,0.042316,0.019165,0.800464,0.595751,-0.176386,0.127886,0.280223,-0.543455,-0.724311,0.102434,0.410596,0.261495,0.061277,0.03217,0.298988,0.067805,0.029405,0.027649
West Bengal,Rice,2000,Summer,22.9964948,87.6855882,2000-03-01,2000-06-28,5,Landsat 5/7 SR,0.6,0.05,datasets\test_images\2000\rgb\west_bengal_2000_rice_summer_rgb.png,datasets\test_images\2000\ndvi\west_bengal_2000_rice_summer_ndvi.png,0.152247,0.068148,0.037242,0.018109,0.598646,0.281899,-0.064886,0.125311,0.24759,0.102902,0.057648,0.027774,0.774642,0.421363,-0.130424,0.17014,0.148835,-0.44628,-0.713205,0.121035,0.39741,0.266638,0.077874,0.039972,0.306413,0.110021,0.045905,0.043164
West Bengal,Rice,2000,Winter,22.9964948,87.6855882,2000-07-01,2000-10-28,7,Landsat 5/7 SR,0.6,0.05,datasets\test_images\2000\rgb\west_bengal_2000_rice_winter_rgb.png,datasets\test_images\2000\ndvi\west_bengal_2000_rice_winter_ndvi.png,0.147366,0.04822,0.02781,0.012049,0.617983,0.386379,-0.099031,0.090101,0.231791,0.07742,0.042316,0.019165,0.800464,0.595751,-0.176386,0.127886,0.280223,-0.543455,-0.724311,0.102434,0.410596,0.261495,0.061277,0.03217,0.298988,0.067805,0.029405,0.027649
West Bengal,Rice,2000,Kharif,22.9964948,87.6855882,2000-07-01,2000-10-28,7,Landsat 5/7 SR,0.6,0.05,datasets\test_images\2000\rgb\west_bengal_2000_rice_kharif_rgb.png,datasets\test_images\2000\ndvi\west_bengal_2000_rice_kharif_ndvi.png,0.147366,0.04822,0.02781,0.012049,0.617983,0.386379,-0.099031,0.090101,0.231791,0.07742,0.042316,0.019165,0.800464,0.595751,-0.176386,0.127886,0.280223,-0.543455,-0.724311,0.102434,0.410596,0.261495,0.061277,0.03217,0.298988,0.067805,0.029405,0.027649
West Bengal,Rice,2001,Autumn,22.9964948,87.6855882,2001-07-01,2001-10-28,8,Landsat 5/7 SR,0.6,0.05,datasets\test_images\2001\rgb\west_bengal_2001_rice_autumn_rgb.png,datasets\test_images\2001\ndvi\west_bengal_2001_rice_autumn_ndvi.png,0.8505,0.056237,0.015985,0.026058,0.720497,0.319643,-0.157801,0.103237,0.279861,0.085399,0.035345,0.030315,0.86923,0.517856,-0.309738,0.174788,0.345905,-0.487007,-0.772798,0.14686,0.447267,0.248356,0.045657,0.039772,0.947053,0.080686,0.021155,0.039256
West Bengal,Rice,2001,Summer,22.9964948,87.6855882,2001-03-01,2001-06-28,8,Landsat 5/7 SR,0.6,0.05,datasets\test_images\2001\rgb\west_bengal_2001_rice_summer_rgb.png,datasets\test_images\2001\ndvi\west_bengal_2001_rice_summer_ndvi.png,0.179692,0.084806,0.037848,0.017597,0.65923,0.30897,-0.059233,0.08744,0.256692,0.121328,0.061415,0.024927,0.732441,0.398088,-0.127208,0.111284,0.144939,-0.407377,-0.693752,0.079421,0.455435,0.307685,0.074615,0.037039,0.299895,0.128718,0.05058,0.037469
West Bengal,Rice,2001,Winter,22.9964948,87.6855882,2001-07-01,2001-10-28,8,Landsat 5/7 SR,0.6,0.05,datasets\test_images\2001\rgb\west_bengal_2001_rice_winter_rgb.png,datasets\test_images\2001\ndvi\west_bengal_2001_rice_winter_ndvi.png,0.8505,0.056237,0.015985,0.026058,0.720497,0.319643,-0.157801,0.103237,0.279861,0.085399,0.035345,0.030315,0.86923,0.517856,-0.309738,0.174788,0.345905,-0.487007,-0.772798,0.14686,0.447267,0.248356,0.045657,0.039772,0.947053,0.080686,0.021155,0.039256
West Bengal,Rice,2001,Kharif,22.9964948,87.6855882,2001-07-01,2001-10-28,8,Landsat 5/7 SR,0.6,0.05,datasets\test_images\2001\rgb\west_bengal_2001_rice_kharif_rgb.png,datasets\test_images\2001\ndvi\west_bengal_2001_rice_kharif_ndvi.png,0.8505,0.056237,0.015985,0.026058,0.720497,0.319643,-0.157801,0.103237,0.279861,0.085399,0.035345,0.030315,0.86923,0.517856,-0.309738,0.174788,0.345905,-0.487007,-0.772798,0.14686,0.447267,0.248356,0.045657,0.039772,0.947053,0.080686,0.021155,0.039256
West Bengal,Rice,2002,Autumn,22.9964948,87.6855882,2002-07-01,2002-10-28,5,Landsat 5/7 SR,0.6,0.05,datasets\test_images\2002\rgb\west_bengal_2002_rice_autumn_rgb.png,datasets\test_images\2002\ndvi\west_bengal_2002_rice_autumn_ndvi.png,1.602213,0.072993,0.029707,0.024911,3.106438,0.326156,-0.084223,0.124219,0.390782,0.099419,0.044173,0.02587,0.834658,0.47011,-0.46615,0.144894,0.172651,-0.421963,-0.739409,0.120475,0.583392,0.24832,0.073543,0.054842,1.602213,0.08893,0.033255,0.031787
West Bengal,Rice,2002,Summer,22.9964948,87.6855882,2002-03-01,2002-06-28,5,Landsat 5/7 SR,0.6,0.05,datasets\test_images\2002\rgb\west_bengal_2002_rice_summer_rgb.png,datasets\test_images\2002\ndvi\west_bengal_2002_rice_summer_ndvi.png,0.155135,0.091223,0.056328,0.015512,0.593562,0.241604,0.001387,0.071411,0.233675,0.130779,0.07786,0.021059,0.715562,0.330773,-0.013232,0.098214,-0.008759,-0.380322,-0.653784,0.068361,0.398565,0.276694,0.123221,0.03266,0.303663,0.141283,0.061223,0.031869
West Bengal,Rice,2002,Winter,22.9964948,87.6855882,2002-07-01,2002-10-28,5,Landsat 5/7 SR,0.6,0.05,datasets\test_images\2002\rgb\west_bengal_2002_rice_winter_rgb.png,datasets\test_images\2002\ndvi\west_bengal_2002_rice_winter_ndvi.png,1.602213,0.072993,0.029707,0.024911,3.106438,0.326156,-0.084223,0.124219,0.390782,0.099419,0.044173,0.02587,0.834658,0.47011,-0.46615,0.144894,0.172651,-0.421963,-0.739409,0.120475,0.583392,0.24832,0.073543,0.054842,1.602213,0.08893,0.033255,0.031787
West Bengal,Rice,2002,Kharif,22.9964948,87.6855882,2002-07-01,2002-10-28,5,Landsat 5/7 SR,0.6,0.05,datasets\test_images\2002\rgb\west_bengal_2002_rice_kharif_rgb.png,datasets\test_images\2002\ndvi\west_bengal_2002_rice_kharif_ndvi.png,1.602213,0.072993,0.029707,0.024911,3.106438,0.326156,-0.084223,0.124219,0.390782,0.099419,0.044173,0.02587,0.834658,0.47011,-0.46615,0.144894,0.172651,-0.421963,-0.739409,0.120475,0.583392,0.24832,0.073543,0.054842,1.602213,0.08893,0.033255,0.031787
West Bengal,Rice,2003,Summer,22.9964948,87.6855882,2003-03-01,2003-06-28,5,Landsat 5/7 SR,0.6,0.05,datasets\test_images\2003\rgb\west_bengal_2003_rice_rgb.png,datasets\test_images\2003\ndvi\west_bengal_2003_rice_ndvi.png,0.171003,0.073843,0.036225,0.016576,0.542053,0.255132,-0.029267,0.066869,0.255758,0.106685,0.058198,0.024173,0.738922,0.376161,-0.065142,0.097447,0.070201,-0.3957,-0.67211,0.069006,0.444985,0.257992,0.086935,0.037946,0.33724,0.114168,0.045162,0.03535
West Bengal,Rice,2003,Autumn,22.9964948,87.6855882,2003-07-01,2003-10-28,3,Landsat 5/7 SR,0.6,0.05,datasets\test_images\2003\rgb\west_bengal_2003_rice_autumn_rgb.png,datasets\test_images\2003\ndvi\west_bengal_2003_rice_autumn_ndvi.png,,,,,,,,,,,,,,,,,,,,,,,,,,,,
West Bengal,Rice,2003,Winter,22.9964948,87.6855882,2003-07-01,2003-10-28,3,Landsat 5/7 SR,0.6,0.05,datasets\test_images\2003\rgb\west_bengal_2003_rice_winter_rgb.png,datasets\test_images\2003\ndvi\west_bengal_2003_rice_winter_ndvi.png,,,,,,,,,,,,,,,,,,,,,,,,,,,,
West Bengal,Rice,2003,Kharif,22.9964948,87.6855882,2003-07-01,2003-10-28,3,Landsat 5/7 SR,0.6,0.05,datasets\test_images\2003\rgb\west_bengal_2003_rice_kharif_rgb.png,datasets\test_images\2003\ndvi\west_bengal_2003_rice_kharif_ndvi.png,,,,,,,,,,,,,,,,,,,,,,,,,,,,
West Bengal,Rice,2004,Autumn,22.9964948,87.6855882,2004-07-01,2004-10-28,6,Landsat 5/7 SR,0.6,0.05,datasets\test_images\2004\rgb\west_bengal_2004_rice_rgb.png,datasets\test_images\2004\ndvi\west_bengal_2004_rice_ndvi.png,0.231942,0.044996,0.009687,0.018904,0.668025,0.414266,-0.122123,0.119095,0.28301,0.069091,0.01758,0.025851,0.935288,0.644135,-0.42664,0.176673,0.43537,-0.591401,-0.836264,0.14851,0.490168,0.271365,0.040515,0.046122,0.372688,0.059354,0.007515,0.034494
West Bengal,Rice,2004,Summer,22.9964948,87.6855882,2004-03-01,2004-06-28,10,Landsat 5/7 SR,0.6,0.05,datasets\test_images\2004\rgb\west_bengal_2004_rice_rgb.png,datasets\test_images\2004\ndvi\west_bengal_2004_rice_ndvi.png,0.161102,0.080252,0.041697,0.020727,0.561815,0.256697,-0.041465,0.094017,0.246793,0.120108,0.066104,0.029746,0.724351,0.368059,-0.076961,0.136594,0.070197,-0.399756,-0.669073,0.097977,0.391937,0.285112,0.089932,0.032781,0.3115,0.130891,0.054141,0.043441
West Bengal,Rice,2004,Winter,22.9964948,87.6855882,2004-07-01,2004-10-28,6,Landsat 5/7 SR,0.6,0.05,datasets\test_images\2004\rgb\west_bengal_2004_rice_rgb.png,datasets\test_images\2004\ndvi\west_bengal_2004_rice_ndvi.png,0.231942,0.044996,0.009687,0.018904,0.668025,0.414266,-0.122123,0.119095,0.28301,0.069091,0.01758,0.025851,0.935288,0.644135,-0.42664,0.176673,0.43537,-0.591401,-0.836264,0.14851,0.490168,0.271365,0.040515,0.046122,0.372688,0.059354,0.007515,0.034494
West Bengal,Rice,2004,Kharif,22.9964948,87.6855882,2004-07-01,2004-10-28,10,Landsat 5/7 SR,0.6,0.05,datasets\test_images\2004\rgb\west_bengal_2004_rice_kharif_rgb.png,datasets\test_images\2004\ndvi\west_bengal_2004_rice_kharif_ndvi.png,0.818518,0.055092,0.011942,0.020611,0.664135,0.429889,-0.122123,0.109138,0.352667,0.079464,0.022668,0.025945,0.915984,0.621787,-0.42664,0.153742,0.43537,-0.567133,-0.836264,0.128356,0.55438,0.287666,0.040515,0.045193,0.35396,0.067944,0.011557,0.032471
West Bengal,Rice,2005,Autumn,22.9964948,87.6855882,2005-07-01,2005-10-28,5,Landsat 5/7 SR,0.6,0.05,datasets\test_images\2005\rgb\west_bengal_2005_rice_rgb.png,datasets\test_images\2005\ndvi\west_bengal_2005_rice_ndvi.png,0.82113,0.068406,0.019092,0.036303,1.894272,0.407299,-0.123444,0.121303,0.389284,0.099868,0.040295,0.041499,0.868869,0.55269,-0.200869,0.156062,0.166746,-0.506279,-0.80553,0.133325,0.5821,0.306264,0.069734,0.055461,0.855478,0.090304,0.02616,0.04989
West Bengal,Rice,2005,Summer,22.9964948,87.6855882,2005-03-01,2005-06-28,11,Landsat 5/7 SR,0.6,0.05,datasets\test_images\2005\rgb\west_bengal_2005_rice_rgb.png,datasets\test_images\2005\ndvi\west_bengal_2005_rice_ndvi.png,0.184862,0.072739,0.040323,0.017419,0.563379,0.285558,-0.041856,0.080697,0.248209,0.111718,0.066117,0.026232,0.723424,0.410419,-0.088382,0.116569,0.078059,-0.431101,-0.664974,0.082636,0.399335,0.287789,0.098017,0.031717,0.316147,0.118482,0.054237,0.039106
West Bengal,Rice,2005,Winter,22.9964948,87.6855882,2005-07-01,2005-10-28,5,Landsat 5/7 SR,0.6,0.05,datasets\test_images\2005\rgb\west_bengal_2005_rice_rgb.png,datasets\test_images\2005\ndvi\west_bengal_2005_rice_ndvi.png,0.82113,0.068406,0.019092,0.036303,1.894272,0.407299,-0.123444,0.121303,0.389284,0.099868,0.040295,0.041499,0.868869,0.55269,-0.200869,0.156062,0.166746,-0.506279,-0.80553,0.133325,0.5821,0.306264,0.069734,0.055461,0.855478,0.090304,0.02616,0.04989
West Bengal,Rice,2005,Kharif,22.9964948,87.6855882,2005-07-01,2005-10-28,8,Landsat 5/7 SR,0.6,0.05,datasets\test_images\2005\rgb\west_bengal_2005_rice_kharif_rgb.png,datasets\test_images\2005\ndvi\west_bengal_2005_rice_kharif_ndvi.png,0.82113,0.068413,0.019092,0.036305,1.894272,0.407232,-0.123444,0.121294,0.389284,0.099881,0.040295,0.041507,0.868869,0.552606,-0.200869,0.156098,0.166746,-0.506211,-0.80553,0.133361,0.5821,0.306263,0.069734,0.055454,0.855478,0.09032,0.02616,0.049898
West Bengal,Rice,2006,Autumn,22.9964948,87.6855882,2006-07-01,2006-10-28,11,Landsat 5/7 SR,0.6,0.05,datasets\test_images\2006\rgb\west_bengal_2006_rice_autumn_rgb.png,datasets\test_images\2006\ndvi\west_bengal_2006_rice_autumn_ndvi.png,0.17345,0.047118,0.024317,0.014073,0.675253,0.428664,-0.086022,0.098501,0.26508,0.07221,0.038068,0.021311,0.825598,0.649112,-0.166679,0.141398,0.192088,-0.593158,-0.76763,0.111786,0.441245,0.280949,0.071122,0.036708,0.328358,0.06051,0.02616,0.030811
West Bengal,Rice,2006,Summer,22.9964948,87.6855882,2006-03-01,2006-06-28,10,Landsat 5/7 SR,0.6,0.05,datasets\test_images\2006\rgb\west_bengal_2006_rice_summer_rgb.png,datasets\test_images\2006\ndvi\west_bengal_2006_rice_summer_ndvi.png,0.158463,0.078827,0.046648,0.015028,0.49197,0.242421,-0.052113,0.077187,0.24825,0.11515,0.068978,0.022783,0.678212,0.3588,-0.081738,0.111472,0.068833,-0.387341,-0.624931,0.074411,0.395609,0.266835,0.092573,0.02808,0.312325,0.124628,0.056712,0.036371
West Bengal,Rice,2006,Winter,22.9964948,87.6855882,2006-07-01,2006-10-28,11,Landsat 5/7 SR,0.6,0.05,datasets\test_images\2006\rgb\west_bengal_2006_rice_winter_rgb.png,datasets\test_images\2006\ndvi\west_bengal_2006_rice_winter_ndvi.png,0.17345,0.047118,0.024317,0.014073,0.675253,0.428664,-0.086022,0.098501,0.26508,0.07221,0.038068,0.021311,0.825598,0.649112,-0.166679,0.141398,0.192088,-0.593158,-0.76763,0.111786,0.441245,0.280949,0.071122,0.036708,0.328358,0.06051,0.02616,0.030811
West Bengal,Rice,2006,Kharif,22.9964948,87.6855882,2006-07-01,2006-10-28,11,Landsat 5/7 SR,0.6,0.05,datasets\test_images\2006\rgb\west_bengal_2006_rice_kharif_rgb.png,datasets\test_images\2006\ndvi\west_bengal_2006_rice_kharif_ndvi.png,0.17345,0.047118,0.024317,0.014073,0.675253,0.428664,-0.086022,0.098501,0.26508,0.07221,0.038068,0.021311,0.825598,0.649112,-0.166679,0.141398,0.192088,-0.593158,-0.76763,0.111786,0.441245,0.280949,0.071122,0.036708,0.328358,0.06051,0.02616,0.030811
West Bengal,Rice,2007,Autumn,22.9964948,87.6855882,2007-07-01,2007-10-28,8,Landsat 5/7 SR,0.6,0.05,datasets\test_images\2007\rgb\west_bengal_2007_rice_autumn_rgb.png,datasets\test_images\2007\ndvi\west_bengal_2007_rice_autumn_ndvi.png,0.205487,0.051821,0.018982,0.016814,0.654998,0.380394,-0.101697,0.097269,0.282158,0.078869,0.04178,0.025969,0.829995,0.59545,-0.232631,0.15177,0.221451,-0.548286,-0.739763,0.128987,0.441355,0.262448,0.072855,0.03597,0.338175,0.069565,0.028236,0.033592
West Bengal,Rice,2007,Summer,22.9964948,87.6855882,2007-03-01,2007-06-28,15,Landsat 5/7 SR,0.6,0.05,datasets\test_images\2007\rgb\west_bengal_2007_rice_summer_rgb.png,datasets\test_images\2007\ndvi\west_bengal_2007_rice_summer_ndvi.png,0.155272,0.074467,0.042247,0.015443,0.583452,0.260373,-0.028707,0.074326,0.245088,0.112647,0.064715,0.023733,0.735359,0.385731,-0.058726,0.104854,0.095417,-0.410836,-0.676036,0.075943,0.417526,0.269545,0.09579,0.033083,0.317495,0.121821,0.049893,0.035299
West Bengal,Rice,2007,Winter,22.9964948,87.6855882,2007-07-01,2007-10-28,8,Landsat 5/7 SR,0.6,0.05,datasets\test_images\2007\rgb\west_bengal_2007_rice_winter_rgb.png,datasets\test_images\2007\ndvi\west_bengal_2007_rice_winter_ndvi.png,0.205487,0.051821,0.018982,0.016814,0.654998,0.380394,-0.101697,0.097269,0.282158,0.078869,0.04178,0.025969,0.829995,0.59545,-0.232631,0.15177,0.221451,-0.548286,-0.739763,0.128987,0.441355,0.262448,0.072855,0.03597,0.338175,0.069565,0.028236,0.033592
West Bengal,Rice,2007,Kharif,22.9964948,87.6855882,2007-07-01,2007-10-28,8,Landsat 5/7 SR,0.6,0.05,datasets\test_images\2007\rgb\west_bengal_2007_rice_kharif_rgb.png,datasets\test_images\2007\ndvi\west_bengal_2007_rice_kharif_ndvi.png,0.205487,0.051821,0.018982,0.016814,0.654998,0.380394,-0.101697,0.097269,0.282158,0.078869,0.04178,0.025969,0.829995,0.59545,-0.232631,0.15177,0.221451,-0.548286,-0.739763,0.128987,0.441355,0.262448,0.072855,0.03597,0.338175,0.069565,0.028236,0.033592
West Bengal,Rice,2008,Autumn,22.9964948,87.6855882,2008-07-01,2008-10-28,8,Landsat 5/7 SR,0.6,0.05,datasets\test_images\2008\rgb\west_bengal_2008_rice_autumn_rgb.png,datasets\test_images\2008\ndvi\west_bengal_2008_rice_autumn_ndvi.png,0.217711,0.055456,0.022778,0.015983,0.673818,0.402177,-0.084807,0.101857,0.297049,0.082259,0.040735,0.023867,0.808262,0.613892,-0.232884,0.146351,0.254997,-0.549816,-0.745963,0.116662,0.431317,0.266099,0.057675,0.036464,0.349161,0.067401,0.030285,0.032878
West Bengal,Rice,2008,Summer,22.9964948,87.6855882,2008-03-01,2008-06-28,14,Landsat 5/7 SR,0.6,0.05,datasets\test_images\2008\rgb\west_bengal_2008_rice_summer_rgb.png,datasets\test_images\2008\ndvi\west_bengal_2008_rice_summer_ndvi.png,0.155328,0.079239,0.049755,0.01286,0.534167,0.30932,-0.021145,0.066128,0.249048,0.118183,0.07764,0.020398,0.644047,0.413387,-0.035691,0.079812,0.074216,-0.41839,-0.586362,0.060635,0.417155,0.296785,0.08996,0.036786,0.309768,0.119691,0.068428,0.029682
West Bengal,Rice,2008,Winter,22.9964948,87.6855882,2008-07-01,2008-10-28,8,Landsat 5/7 SR,0.6,0.05,datasets\test_images\2008\rgb\west_bengal_2008_rice_winter_rgb.png,datasets\test_images\2008\ndvi\west_bengal_2008_rice_winter_ndvi.png,0.217711,0.055456,0.022778,0.015983,0.673818,0.402177,-0.084807,0.101857,0.297049,0.082259,0.040735,0.023867,0.808262,0.613892,-0.232884,0.146351,0.254997,-0.549816,-0.745963,0.116662,0.431317,0.266099,0.057675,0.036464,0.349161,0.067401,0.030285,0.032878
West Bengal,Rice,2008,Kharif,22.9964948,87.6855882,2008-07-01,2008-10-28,8,Landsat 5/7 SR,0.6,0.05,datasets\test_images\2008\rgb\west_bengal_2008_rice_kharif_rgb.png,datasets\test_images\2008\ndvi\west_bengal_2008_rice_kharif_ndvi.png,0.217711,0.055456,0.022778,0.015983,0.673818,0.402177,-0.084807,0.101857,0.297049,0.082259,0.040735,0.023867,0.808262,0.613892,-0.232884,0.146351,0.254997,-0.549816,-0.745963,0.116662,0.431317,0.266099,0.057675,0.036464,0.349161,0.067401,0.030285,0.032878
West Bengal,Rice,2009,Kharif,22.9964948,87.6855882,2009-07-01,2009-10-28,10,Landsat 5/7 SR,0.6,0.05,datasets\test_images\2009\rgb\west_bengal_2009_rice_kharif_rgb.png,datasets\test_images\2009\ndvi\west_bengal_2009_rice_kharif_ndvi.png,0.218509,0.048557,0.026462,0.013199,0.75044,0.452787,-0.058504,0.109293,0.265864,0.071354,0.04101,0.022281,0.848204,0.643183,-0.1251,0.13801,0.181193,-0.605221,-0.781619,0.111162,0.459615,0.296012,0.073983,0.043652,0.317468,0.063235,0.03001,0.032495
West Bengal,Rice,2010,Kharif,22.9964948,87.6855882,2010-07-01,2010-10-28,6,Landsat 5/7 SR,0.6,0.05,datasets\test_images\2010\rgb\west_bengal_2010_rice_kharif_rgb.png,datasets\test_images\2010\ndvi\west_bengal_2010_rice_kharif_ndvi.png,0.35715,0.063914,0.01428,0.029722,0.725226,0.398498,-0.106461,0.148935,0.405605,0.091324,0.022723,0.040611,0.921012,0.570339,-0.331965,0.204436,0.309039,-0.523135,-0.815277,0.17543,0.505073,0.286416,0.057909,0.054347,0.41105,0.082011,0.008505,0.050197
West Bengal,Rice,2011,Kharif,22.9964948,87.6855882,2011-07-01,2011-10-28,9,Landsat 5/7 SR,0.6,0.05,datasets\test_images\2011\rgb\west_bengal_2011_rice_kharif_rgb.png,datasets\test_images\2011\ndvi\west_bengal_2011_rice_kharif_ndvi.png,0.2873,0.063564,0.01186,0.013423,0.712986,0.371106,-0.100933,0.118676,0.337212,0.093353,0.025363,0.021204,0.85423,0.543149,-0.196603,0.152799,0.228922,-0.489384,-0.792242,0.128298,0.470092,0.271603,0.061607,0.048712,0.340265,0.081204,0.019588,0.028671
West Bengal,Rice,2012,Kharif,22.9964948,87.6855882,2012-07-01,2012-10-28,3,Landsat 5/7 SR,0.6,0.05,datasets\test_images\2012\rgb\west_bengal_2012_rice_kharif_rgb.png,datasets\test_images\2012\ndvi\west_bengal_2012_rice_kharif_ndvi.png,0.332125,0.044171,0.000557,0.019463,2.577479,0.464811,-0.091956,0.129902,0.365785,0.067779,0.014143,0.02832,0.958766,0.686181,-0.253966,0.167165,0.343296,-0.631469,-0.867852,0.127878,0.555178,0.300752,0.05784,0.055647,0.40148,0.057623,0.005865,0.040572
West Bengal,Rice,2013,Kharif,22.9964948,87.6855882,2013-07-01,2013-10-28,7,Landsat 8 SR,0.6,0.05,datasets\test_images\2013\rgb\west_bengal_2013_rice_kharif_rgb.png,datasets\test_images\2013\ndvi\west_bengal_2013_rice_kharif_ndvi.png,0.343455,0.031317,-0.13543,0.016812,0.829471,0.458885,-0.104737,0.114398,0.356875,0.076069,-0.013646,0.022646,1.365219,0.696943,-0.261863,0.149693,0.361202,-0.606284,-1.111038,0.12219,0.638392,0.317744,0.039772,0.05948,0.35528,0.056279,-0.04292,0.030283
West Bengal,Rice,2014,Kharif,22.9964948,87.6855882,2014-07-01,2014-10-28,8,Landsat 8 SR,0.6,0.05,datasets\test_images\2014\rgb\west_bengal_2014_rice_kharif_rgb.png,datasets\test_images\2014\ndvi\west_bengal_2014_rice_kharif_ndvi.png,0.208691,0.03234,-0.076332,0.018431,0.688445,0.414365,-0.103637,0.106161,0.272326,0.075973,0.007185,0.024708,1.177302,0.663221,-0.202467,0.155706,0.184118,-0.584993,-0.980874,0.126776,0.487088,0.290017,0.067094,0.043942,0.304762,0.059917,-0.018541,0.033273
West Bengal,Rice,2015,Kharif,22.9964948,87.6855882,2015-07-01,2015-10-28,8,Landsat 8 SR,0.6,0.05,datasets\test_images\2015\rgb\west_bengal_2015_rice_kharif_rgb.png,datasets\test_images\2015\ndvi\west_bengal_2015_rice_kharif_ndvi.png,0.1509,0.032768,0.01395,0.014594,0.65376,0.388582,-0.092022,0.092586,0.228807,0.072286,0.039126,0.021036,0.830867,0.650528,-0.210071,0.138499,0.219212,-0.584349,-0.753798,0.112604,0.43921,0.269931,0.049177,0.039037,0.289596,0.058693,0.02781,0.029527
West Bengal,Rice,2016,Kharif,22.9964948,87.6855882,2016-07-01,2016-10-28,8,Landsat 8 SR,0.6,0.05,datasets\test_images\2016\rgb\west_bengal_2016_rice_kharif_rgb.png,datasets\test_images\2016\ndvi\west_bengal_2016_rice_kharif_ndvi.png,0.468965,0.031094,-0.198983,0.032781,0.945208,0.504288,-0.157715,0.131915,0.484283,0.072984,-0.119205,0.039005,2.854995,0.745999,-0.535165,0.166909,0.546565,-0.647038,-2.968297,0.140852,0.741545,0.337325,0.016067,0.080222,0.487198,0.051617,-0.108343,0.043434
West Bengal,Rice,2017,Kharif,22.9964948,87.6855882,2017-07-01,2017-10-28,3,Sentinel-2 SR,0.6,0.05,datasets\test_images\2017\rgb\west_bengal_2017_rice_kharif_rgb.png,datasets\test_images\2017\ndvi\west_bengal_2017_rice_kharif_ndvi.png,0.2715,0.038552,0.0097,0.018733,0.857266,0.507918,-0.12734,0.159327,0.2837,0.068796,0.0241,0.024307,0.918129,0.718164,-0.392508,0.195795,0.490785,-0.632589,-0.831606,0.158095,0.5553,0.318591,0.0324,0.066621,0.3608,0.050815,0.0146,0.035459
West Bengal,Rice,2018,Kharif,22.9964948,87.6855882,2018-07-01,2018-10-28,3,Sentinel-2 SR,0.6,0.05,datasets\test_images\2018\rgb\west_bengal_2018_rice_kharif_rgb.png,datasets\test_images\2018\ndvi\west_bengal_2018_rice_kharif_ndvi.png,0.3625,0.041199,0.0126,0.023005,0.806567,0.477398,-0.142544,0.144165,0.4313,0.070149,0.0265,0.031476,0.902633,0.697756,-0.411266,0.192291,0.434426,-0.622217,-0.823501,0.151883,0.5658,0.309809,0.0344,0.0567,0.4523,0.055887,0.0192,0.047049
West Bengal,Rice,2019,Kharif,22.9964948,87.6855882,2019-07-01,2019-10-28,11,Sentinel-2 SR,0.6,0.05,datasets\test_images\2019\rgb\west_bengal_2019_rice_kharif_rgb.png,datasets\test_images\2019\ndvi\west_bengal_2019_rice_kharif_ndvi.png,0.2818,0.074666,0.0361,0.016668,0.901514,0.513346,-0.164758,0.137888,0.3208,0.095559,0.0418,0.022351,0.856746,0.632443,-0.274862,0.151559,0.360381,-0.526577,-0.755075,0.123838,0.5367,0.31229,0.0522,0.050592,0.3801,0.06989,0.0295,0.032238
