Crop_Year,Area,Production,Annual_Rainfall,Fertilizer,Pesticide,Season_Autumn,Season_Kharif,Season_Rabi,Season_Summer,Season_Whole Year,Season_Winter,State_Andhra Pradesh,State_Arunachal Pradesh,State_Assam,State_Bihar,State_Chhattisgarh,State_Delhi,State_Gujarat,State_Haryana,State_Himachal Pradesh,State_Jammu and Kashmir,State_Jharkhand,State_Karnataka,State_Kerala,State_Madhya Pradesh,State_Maharashtra,State_Manipur,State_Meghalaya,State_Mizoram,State_Nagaland,State_Odisha,State_Punjab,State_Sikkim,State_Tamil Nadu,State_Telangana,State_Tripura,State_Uttar Pradesh,State_Uttarakhand,State_West Bengal,Yield
-1.7987465893162797,0.5568521554922098,0.6281166146881323,-0.6686970340574103,0.18772283278531607,0.661789946112963,0,1,0,0,0,0,1,0,0,0,0,0,0,0,0,0,0,0,0,0,0,0,0,0,0,0,0,0,0,0,0,0,0,0,2.201818182
-1.7987465893162797,-0.2766383186346307,-0.12922254785866594,-0.6686970340574103,-0.3644590103239302,-0.2132671061655798,0,0,1,0,0,0,1,0,0,0,0,0,0,0,0,0,0,0,0,0,0,0,0,0,0,0,0,0,0,0,0,0,0,0,3.21
-1.7987465893162797,-0.49559389367636947,-0.49565375863463584,1.092708503730977,-0.5095156087358673,-0.4431421029694662,0,1,0,0,0,0,0,1,0,0,0,0,0,0,0,0,0,0,0,0,0,0,0,0,0,0,0,0,0,0,0,0,0,0,1.686923077
-1.7987465893162797,-0.5550544740237849,-0.5491600660081642,0.8005353274687649,-0.5489078440016357,-0.5055680115799859,0,1,0,0,0,0,0,0,1,0,0,0,0,0,0,0,0,0,0,0,0,0,0,0,0,0,0,0,0,0,0,0,0,0,0.615652174
-1.7987465893162797,0.8287186237211699,0.1202052941988472,-0.17690486891269355,0.3678325426935583,0.9472145282607471,0,1,0,0,0,0,0,0,0,1,0,0,0,0,0,0,0,0,0,0,0,0,0,0,0,0,0,0,0,0,0,0,0,0,1.260185185
-1.7987465893162797,0.07773709461591968,0.2560565112771838,-0.17690486891269355,-0.1296876782984712,0.15878118250127576,0,0,1,0,0,0,0,0,0,1,0,0,0,0,0,0,0,0,0,0,0,0,0,0,0,0,0,0,0,0,0,0,0,0,2.803555556
-1.7987465893162797,-0.07158332667515667,-0.10598252640881083,-0.17690486891269355,-0.22861145487640017,0.0020140786698347323,0,0,0,1,0,0,0,0,0,1,0,0,0,0,0,0,0,0,0,0,0,0,0,0,0,0,0,0,0,0,0,0,0,0,2.025192308
-1.7987465893162797,0.9251748241800857,0.42730124739285363,-0.8368109958798733,0.43173412789705484,1.0484810466765562,0,0,0,0,1,0,0,0,0,0,0,0,1,0,0,0,0,0,0,0,0,0,0,0,0,0,0,0,0,0,0,0,0,0,1.690666667
-1.7987465893162797,-0.5286690359627654,-0.49569164832657836,-1.0168210467582026,-0.5314276684362921,-0.4778667188004355,0,1,0,0,0,0,0,0,0,0,0,0,0,1,0,0,0,0,0,0,0,0,0,0,0,0,0,0,0,0,0,0,0,0,1.9725
-1.7987465893162797,0.5793443412685771,0.09675157488643636,-0.10827358589807999,0.20262375485111528,0.6854038282096817,0,1,0,0,0,0,0,0,0,0,0,0,0,0,0,1,0,0,0,0,0,0,0,0,0,0,0,0,0,0,0,0,0,0,1.285
-1.7987465893162797,1.3257675370295592,1.5369114850428687,-0.225273582656326,0.697124110606915,1.4690515143085352,0,1,0,0,0,0,0,0,0,0,0,0,0,0,0,0,0,1,0,0,0,0,0,0,0,0,0,0,0,0,0,0,0,0,2.687777778
-1.7987465893162797,-0.4398204293787545,-0.42153091208135135,-0.225273582656326,-0.47256606309803906,-0.384587188691938,0,0,1,0,0,0,0,0,0,0,0,0,0,0,0,0,0,1,0,0,0,0,0,0,0,0,0,0,0,0,0,0,0,0,1.98
-1.7987465893162797,-0.5919489706993202,-0.5398058588613985,-0.225273582656326,-0.573350200341973,-0.5443024548740327,0,0,0,1,0,0,0,0,0,0,0,0,0,0,0,0,0,1,0,0,0,0,0,0,0,0,0,0,0,0,0,0,0,0,2.165714286
-1.7987465893162797,2.513979577706984,1.073547833164226,-0.3267171552645931,1.4843066099788425,2.7165202713885708,0,1,0,0,0,0,0,0,0,0,0,0,0,0,0,0,0,0,0,1,0,0,0,0,0,0,0,0,0,0,0,0,0,0,1.143023256
-1.7987465893162797,0.09985201218887915,-0.23849641942085156,-0.36985681887377875,-0.11503669388447596,0.1819989818445133,0,1,0,0,0,0,0,0,0,0,0,0,0,0,0,0,0,0,0,0,1,0,0,0,0,0,0,0,0,0,0,0,0,0,1.082083333
-1.7987465893162797,-0.45165965011250203,-0.472351598089995,-0.36985681887377875,-0.4804094673464037,-0.3970168371620074,0,0,1,0,0,0,0,0,0,0,0,0,0,0,0,0,0,0,0,0,1,0,0,0,0,0,0,0,0,0,0,0,0,0,1.476875
-1.7987465893162797,-0.6006222500147792,-0.5525261862403364,-0.36985681887377875,-0.5790961896566423,-0.5534082748767446,0,0,0,1,0,0,0,0,0,0,0,0,0,0,0,0,0,0,0,0,1,0,0,0,0,0,0,0,0,0,0,0,0,0,1.407777778
-1.7987465893162797,-0.6297691357502273,-0.5714361736950021,0.8030191262826273,-0.5984058057661182,-0.584008730078683,0,1,0,0,0,0,0,0,0,0,0,0,0,0,0,0,0,0,0,0,0,1,0,0,0,0,0,0,0,0,0,0,0,0,4.25
-1.7987465893162797,-0.5629926637470368,-0.5337662419657632,3.1102067718538935,-0.5541668413968105,-0.5139020827125127,0,1,0,0,0,0,0,0,0,0,0,0,0,0,0,0,0,0,0,0,0,0,1,0,0,0,0,0,0,0,0,0,0,0,1.444285714
-1.7987465893162797,-0.5981330577448717,-0.5468336389228945,1.5754805573937727,-0.5774471164901005,-0.5507949453692399,0,1,0,0,0,0,0,0,0,0,0,0,0,0,0,0,0,0,0,0,0,0,0,1,0,0,0,0,0,0,0,0,0,0,2.0875
-1.7987465893162797,-0.62932574837715,-0.571102744405908,1.5754805573937727,-0.598112064608328,-0.5835432307601588,0,0,1,0,0,0,0,0,0,0,0,0,0,0,0,0,0,0,0,0,0,0,0,1,0,0,0,0,0,0,0,0,0,0,2.15
-1.7987465893162797,-0.5131115842758435,-0.5260034018805827,-0.052976380726305686,-0.5211209611454055,-0.4615334093785309,0,1,0,0,0,0,0,0,0,0,0,0,0,0,0,0,0,0,0,0,0,0,0,0,1,0,0,0,0,0,0,0,0,0,0.998571429
-1.7987465893162797,-0.4300775752598196,-0.47548734899515677,0.0752660738210007,-0.4661114876571214,-0.37435845366647014,1,0,0,0,0,0,0,0,0,0,0,0,0,0,0,0,0,0,0,0,0,0,0,0,0,1,0,0,0,0,0,0,0,0,0.812
-1.7987465893162797,-0.6252652534868635,-0.5699887874627984,0.0752660738210007,-0.5954220140054066,-0.5792802370010417,0,0,0,1,0,0,0,0,0,0,0,0,0,0,0,0,0,0,0,0,0,0,0,0,0,1,0,0,0,0,0,0,0,0,0.945714286
-1.7987465893162797,-0.6292324036670285,-0.5712649122874219,0.0752660738210007,-0.5980502243645827,-0.5834452309036273,0,0,0,0,0,1,0,0,0,0,0,0,0,0,0,0,0,0,0,0,0,0,0,0,0,1,0,0,0,0,0,0,0,0,0.9925
-1.7987465893162797,0.011952410157770451,-0.048593283405014426,-0.9790411595368248,-0.1732695900779849,0.08971578361075189,0,1,0,0,0,0,0,0,0,0,0,0,0,0,0,0,0,0,0,0,0,0,0,0,0,0,1,0,0,0,0,0,0,0,2.102727273
-1.7987465893162797,-0.47657879835202915,-0.48703764268691013,1.7845118365182815,-0.49691823574958127,-0.4231787155285432,0,1,0,0,0,0,0,0,0,0,0,0,0,0,0,0,0,0,0,0,0,0,0,0,0,0,0,1,0,0,0,0,0,0,1.425
-1.7987465893162797,-0.5925323751375798,-0.559944987922679,1.7845118365182815,-0.5737367018653813,-0.5449149539773542,0,0,0,0,1,0,0,0,0,0,0,0,0,0,0,0,0,0,0,0,0,0,0,0,0,0,0,1,0,0,0,0,0,0,0.7875
-1.7987465893162797,3.3279921223217985,1.8511019041561898,-1.2616713193036717,2.0235844555598987,3.5711280202708893,0,1,0,0,0,0,0,0,0,0,0,0,0,0,0,0,0,0,0,0,0,0,0,0,0,0,0,0,0,0,0,1,0,0,1.498125
-1.7987465893162797,-0.5894014379855868,-0.546618425472661,-1.2616713193036717,-0.5716624770230904,-0.541627875456196,0,0,0,1,0,0,0,0,0,0,0,0,0,0,0,0,0,0,0,0,0,0,0,0,0,0,0,0,0,0,0,1,0,0,1.577936508
-1.7987465893162797,-0.49184065845689956,-0.37385355491625794,0.5410437145468451,-0.5070291156019409,-0.4392016920714317,0,0,0,0,1,0,0,0,0,0,0,0,0,0,0,0,0,0,0,0,0,0,0,0,0,0,0,0,0,0,0,0,0,1,2.658461538
-1.6460780352542017,0.5949679121251684,0.9741252815070918,-0.5107797199971186,0.24392273448537807,0.6188491487618266,0,1,0,0,0,0,1,0,0,0,0,0,0,0,0,0,0,0,0,0,0,0,0,0,0,0,0,0,0,0,0,0,0,0,2.479545455
-1.6460780352542017,-0.3042527953789171,-0.02025179383202037,-0.5107797199971186,-0.3745273540260047,-0.2643086981090319,0,0,1,0,0,0,1,0,0,0,0,0,0,0,0,0,0,0,0,0,0,0,0,0,0,0,0,0,0,0,0,0,0,0,4.245
-1.6460780352542017,-0.4888264021925584,-0.5002050684307696,2.8467933713311386,-0.5014701195986525,-0.44558524993041365,0,1,0,0,0,0,0,1,0,0,0,0,0,0,0,0,0,0,0,0,0,0,0,0,0,0,0,0,0,0,0,0,0,0,1.458461538
-1.6460780352542017,-0.552744192448277,-0.5503058502925057,1.196635875153106,-0.5454303650770091,-0.5083612709316061,0,1,0,0,0,0,0,0,1,0,0,0,0,0,0,0,0,0,0,0,0,0,0,0,0,0,0,0,0,0,0,0,0,0,0.608695652
-1.6460780352542017,0.8074088042730087,0.02863651788755552,-0.13925570794467704,0.3900315678961922,0.8274951900850669,0,1,0,0,0,0,0,0,0,1,0,0,0,0,0,0,0,0,0,0,0,0,0,0,0,0,0,0,0,0,0,0,0,0,1.276363636
-1.6460780352542017,0.10964931738871822,0.24994566176069655,-0.13925570794467704,-0.08986109118304257,0.1421998438725853,0,0,1,0,0,0,0,0,0,1,0,0,0,0,0,0,0,0,0,0,0,0,0,0,0,0,0,0,0,0,0,0,0,0,2.834545455
-1.6460780352542017,-0.04071345316538189,-0.019116618661422908,-0.13925570794467704,-0.19327493383810337,-0.005476982944142198,0,0,0,1,0,0,0,0,0,1,0,0,0,0,0,0,0,0,0,0,0,0,0,0,0,0,0,0,0,0,0,0,0,0,2.175306122
-1.6460780352542017,-0.6291507270456722,-0.5712709746381327,-0.8556355763638815,-0.597979897900565,-0.5834029487074626,0,1,0,0,0,0,0,0,0,0,0,1,0,0,0,0,0,0,0,0,0,0,0,0,0,0,0,0,0,0,0,0,0,0,0.8
-1.6460780352542017,0.9582344090147947,0.4833779914677616,-0.8672702129130255,0.4937637304497516,0.9756265834406249,0,1,0,0,0,0,0,0,0,0,0,0,1,0,0,0,0,0,0,0,0,0,0,0,0,0,0,0,0,0,0,0,0,0,1.649411765
-1.6460780352542017,-0.5515501580313058,-0.5123631127812808,-0.982309315870854,-0.5446091532380256,-0.5071885656591608,0,1,0,0,0,0,0,0,0,0,0,0,0,1,0,0,0,0,0,0,0,0,0,0,0,0,0,0,0,0,0,0,0,0,0.938235294
-1.6460780352542017,0.5408124228029934,0.4322602502742887,-0.07506911754434331,0.20667663140392267,0.5656610438317666,0,1,0,0,0,0,0,0,0,0,0,0,0,0,1,0,0,0,0,0,0,0,0,0,0,0,0,0,0,0,0,0,0,0,2.23
-1.6460780352542017,1.122256622150012,1.766485128522509,-0.23298643160463506,0.6065720225462137,1.1367188529831762,0,1,0,0,0,0,0,0,0,0,0,0,0,0,0,0,0,1,0,0,0,0,0,0,0,0,0,0,0,0,0,0,0,0,3.366
-1.6460780352542017,-0.435627696149129,-0.41747974621885864,-0.23298643160463506,-0.464882055971236,-0.3933368371730625,0,0,1,0,0,0,0,0,0,0,0,0,0,0,0,0,0,1,0,0,0,0,0,0,0,0,0,0,0,0,0,0,0,0,1.97952381
-1.6460780352542017,-0.5832212403029571,-0.5304289178994673,-0.23298643160463506,-0.5663913291495662,-0.5382939045305682,0,0,0,1,0,0,0,0,0,0,0,0,0,0,0,0,0,1,0,0,0,0,0,0,0,0,0,0,0,0,0,0,0,0,2.241904762
-1.6460780352542017,2.472363394444468,1.2041914909819846,-0.6226813928742788,1.5351245412520063,2.4627085461864087,0,1,0,0,0,0,0,0,0,0,0,0,0,0,0,0,0,0,0,1,0,0,0,0,0,0,0,0,0,0,0,0,0,0,1.294035088
-1.6460780352542017,0.14963585758702921,0.03537027393957758,-0.16239425478960395,-0.062359856927049796,0.1814721008954196,0,1,0,0,0,0,0,0,0,0,0,0,0,0,0,0,0,0,0,0,1,0,0,0,0,0,0,0,0,0,0,0,0,0,1.952608696
-1.6460780352542017,-0.4010979321300059,-0.4387055516450502,-0.16239425478960395,-0.44113378656896934,-0.359423881444172,0,0,1,0,0,0,0,0,0,0,0,0,0,0,0,0,0,0,0,0,1,0,0,0,0,0,0,0,0,0,0,0,0,0,1.399444444
-1.6460780352542017,-0.5873984160808956,-0.5449482478518354,-0.16239425478960395,-0.5692642331074436,-0.5423964630406863,0,0,0,1,0,0,0,0,0,0,0,0,0,0,0,0,0,0,0,0,1,0,0,0,0,0,0,0,0,0,0,0,0,0,1.426666667
-1.6460780352542017,-0.6182799576794356,-0.556178752543594,0.5437889658674294,-0.5905033927215455,-0.5727263648752651,1,0,0,0,0,0,0,0,0,0,0,0,0,0,0,0,0,0,0,0,0,1,0,0,0,0,0,0,0,0,0,0,0,0,2.84
-1.6460780352542017,-0.5628215317784807,-0.5331691004207493,6.684916170015052,-0.5523611790014599,-0.518258597840094,0,1,0,0,0,0,0,0,0,0,0,0,0,0,0,0,0,0,0,0,0,0,1,0,0,0,0,0,0,0,0,0,0,0,1.457142857
-1.6460780352542017,-0.5964917465919014,-0.5466957204442238,1.5709051385261317,-0.5755182828779436,-0.5513273585682991,0,1,0,0,0,0,0,0,0,0,0,0,0,0,0,0,0,0,0,0,0,0,0,1,0,0,0,0,0,0,0,0,0,0,2.0175
-1.6460780352542017,-0.6293296377400718,-0.5711042599935857,1.5709051385261317,-0.5981029459285561,-0.5835786635039854,0,0,1,0,0,0,0,0,0,0,0,0,0,0,0,0,0,0,0,0,0,0,0,1,0,0,0,0,0,0,0,0,0,0,1.74
-1.6460780352542017,-0.5131115842758435,-0.5153942881366812,0.07709624136805718,-0.5181725519198682,-0.4694366236149363,0,1,0,0,0,0,0,0,0,0,0,0,0,0,0,0,0,0,0,0,0,0,0,0,1,0,0,0,0,0,0,0,0,0,1.225714286
-1.6460780352542017,-0.434429772369236,-0.4716453342321867,-0.10709704961782965,-0.4640581691751222,-0.3921603120137362,1,0,0,0,0,0,0,0,0,0,0,0,0,0,0,0,0,0,0,0,0,0,0,0,0,1,0,0,0,0,0,0,0,0,0.838846154
-1.6460780352542017,-0.6287190077613601,-0.5711072911689411,-0.10709704961782965,-0.5976829776591084,-0.5829789412636794,0,0,0,1,0,0,0,0,0,0,0,0,0,0,0,0,0,0,0,0,0,0,0,0,0,1,0,0,0,0,0,0,0,0,0.94125
-1.6460780352542017,-0.6281706075893961,-0.5710966820551973,-0.10709704961782965,-0.5973058087037446,-0.5824403372134684,0,0,0,0,0,1,0,0,0,0,0,0,0,0,0,0,0,0,0,0,0,0,0,0,0,1,0,0,0,0,0,0,0,0,0.717142857
-1.6460780352542017,-0.03083058198126476,-0.037984169661112906,-1.111728306698411,-0.18647786777016467,0.004229349620299194,0,1,0,0,0,0,0,0,0,0,0,0,0,0,0,0,0,0,0,0,0,0,0,0,0,0,1,0,0,0,0,0,0,0,2.42
-1.6460780352542017,-0.476306542947508,-0.4898717916442095,2.2808794205306393,-0.49285943259641146,-0.43328903406070224,0,1,0,0,0,0,0,0,0,0,0,0,0,0,0,0,0,0,0,0,0,0,0,0,0,0,0,1,0,0,0,0,0,0,0.937142857
-1.6460780352542017,-0.3568408714436348,-0.40175097729968584,-0.47313055902910206,-0.41069544938397357,-0.31595738862607725,0,1,0,0,0,0,0,0,0,0,0,0,0,0,0,0,0,0,0,0,0,0,0,0,0,0,0,0,1,0,0,0,0,0,1.606666667
-1.6460780352542017,-0.6207691499493431,-0.5688490655291678,1.351546485386091,-0.5922153652848988,-0.5751710924790598,0,1,0,0,0,0,0,0,0,0,0,0,0,0,0,0,0,0,0,0,0,0,0,0,0,0,0,0,0,0,1,0,0,0,0.7475
-1.6460780352542017,3.2432117893539174,0.963664695355605,-0.909364066495322,2.0652849947227025,3.2197872066653144,0,1,0,0,0,0,0,0,0,0,0,0,0,0,0,0,0,0,0,0,0,0,0,0,0,0,0,0,0,0,0,1,0,0,0.933780488
-1.6460780352542017,-0.5887558037405795,-0.5552557596478745,-0.909364066495322,-0.5701977931458971,-0.5437296035621306,0,0,0,1,0,0,0,0,0,0,0,0,0,0,0,0,0,0,0,0,0,0,0,0,0,0,0,0,0,0,0,1,0,0,1.01047619
-1.6460780352542017,-0.4799781015456216,-0.3878409135937532,0.9326995696169064,-0.4953845921273576,-0.43689500727629943,0,1,0,0,0,0,0,0,0,0,0,0,0,0,0,0,0,0,0,0,0,0,0,0,0,0,0,0,0,0,0,0,0,1,2.634
-1.4934094811921235,0.770650435299734,1.0823336949318543,-1.0309394821212088,0.43620853789412467,0.6965364275033198,0,1,0,0,0,0,1,0,0,0,0,0,0,0,0,0,0,0,0,0,0,0,0,0,0,0,0,0,0,0,0,0,0,0,2.909090909
-1.4934094811921235,-0.27221222362970143,0.006721120068010385,-1.0309394821212088,-0.33424542531127216,-0.2570606603328245,0,0,1,0,0,0,1,0,0,0,0,0,0,0,0,0,0,0,0,0,0,0,0,0,0,0,0,0,0,0,0,0,0,0,4.394761905
-1.4934094811921235,-0.4911872454860488,-0.4982257109236931,1.1759811271220413,-0.496021448249329,-0.4572921494585639,0,1,0,0,0,0,0,1,0,0,0,0,0,0,0,0,0,0,0,0,0,0,0,0,0,0,0,0,0,0,0,0,0,0,1.516923077
-1.4934094811921235,-0.5531409074662935,-0.5501679318138349,0.9971476125239628,-0.5417920432543964,-0.5139427842658303,0,1,0,0,0,0,0,0,1,0,0,0,0,0,0,0,0,0,0,0,0,0,0,0,0,0,0,0,0,0,0,0,0,0,0.613913043
-1.4934094811921235,0.8709765518657715,0.3304324609726443,-0.04748587808513654,0.5103282251410151,0.7882749625559556,0,1,0,0,0,0,0,0,0,1,0,0,0,0,0,0,0,0,0,0,0,0,0,0,0,0,0,0,0,0,0,0,0,0,1.615272727
-1.4934094811921235,0.14652436724964485,0.33880305171658254,-0.04748587808513654,-0.02488803944677473,0.12583347267112496,0,0,1,0,0,0,0,0,0,1,0,0,0,0,0,0,0,0,0,0,0,0,0,0,0,0,0,0,0,0,0,0,0,0,2.928333333
-1.4934094811921235,-0.03605010702222706,-0.017258508168562444,-0.04748587808513654,-0.15977179051262194,-0.04111323453728087,0,0,0,1,0,0,0,0,0,1,0,0,0,0,0,0,0,0,0,0,0,0,0,0,0,0,0,0,0,0,0,0,0,0,2.511666667
-1.4934094811921235,-0.6295668888782974,-0.5714073775291257,-1.402855672933734,-0.5982546078755012,-0.5838269561512457,0,1,0,0,0,0,0,0,0,0,0,1,0,0,0,0,0,0,0,0,0,0,0,0,0,0,0,0,0,0,0,0,0,0,0.72
-1.4934094811921235,0.8909484304688575,0.19238515734932002,-1.281280257307847,0.5250832006794054,0.8065373148527296,0,1,0,0,0,0,0,0,0,0,0,0,1,0,0,0,0,0,0,0,0,0,0,0,0,0,0,0,0,0,0,0,0,0,1.324117647
-1.4934094811921235,-0.5517018431852533,-0.4987228236819788,-1.4314847224198297,-0.5407288804600041,-0.5126268990954688,0,1,0,0,0,0,0,0,0,0,0,0,0,1,0,0,0,0,0,0,0,0,0,0,0,0,0,0,0,0,0,0,0,0,0.812631579
-1.4934094811921235,0.5366508044767417,0.46128678547760327,-0.3844981592502294,0.26333252070002067,0.48256638590972484,0,1,0,0,0,0,0,0,0,0,0,0,0,0,1,0,0,0,0,0,0,0,0,0,0,0,0,0,0,0,0,0,0,0,2.324166667
-1.4934094811921235,0.6043957278474431,0.14268903739752992,-1.0091081978098937,0.3133816275992776,0.5445125694160947,0,1,0,0,0,0,0,0,0,0,0,0,0,0,0,1,0,0,0,0,0,0,0,0,0,0,0,0,0,0,0,0,0,0,1.288333333
-1.4934094811921235,1.4136126879797637,1.5772367263834384,-0.3075003960205012,0.9112210541897318,1.2844632522816248,0,1,0,0,0,0,0,0,0,0,0,0,0,0,0,0,0,1,0,0,0,0,0,0,0,0,0,0,0,0,0,0,0,0,2.7368
-1.4934094811921235,-0.3660664402939795,-0.32628683565163663,-0.3075003960205012,-0.403583753396355,-0.3428812685652398,0,0,1,0,0,0,0,0,0,0,0,0,0,0,0,0,0,1,0,0,0,0,0,0,0,0,0,0,0,0,0,0,0,0,2.327619048
-1.4934094811921235,-0.5784645494496806,-0.5352818296434634,-0.3075003960205012,-0.5605008350227432,-0.5370988068177864,0,0,0,1,0,0,0,0,0,0,0,0,0,0,0,0,0,1,0,0,0,0,0,0,0,0,0,0,0,0,0,0,0,0,1.786666667
-1.4934094811921235,2.662382109348532,1.4907421376170868,-0.28253168162851783,1.8337963727949205,2.4263421693180636,0,1,0,0,0,0,0,0,0,0,0,0,0,0,0,0,0,0,0,1,0,0,0,0,0,0,0,0,0,0,0,0,0,0,1.543220339
-1.4934094811921235,0.1242344283452075,-0.10834835877370087,-0.35626128852421707,-0.041355569108024175,0.105451478316147,0,1,0,0,0,0,0,0,0,0,0,0,0,0,0,0,0,0,0,0,1,0,0,0,0,0,0,0,0,0,0,0,0,0,1.3428
-1.4934094811921235,-0.4010979321300059,-0.4340072298441795,-0.35626128852421707,-0.429464583907413,-0.37491418134752674,0,0,1,0,0,0,0,0,0,0,0,0,0,0,0,0,0,0,0,0,1,0,0,0,0,0,0,0,0,0,0,0,0,0,1.491111111
-1.4934094811921235,-0.5862316072043764,-0.5438873364774452,-0.35626128852421707,-0.5662390406995038,-0.5442010302913323,0,0,0,1,0,0,0,0,0,0,0,0,0,0,0,0,0,0,0,0,1,0,0,0,0,0,0,0,0,0,0,0,0,0,1.428888889
-1.4934094811921235,-0.6129126368474475,-0.5552390881834198,0.8545252701069272,-0.5859506535901287,-0.568598252639116,0,1,0,0,0,0,0,0,0,0,0,0,0,0,0,0,0,0,0,0,0,1,0,0,0,0,0,0,0,0,0,0,0,0,2.254
-1.4934094811921235,-0.5650851409989278,-0.5350196329752213,6.224236853170294,-0.5506162944478526,-0.5248646311798308,0,1,0,0,0,0,0,0,0,0,0,0,0,0,0,0,0,0,0,0,0,0,1,0,0,0,0,0,0,0,0,0,0,0,1.448571429
-1.4934094811921235,-0.6099878359303061,-0.5570547622213047,1.4339040250036272,-0.5837898470458502,-0.5659238049415164,0,1,0,0,0,0,0,0,0,0,0,0,0,0,0,0,0,0,0,0,0,0,0,1,0,0,0,0,0,0,0,0,0,0,1.7675
-1.4934094811921235,-0.6290729397872376,-0.5711830705528261,1.4339040250036272,-0.5978896844298583,-0.5833752874576352,0,0,1,0,0,0,0,0,0,0,0,0,0,0,0,0,0,0,0,0,0,0,0,1,0,0,0,0,0,0,0,0,0,0,1.15
-1.4934094811921235,-0.505138390286296,-0.507285894060985,0.4486202534204987,-0.5063283805290186,-0.4700491227182578,0,1,0,0,0,0,0,0,0,0,0,0,0,0,0,0,0,0,0,0,0,0,0,0,1,0,0,0,0,0,0,0,0,0,1.312857143
-1.4934094811921235,0.013235899921941508,-0.25869920316459544,0.059186744657577006,-0.1233599015111645,0.003954054324397717,0,1,0,0,0,0,0,0,0,0,0,0,0,0,0,0,0,0,0,0,0,0,0,0,0,1,0,0,0,0,0,0,0,0,1.160333333
-1.4934094811921235,-0.5976274405650467,-0.555890790884831,0.059186744657577006,-0.5746581406659077,-0.5546214182620329,0,0,1,0,0,0,0,0,0,0,0,0,0,0,0,0,0,0,0,0,0,0,0,0,0,1,0,0,0,0,0,0,0,0,1.395357143
-1.4934094811921235,0.00028432139257902986,0.060529029389401176,-1.4048165667341515,-0.13292836666069519,-0.007888912208855887,0,1,0,0,0,0,0,0,0,0,0,0,0,0,0,0,0,0,0,0,0,0,0,0,0,0,1,0,0,0,0,0,0,0,2.711666667
-1.4934094811921235,-0.4777456072285483,-0.49139647284797594,1.6203196622966538,-0.4860909330671133,-0.445001070678106,0,1,0,0,0,0,0,0,0,0,0,0,0,0,0,0,0,0,0,0,0,0,0,0,0,0,0,1,0,0,0,0,0,0,1.355
-1.4934094811921235,-0.17939257750260368,-0.29295906261900884,-0.6748411679653853,-0.26567142507296865,-0.1721860668445068,0,1,0,0,0,0,0,0,0,0,0,0,0,0,0,0,0,0,0,0,0,0,0,0,0,0,0,0,1,0,0,0,0,0,1.688
-1.4934094811921235,-0.6249307682755947,-0.5699554445338889,0.9260325306954869,-0.5948294996297833,-0.5795876720348379,0,1,0,0,0,0,0,0,0,0,0,0,0,0,0,0,0,0,0,0,0,0,0,0,0,0,0,0,0,0,1,0,0,0,0.8025
-1.4934094811921235,3.086579365769988,1.5210023611900494,-0.7263473117896857,2.1471880315351717,2.814229553076574,0,1,0,0,0,0,0,0,0,0,0,0,0,0,0,0,0,0,0,0,0,0,0,0,0,0,0,0,0,0,0,1,0,0,1.303170732
-1.4934094811921235,-0.5844463896233021,-0.5458666939845217,-0.7263473117896857,-0.5649201441518658,-0.5425686213908028,0,0,1,0,0,0,0,0,0,0,0,0,0,0,0,0,0,0,0,0,0,0,0,0,0,0,0,0,0,0,0,1,0,0,1.455079365
-1.4934094811921235,-0.4931630418502879,-0.46586185165408267,1.1491822451830016,-0.4974811420319,-0.45909882423300613,0,1,0,0,0,0,0,0,0,0,0,0,0,0,0,0,0,0,0,0,0,0,0,0,0,0,0,0,0,0,0,0,0,1,1.941538462
-1.3407409271300454,1.0447493978457674,1.1065345989693711,-0.6581082075351556,0.5459217253579419,0.8904620737100685,0,1,0,0,0,0,1,0,0,0,0,0,0,0,0,0,0,0,0,0,0,0,0,0,0,0,0,0,0,0,0,0,0,0,2.564545455
-1.3407409271300454,-0.48032814420857733,-0.4922103434309009,0.939497334791687,-0.4962808183739528,-0.45242442809012445,0,1,0,0,0,0,0,1,0,0,0,0,0,0,0,0,0,0,0,0,0,0,0,0,0,0,0,0,0,0,0,0,0,0,1.478461538
-1.3407409271300454,-0.5510678770290112,-0.5493192027143228,0.6882414758315208,-0.5446227075273791,-0.5147133476538798,0,1,0,0,0,0,0,0,1,0,0,0,0,0,0,0,0,0,0,0,0,0,0,0,0,0,0,0,0,0,0,0,0,0,0.605652174
-1.3407409271300454,0.43183636309902723,0.1516779879139699,-0.3033171559129438,0.127071203804117,0.3507697508986816,0,1,0,0,0,0,0,0,0,1,0,0,0,0,0,0,0,0,0,0,0,0,0,0,0,0,0,0,0,0,0,0,0,0,1.728918919
-1.3407409271300454,0.11502830630947147,0.2607518019026991,-0.3033171559129438,-0.0894280584013113,0.07180868079390429,0,0,1,0,0,0,0,0,0,1,0,0,0,0,0,0,0,0,0,0,0,0,0,0,0,0,0,0,0,0,0,0,0,0,2.568571429
-1.3407409271300454,-0.02287294544340421,0.127304306881195,-0.3033171559129438,-0.18366656850818824,-0.04961841025802596,0,0,0,1,0,0,0,0,0,1,0,0,0,0,0,0,0,0,0,0,0,0,0,0,0,0,0,0,0,0,0,0,0,0,2.77
-1.3407409271300454,-0.26666599210331376,-0.38101015993035836,-0.7093528988527338,-0.35026906993303203,-0.26428709599011907,0,1,0,0,0,0,0,0,0,0,1,0,0,0,0,0,0,0,0,0,0,0,0,0,0,0,0,0,0,0,0,0,0,0,1.168125
-1.3407409271300454,-0.6295785569670626,-0.5713346293205962,-1.169640036937409,-0.5982750813150994,-0.5838448701035148,0,1,0,0,0,0,0,0,0,0,0,1,0,0,0,0,0,0,0,0,0,0,0,0,0,0,0,0,0,0,0,0,0,0,1.64
-1.3407409271300454,0.8594445908028406,-0.13422398719507667,-1.3848154499698924,0.4192887274018261,0.7272944201090372,0,1,0,0,0,0,0,0,0,0,0,0,1,0,0,0,0,0,0,0,0,0,0,0,0,0,0,0,0,0,0,0,0,0,0.8175
-1.3407409271300454,-0.5697834914083783,-0.5199410511697818,-1.3795863998354456,-0.5574125233733371,-0.5311931299796324,0,1,0,0,0,0,0,0,0,0,0,0,0,1,0,0,0,0,0,0,0,0,0,0,0,0,0,0,0,0,0,0,0,0,0.740555556
-1.3407409271300454,0.5294399256198534,0.46464835894674233,-0.4845037430715235,0.19377120975888,0.4367132541124731,0,1,0,0,0,0,0,0,0,0,0,0,0,0,1,0,0,0,0,0,0,0,0,0,0,0,0,0,0,0,0,0,0,0,2.3325
-1.3407409271300454,0.6545062797310186,0.22542496872318477,-0.5876467569734857,0.279238649148454,0.5468387488063435,0,1,0,0,0,0,0,0,0,0,0,0,0,0,0,1,0,0,0,0,0,0,0,0,0,0,0,0,0,0,0,0,0,0,1.490833333
-1.3407409271300454,1.7034091192779013,2.4019286053272344,-0.2950814019511902,0.9960344692684088,1.470436025722516,0,1,0,0,0,0,0,0,0,0,0,0,0,0,0,0,0,1,0,0,0,0,0,0,0,0,0,0,0,0,0,0,0,0,3.1712
-1.3407409271300454,-0.40499896314050154,-0.35523607588338846,-0.2950814019511902,-0.4448026069640365,-0.38609433164682044,0,0,1,0,0,0,0,0,0,0,0,0,0,0,0,0,0,1,0,0,0,0,0,0,0,0,0,0,0,0,0,0,0,0,2.397368421
-1.3407409271300454,-0.586367734906637,-0.5243498957242118,-0.2950814019511902,-0.5687458099001795,-0.5457961623647134,0,0,0,1,0,0,0,0,0,0,0,0,0,0,0,0,0,1,0,0,0,0,0,0,0,0,0,0,0,0,0,0,0,0,2.774761905
-1.3407409271300454,2.5956523097004025,1.2623097316587548,-0.9356400434209169,1.6057727265331374,2.256088757273145,0,1,0,0,0,0,0,0,0,0,0,0,0,0,0,0,0,0,0,1,0,0,0,0,0,0,0,0,0,0,0,0,0,0,1.558636364
-1.3407409271300454,0.37560784333956976,-0.2441040938283424,-0.49836072592780756,0.08864594036167786,0.3012584846718721,0,1,0,0,0,0,0,0,0,0,0,0,0,0,0,0,0,0,0,0,1,0,0,0,0,0,0,0,0,0,0,0,0,0,0.856538462
-1.3407409271300454,-0.35675919482227847,-0.4387055516450502,-0.49836072592780756,-0.41183667056806417,-0.343617452971361,0,0,1,0,0,0,0,0,0,0,0,0,0,0,0,0,0,0,0,0,1,0,0,0,0,0,0,0,0,0,0,0,0,0,1.161666667
-1.3407409271300454,-0.6116291470832764,-0.5550117500317648,0.6937319784726901,-0.5860088718119623,-0.5680397588330767,0,1,0,0,0,0,0,0,0,0,0,0,0,0,0,0,0,0,0,0,0,1,0,0,0,0,0,0,0,0,0,0,0,0,2.55
-1.3407409271300454,-0.5640389023729824,-0.5347180310273589,6.300711711386578,-0.5534868047522897,-0.5261348094278584,0,1,0,0,0,0,0,0,0,0,0,0,0,0,0,0,0,0,0,0,0,0,1,0,0,0,0,0,0,0,0,0,0,0,1.437142857
-1.3407409271300454,-0.6048616555994654,-0.5470518835484833,1.823991165033355,-0.581384125433748,-0.562080735298827,0,1,0,0,0,0,0,0,0,0,0,0,0,0,0,0,0,0,0,0,0,0,0,1,0,0,0,0,0,0,0,0,0,0,2.1825
-1.3407409271300454,-0.6288862503669945,-0.5709799818040143,1.823991165033355,-0.5978019750764086,-0.5832352688454134,0,0,1,0,0,0,0,0,0,0,0,0,0,0,0,0,0,0,0,0,0,0,0,1,0,0,0,0,0,0,0,0,0,0,1.516666667
-1.3407409271300454,-0.49366476966719114,-0.4919026791323278,0.25200796836530087,-0.5053947582192958,-0.4641678141239994,0,1,0,0,0,0,0,0,0,0,0,0,0,0,0,0,0,0,0,0,0,0,0,0,1,0,0,0,0,0,0,0,0,0,1.5125
-1.3407409271300454,-0.4183239205103501,-0.46709857119908604,-0.48764117315219163,-0.4539085731087274,-0.39782744350218807,0,1,0,0,0,0,0,0,0,0,0,0,0,0,0,0,0,0,0,0,0,0,0,0,0,1,0,0,0,0,0,0,0,0,0.8808
-1.3407409271300454,0.011952410157770451,0.12721488720821073,-1.3513495291094333,-0.1598677299619062,-0.01895341213982357,0,1,0,0,0,0,0,0,0,0,0,0,0,0,0,0,0,0,0,0,0,0,0,0,0,0,1,0,0,0,0,0,0,0,2.904615385
-1.3407409271300454,-0.47459522326194664,-0.48112533515620154,1.393248160208304,-0.49236307345355756,-0.44737638171685773,0,1,0,0,0,0,0,0,0,0,0,0,0,0,0,0,0,0,0,0,0,0,0,0,0,0,0,1,0,0,0,0,0,0,1.49
-1.3407409271300454,-0.1638390151786035,-0.27766829853869135,-0.6117003875919407,-0.2799995039863485,-0.17374418553121415,0,1,0,0,0,0,0,0,0,0,0,0,0,0,0,0,0,0,0,0,0,0,0,0,0,0,0,0,1,0,0,0,0,0,1.629090909
-1.3407409271300454,-0.6236472785114235,-0.5690764036808228,1.3052693916962372,-0.5942217834836185,-0.5786221626956236,0,1,0,0,0,0,0,0,0,0,0,0,0,0,0,0,0,0,0,0,0,0,0,0,0,0,0,0,0,0,1,0,0,0,1.0
-1.3407409271300454,2.901465137510226,1.6611578472730548,-0.7381126745921909,1.8147581048240762,2.525368126497851,0,1,0,0,0,0,0,0,0,0,0,0,0,0,0,0,0,0,0,0,0,0,0,0,0,0,0,0,0,0,0,1,0,0,1.534782609
-1.3407409271300454,-0.5795652391565304,-0.5397300794775135,-0.7381126745921909,-0.564097142420009,-0.5398063162949417,0,0,1,0,0,0,0,0,0,0,0,0,0,0,0,0,0,0,0,0,0,0,0,0,0,0,0,0,0,0,0,1,0,0,1.606610169
-1.3407409271300454,-0.49962716302620397,-0.4982651162033133,-0.03349816897549143,-0.5094693192525156,-0.46941791934124355,0,1,0,0,0,0,0,0,0,0,0,0,0,0,0,0,0,0,0,0,0,0,0,0,0,0,0,0,0,0,0,0,1,0,1.337692308
-1.3407409271300454,-0.6295474420636887,-0.5713209890314969,-0.03349816897549143,-0.5982538181133605,-0.583817472294162,0,0,1,0,0,0,0,0,0,0,0,0,0,0,0,0,0,0,0,0,0,0,0,0,0,0,0,0,0,0,0,0,1,0,1.535
-1.3407409271300454,-0.4926263097670891,-0.43769920142705726,0.6126817013887654,-0.5046850988612595,-0.46325341223684724,0,1,0,0,0,0,0,0,0,0,0,0,0,0,0,0,0,0,0,0,0,0,0,0,0,0,0,0,0,0,0,0,0,1,2.568571429
-1.1880723730679672,0.6829958631326943,0.9229150894652792,-0.6675204977771598,0.3348963286451323,0.5719248679950673,0,1,0,0,0,0,1,0,0,0,0,0,0,0,0,0,0,0,0,0,0,0,0,0,0,0,0,0,0,0,0,0,0,0,2.801818182
-1.1880723730679672,-0.47975251849616124,-0.4918860076678731,0.9013252688102259,-0.4917514206801992,-0.45191756861709637,0,1,0,0,0,0,0,1,0,0,0,0,0,0,0,0,0,0,0,0,0,0,0,0,0,0,0,0,0,0,0,0,0,0,1.455384615
-1.1880723730679672,-0.5535609586618404,-0.5503437399844482,0.5041789110989954,-0.5442250099005085,-0.5169085971282786,0,1,0,0,0,0,0,0,1,0,0,0,0,0,0,0,0,0,0,0,0,0,0,0,0,0,0,0,0,0,0,0,0,0,0.608695652
-1.1880723730679672,0.32229634577141014,0.030011155911229614,-0.2510266545684763,0.07845955442942418,0.2543157630718944,1,0,0,0,0,0,0,0,0,1,0,0,0,0,0,0,0,0,0,0,0,0,0,0,0,0,0,0,0,0,0,0,0,0,1.768108108
-1.1880723730679672,0.09907025024161133,0.3716700860951895,-0.2510266545684763,-0.0802414615220137,0.057757029322049895,0,0,1,0,0,0,0,0,0,1,0,0,0,0,0,0,0,0,0,0,0,0,0,0,0,0,0,0,0,0,0,0,0,0,2.911818182
-1.1880723730679672,-0.046916987025542,0.01689374456073424,-0.2510266545684763,-0.18403005673644768,-0.07079006743545807,0,0,0,1,0,0,0,0,0,1,0,0,0,0,0,0,0,0,0,0,0,0,0,0,0,0,0,0,0,0,0,0,0,0,2.469189189
-1.1880723730679672,-0.2648924426110047,-0.46582244637446246,0.1450738931158649,-0.33899816730518983,-0.26272542085700534,0,1,0,0,0,0,0,0,0,0,1,0,0,0,0,0,0,0,0,0,0,0,0,0,0,0,0,0,0,0,0,0,0,0,0.75375
-1.1880723730679672,-0.629586335692906,-0.5713270513822076,-1.0812690896652588,-0.598274714726845,-0.5838517195558531,0,1,0,0,0,0,0,0,0,0,0,1,0,0,0,0,0,0,0,0,0,0,0,0,0,0,0,0,0,0,0,0,0,0,1.79
-1.1880723730679672,1.0951399838597073,0.7692178274820225,-1.0098925553300606,0.6279072802659641,0.9348328259570452,0,1,0,0,0,0,0,0,0,0,0,0,1,0,0,0,0,0,0,0,0,0,0,0,0,0,0,0,0,0,0,0,0,0,2.108666667
-1.1880723730679672,-0.5600017436602261,-0.500238411359679,-1.2487294202209158,-0.548804040503282,-0.5225799436643231,0,1,0,0,0,0,0,0,0,0,0,0,0,1,0,0,0,0,0,0,0,0,0,0,0,0,0,0,0,0,0,0,0,0,1.051764706
-1.1880723730679672,0.5420025678570429,0.44128709048267123,-0.6809853018733601,0.23465814121690678,0.4477751196386953,0,1,0,0,0,0,0,0,0,0,0,0,0,0,1,0,0,0,0,0,0,0,0,0,0,0,0,0,0,0,0,0,0,0,2.463333333
-1.1880723730679672,0.6399911773071204,0.24402122952856642,-0.634316029423423,0.30432245100330474,0.5340576707432284,0,1,0,0,0,0,0,0,0,0,0,0,0,0,0,1,0,0,0,0,0,0,0,0,0,0,0,0,0,0,0,0,0,0,1.493333333
-1.1880723730679672,1.3365682978632047,1.3606880434059536,-0.5701294390230891,0.799549034877414,1.14741927817832,0,1,0,0,0,0,0,0,0,0,0,0,0,0,0,0,0,1,0,0,0,0,0,0,0,0,0,0,0,0,0,0,0,0,2.663333333
-1.1880723730679672,-0.37624879242306986,-0.33993621827700476,-0.5701294390230891,-0.41816617768442144,-0.3607787558047664,0,0,1,0,0,0,0,0,0,0,0,0,0,0,0,0,0,1,0,0,0,0,0,0,0,0,0,0,0,0,0,0,0,0,2.279
-1.1880723730679672,-0.5937302989174728,-0.535157551453892,-0.5701294390230891,-0.5727831186356803,-0.5522791690028368,0,0,0,1,0,0,0,0,0,0,0,0,0,0,0,0,0,1,0,0,0,0,0,0,0,0,0,0,0,0,0,0,0,0,2.6265
-1.1880723730679672,2.649193279680944,1.963563056604579,-0.632747314383089,1.7327504945154728,2.3032335377171007,0,1,0,0,0,0,0,0,0,0,0,0,0,0,0,0,0,0,0,1,0,0,0,0,0,0,0,0,0,0,0,0,0,0,1.943555556
-1.1880723730679672,0.36005039165264785,0.12435042649735731,-0.5271205016672647,0.10530052668855594,0.2875595799954359,0,1,0,0,0,0,0,0,0,0,0,0,0,0,0,0,0,0,0,0,1,0,0,0,0,0,0,0,0,0,0,0,0,0,1.910769231
-1.1880723730679672,-0.3843736715665648,-0.39551130283059405,-0.5271205016672647,-0.42394250312475584,-0.3679330087720352,0,0,1,0,0,0,0,0,0,0,0,0,0,0,0,0,0,0,0,0,1,0,0,0,0,0,0,0,0,0,0,0,0,0,1.887142857
-1.1880723730679672,-0.5967328870930487,-0.5537386563824966,-0.5271205016672647,-0.5749177874915626,-0.5549230576053891,0,0,0,1,0,0,0,0,0,0,0,0,0,0,0,0,0,0,0,0,1,0,0,0,0,0,0,0,0,0,0,0,0,0,1.293529412
-1.1880723730679672,-0.6101122955438015,-0.556178752543594,0.7504671724314371,-0.5844297834296911,-0.5667041156271242,0,1,0,0,0,0,0,0,0,0,0,0,0,0,0,0,0,0,0,0,0,1,0,0,0,0,0,0,0,0,0,0,0,0,2.0125
-1.1880723730679672,-0.5641944768898516,-0.5332069901126918,3.662917371064915,-0.5517848345792421,-0.5262717984746228,0,1,0,0,0,0,0,0,0,0,0,0,0,0,0,0,0,0,0,0,0,0,1,0,0,0,0,0,0,0,0,0,0,0,1.471428571
-1.1880723730679672,-0.6084282013986922,-0.5506195769417896,1.2646135269009138,-0.5832324885921302,-0.5652212091958999,0,1,0,0,0,0,0,0,0,0,0,0,0,0,0,0,0,0,0,0,0,0,0,1,0,0,0,0,0,0,0,0,0,0,2.076666667
-1.1880723730679672,-0.6224649121832175,-0.5670955305860687,1.2646135269009138,-0.5932117889818702,-0.5775810459402145,0,0,1,0,0,0,0,0,0,0,0,0,0,0,0,0,0,0,0,0,0,0,0,1,0,0,0,0,0,0,0,0,0,0,1.6025
-1.1880723730679672,-0.4547711404498864,-0.4350681412185697,0.12154316751085453,-0.4739910864038621,-0.4299205524329089,0,1,0,0,0,0,0,0,0,0,0,0,0,0,0,0,0,0,0,0,0,0,0,0,1,0,0,0,0,0,0,0,0,0,2.025
-1.1880723730679672,-0.4297703155890029,-0.5007567423454524,0.3052135534832966,-0.45621692655203366,-0.40790641261787597,0,1,0,0,0,0,0,0,0,0,0,0,0,0,0,0,0,0,0,0,0,0,0,0,0,1,0,0,0,0,0,0,0,0,0.714615385
-1.1880723730679672,0.011952410157770451,0.10902783507580811,-1.2546121016221685,-0.14217727460868235,-0.01895341213982357,0,1,0,0,0,0,0,0,0,0,0,0,0,0,0,0,0,0,0,0,0,0,0,0,0,0,1,0,0,0,0,0,0,0,2.7625
-1.1880723730679672,-0.4737901251371484,-0.485061316355189,1.2202973270114776,-0.4875124992345157,-0.44666746339985214,0,1,0,0,0,0,0,0,0,0,0,0,0,0,0,0,0,0,0,0,0,0,0,0,0,0,0,1,0,0,0,0,0,0,1.405
-1.1880723730679672,-0.598677568553914,-0.5654086815007883,1.2202973270114776,-0.5763003450407093,-0.5566354206899435,0,0,0,0,1,0,0,0,0,0,0,0,0,0,0,0,0,0,0,0,0,0,0,0,0,0,0,1,0,0,0,0,0,0,0.5
-1.1880723730679672,-0.6217025970505583,-0.5683186098419727,1.105127497800288,-0.5926698264226048,-0.576909799611069,0,1,0,0,0,0,0,0,0,0,0,0,0,0,0,0,0,0,0,0,0,0,0,0,0,0,0,0,0,0,1,0,0,0,0.99
-1.1880723730679672,2.923988438189967,1.6840326120925841,-0.7701406066656773,1.92811417155518,2.545200715743162,0,1,0,0,0,0,0,0,0,0,0,0,0,0,0,0,0,0,0,0,0,0,0,0,0,0,0,0,0,0,0,1,0,0,1.500869565
-1.1880723730679672,-0.5620436591941346,-0.5284647162691678,-0.7701406066656773,-0.5502557259298859,-0.5243779249031054,0,0,1,0,0,0,0,0,0,0,0,0,0,0,0,0,0,0,0,0,0,0,0,0,0,0,0,0,0,0,0,1,0,0,1.63516129
-1.1880723730679672,-0.5016846360117994,-0.509813894307389,0.13370070907344317,-0.5073439047194742,-0.4712295994847022,0,1,0,0,0,0,0,0,0,0,0,0,0,0,0,0,0,0,0,0,0,0,0,0,0,0,0,0,0,0,0,0,1,0,1.185384615
-1.1880723730679672,-0.6293063015625414,-0.5711936796665701,0.13370070907344317,-0.598075626439768,-0.5836051392716772,0,0,1,0,0,0,0,0,0,0,0,0,0,0,0,0,0,0,0,0,0,0,0,0,0,0,0,0,0,0,0,0,1,0,1.1
-1.1880723730679672,-0.5003233589891937,-0.44051061656919116,0.15370182583770192,-0.5063761144350717,-0.4700309453255141,0,1,0,0,0,0,0,0,0,0,0,0,0,0,0,0,0,0,0,0,0,0,0,0,0,0,0,0,0,0,0,0,0,1,2.314285714
-1.0354038190058892,0.9790775049123484,0.8108161624718604,-1.0339461859485157,0.461844493949056,0.7781483107143747,0,1,0,0,0,0,1,0,0,0,0,0,0,0,0,0,0,0,0,0,0,0,0,0,0,0,0,0,0,0,0,0,0,0,1.491363636
-1.0354038190058892,-0.4720865841774305,-0.48668754193336133,1.8220302712329373,-0.49449108172033446,-0.4505084255187452,0,1,0,0,0,0,0,1,0,0,0,0,0,0,0,0,0,0,0,0,0,0,0,0,0,0,0,0,0,0,0,0,0,0,1.402
-1.0354038190058892,-0.5527364137224335,-0.5499587807143123,0.6988303023537754,-0.5476403442644044,-0.5187921965212886,0,1,0,0,0,0,0,0,1,0,0,0,0,0,0,0,0,0,0,0,0,0,0,0,0,0,0,0,0,0,0,0,0,0,0.606086957
-1.0354038190058892,0.36213120081577366,0.077476330801445,-0.43561212431444657,0.05526903958029872,0.25579853778288136,1,0,0,0,0,0,0,0,0,1,0,0,0,0,0,0,0,0,0,0,0,0,0,0,0,0,0,0,0,0,0,0,0,0,1.757567568
-1.0354038190058892,0.10026817402150431,0.21703315975175866,-0.43561212431444657,-0.11730202275415055,0.03408703440425276,0,0,1,0,0,0,0,0,0,1,0,0,0,0,0,0,0,0,0,0,0,0,0,0,0,0,0,0,0,0,0,0,0,0,2.553513514
-1.0354038190058892,-0.004137884249428519,0.08422827390559946,-0.43561212431444657,-0.18610694191565777,-0.054310416829942615,0,0,0,1,0,0,0,0,0,1,0,0,0,0,0,0,0,0,0,0,0,0,0,0,0,0,0,0,0,0,0,0,0,0,2.609459459
-1.0354038190058892,-0.26436737861657106,-0.38564331146108793,-0.5720903328235066,-0.3576014856221891,-0.27463885771720026,0,1,0,0,0,0,0,0,0,0,1,0,0,0,0,0,0,0,0,0,0,0,0,0,0,0,0,0,0,0,0,0,0,0,1.279375
-1.0354038190058892,-0.6294268718131151,-0.5711254782210735,-1.1051919940303525,-0.5981803307055681,-0.5837236874852234,0,1,0,0,0,0,0,0,0,0,0,1,0,0,0,0,0,0,0,0,0,0,0,0,0,0,0,0,0,0,0,0,0,0,2.43
-1.0354038190058892,1.1768166052160471,0.6297837611336026,-1.2819338885746527,0.59215707385854,0.9455680252948293,0,1,0,0,0,0,0,0,0,0,0,0,1,0,0,0,0,0,0,0,0,0,0,0,0,0,0,0,0,0,0,0,0,0,1.671875
-1.0354038190058892,-0.5680060525531474,-0.5275189895582829,-1.4185428233370743,-0.5577032302958482,-0.5317205378096752,0,1,0,0,0,0,0,0,0,0,0,0,0,1,0,0,0,0,0,0,0,0,0,0,0,0,0,0,0,0,0,0,0,0,0.478333333
-1.0354038190058892,0.53624242136996,0.16106250681428966,-0.7166735690409592,0.1700105464788248,0.4032132413274347,0,1,0,0,0,0,0,0,0,0,0,0,0,0,1,0,0,0,0,0,0,0,0,0,0,0,0,0,0,0,0,0,0,0,1.6075
-1.0354038190058892,0.6516164830801728,0.1334136408100046,-0.6612456376158237,0.24604351928492482,0.5008969692894065,0,1,0,0,0,0,0,0,0,0,0,0,0,0,0,1,0,0,0,0,0,0,0,0,0,0,0,0,0,0,0,0,0,0,1.3475
-1.0354038190058892,-0.3856169842117544,-0.4588477118816861,-0.5200612839857615,-0.4375065165158466,-0.3772972309502182,1,0,0,0,0,0,0,0,0,0,0,0,0,0,0,0,1,0,0,0,0,0,0,0,0,0,0,0,0,0,0,0,0,0,1.203571429
-1.0354038190058892,1.6210246338698064,1.1944235283992068,-0.7558914450493099,0.8848958096041405,1.3216655257757073,0,1,0,0,0,0,0,0,0,0,0,0,0,0,0,0,0,1,0,0,0,0,0,0,0,0,0,0,0,0,0,0,0,0,2.174
-1.0354038190058892,-0.3983637099960293,-0.3453408039356837,-0.7558914450493099,-0.4459067707865553,-0.388089498080801,0,0,1,0,0,0,0,0,0,0,0,0,0,0,0,0,0,1,0,0,0,0,0,0,0,0,0,0,0,0,0,0,0,0,2.483181818
-1.0354038190058892,-0.5857259900245515,-0.5281494740322061,-0.7558914450493099,-0.569380894269169,-0.5467234728351184,0,0,0,1,0,0,0,0,0,0,0,0,0,0,0,0,0,1,0,0,0,0,0,0,0,0,0,0,0,0,0,0,0,0,2.472173913
-1.0354038190058892,2.6721599677337626,1.6815197677229572,-0.8343271970660111,1.5776073521339342,2.2116300159076703,0,1,0,0,0,0,0,0,0,0,0,0,0,0,0,0,0,0,0,1,0,0,0,0,0,0,0,0,0,0,0,0,0,0,1.662
-1.0354038190058892,0.541683640097461,0.3828945284362373,-0.6165372589663041,0.17359637876562806,0.40782015662607274,0,1,0,0,0,0,0,0,0,0,0,0,0,0,0,0,0,0,0,0,1,0,0,0,0,0,0,0,0,0,0,0,0,0,1.725185185
-1.0354038190058892,-0.38981877965698747,-0.4197607056737975,-0.6165372589663041,-0.4402755531067076,-0.38085476404855817,0,0,1,0,0,0,0,0,0,0,0,0,0,0,0,0,0,0,0,0,1,0,0,0,0,0,0,0,0,0,0,0,0,0,1.382727273
-1.0354038190058892,-0.5975107596773948,-0.5510105985626362,-0.6165372589663041,-0.5771472072277211,-0.5567012808085803,0,0,0,1,0,0,0,0,0,0,0,0,0,0,0,0,0,0,0,0,1,0,0,0,0,0,0,0,0,0,0,0,0,0,1.386315789
-1.0354038190058892,-0.6160241271848318,-0.5589371221170084,0.39829064587644875,-0.5893477516774592,-0.5723759890441178,0,1,0,0,0,0,0,0,0,0,0,0,0,0,0,0,0,0,0,0,0,1,0,0,0,0,0,0,0,0,0,0,0,0,2.2
-1.0354038190058892,-0.5639766725662346,-0.5322491387003853,3.8123374786567314,-0.555047817680317,-0.5283089836642936,0,1,0,0,0,0,0,0,0,0,0,0,0,0,0,0,0,0,0,0,0,0,1,0,0,0,0,0,0,0,0,0,0,0,1.527142857
-1.0354038190058892,-0.6029986507599565,-0.5505256105057722,1.5529956418156519,-0.5807637971896078,-0.5613477121784003,0,1,0,0,0,0,0,0,0,0,0,0,0,0,0,0,0,0,0,0,0,0,0,1,0,0,0,0,0,0,0,0,0,0,1.89
-1.0354038190058892,-0.6274588541747195,-0.5698660248609047,1.5529956418156519,-0.5968833820728858,-0.5820574264837145,0,0,1,0,0,0,0,0,0,0,0,0,0,0,0,0,0,0,0,0,0,0,0,1,0,0,0,0,0,0,0,0,0,0,1.695
-1.0354038190058892,-0.47421795505853875,-0.4502240179955718,0.12755657516546817,-0.49589568221580854,-0.45231299276939113,0,1,0,0,0,0,0,0,0,0,0,0,0,0,0,0,0,0,0,0,0,0,0,0,1,0,0,0,0,0,0,0,0,0,2.02875
-1.0354038190058892,-0.4621609300011743,-0.5072101146771,-0.4395339119152816,-0.48794994948593695,-0.4421046743807007,0,1,0,0,0,0,0,0,0,0,0,0,0,0,0,0,0,0,0,0,0,0,0,0,0,1,0,0,0,0,0,0,0,0,0.9248
-1.0354038190058892,-0.03860930782472571,-0.101638852124522,-1.486651201338243,-0.20882404810431965,-0.08349632840380171,0,1,0,0,0,0,0,0,0,0,0,0,0,0,0,0,0,0,0,0,0,0,0,0,0,0,1,0,0,0,0,0,0,0,2.083333333
-1.0354038190058892,-0.48697506544181474,-0.49082661188116067,1.382005702419243,-0.5043027800719307,-0.463114052225812,0,1,0,0,0,0,0,0,0,0,0,0,0,0,0,0,0,0,0,0,0,0,0,0,0,0,0,1,0,0,0,0,0,0,1.415
-1.0354038190058892,-0.6064562943973749,-0.5669242691784885,1.382005702419243,-0.5830424282853677,-0.5642751944518022,0,0,0,0,1,0,0,0,0,0,0,0,0,0,0,0,0,0,0,0,0,0,0,0,0,0,0,1,0,0,0,0,0,0,0.5
-1.0354038190058892,-0.15895786471183176,-0.28101471613105344,-1.4682187996143183,-0.2881352764463893,-0.1853918109525913,0,1,0,0,0,0,0,0,0,0,0,0,0,0,0,0,0,0,0,0,0,0,0,0,0,0,0,0,1,0,0,0,0,0,1.806956522
-1.0354038190058892,-0.620827490393169,-0.5681291613822602,1.4912928502291805,-0.5925132290714564,-0.5764428513699348,0,1,0,0,0,0,0,0,0,0,0,0,0,0,0,0,0,0,0,0,0,0,0,0,0,0,0,0,0,0,1,0,0,0,0.9525
-1.0354038190058892,2.3077072151530085,0.696181657293649,-1.01316071166409,1.3374283568266387,1.9030588950650134,0,1,0,0,0,0,0,0,0,0,0,0,0,0,0,0,0,0,0,0,0,0,0,0,0,0,0,0,0,0,0,1,0,0,1.069565217
-1.0354038190058892,-0.5522658008089042,-0.5380311056908116,-1.01316071166409,-0.5473302043739804,-0.5183937428035366,0,0,1,0,0,0,0,0,0,0,0,0,0,0,0,0,0,0,0,0,0,0,0,0,0,0,0,0,0,0,0,1,0,0,1.100689655
-1.0354038190058892,-0.5189222924809088,-0.5227797468901143,0.2239018238926496,-0.5253564086665001,-0.4901628029499097,0,1,0,0,0,0,0,0,0,0,0,0,0,0,0,0,0,0,0,0,0,0,0,0,0,0,0,0,0,0,0,0,1,0,1.043076923
-1.0354038190058892,-0.6294735441681758,-0.5712785525765213,0.2239018238926496,-0.5982110883806515,-0.5837632035564054,0,0,1,0,0,0,0,0,0,0,0,0,0,0,0,0,0,0,0,0,0,0,0,0,0,0,0,0,0,0,0,0,1,0,1.455
-1.0354038190058892,-0.5219637742857021,-0.4876590336347672,0.24847835952454925,-0.5273607838261,-0.4927379335886052,0,1,0,0,0,0,0,0,0,0,0,0,0,0,0,0,0,0,0,0,0,0,0,0,0,0,0,0,0,0,0,0,0,1,1.895384615
-0.882735264943811,1.539740838168561,1.9618368022396784,-0.8013841812189966,0.8964203639588791,1.179369865812311,0,1,0,0,0,0,1,0,0,0,0,0,0,0,0,0,0,0,0,0,0,0,0,0,0,0,0,0,0,0,0,0,0,0,2.420909091
-0.882735264943811,-0.47964361633435276,-0.48885634790015037,1.7558827870321856,-0.49496640806514564,-0.4619917958042423,0,1,0,0,0,0,0,1,0,0,0,0,0,0,0,0,0,0,0,0,0,0,0,0,0,0,0,0,0,0,0,0,0,0,1.446666667
-0.882735264943811,-0.5536815289124141,-0.5501755097522234,1.0127040366739415,-0.5459796621088109,-0.5221700302859283,0,1,0,0,0,0,0,0,1,0,0,0,0,0,0,0,0,0,0,0,0,0,0,0,0,0,0,0,0,0,0,0,0,0,0.607391304
-0.882735264943811,0.3776692056880869,0.09237607326091583,-0.11128028972538681,0.09573523737375572,0.2348346034196294,0,1,0,0,0,0,0,0,0,1,0,0,0,0,0,0,0,0,0,0,0,0,0,0,0,0,0,0,0,0,0,0,0,0,1.68
-0.882735264943811,0.13383726539896004,0.3299035208731269,-0.11128028972538681,-0.072268698458639,0.03664728065613635,0,0,1,0,0,0,0,0,0,1,0,0,0,0,0,0,0,0,0,0,0,0,0,0,0,0,0,0,0,0,0,0,0,0,2.925945946
-0.882735264943811,-0.0033639010280041544,0.09663184345989805,-0.11128028972538681,-0.1668024003731345,-0.0748702335052397,0,0,0,1,0,0,0,0,0,1,0,0,0,0,0,0,0,0,0,0,0,0,0,0,0,0,0,0,0,0,0,0,0,0,2.775
-0.882735264943811,-0.24639852191817627,-0.36679394751353034,0.26756439251528,-0.334256970946076,-0.27240949270134757,0,1,0,0,0,0,0,0,0,0,1,0,0,0,0,0,0,0,0,0,0,0,0,0,0,0,0,0,0,0,0,0,0,0,1.20625
-0.882735264943811,-0.6294307611760368,-0.5711921640788924,-0.6232042978877237,-0.5981720415874001,-0.5837392304732216,0,1,0,0,0,0,0,0,0,0,0,1,0,0,0,0,0,0,0,0,0,0,0,0,0,0,0,0,0,0,0,0,0,0,1.98
-0.882735264943811,1.2542149273584837,0.6893463568672211,-0.7013785973977025,0.6996886448028822,0.9472935604031112,0,1,0,0,0,0,0,0,0,0,0,0,1,0,0,0,0,0,0,0,0,0,0,0,0,0,0,0,0,0,0,0,0,0,1.825
-0.882735264943811,-0.5653457283146838,-0.5093319374258803,-1.106891435324048,-0.5540164738800313,-0.5316507260839203,0,1,0,0,0,0,0,0,0,0,0,0,0,1,0,0,0,0,0,0,0,0,0,0,0,0,0,0,0,0,0,0,0,0,0.960588235
-0.882735264943811,0.5310540112323716,0.5342577853958356,-0.42672273908588715,0.2014197141398846,0.35950622735607873,0,1,0,0,0,0,0,0,0,0,0,0,0,0,1,0,0,0,0,0,0,0,0,0,0,0,0,0,0,0,0,0,0,0,2.503333333
-0.882735264943811,0.6194281155399314,0.23576127668510022,-0.011405432157454097,0.2623108235315721,0.43133696090792095,0,1,0,0,0,0,0,0,0,0,0,0,0,0,0,1,0,0,0,0,0,0,0,0,0,0,0,0,0,0,0,0,0,0,1.561666667
-0.882735264943811,-0.2813370190867441,-0.3647888250159329,-0.23625458793866427,-0.3583301298115956,-0.30080760661131223,1,0,0,0,0,0,0,0,0,0,0,0,0,0,0,0,1,0,0,0,0,0,0,0,0,0,0,0,0,0,0,0,0,0,1.39
-0.882735264943811,1.4920339125706152,1.0443076000983558,-0.7470020598207503,0.8635495626298394,1.1405935354828114,0,1,0,0,0,0,0,0,0,0,0,0,0,0,0,0,0,1,0,0,0,0,0,0,0,0,0,0,0,0,0,0,0,0,2.3356
-0.882735264943811,-0.38009926171558306,-0.3842520019729591,-0.7470020598207503,-0.4263788253800453,-0.38108184973761755,0,0,1,0,0,0,0,0,0,0,0,0,0,0,0,0,0,1,0,0,0,0,0,0,0,0,0,0,0,0,0,0,0,0,1.943478261
-0.882735264943811,-0.5970129212234133,-0.540759163510672,-0.7470020598207503,-0.5758356540871926,-0.5573899142090457,0,0,0,1,0,0,0,0,0,0,0,0,0,0,0,0,0,1,0,0,0,0,0,0,0,0,0,0,0,0,0,0,0,0,2.470909091
-0.882735264943811,2.865259058071837,2.245009203941187,-0.360836707391858,1.8097226889013776,2.2567549982332746,0,1,0,0,0,0,0,0,0,0,0,0,0,0,0,0,0,0,0,1,0,0,0,0,0,0,0,0,0,0,0,0,0,0,1.916041667
-0.882735264943811,0.582910887067804,0.4454882995252562,-0.5250288816134858,0.23714989464861488,0.4016556495216765,0,1,0,0,0,0,0,0,0,0,0,0,0,0,0,0,0,0,0,0,1,0,0,0,0,0,0,0,0,0,0,0,0,0,1.724444444
-0.882735264943811,-0.4045983587595633,-0.4485568715501016,-0.5250288816134858,-0.44325907791319547,-0.40099478832766483,0,0,1,0,0,0,0,0,0,0,0,0,0,0,0,0,0,0,0,0,1,0,0,0,0,0,0,0,0,0,0,0,0,0,1.689130435
-0.882735264943811,-0.6206913626909084,-0.5600586569985065,-0.9821785896174928,-0.5921504623776862,-0.5766358215175404,0,1,0,0,0,0,0,0,0,0,0,0,0,0,0,0,0,0,0,0,0,1,0,0,0,0,0,0,0,0,0,0,0,0,2.76
-0.882735264943811,-0.5640622385505127,-0.5321733593165002,2.4606280189022467,-0.5531321298038384,-0.5306075018047148,0,1,0,0,0,0,0,0,0,0,0,0,0,0,0,0,0,0,0,0,0,0,1,0,0,0,0,0,0,0,0,0,0,0,1.528571429
-0.882735264943811,-0.5918128429970596,-0.5426672883968966,1.3863196687801618,-0.5722527206633442,-0.5531632752354161,0,1,0,0,0,0,0,0,0,0,0,0,0,0,0,0,0,0,0,0,0,0,0,1,0,0,0,0,0,0,0,0,0,0,1.981666667
-0.882735264943811,-0.6270076880757987,-0.569535626747166,1.3863196687801618,-0.5965025071647692,-0.5817697494855094,0,0,1,0,0,0,0,0,0,0,0,0,0,0,0,0,0,0,0,0,0,0,0,1,0,0,0,0,0,0,0,0,0,0,1.802
-0.882735264943811,-0.4547711404498864,-0.45325519335097225,0.35397444598701244,-0.47782889180073923,-0.44177537378751713,0,1,0,0,0,0,0,0,0,0,0,0,0,0,0,0,0,0,0,0,0,0,0,0,1,0,0,0,0,0,0,0,0,0,1.69125
-0.882735264943811,-0.6292479611187155,-0.5710769794153872,0.35397444598701244,-0.5980460895523061,-0.5835906500455772,0,0,1,0,0,0,0,0,0,0,0,0,0,0,0,0,0,0,0,0,0,0,0,0,1,0,0,0,0,0,0,0,0,0,1.71
-0.882735264943811,-0.4137422509885516,-0.4521275961187633,0.2734470739165326,-0.449559359498437,-0.4084269709955805,0,1,0,0,0,0,0,0,0,0,0,0,0,0,0,0,0,0,0,0,0,0,0,0,0,1,0,0,0,0,0,0,0,0,0.887307692
-0.882735264943811,-0.5762748381247464,-0.5439176482309992,0.2734470739165326,-0.5615467976803412,-0.54053393888564,0,0,1,0,0,0,0,0,0,0,0,0,0,0,0,0,0,0,0,0,0,0,0,0,0,1,0,0,0,0,0,0,0,0,1.32
-0.882735264943811,-0.03083058198126476,0.12418371185281028,-1.290692547549851,-0.18572736360366426,-0.09719523308023789,0,1,0,0,0,0,0,0,0,0,0,0,0,0,0,0,0,0,0,0,0,0,0,0,0,0,1,0,0,0,0,0,0,0,3.086923077
-0.882735264943811,-0.48705285270024934,-0.48500675519879183,1.828958762661079,-0.5000714852322596,-0.46801404505238337,0,1,0,0,0,0,0,0,0,0,0,0,0,0,0,0,0,0,0,0,0,0,0,0,0,0,0,1,0,0,0,0,0,0,1.5375
-0.882735264943811,-0.006875995746326772,-0.1910706498102564,-1.4293931023660509,-0.16922228734526257,-0.07772487448742929,0,1,0,0,0,0,0,0,0,0,0,0,0,0,0,0,0,0,0,0,0,0,0,0,0,0,0,0,1,0,0,0,0,0,1.7856
-0.882735264943811,-0.6210802989830815,-0.5682125187045337,1.3711554233902663,-0.592418445431078,-0.5769519500869966,0,1,0,0,0,0,0,0,0,0,0,0,0,0,0,0,0,0,0,0,0,0,0,0,0,0,0,0,0,0,1,0,0,0,0.9575
-0.882735264943811,2.5493144398509053,1.1223815837274047,-0.4750914528295196,1.592032015139607,1.9999542774069037,0,1,0,0,0,0,0,0,0,0,0,0,0,0,0,0,0,0,0,0,0,0,0,0,0,0,0,0,0,0,0,1,0,0,1.296
-0.882735264943811,-0.6135660498182982,-0.5628261200979872,-0.4750914528295196,-0.5872410128395482,-0.5708443461251025,0,0,1,0,0,0,0,0,0,0,0,0,0,0,0,0,0,0,0,0,0,0,0,0,0,0,0,0,0,0,0,1,0,0,1.348888889
-0.882735264943811,-0.549512131860319,-0.5287072102975998,-0.4750914528295196,-0.5431068837764507,-0.5187811320213576,0,0,0,1,0,0,0,0,0,0,0,0,0,0,0,0,0,0,0,0,0,0,0,0,0,0,0,0,0,0,0,1,0,0,1.362166667
-0.882735264943811,-0.5084093445034714,-0.4995624592554247,0.38600237806049875,-0.514786434694004,-0.48537266480122443,0,1,0,0,0,0,0,0,0,0,0,0,0,0,0,0,0,0,0,0,0,0,0,0,0,0,0,0,0,0,0,0,1,0,1.456153846
-0.882735264943811,-0.6292596292074807,-0.5711315405717843,0.38600237806049875,-0.5980541290439078,-0.583600133902661,0,0,0,1,0,0,0,0,0,0,0,0,0,0,0,0,0,0,0,0,0,0,0,0,0,0,0,0,0,0,0,0,1,0,1.623333333
-0.882735264943811,-0.41381614888406454,-0.38041756514837755,0.11461467608271265,-0.4496102762785814,-0.40848703542377723,0,1,0,0,0,0,0,0,0,0,0,0,0,0,0,0,0,0,0,0,0,0,0,0,0,0,0,0,0,0,0,0,0,1,2.133333333
-0.7300667108817329,1.335728195472111,1.3057692083168086,-0.8591651852046331,0.8839188370149735,0.8138501589856755,0,1,0,0,0,0,1,0,0,0,0,0,0,0,0,0,0,0,0,0,0,0,0,0,0,0,0,0,0,0,0,0,0,0,2.819545455
-0.7300667108817329,-0.4827745534863458,-0.4881364437532428,1.961515183569304,-0.4875445093743445,-0.47947370569517134,0,1,0,0,0,0,0,1,0,0,0,0,0,0,0,0,0,0,0,0,0,0,0,0,0,0,0,0,0,0,0,0,0,0,1.495
-0.7300667108817329,0.42411986706231397,0.10117557531764329,-0.3807070979027557,0.19640961582004093,0.16551195490571055,0,1,0,0,0,0,0,0,0,1,0,0,0,0,0,0,0,0,0,0,0,0,0,0,0,0,0,0,0,0,0,0,0,0,1.597837838
-0.7300667108817329,0.11962942264587861,0.3320935450674037,-0.3807070979027557,-0.03322846643312756,-0.051042437743188965,0,0,1,0,0,0,0,0,0,1,0,0,0,0,0,0,0,0,0,0,0,0,0,0,0,0,0,0,0,0,0,0,0,0,3.198
-0.7300667108817329,-0.03240188460164387,0.17006509761982894,-0.3807070979027557,-0.1478861789458255,-0.1591674971935879,0,0,0,1,0,0,0,0,0,1,0,0,0,0,0,0,0,0,0,0,0,0,0,0,0,0,0,0,0,0,0,0,0,0,2.952368421
-0.7300667108817329,-0.24921442067350913,-0.35939939523403097,-0.41338866124304785,-0.31140006223832084,-0.31336513435653623,0,1,0,0,0,0,0,0,0,0,1,0,0,0,0,0,0,0,0,0,0,0,0,0,0,0,0,0,0,0,0,0,0,0,1.343125
-0.7300667108817329,-0.6294735441681758,-0.5712815837518767,-1.0289785883207914,-0.5981807395299878,-0.5838064077942311,0,1,0,0,0,0,0,0,0,0,0,1,0,0,0,0,0,0,0,0,0,0,0,0,0,0,0,0,0,0,0,0,0,0,1.52
-0.7300667108817329,1.1573697906073948,0.053708884839750205,-0.9402154622885578,0.7494059720041698,0.6870011995270966,0,1,0,0,0,0,0,0,0,0,0,0,1,0,0,0,0,0,0,0,0,0,0,0,0,0,0,0,0,0,0,0,0,0,1.0375
-0.7300667108817329,-0.5684649973779116,-0.5123631127812808,-1.2476836101940265,-0.5521698188496383,-0.5404169713149414,0,1,0,0,0,0,0,0,0,0,0,0,0,1,0,0,0,0,0,0,0,0,0,0,0,0,0,0,0,0,0,0,0,0,0.746875
-0.7300667108817329,0.528798180737768,0.3928883135829925,-0.6534020624141536,0.27535503971338054,0.23995944269122654,0,1,0,0,0,0,0,0,0,0,0,0,0,0,1,0,0,0,0,0,0,0,0,0,0,0,0,0,0,0,0,0,0,0,2.1625
-0.7300667108817329,0.6253010535517445,0.17460731388989648,-0.5319573730416279,0.34813477730874137,0.30859253576301904,0,1,0,0,0,0,0,0,0,0,0,0,0,0,0,1,0,0,0,0,0,0,0,0,0,0,0,0,0,0,0,0,0,0,1.44
-0.7300667108817329,-0.2718304826589336,-0.36901579904903886,-0.3788769303556992,-0.32845645661025313,-0.3294497362124331,1,0,0,0,0,0,0,0,0,0,0,0,0,0,0,0,1,0,0,0,0,0,0,0,0,0,0,0,0,0,0,0,0,0,1.367727273
-0.7300667108817329,2.418826313826848,2.9296607814654827,-0.42005570016446736,1.7007608080911998,1.5841523458046973,0,1,0,0,0,0,0,0,0,0,0,0,0,0,0,0,0,1,0,0,0,0,0,0,0,0,0,0,0,0,0,0,0,0,3.0068
-0.7300667108817329,-0.4062396699125336,-0.3114128581826867,-0.42005570016446736,-0.4298240645733808,-0.42504189828477584,0,0,1,0,0,0,0,0,0,0,0,0,0,0,0,0,0,1,0,0,0,0,0,0,0,0,0,0,0,0,0,0,0,0,2.84826087
-0.7300667108817329,-0.5945704013085665,-0.5295225964682025,-0.42005570016446736,-0.5718577762388074,-0.558983202199105,0,0,0,1,0,0,0,0,0,0,0,0,0,0,0,0,0,1,0,0,0,0,0,0,0,0,0,0,0,0,0,0,0,0,3.007826087
-0.7300667108817329,2.767744950898211,1.2820381364593787,-0.7102679826262619,1.9639053768247727,1.8323041841314578,0,1,0,0,0,0,0,0,0,0,0,0,0,0,0,0,0,0,0,1,0,0,0,0,0,0,0,0,0,0,0,0,0,0,1.34125
-0.7300667108817329,0.7439305120274456,0.3483391293846723,-0.5059428486227553,0.4376017600749878,0.39296211386163044,0,1,0,0,0,0,0,0,0,0,0,0,0,0,0,0,0,0,0,0,1,0,0,0,0,0,0,0,0,0,0,0,0,0,1.387777778
-0.7300667108817329,-0.37698388201527694,-0.3736868402717109,-0.5059428486227553,-0.4077601766887965,-0.4042351061645911,0,0,1,0,0,0,0,0,0,0,0,0,0,0,0,0,0,0,0,0,1,0,0,0,0,0,0,0,0,0,0,0,0,0,1.723478261
-0.7300667108817329,-0.5776750087765694,-0.5405530435865048,-0.5059428486227553,-0.5591157489893214,-0.5469671552740741,0,0,0,1,0,0,0,0,0,0,0,0,0,0,0,0,0,0,0,0,1,0,0,0,0,0,0,0,0,0,0,0,0,0,1.462777778
-0.7300667108817329,-0.6172687233197856,-0.5579823018800573,0.22782361149348465,-0.5889762087958977,-0.575126307598387,0,1,0,0,0,0,0,0,0,0,0,0,0,0,0,0,0,0,0,0,0,1,0,0,0,0,0,0,0,0,0,0,0,0,2.5225
-0.7300667108817329,-0.5641594726235559,-0.535096927946784,4.351714000024913,-0.5489227138392375,-0.537354870959046,0,1,0,0,0,0,0,0,0,0,0,0,0,0,0,0,0,0,0,0,0,0,1,0,0,0,0,0,0,0,0,0,0,0,1.465714286
-0.7300667108817329,-0.5917350557386251,-0.5438009479798164,1.5710358647794935,-0.5697194387929337,-0.5569666970866862,0,1,0,0,0,0,0,0,0,0,0,0,0,0,0,0,0,0,0,0,0,0,0,1,0,0,0,0,0,0,0,0,0,0,2.14125
-0.7300667108817329,-0.6269960199870335,-0.5691521830647078,1.5710358647794935,-0.5963122608564329,-0.5820443861802245,0,0,1,0,0,0,0,0,0,0,0,0,0,0,0,0,0,0,0,0,0,0,0,1,0,0,0,0,0,0,0,0,0,0,2.61
-0.7300667108817329,-0.4532153952811942,-0.4476475189434815,0.35619679229415235,-0.4652518281827943,-0.4584511558263327,0,1,0,0,0,0,0,0,0,0,0,0,0,0,0,0,0,0,0,0,0,0,0,0,1,0,0,0,0,0,0,0,0,0,1.80125
-0.7300667108817329,-0.6259031090060272,-0.5687429743917288,0.35619679229415235,-0.5954880183018506,-0.581267105060074,0,0,1,0,0,0,0,0,0,0,0,0,0,0,0,0,0,0,0,0,0,0,0,0,1,0,0,0,0,0,0,0,0,0,1.905
-0.7300667108817329,-0.4015179833255528,-0.4275599198632428,-0.19429146060972893,-0.4262631020777831,-0.4216838225557271,1,0,0,0,0,0,0,0,0,0,0,0,0,0,0,0,0,0,0,0,0,0,0,0,0,1,0,0,0,0,0,0,0,0,1.0572
-0.7300667108817329,-0.621737601316854,-0.565066158685628,-0.19429146060972893,-0.5923465102023572,-0.5783045852035573,0,0,0,1,0,0,0,0,0,0,0,0,0,0,0,0,0,0,0,0,0,0,0,0,0,1,0,0,0,0,0,0,0,0,1.267727273
-0.7300667108817329,-0.6236667253260322,-0.5667621012969746,-0.19429146060972893,-0.5938014009748583,-0.5796765831949974,0,0,0,0,0,1,0,0,0,0,0,0,0,0,0,0,0,0,0,0,0,0,0,0,0,1,0,0,0,0,0,0,0,0,1.461538462
-0.7300667108817329,-0.03083058198126476,0.06810696777790226,-1.402202041666928,-0.14670114694564312,-0.15804998270056014,0,1,0,0,0,0,0,0,0,0,0,0,0,0,0,0,0,0,0,0,0,0,0,0,0,0,1,0,0,0,0,0,0,0,2.883636364
-0.7300667108817329,-0.48705285270024934,-0.48314258235522056,0.27645377774383945,-0.49077108165206884,-0.4825164431761874,0,1,0,0,0,0,0,0,0,0,0,0,0,0,0,0,0,0,0,0,0,0,0,0,0,0,0,1,0,0,0,0,0,0,1.635
-0.7300667108817329,0.10877032136840714,-0.12480157860281442,-0.5294735742277656,-0.04141809352349698,-0.05876545869500441,0,1,0,0,0,0,0,0,0,0,0,0,0,0,0,0,0,0,0,0,0,0,0,0,0,0,0,0,1,0,0,0,0,0,1.758846154
-0.7300667108817329,-0.6189411493761297,-0.5669742835718526,1.6566615607310589,-0.5902375052317355,-0.576315741340966,0,1,0,0,0,0,0,0,0,0,0,0,0,0,0,0,0,0,0,0,0,0,0,0,0,0,0,0,0,0,1,0,0,0,1.0525
-0.7300667108817329,2.6440826568017903,1.3910361710642227,-0.9608702103196224,1.870642771760913,1.7443552403051783,0,1,0,0,0,0,0,0,0,0,0,0,0,0,0,0,0,0,0,0,0,0,0,0,0,0,0,0,0,0,0,1,0,0,1.431142857
-0.7300667108817329,-0.6136282796250458,-0.5422762667760499,-0.9608702103196224,-0.5862306891123069,-0.5725372146145404,0,0,1,0,0,0,0,0,0,0,0,0,0,0,0,0,0,0,0,0,0,0,0,0,0,0,0,0,0,0,0,1,0,0,4.646785714
-0.7300667108817329,-0.515052376373787,-0.5033196011084435,-0.2868456479894366,-0.5118875305860122,-0.5024297769269466,0,1,0,0,0,0,0,0,0,0,0,0,0,0,0,0,0,0,0,0,0,0,0,0,0,0,0,0,0,0,0,0,1,0,1.438461538
-0.7300667108817329,-0.6295046590715496,-0.5712482408229672,-0.2868456479894366,-0.5982042055101895,-0.583828536794093,0,0,0,1,0,0,0,0,0,0,0,0,0,0,0,0,0,0,0,0,0,0,0,0,0,0,0,0,0,0,0,0,1,0,1.96
-0.7300667108817329,-0.37842683565923896,-0.28268186257652367,0.22730070648004014,-0.40884841152064716,-0.40526133853318835,0,1,0,0,0,0,0,0,0,0,0,0,0,0,0,0,0,0,0,0,0,0,0,0,0,0,0,0,0,0,0,0,0,1,2.584375
-0.5773981568196548,1.6771248046528466,2.6085198772622284,-0.4752221790828806,1.3273515564154588,1.056652311595813,0,1,0,0,0,0,1,0,0,0,0,0,0,0,0,0,0,0,0,0,0,0,0,0,0,0,0,0,0,0,0,0,0,0,3.803636364
-0.5773981568196548,-0.4670109655645722,-0.48372153684810204,1.7360123965212881,-0.462534208193774,-0.46826260114011836,0,1,0,0,0,0,0,1,0,0,0,0,0,0,0,0,0,0,0,0,0,0,0,0,0,0,0,0,0,0,0,0,0,0,1.4125
-0.5773981568196548,-0.5560151466654524,-0.5506392795815997,0.9746626969458414,-0.536833288949753,-0.5315626052451845,0,1,0,0,0,0,0,0,1,0,0,0,0,0,0,0,0,0,0,0,0,0,0,0,0,0,0,0,0,0,0,0,0,0,0.635925926
-0.5773981568196548,0.4474949382219141,0.11979608552586815,-0.6944501059695606,0.3008787815874431,0.18213636605198946,0,1,0,0,0,0,0,0,0,1,0,0,0,0,0,0,0,0,0,0,0,0,0,0,0,0,0,0,0,0,0,0,0,0,1.619210526
-0.5773981568196548,0.19503639097238903,0.394265982782022,-0.6944501059695606,0.09013095201784842,0.0025871934222114305,0,0,1,0,0,0,0,0,0,1,0,0,0,0,0,0,0,0,0,0,0,0,0,0,0,0,0,0,0,0,0,0,0,0,2.773611111
-0.5773981568196548,0.051693920492012435,0.07497864230859505,-0.6944501059695606,-0.02952875001246147,-0.09935834281674209,0,0,0,1,0,0,0,0,0,1,0,0,0,0,0,0,0,0,0,0,0,0,0,0,0,0,0,0,0,0,0,0,0,0,2.363611111
-0.5773981568196548,-0.23468376079792408,-0.4053656539110008,-0.19128475678242213,-0.26859165925662765,-0.3030308914210124,0,1,0,0,0,0,0,0,0,0,1,0,0,0,0,0,0,0,0,0,0,0,0,0,0,0,0,0,0,0,0,0,0,0,1.088125
-0.5773981568196548,-0.629485212256941,-0.5712527875860004,-1.0274098732804573,-0.5981647710106011,-0.5838147061691793,0,1,0,0,0,0,0,0,0,0,0,1,0,0,0,0,0,0,0,0,0,0,0,0,0,0,0,0,0,0,0,0,0,0,1.82
-0.5773981568196548,1.1472574470108956,0.5233895061590473,-0.6492188223065962,0.8850278688262779,0.6798092745719676,0,1,0,0,0,0,0,0,0,0,0,0,1,0,0,0,0,0,0,0,0,0,0,0,0,0,0,0,0,0,0,0,0,0,1.618125
-0.5773981568196548,-0.5618491910480481,-0.5169098758143814,-1.205459030358369,-0.5417034436925414,-0.5357117927192974,0,1,0,0,0,0,0,0,0,0,0,0,0,1,0,0,0,0,0,0,0,0,0,0,0,0,0,0,0,0,0,0,0,0,0.4965
-0.5773981568196548,0.5189347563682595,0.2515855276279682,-0.24958866578150354,0.3605154497978008,0.23294454973499307,0,1,0,0,0,0,0,0,0,0,0,0,0,0,1,0,0,0,0,0,0,0,0,0,0,0,0,0,0,0,0,0,0,0,1.913333333
-0.5773981568196548,0.6183974343656728,0.11577220024157407,0.3696615963903527,0.44354509462268504,0.3036826639186521,0,1,0,0,0,0,0,0,0,0,0,0,0,0,0,1,0,0,0,0,0,0,0,0,0,0,0,0,0,0,0,0,0,0,1.325833333
-0.5773981568196548,-0.33904563590606607,-0.4541493900808154,-0.6194132365402496,-0.3557110652337308,-0.3772533272779326,1,0,0,0,0,0,0,0,0,0,0,0,0,0,0,0,1,0,0,0,0,0,0,0,0,0,0,0,0,0,0,0,0,0,1.040909091
-0.5773981568196548,2.6459962233592815,3.1976439634610796,-0.16056408724254748,2.1361478959427846,1.7457161737966873,0,1,0,0,0,0,0,0,0,0,0,0,0,0,0,0,0,1,0,0,0,0,0,0,0,0,0,0,0,0,0,0,0,0,3.1212
-0.5773981568196548,-0.3123387808931947,-0.14313867391530935,-0.16056408724254748,-0.3334166656529691,-0.3582593428264376,0,0,1,0,0,0,0,0,0,0,0,0,0,0,0,0,0,1,0,0,0,0,0,0,0,0,0,0,0,0,0,0,0,0,3.341304348
-0.5773981568196548,-0.5831590104962093,-0.5153867101982926,-0.16056408724254748,-0.5594924955830329,-0.5508673914997403,0,0,0,1,0,0,0,0,0,0,0,0,0,0,0,0,0,1,0,0,0,0,0,0,0,0,0,0,0,0,0,0,0,0,3.096666667
-0.5773981568196548,2.6862433508733483,1.3086457937290836,-0.5311730155214608,2.1697454685038995,1.7743400351181007,0,1,0,0,0,0,0,0,0,0,0,0,0,0,0,0,0,0,0,1,0,0,0,0,0,0,0,0,0,0,0,0,0,0,1.380638298
-0.5773981568196548,0.8835586409175696,0.6860120639762806,-0.0677484473561177,0.6648968744522443,0.4922660007420654,0,1,0,0,0,0,0,0,0,0,0,0,0,0,0,0,0,0,0,0,1,0,0,0,0,0,0,0,0,0,0,0,0,0,1.67037037
-0.5773981568196548,-0.35403664077706715,-0.3511045838739777,-0.0677484473561177,-0.3682252849845917,-0.38791496876641374,0,0,1,0,0,0,0,0,0,0,0,0,0,0,0,0,0,0,0,0,1,0,0,0,0,0,0,0,0,0,0,0,0,0,2.137307692
-0.5773981568196548,-0.5928435241713182,-0.5507074810270962,-0.0677484473561177,-0.5675769524560617,-0.5577550427067677,0,0,0,1,0,0,0,0,0,0,0,0,0,0,0,0,0,0,0,0,1,0,0,0,0,0,0,0,0,0,0,0,0,0,1.239473684
-0.5773981568196548,-0.6187077876008259,-0.5594372660506495,0.19135098680571874,-0.5891679718157568,-0.5761497738420014,0,1,0,0,0,0,0,0,0,0,0,0,0,0,0,0,0,0,0,0,0,1,0,0,0,0,0,0,0,0,0,0,0,0,2.56
-0.5773981568196548,-0.5640700172763562,-0.5344543187714391,2.530043659437027,-0.5435573492646295,-0.5372912500844429,0,1,0,0,0,0,0,0,0,0,0,0,0,0,0,0,0,0,0,0,0,0,1,0,0,0,0,0,0,0,0,0,0,0,1.481428571
-0.5773981568196548,-0.5877484587438513,-0.5400680555296407,0.8319096282754455,-0.5633236839806932,-0.5541314189793758,0,1,0,0,0,0,0,0,0,0,0,0,0,0,0,0,0,0,0,0,0,0,0,1,0,0,0,0,0,0,0,0,0,0,1.99875
-0.5773981568196548,-0.6261675856847049,-0.5684656218467097,0.8319096282754455,-0.5953952763468687,-0.5814552015589004,0,0,1,0,0,0,0,0,0,0,0,0,0,0,0,0,0,0,0,0,0,0,0,1,0,0,0,0,0,0,0,0,0,0,2.625
-0.5773981568196548,-0.43532432584123404,-0.4350681412185697,0.16938897624104216,-0.43608277440077614,-0.4457269809057199,0,1,0,0,0,0,0,0,0,0,0,0,0,0,0,0,0,0,0,0,0,0,0,0,1,0,0,0,0,0,0,0,0,0,1.8025
-0.5773981568196548,-0.623569491252989,-0.5671061396998126,0.16938897624104216,-0.5932264341014136,-0.5796074300704288,0,0,1,0,0,0,0,0,0,0,0,0,0,0,0,0,0,0,0,0,0,0,0,0,1,0,0,0,0,0,0,0,0,0,1.985
-0.5773981568196548,-0.4111480459197574,-0.44172460229902905,0.08415545904956041,-0.4159008531466612,-0.4285327480129961,1,0,0,0,0,0,0,0,0,0,0,0,0,0,0,0,0,0,0,0,0,0,0,0,0,1,0,0,0,0,0,0,0,0,0.9388
-0.5773981568196548,-0.6236278316968149,-0.566234676785135,0.08415545904956041,-0.5932751356488416,-0.57964892194517,0,0,0,1,0,0,0,0,0,0,0,0,0,0,0,0,0,0,0,0,0,0,0,0,0,1,0,0,0,0,0,0,0,0,1.497142857
-0.5773981568196548,-0.6072886180626252,-0.5520093708422407,0.08415545904956041,-0.5796354555992056,-0.5680284308926712,0,0,0,0,0,1,0,0,0,0,0,0,0,0,0,0,0,0,0,0,0,0,0,0,0,1,0,0,0,0,0,0,0,0,1.32
-0.5773981568196548,-0.0541667595116476,0.03931080190159814,-1.1403573561845068,-0.11789933120527037,-0.17464673259701166,0,1,0,0,0,0,0,0,0,0,0,0,0,0,0,0,0,0,0,0,0,0,0,0,0,0,1,0,0,0,0,0,0,0,2.827
-0.5773981568196548,0.15908700948683427,-0.5714710322115891,-0.09794621188254785,0.060121058492786615,-0.022980099793272125,0,1,0,0,0,0,0,0,0,0,0,0,0,0,0,0,0,0,0,0,0,0,0,0,0,0,0,0,1,0,0,0,0,0,0.0
-0.5773981568196548,-0.6214303416460372,-0.5682882980884187,0.4273118741226283,-0.5914407106957246,-0.5780860613299208,0,1,0,0,0,0,0,0,0,0,0,0,0,0,0,0,0,0,0,0,0,0,0,0,0,0,0,0,0,0,1,0,0,0,0.9825
-0.5773981568196548,2.5217816397279753,1.0056601143170003,-0.8982523349596226,2.0324558068461847,1.6573744402228587,0,1,0,0,0,0,0,0,0,0,0,0,0,0,0,0,0,0,0,0,0,0,0,0,0,0,0,0,0,0,0,1,0,0,1.291940299
-0.5773981568196548,-0.5077753783472293,-0.5112491558381711,-0.112064647245554,-0.49656360276655037,-0.4972543570842363,0,1,0,0,0,0,0,0,0,0,0,0,0,0,0,0,0,0,0,0,0,0,0,0,0,0,0,0,0,0,0,0,1,0,1.142307692
-0.5773981568196548,-0.6294463186277237,-0.5711951952542478,-0.112064647245554,-0.5981323033123158,-0.5837870449193518,0,0,0,1,0,0,0,0,0,0,0,0,0,0,0,0,0,0,0,0,0,0,0,0,0,0,0,0,0,0,0,0,1,0,1.9875
-0.5773981568196548,-0.35071901420483104,-0.25736245483286385,0.2759308727303947,-0.36545579032085945,-0.3855554641561349,0,1,0,0,0,0,0,0,0,0,0,0,0,0,0,0,0,0,0,0,0,0,0,0,0,0,0,0,0,0,0,0,0,1,2.601764706
-0.42472960275757665,1.4537742495095525,1.37604549334409,-0.776284740573652,1.2538889810514404,0.9683685349263847,0,1,0,0,0,0,1,0,0,0,0,0,0,0,0,0,0,0,0,0,0,0,0,0,0,0,0,0,0,0,0,0,0,0,2.942727273
-0.42472960275757665,-0.44978886654714967,-0.4751948405733606,0.6549062812244228,-0.4383963819147372,-0.44991805541528573,0,1,0,0,0,0,0,1,0,0,0,0,0,0,0,0,0,0,0,0,0,0,0,0,0,0,0,0,0,0,0,0,0,0,1.439375
-0.42472960275757665,-0.5572286278970323,-0.5509242100650074,0.43907723692513345,-0.5339113317471491,-0.5299681317729896,0,1,0,0,0,0,0,0,1,0,0,0,0,0,0,0,0,0,0,0,0,0,0,0,0,0,0,0,0,0,0,0,0,0,0.6252
-0.42472960275757665,0.3794738700837698,0.031112988152917673,-0.504897038595866,0.29882592472507014,0.1679402174798461,0,1,0,0,0,0,0,0,0,1,0,0,0,0,0,0,0,0,0,0,0,0,0,0,0,0,0,0,0,0,0,0,0,0,1.558918919
-0.42472960275757665,0.17174299643414523,0.5565414710210619,-0.504897038595866,0.11415124073473137,0.013166304278826561,0,0,1,0,0,0,0,0,0,1,0,0,0,0,0,0,0,0,0,0,0,0,0,0,0,0,0,0,0,0,0,0,0,0,3.231944444
-0.42472960275757665,0.0533235635562175,0.35922711126127066,-0.504897038595866,0.008875260516535383,-0.0750643891349807,0,0,0,1,0,0,0,0,0,1,0,0,0,0,0,0,0,0,0,0,0,0,0,0,0,0,0,0,0,0,0,0,0,0,3.389444444
-0.42472960275757665,-0.2402922221310594,-0.3843126254800671,-0.1592568247089358,-0.25215191124528186,-0.29382852048437913,0,1,0,0,0,0,0,0,0,0,1,0,0,0,0,0,0,0,0,0,0,0,0,0,0,0,0,0,0,0,0,0,0,0,1.048888889
-0.42472960275757665,-0.6295318846120018,-0.5712861305149097,-1.2763126596801224,-0.5981896012730881,-0.5838390744130749,0,1,0,0,0,0,0,0,0,0,0,1,0,0,0,0,0,0,0,0,0,0,0,0,0,0,0,0,0,0,0,0,0,0,1.82
-0.42472960275757665,1.1114753081309752,-0.2657769976194555,-0.5004523459815862,0.9495820298568004,0.7133320749580542,0,1,0,0,0,0,0,0,0,0,0,0,1,0,0,0,0,0,0,0,0,0,0,0,0,0,0,0,0,0,0,0,0,0,0.529375
-0.42472960275757665,-0.5776283364215086,-0.5260034018805827,-1.4507014816639217,-0.552046862874828,-0.5451673299519701,0,1,0,0,0,0,0,0,0,0,0,0,0,1,0,0,0,0,0,0,0,0,0,0,0,0,0,0,0,0,0,0,0,0,0.520625
-0.42472960275757665,0.533270948097758,0.48243226475687667,-0.3033171559129438,0.435552961404156,0.2825297110149129,0,1,0,0,0,0,0,0,0,0,0,0,0,0,1,0,0,0,0,0,0,0,0,0,0,0,0,0,0,0,0,0,0,0,2.363333333
-0.42472960275757665,0.6287975908183802,0.1664686080606463,0.4542414823150289,0.5204770376723961,0.3537036874637098,0,1,0,0,0,0,0,0,0,0,0,0,0,0,0,1,0,0,0,0,0,0,0,0,0,0,0,0,0,0,0,0,0,0,1.449166667
-0.42472960275757665,-0.33531799269462115,-0.3956189095557107,0.034087304012232554,-0.33663070748930407,-0.3646293124257425,1,0,0,0,0,0,0,0,0,0,0,0,0,0,0,0,1,0,0,0,0,0,0,0,0,0,0,0,0,0,0,0,0,0,1.457272727
-0.42472960275757665,2.737812413852573,2.996257219611308,-0.3826679917031732,2.395410884201683,1.9250660537074709,0,1,0,0,0,0,0,0,0,0,0,0,0,0,0,0,0,1,0,0,0,0,0,0,0,0,0,0,0,0,0,0,0,0,2.7448
-0.42472960275757665,-0.3229139586773799,-0.21221764467720752,-0.3826679917031732,-0.32560340557231365,-0.35538744649316517,0,0,1,0,0,0,0,0,0,0,0,0,0,0,0,0,0,1,0,0,0,0,0,0,0,0,0,0,0,0,0,0,0,0,2.7208
-0.42472960275757665,-0.5684183250228508,-0.49498386888109236,-0.3826679917031732,-0.5438590768480703,-0.5383052324709738,0,0,0,1,0,0,0,0,0,0,0,0,0,0,0,0,0,1,0,0,0,0,0,0,0,0,0,0,0,0,0,0,0,0,3.203333333
-0.42472960275757665,2.7905910687004556,0.7107191742981496,-0.47940541919043805,2.4423316005796813,1.9643898133430788,0,1,0,0,0,0,0,0,0,0,0,0,0,0,0,0,0,0,0,1,0,0,0,0,0,0,0,0,0,0,0,0,0,0,0.903617021
-0.42472960275757665,1.2176549158942171,0.8650029687126762,0.0004906568984124339,1.043976691398389,0.7924432494644731,0,1,0,0,0,0,0,0,0,0,0,0,0,0,0,0,0,0,0,0,1,0,0,0,0,0,0,0,0,0,0,0,0,0,1.599642857
-0.42472960275757665,-0.295307260658937,-0.30336357202642084,0.0004906568984124339,-0.30106079357150056,-0.3348185411214962,0,0,1,0,0,0,0,0,0,0,0,0,0,0,0,0,0,0,0,0,1,0,0,0,0,0,0,0,0,0,0,0,0,0,2.1984
-0.42472960275757665,-0.5551167038305326,-0.5331266639657737,0.0004906568984124339,-0.5320338115560471,-0.5283946018185213,0,0,0,1,0,0,0,0,0,0,0,0,0,0,0,0,0,0,0,0,1,0,0,0,0,0,0,0,0,0,0,0,0,0,1.184761905
-0.42472960275757665,-0.6168019997691779,-0.5589371221170084,0.12358498739841534,-0.5868726149278273,-0.5743544270079646,0,1,0,0,0,0,0,0,0,0,0,0,0,0,0,0,0,0,0,0,0,1,0,0,0,0,0,0,0,0,0,0,0,0,2.48
-0.42472960275757665,-0.5635216171043922,-0.5330751339847319,1.327754307274358,-0.5395058578414454,-0.5346568453389744,0,1,0,0,0,0,0,0,0,0,0,0,0,0,0,0,0,0,0,0,0,0,1,0,0,0,0,0,0,0,0,0,0,0,1.541428571
-0.42472960275757665,-0.5892030804765785,-0.5408273649561685,1.1948057076060496,-0.5623369182868341,-0.5537913173267358,0,1,0,0,0,0,0,0,0,0,0,0,0,0,0,0,0,0,0,0,0,0,0,1,0,0,0,0,0,0,0,0,0,0,1.885
-0.42472960275757665,-0.6284739778972911,-0.570334341453314,1.1948057076060496,-0.597249112337582,-0.5830508605132307,0,0,1,0,0,0,0,0,0,0,0,0,0,0,0,0,0,0,0,0,0,0,0,1,0,0,0,0,0,0,0,0,0,0,2.106666667
-0.42472960275757665,-0.38398473527439175,-0.4115159087071083,-0.10003783193632643,-0.37989589551832187,-0.40088941213784607,0,1,0,0,0,0,0,0,0,0,0,0,0,0,0,0,0,0,0,0,0,0,0,0,1,0,0,0,0,0,0,0,0,0,1.67
-0.42472960275757665,-0.6239584275451621,-0.5672273867140286,-0.10003783193632643,-0.5932347459621321,-0.5796864622127929,0,0,1,0,0,0,0,0,0,0,0,0,0,0,0,0,0,0,0,0,0,0,0,0,1,0,0,0,0,0,0,0,0,0,1.995
-0.42472960275757665,-0.4218671301320466,-0.4458773125359276,0.3632560099756556,-0.41357369784121834,-0.4291144245807955,1,0,0,0,0,0,0,0,0,0,0,0,0,0,0,0,0,0,0,0,0,0,0,0,0,1,0,0,0,0,0,0,0,0,0.964583333
-0.42472960275757665,-0.6223404525697221,-0.5646554344249713,0.3632560099756556,-0.5917963511195936,-0.5784809586012666,0,0,0,1,0,0,0,0,0,0,0,0,0,0,0,0,0,0,0,0,0,0,0,0,0,1,0,0,0,0,0,0,0,0,1.6265
-0.42472960275757665,-0.6068685668670784,-0.5480233752498891,0.3632560099756556,-0.5780417004378193,-0.5669533303160454,0,0,0,0,0,1,0,0,0,0,0,0,0,0,0,0,0,0,0,0,0,0,0,0,0,1,0,0,0,0,0,0,0,0,1.662857143
-0.42472960275757665,-0.03083058198126476,0.15752664076221504,-1.1365662948370332,-0.06593855969501602,-0.13776506616045273,0,1,0,0,0,0,0,0,0,0,0,0,0,0,0,0,0,0,0,0,0,0,0,0,0,0,1,0,0,0,0,0,0,0,3.202307692
-0.42472960275757665,-0.4709119965750679,-0.47312454780562213,1.0865643698230016,-0.4571750415056664,-0.4656562528051891,0,1,0,0,0,0,0,0,0,0,0,0,0,0,0,0,0,0,0,0,0,0,0,0,0,0,0,1,0,0,0,0,0,0,1.605
-0.42472960275757665,0.13945350545793883,0.5790297609827777,-0.6681741290439657,0.08544558212234052,-0.010891606737740867,0,0,0,0,1,0,0,0,0,0,0,0,0,0,0,0,0,0,0,0,0,0,0,0,0,0,0,0,1,0,0,0,0,0,4.483076923
-0.42472960275757665,-0.6202635327695181,-0.5678033100315547,0.4252202540688494,-0.5899499500476812,-0.5769335092537783,0,1,0,0,0,0,0,0,0,0,0,0,0,0,0,0,0,0,0,0,0,0,0,0,0,0,0,0,0,0,1,0,0,0,0.9925
-0.42472960275757665,2.645253355041231,1.1213479529312131,-1.1092445078845488,2.3131250171632445,1.8561031331615456,0,1,0,0,0,0,0,0,0,0,0,0,0,0,0,0,0,0,0,0,0,0,0,0,0,0,0,0,0,0,0,1,0,0,1.307826087
-0.42472960275757665,-0.6133988072126638,-0.5513470590270857,-1.1092445078845488,-0.5838471450066225,-0.5718188124404512,0,0,1,0,0,0,0,0,0,0,0,0,0,0,0,0,0,0,0,0,0,0,0,0,0,0,0,0,0,0,0,1,0,0,3.120454545
-0.42472960275757665,-0.5311348920551425,-0.5204942406721423,-1.1092445078845488,-0.510713757231306,-0.5105264881919067,0,0,0,1,0,0,0,0,0,0,0,0,0,0,0,0,0,0,0,0,0,0,0,0,0,0,0,0,0,0,0,1,0,0,1.325689655
-0.42472960275757665,-0.5241457068847929,-0.5171372139660364,-0.34005123310743207,-0.5045003064331288,-0.5053190603315391,0,1,0,0,0,0,0,0,0,0,0,0,0,0,0,0,0,0,0,0,0,0,0,0,0,0,0,0,0,0,0,0,1,0,1.138461538
-0.42472960275757665,-0.6294774335310975,-0.5712724902258105,-0.34005123310743207,-0.5981411937543487,-0.5837985045799947,0,0,1,0,0,0,0,0,0,0,0,0,0,0,0,0,0,0,0,0,0,0,0,0,0,0,0,0,0,0,0,0,1,0,1.626666667
-0.42472960275757665,-0.29746196771757566,-0.18726197797619576,0.25148506335185633,-0.3029763482416119,-0.3364239473733847,0,1,0,0,0,0,0,0,0,0,0,0,0,0,0,0,0,0,0,0,0,0,0,0,0,0,0,0,0,0,0,0,0,1,2.723125
-0.2720610486954985,1.3887868844503581,3.0310808776818257,-0.5684299977293938,1.276068480420747,0.5097716202757036,0,1,0,0,0,0,1,0,0,0,0,0,0,0,0,0,0,0,0,0,0,0,0,0,0,0,0,0,0,0,0,0,0,0,4.237
-0.2720610486954985,-0.4635766581046842,-0.48443083188126573,2.333300648128468,-0.4440702180512433,-0.4939660930809426,0,1,0,0,0,0,0,1,0,0,0,0,0,0,0,0,0,0,0,0,0,0,0,0,0,0,0,0,0,0,0,0,0,0,1.4625
-0.2720610486954985,-0.5583759899589428,-0.5512879511076554,0.934791189670685,-0.5321026131862027,-0.5453348780937819,0,1,0,0,0,0,0,0,1,0,0,0,0,0,0,0,0,0,0,0,0,0,0,0,0,0,0,0,0,0,0,0,0,0,0.60962963
-0.2720610486954985,0.3942728960009543,-0.08435812142338414,0.21069847230317165,0.35254458330069094,-0.02912432198112838,1,0,0,0,0,0,0,0,0,1,0,0,0,0,0,0,0,0,0,0,0,0,0,0,0,0,0,0,0,0,0,0,0,0,1.305526316
-0.2720610486954985,0.20455755140478524,0.7292745142362332,0.21069847230317165,0.17637144102231847,-0.13192511772069815,0,0,1,0,0,0,0,0,0,1,0,0,0,0,0,0,0,0,0,0,0,0,0,0,0,0,0,0,0,0,0,0,0,0,3.763611111
-0.2720610486954985,0.07605300047081039,0.3730659423463514,0.21069847230317165,0.05703976237872046,-0.20155770395292147,0,0,0,1,0,0,0,0,0,1,0,0,0,0,0,0,0,0,0,0,0,0,0,0,0,0,0,0,0,0,0,0,0,0,3.207142857
-0.2720610486954985,-0.23855756626796765,-0.3333267404145541,-0.2520724645953656,-0.23511336974841757,-0.37203530384167877,0,1,0,0,0,0,0,0,0,0,1,0,0,0,0,0,0,0,0,0,0,0,0,0,0,0,0,0,0,0,0,0,0,0,1.468333333
-0.2720610486954985,-0.6295241058861584,-0.571280068164199,-0.9955126674603321,-0.5981720562076112,-0.5838878109008661,0,1,0,0,0,0,0,0,0,0,0,1,0,0,0,0,0,0,0,0,0,0,0,0,0,0,0,0,0,0,0,0,0,0,1.83
-0.2720610486954985,1.0192974068859633,0.31226814265540714,-0.5456836296445505,0.9329537869842515,0.3095568596200979,0,1,0,0,0,0,0,0,0,0,0,0,1,0,0,0,0,0,0,0,0,0,0,0,0,0,0,0,0,0,0,0,0,0,1.401176471
-0.2720610486954985,-0.576208718955077,-0.5153942881366812,-1.3010199215653835,-0.5486624118115324,-0.5549978747001604,0,1,0,0,0,0,0,0,0,0,0,0,0,1,0,0,0,0,0,0,0,0,0,0,0,0,0,0,0,0,0,0,0,0,0.979375
-0.2720610486954985,0.537599809029644,0.4630918504017442,-0.4492076546640079,0.485640578751515,0.048540037439079295,0,1,0,0,0,0,0,0,0,0,0,0,0,0,1,0,0,0,0,0,0,0,0,0,0,0,0,0,0,0,0,0,0,0,2.303333333
-0.2720610486954985,0.5465103394833285,0.14765107145432044,-0.5187540214521498,0.4939150604637572,0.05336837445657392,0,1,0,0,0,0,0,0,0,0,0,0,0,0,0,1,0,0,0,0,0,0,0,0,0,0,0,0,0,0,0,0,0,0,1.377
-0.2720610486954985,-0.3329278624983301,-0.4292316130717461,0.007419148326554316,-0.3227473546565908,-0.42317160790453995,1,0,0,0,0,0,0,0,0,0,0,0,0,0,0,0,1,0,0,0,0,0,0,0,0,0,0,0,0,0,0,0,0,0,1.367272727
-0.2720610486954985,3.3183659490905155,3.9002795043689664,-0.15128252325390462,3.067910926353735,1.5553500035617784,0,1,0,0,0,0,0,0,0,0,0,0,0,0,0,0,0,1,0,0,0,0,0,0,0,0,0,0,0,0,0,0,0,0,3.112962963
-0.2720610486954985,-0.3277678836036995,-0.17594508478680823,-0.15128252325390462,-0.31795570367844805,-0.4203755771591275,0,0,1,0,0,0,0,0,0,0,0,0,0,0,0,0,0,1,0,0,0,0,0,0,0,0,0,0,0,0,0,0,0,0,3.109230769
-0.2720610486954985,-0.5519040900571832,-0.4736353008530071,-0.15128252325390462,-0.5260926884506414,-0.5418279584966142,0,0,0,1,0,0,0,0,0,0,0,0,0,0,0,0,0,1,0,0,0,0,0,0,0,0,0,0,0,0,0,0,0,0,3.179259259
-0.2720610486954985,2.644389916472607,1.1126742446517348,-0.913285854096157,2.442044443390261,1.1901435274593788,0,1,0,0,0,0,0,0,0,0,0,0,0,0,0,0,0,0,0,1,0,0,0,0,0,0,0,0,0,0,0,0,0,0,1.1325
-0.2720610486954985,1.5914226926725157,1.7704150473707856,-0.237692576725637,1.4642398017685512,0.6195736100668304,0,1,0,0,0,0,0,0,0,0,0,0,0,0,0,0,0,0,0,0,1,0,0,0,0,0,0,0,0,0,0,0,0,0,2.325357143
-0.2720610486954985,-0.29258470661372565,-0.23349498008444086,-0.237692576725637,-0.28528396139606343,-0.40131091689712106,0,0,1,0,0,0,0,0,0,0,0,0,0,0,0,0,0,0,0,0,1,0,0,0,0,0,0,0,0,0,0,0,0,0,2.6852
-0.2720610486954985,-0.5765081999000502,-0.5387343383732645,-0.237692576725637,-0.5489405152998968,-0.5551601540324812,0,0,0,1,0,0,0,0,0,0,0,0,0,0,0,0,0,0,0,0,1,0,0,0,0,0,0,0,0,0,0,0,0,0,1.413684211
-0.2720610486954985,-0.6182799576794356,-0.5586643163350223,-0.004346214475950867,-0.5877305343262964,-0.5777949596055465,0,1,0,0,0,0,0,0,0,0,0,0,0,0,0,0,0,0,0,0,0,1,0,0,0,0,0,0,0,0,0,0,0,0,2.8025
-0.2720610486954985,-0.5634866128380966,-0.5333721891695611,4.265565399059903,-0.5368484311564717,-0.5481041643622184,0,1,0,0,0,0,0,0,0,0,0,0,0,0,0,0,0,0,0,0,0,0,1,0,0,0,0,0,0,0,0,0,0,0,1.504285714
-0.2720610486954985,-0.6019718589486196,-0.5707041448466729,2.165055960052644,-0.572586535278094,-0.5689581123273469,0,1,0,0,0,0,0,0,0,0,0,0,0,0,0,0,0,0,0,0,0,0,0,1,0,0,0,0,0,0,0,0,0,0,0.12375
-0.2720610486954985,-0.6291118334164549,-0.5711330561594621,2.165055960052644,-0.5977892124444084,-0.5836644133784503,0,0,1,0,0,0,0,0,0,0,0,0,0,0,0,0,0,0,0,0,0,0,0,1,0,0,0,0,0,0,0,0,0,0,1.22
-0.2720610486954985,-0.3881074599714261,-0.4010128861006458,0.43136438797682436,-0.37398813898343536,-0.45307170133608604,0,1,0,0,0,0,0,0,0,0,0,0,0,0,0,0,0,0,0,0,0,0,0,0,1,0,0,0,0,0,0,0,0,0,1.835
-0.2720610486954985,-0.6239584275451621,-0.5671364514533666,0.43136438797682436,-0.5930036654043731,-0.5808719443482537,0,0,1,0,0,0,0,0,0,0,0,0,0,0,0,0,0,0,0,0,0,0,0,0,1,0,0,0,0,0,0,0,0,0,1.91
-0.2720610486954985,-0.37818958452101337,-0.38523713396346426,0.25462249343252424,-0.3647782182648768,-0.4476975156553303,1,0,0,0,0,0,0,0,0,0,0,0,0,0,0,0,0,0,0,0,0,0,0,0,0,1,0,0,0,0,0,0,0,0,1.096923077
-0.2720610486954985,-0.6186144428907043,-0.5616272902449263,0.25462249343252424,-0.5880411434171967,-0.5779762066520348,0,0,0,1,0,0,0,0,0,0,0,0,0,0,0,0,0,0,0,0,0,0,0,0,0,1,0,0,0,0,0,0,0,0,1.383043478
-0.2720610486954985,-0.604492166121901,-0.5444981183115585,0.25462249343252424,-0.5749269386606924,-0.5703237877473978,0,0,0,0,0,1,0,0,0,0,0,0,0,0,0,0,0,0,0,0,0,0,0,0,0,1,0,0,0,0,0,0,0,0,1.561333333
-0.2720610486954985,-0.03471994490299524,0.21815014787022372,-1.1919942262621686,-0.04582602271354084,-0.26158208919747206,0,1,0,0,0,0,0,0,0,0,0,0,0,0,0,0,0,0,0,0,0,0,0,0,0,0,1,0,0,0,0,0,0,0,3.560833333
-0.2720610486954985,-0.47511250853053677,-0.48186948870595236,0.737786725855404,-0.45478261995369224,-0.5002170086609903,0,1,0,0,0,0,0,0,0,0,0,0,0,0,0,0,0,0,0,0,0,0,0,0,0,0,0,1,0,0,0,0,0,0,1.415
-0.2720610486954985,0.23920010694863858,0.6562413752232152,-0.48607245811185756,0.20854115233220127,-0.11315340326638781,0,0,0,0,1,0,0,0,0,0,0,0,0,0,0,0,0,0,0,0,0,0,0,0,0,0,0,0,1,0,0,0,0,0,4.077307692
-0.2720610486954985,-0.6215353544449239,-0.5682504083964762,1.8207230086993256,-0.5907535553621527,-0.5795589570231122,0,1,0,0,0,0,0,0,0,0,0,0,0,0,0,0,0,0,0,0,0,0,0,0,0,0,0,0,0,0,1,0,0,0,0.995
-0.2720610486954985,2.5287124844544993,1.1975911066456002,-1.001526075114946,2.334624262209332,1.1274615547076001,0,1,0,0,0,0,0,0,0,0,0,0,0,0,0,0,0,0,0,0,0,0,0,0,0,0,0,0,0,0,0,1,0,0,1.360289855
-0.2720610486954985,-0.6156857526106413,-0.5560347717142125,-1.001526075114946,-0.5853215080050107,-0.5763892412333645,0,0,1,0,0,0,0,0,0,0,0,0,0,0,0,0,0,0,0,0,0,0,0,0,0,0,0,0,0,0,0,1,0,0,2.78
-0.2720610486954985,-0.5444987430542084,-0.5237088021365446,-1.001526075114946,-0.5192159476474509,-0.5378152331883166,0,0,0,1,0,0,0,0,0,0,0,0,0,0,0,0,0,0,0,0,0,0,0,0,0,0,0,0,0,0,0,1,0,0,1.430714286
-0.2720610486954985,-0.5208903101193044,-0.5053019897908754,0.6343822594467193,-0.4972927246036664,-0.5250225637443217,0,1,0,0,0,0,0,0,0,0,0,0,0,0,0,0,0,0,0,0,0,0,0,0,0,0,0,0,0,0,0,0,1,0,1.223846154
-0.2720610486954985,-0.6294735441681758,-0.571269459050455,0.6343822594467193,-0.5981251036706147,-0.5838604130915132,0,0,0,1,0,0,0,0,0,0,0,0,0,0,0,0,0,0,0,0,0,0,0,0,0,0,0,0,0,0,0,0,1,0,1.636666667
-0.2720610486954985,-0.49533719572353524,-0.46164700232239836,0.7431465022432118,-0.47356363475232144,-0.5111761324021392,0,1,0,0,0,0,0,0,0,0,0,0,0,0,0,0,0,0,0,0,0,0,0,0,0,0,0,0,0,0,0,0,0,1,1.775454545
-0.2720610486954985,-0.5622614635177515,-0.4477687659576975,0.7431465022432118,-0.5357107350677086,-0.5474402943663603,0,0,1,0,0,0,0,0,0,0,0,0,0,0,0,0,0,0,0,0,0,0,0,0,0,0,0,0,0,0,0,0,0,1,3.295
-0.2720610486954985,-0.5316249517832805,-0.4346286207920366,0.7431465022432118,-0.5072611093814005,-0.530839329422316,0,0,0,1,0,0,0,0,0,0,0,0,0,0,0,0,0,0,0,0,0,0,0,0,0,0,0,0,0,0,0,0,0,1,2.845294118
-0.11939249463342042,1.3063440585984372,1.803335127318112,-0.6463428447326505,1.3294360714496172,0.006103333435988166,0,1,0,0,0,0,1,0,0,0,0,0,0,0,0,0,0,0,0,0,0,0,0,0,0,0,0,0,0,0,0,0,0,0,3.601818182
-0.11939249463342042,-0.4629504706742856,-0.4823090091324854,1.0528369964558206,-0.43229270453442,-0.533179602877953,0,1,0,0,0,0,0,1,0,0,0,0,0,0,0,0,0,0,0,0,0,0,0,0,0,0,0,0,0,0,0,0,0,0,1.459375
-0.11939249463342042,-0.5621875656222386,-0.5523458313066901,0.8770101856850486,-0.5311054476488934,-0.5634271795642359,0,1,0,0,0,0,0,0,1,0,0,0,0,0,0,0,0,0,0,0,0,0,0,0,0,0,0,0,0,0,0,0,0,0,0.595555556
-0.11939249463342042,0.3230742183557562,-0.00590372528723242,-0.3154746974755324,0.35037083191326357,-0.29359840522986247,1,0,0,0,0,0,0,0,0,1,0,0,0,0,0,0,0,0,0,0,0,0,0,0,0,0,0,0,0,0,0,0,0,0,1.592631579
-0.11939249463342042,0.1724508604859002,0.5294245762916496,-0.3154746974755324,0.2003915607945406,-0.3395085718898538,0,0,1,0,0,0,0,0,0,1,0,0,0,0,0,0,0,0,0,0,0,0,0,0,0,0,0,0,0,0,0,0,0,0,3.186388889
-0.11939249463342042,0.10612944394455215,0.36182331295317116,-0.3154746974755324,0.13435374399704877,-0.35972341326373175,0,0,0,1,0,0,0,0,0,1,0,0,0,0,0,0,0,0,0,0,0,0,0,0,0,0,0,0,0,0,0,0,0,0,3.203714286
-0.11939249463342042,-0.2432870315807919,-0.35952518901128006,-0.419794247657745,-0.2135685773300603,-0.4662259428313966,0,1,0,0,0,0,0,0,0,0,1,0,0,0,0,0,0,0,0,0,0,0,0,0,0,0,0,0,0,0,0,0,0,0,1.263888889
-0.11939249463342042,-0.6295824463299843,-0.5713209890314969,-1.077739480824507,-0.5982121383283996,-0.583969214007501,0,1,0,0,0,0,0,0,0,0,0,1,0,0,0,0,0,0,0,0,0,0,0,0,0,0,0,0,0,0,0,0,0,0,1.83
-0.11939249463342042,0.9994616559851377,0.3418221023705614,-0.9058344576545703,1.023865941331596,-0.08743476349827711,0,1,0,0,0,0,0,0,0,0,0,0,1,0,0,0,0,0,0,0,0,0,0,0,0,0,0,0,0,0,0,0,0,0,1.478333333
-0.11939249463342042,-0.5840185597019117,-0.5332782227335437,-0.9457059649297268,-0.5528430893146407,-0.5700812907905775,0,1,0,0,0,0,0,0,0,0,0,0,0,1,0,0,0,0,0,0,0,0,0,0,0,0,0,0,0,0,0,0,0,0,1.152222222
-0.11939249463342042,0.5281408784039955,0.4540422763781962,-0.10709704961782965,0.5545605979611028,-0.2310938596376906,0,1,0,0,0,0,0,0,0,0,0,0,0,0,1,0,0,0,0,0,0,0,0,0,0,0,0,0,0,0,0,0,0,0,2.304166667
-0.11939249463342042,-0.34620202478842094,-0.45442977380118993,-0.1880166004483929,-0.3160434916217709,-0.4975945469894354,1,0,0,0,0,0,0,0,0,0,0,0,0,0,0,0,1,0,0,0,0,0,0,0,0,0,0,0,0,0,0,0,0,0,1.074166667
-0.11939249463342042,2.998598087117523,3.292616749696486,-0.35939871860488526,3.014453781658867,0.5219042396107214,0,1,0,0,0,0,0,0,0,0,0,0,0,0,0,0,0,1,0,0,0,0,0,0,0,0,0,0,0,0,0,0,0,0,2.895555556
-0.11939249463342042,-0.2115576088653147,-0.08785458219583854,-0.35939871860488526,-0.18197483410733345,-0.4565547795703072,0,0,1,0,0,0,0,0,0,0,0,0,0,0,0,0,0,1,0,0,0,0,0,0,0,0,0,0,0,0,0,0,0,0,2.845
-0.11939249463342042,-0.5214037060249729,-0.43864038137490907,-0.35939871860488526,-0.49049598559526353,-0.5509962138917937,0,0,0,1,0,0,0,0,0,0,0,0,0,0,0,0,0,1,0,0,0,0,0,0,0,0,0,0,0,0,0,0,0,0,3.073928571
-0.11939249463342042,2.585629421451103,1.1438438208313175,-0.7111830663997901,2.6032510299558145,0.39603093194962663,0,1,0,0,0,0,0,0,0,0,0,0,0,0,0,0,0,0,0,1,0,0,0,0,0,0,0,0,0,0,0,0,0,0,1.2356
-0.11939249463342042,1.5097460713161759,1.4336514653857975,-0.504897038595866,1.5319683084340427,0.06810049267418287,0,1,0,0,0,0,0,0,0,0,0,0,0,0,0,0,0,0,0,0,1,0,0,0,0,0,0,0,0,0,0,0,0,0,1.992222222
-0.11939249463342042,-0.29569619695111005,-0.2581990592309544,-0.504897038595866,-0.2657536337073886,-0.4822003146067312,0,0,1,0,0,0,0,0,0,0,0,0,0,0,0,0,0,0,0,0,1,0,0,0,0,0,0,0,0,0,0,0,0,0,2.3832
-0.11939249463342042,-0.5928435241713182,-0.549495010884936,-0.504897038595866,-0.5616303169896061,-0.5727711497559381,0,0,0,1,0,0,0,0,0,0,0,0,0,0,0,0,0,0,0,0,1,0,0,0,0,0,0,0,0,0,0,0,0,0,1.381
-0.11939249463342042,-0.5598617265950439,-0.5225933296057572,-0.3977015108397076,-0.5287895542378626,-0.5627182612472303,0,1,0,0,0,0,0,0,0,0,0,0,0,0,0,0,0,0,0,0,0,1,0,0,0,0,0,0,0,0,0,0,0,0,1.724444444
-0.11939249463342042,-0.6210414053538642,-0.5667272427803876,-0.3977015108397076,-0.5897076200497642,-0.5813658952380291,0,0,1,0,0,0,0,0,0,0,0,0,0,0,0,0,0,0,0,0,0,1,0,0,0,0,0,0,0,0,0,0,0,0,1.467777778
-0.11939249463342042,-0.5632182467964972,-0.5324961794918504,2.1900246744446275,-0.5321317214848855,-0.563741332330133,0,1,0,0,0,0,0,0,0,0,0,0,0,0,0,0,0,0,0,0,0,0,1,0,0,0,0,0,0,0,0,0,0,0,1.545714286
-0.11939249463342042,-0.5941153458467241,-0.557973208353991,0.6184336565366567,-0.5628967001759055,-0.5731588024142338,0,1,0,0,0,0,0,0,0,0,0,0,0,0,0,0,0,0,0,0,0,0,0,1,0,0,0,0,0,0,0,0,0,0,0.9125
-0.11939249463342042,-0.6282950672028915,-0.5708466100883767,0.6184336565366567,-0.5969302642162738,-0.5835768194206635,0,0,1,0,0,0,0,0,0,0,0,0,0,0,0,0,0,0,0,0,0,0,0,1,0,0,0,0,0,0,0,0,0,0,1.884
-0.11939249463342042,-0.38398473527439175,-0.3990577779964125,0.13317780405999868,-0.35366463777160767,-0.5091107590816919,0,1,0,0,0,0,0,0,0,0,0,0,0,0,0,0,0,0,0,0,0,0,0,0,1,0,0,0,0,0,0,0,0,0,1.802727273
-0.11939249463342042,-0.6251252364216812,-0.5681973628277567,0.13317780405999868,-0.5937739880791664,-0.5826106514802629,0,0,1,0,0,0,0,0,0,0,0,0,0,0,0,0,0,0,0,0,0,0,0,0,1,0,0,0,0,0,0,0,0,0,1.91
-0.11939249463342042,-0.37908024863008966,-0.37739093655601025,0.13069400524613634,-0.34878112340486844,-0.5076158661088758,1,0,0,0,0,0,0,0,0,0,0,0,0,0,0,0,0,0,0,0,0,0,0,0,0,1,0,0,0,0,0,0,0,0,1.1028
-0.11939249463342042,-0.6210452947167859,-0.5624381296524958,0.13069400524613634,-0.5897114927812207,-0.5813670807201645,0,0,0,1,0,0,0,0,0,0,0,0,0,0,0,0,0,0,0,0,0,0,0,0,0,1,0,0,0,0,0,0,0,0,1.528888889
-0.11939249463342042,-0.6285984375107865,-0.5704464949414638,0.13069400524613634,-0.5972323372698864,-0.5836692870272294,0,0,0,0,0,1,0,0,0,0,0,0,0,0,0,0,0,0,0,0,0,0,0,0,0,1,0,0,0,0,0,0,0,0,1.625333333
-0.11939249463342042,-0.042498670746456184,0.2075410341263222,-0.9774724444964908,-0.013638815884451965,-0.4050254275882316,0,1,0,0,0,0,0,0,0,0,0,0,0,0,0,0,0,0,0,0,0,0,0,0,0,0,1,0,0,0,0,0,0,0,3.419230769
-0.11939249463342042,-0.47732944539592315,-0.47183629827957696,1.0568895103100167,-0.4466101927293723,-0.5375623303327517,0,1,0,0,0,0,0,0,0,0,0,0,0,0,0,0,0,0,0,0,0,0,0,0,0,0,0,1,0,0,0,0,0,0,1.8
-0.11939249463342042,-0.6216520353325758,-0.5683701398230145,0.5082314249531915,-0.5903156388884462,-0.5815520159332964,0,1,0,0,0,0,0,0,0,0,0,0,0,0,0,0,0,0,0,0,0,0,0,0,0,0,0,0,0,0,1,0,0,0,0.99
-0.11939249463342042,2.364211879679909,1.1733417038023968,-0.7156277590140698,2.3827802997815613,0.3285426194599774,0,1,0,0,0,0,0,0,0,0,0,0,0,0,0,0,0,0,0,0,0,0,0,0,0,0,0,0,0,0,0,1,0,0,1.366764706
-0.11939249463342042,-0.6157246462398586,-0.5570805272118257,-0.7156277590140698,-0.5844135961486281,-0.5797453411588541,0,0,1,0,0,0,0,0,0,0,0,0,0,0,0,0,0,0,0,0,0,0,0,0,0,0,0,0,0,0,0,1,0,0,2.646086957
-0.11939249463342042,-0.5307226195854391,-0.5137180481651448,-0.7156277590140698,-0.49977505016521373,-0.5538366290883577,0,0,0,1,0,0,0,0,0,0,0,0,0,0,0,0,0,0,0,0,0,0,0,0,0,0,0,0,0,0,0,1,0,0,1.505862069
-0.11939249463342042,-0.5256353328838156,-0.5164749021508814,-0.09846911689599235,-0.4947095174200155,-0.5522860184551751,0,1,0,0,0,0,0,0,0,0,0,0,0,0,0,0,0,0,0,0,0,0,0,0,0,0,0,0,0,0,0,0,1,0,1.197692308
-0.11939249463342042,-0.6294346505389585,-0.5712436940599341,-0.09846911689599235,-0.5980649745330499,-0.5839241656863535,0,0,0,1,0,0,0,0,0,0,0,0,0,0,0,0,0,0,0,0,0,0,0,0,0,0,0,0,0,0,0,0,1,0,1.53
-0.11939249463342042,-0.4864966738024419,-0.4232086676405655,0.15827724470534282,-0.45573822077251613,-0.5403565117260328,1,0,0,0,0,0,0,0,0,0,0,0,0,0,0,0,0,0,0,0,0,0,0,0,0,0,0,0,0,0,0,0,0,1,2.369090909
-0.11939249463342042,-0.559958960668087,-0.4322552104887581,0.15827724470534282,-0.528886372524277,-0.5627478983006169,0,0,1,0,0,0,0,0,0,0,0,0,0,0,0,0,0,0,0,0,0,0,0,0,0,0,0,0,0,0,0,0,0,1,3.217272727
-0.11939249463342042,-0.4898687514555822,-0.3384448800021478,0.15827724470534282,-0.45909587894536535,-0.5413843247374773,0,0,0,1,0,0,0,0,0,0,0,0,0,0,0,0,0,0,0,0,0,0,0,0,0,0,0,0,0,0,0,0,0,1,2.743529412
0.0332760594286577,1.3212053143223694,0.9385317048963022,-0.9517193725843406,1.5178015318723184,0.5392253190919395,0,1,0,0,0,0,1,0,0,0,0,0,0,0,0,0,0,0,0,0,0,0,0,0,0,0,0,0,0,0,0,0,0,0,3.095
0.0332760594286577,-0.46009956765265714,-0.4803175269239873,0.3436470719714803,-0.41435750359952234,-0.486335012854744,0,1,0,0,0,0,0,1,0,0,0,0,0,0,0,0,0,0,0,0,0,0,0,0,0,0,0,0,0,0,0,0,0,0,1.47875
0.0332760594286577,-0.5540237928495264,-0.5502816008896625,0.37659008781849457,-0.5162359311501222,-0.540410517023315,0,1,0,0,0,0,0,0,1,0,0,0,0,0,0,0,0,0,0,0,0,0,0,0,0,0,0,0,0,0,0,0,0,0,0.617407407
0.0332760594286577,0.2838966656451652,0.036994983930072216,-0.7186344628413768,0.39264586739531243,-0.05799002165817572,1,0,0,0,0,0,0,0,0,1,0,0,0,0,0,0,0,0,0,0,0,0,0,0,0,0,0,0,0,0,0,0,0,0,1.760526316
0.0332760594286577,0.1840022683634397,0.25322084673220674,-0.7186344628413768,0.28429166915896276,-0.11550276541839663,0,0,1,0,0,0,0,0,0,1,0,0,0,0,0,0,0,0,0,0,0,0,0,0,0,0,0,0,0,0,0,0,0,0,2.516
0.0332760594286577,0.1346501422496017,0.3361143991763424,-0.7186344628413768,0.23076003773780399,-0.14391653296135898,0,0,0,1,0,0,0,0,0,1,0,0,0,0,0,0,0,0,0,0,0,0,0,0,0,0,0,0,0,0,0,0,0,0,2.8075
0.0332760594286577,-0.2341625861664122,-0.3511530826796641,-0.6302635155692268,-0.16928649714617425,-0.3562550876960852,0,1,0,0,0,0,0,0,0,0,1,0,0,0,0,0,0,0,0,0,0,0,0,0,0,0,0,0,0,0,0,0,0,0,1.412777778
0.0332760594286577,0.9714582429486783,0.029611040764316757,-1.0732947882102275,1.1384352757515617,0.33786353861015683,0,1,0,0,0,0,0,0,0,0,0,0,1,0,0,0,0,0,0,0,0,0,0,0,0,0,0,0,0,0,0,0,0,0,1.008
0.0332760594286577,-0.5823461336455676,-0.5320657525913836,-1.367428858272857,-0.5469568185335945,-0.5567166920763412,0,1,0,0,0,0,0,0,0,0,0,0,0,1,0,0,0,0,0,0,0,0,0,0,0,0,0,0,0,0,0,0,0,0,0.940555556
0.0332760594286577,0.49889675859550403,0.23212992860933052,-0.6132691026322749,0.6258537682015411,0.06579314927786431,0,1,0,0,0,0,0,0,0,0,0,0,0,0,1,0,0,0,0,0,0,0,0,0,0,0,0,0,0,0,0,0,0,0,2.08
0.0332760594286577,0.5798849627146977,0.16660197977628394,-0.8985137874663448,0.7137006561424969,0.11242092779052118,0,1,0,0,0,0,0,0,0,0,0,0,0,0,0,1,0,0,0,0,0,0,0,0,0,0,0,0,0,0,0,0,0,0,1.507
0.0332760594286577,-0.394688262034994,-0.48949744148781754,-0.5790188242516485,-0.3434066818451644,-0.4486754066968483,1,0,0,0,0,0,0,0,0,0,0,0,0,0,0,0,1,0,0,0,0,0,0,0,0,0,0,0,0,0,0,0,0,0,0.947916667
0.0332760594286577,3.681309628857638,3.346617138652945,-0.15428922708121143,4.077777043697073,1.8980209911500165,0,1,0,0,0,0,0,0,0,0,0,0,0,0,0,0,0,1,0,0,0,0,0,0,0,0,0,0,0,0,0,0,0,0,2.418148148
0.0332760594286577,-0.22645775821846412,-0.17397482080579796,-0.15428922708121143,-0.16092916702990698,-0.35181914526542807,0,0,1,0,0,0,0,0,0,0,0,0,0,0,0,0,0,1,0,0,0,0,0,0,0,0,0,0,0,0,0,0,0,0,2.43962963
0.0332760594286577,-0.5195640373629944,-0.4539675195594914,-0.15428922708121143,-0.478857867126837,-0.5205708148851916,0,0,0,1,0,0,0,0,0,0,0,0,0,0,0,0,0,1,0,0,0,0,0,0,0,0,0,0,0,0,0,0,0,0,2.839642857
0.0332760594286577,2.530143770009696,0.9726400055829456,-0.6992869773439238,2.8291218921080077,1.2352540205588833,0,0,0,0,1,0,0,0,0,0,0,0,0,0,0,0,0,0,0,1,0,0,0,0,0,0,0,0,0,0,0,0,0,0,1.0752
0.0332760594286577,1.987748774396851,1.7482874672763624,-0.570783070289895,2.2407928524202343,0.922978004602437,0,1,0,0,0,0,0,0,0,0,0,0,0,0,0,0,0,0,0,0,1,0,0,0,0,0,0,0,0,0,0,0,0,0,1.972962963
0.0332760594286577,-0.23541107166428768,-0.16650600473009128,-0.570783070289895,-0.17064071368697276,-0.3569738850308863,0,0,1,0,0,0,0,0,0,0,0,0,0,0,0,0,0,0,0,0,1,0,0,0,0,0,0,0,0,0,0,0,0,0,1.9875
0.0332760594286577,-0.5516162772009752,-0.5257002843450427,-0.570783070289895,-0.5136245291602336,-0.5390244249664866,0,0,0,1,0,0,0,0,0,0,0,0,0,0,0,0,0,0,0,0,1,0,0,0,0,0,0,0,0,0,0,0,0,0,1.348235294
0.0332760594286577,-0.5586171304600901,-0.5200168305536669,-0.5837249693726506,-0.5212182667721877,-0.5430550642270534,0,1,0,0,0,0,0,0,0,0,0,0,0,0,0,0,0,0,0,0,0,1,0,0,0,0,0,0,0,0,0,0,0,0,1.705555556
0.0332760594286577,-0.5772860724843963,-0.5363548657192752,-0.5837249693726506,-0.5414682337373987,-0.5538034355885649,0,0,1,0,0,0,0,0,0,0,0,0,0,0,0,0,0,0,0,0,0,1,0,0,0,0,0,0,0,0,0,0,0,0,1.673333333
0.0332760594286577,-0.562860425407698,-0.5318126494492076,2.0352447904650033,-0.5258209155136555,-0.5454980794677637,0,1,0,0,0,0,0,0,0,0,0,0,0,0,0,0,0,0,0,0,0,0,1,0,0,0,0,0,0,0,0,0,0,0,1.574285714
0.0332760594286577,-0.5974718660481775,-0.5545934478327196,0.8461587898918129,-0.5633635105185331,-0.5654251121231992,0,1,0,0,0,0,0,0,0,0,0,0,0,0,0,0,0,0,0,0,0,0,0,1,0,0,0,0,0,0,0,0,0,0,1.3625
0.0332760594286577,-0.6288551354636207,-0.5709042024201293,0.8461587898918129,-0.5974045487356763,-0.5834935722307066,0,0,1,0,0,0,0,0,0,0,0,0,0,0,0,0,0,0,0,0,0,0,0,1,0,0,0,0,0,0,0,0,0,0,1.61
0.0332760594286577,-0.3843736715665648,-0.47191207766346194,-0.27860989402768277,-0.3322185750968853,-0.44273693151961313,0,1,0,0,0,0,0,0,0,0,0,0,0,0,0,0,0,0,0,0,0,0,0,0,1,0,0,0,0,0,0,0,0,0,1.037272727
0.0332760594286577,-0.6103456573191054,-0.5601041246288375,-0.27860989402768277,-0.5773275502382932,-0.5728370098745748,0,0,1,0,0,0,0,0,0,0,0,0,0,0,0,0,0,0,0,0,0,0,0,0,1,0,0,0,0,0,0,0,0,0,1.51
0.0332760594286577,-0.32376961852016056,-0.3143379424006481,-0.14213168551862282,-0.2664821198360692,-0.4078450309873065,1,0,0,0,0,0,0,0,0,0,0,0,0,0,0,0,0,0,0,0,0,0,0,0,0,1,0,0,0,0,0,0,0,0,1.0184
0.0332760594286577,-0.6209830649100382,-0.5638203456145585,-0.14213168551862282,-0.5888658126653457,-0.5789613423066027,0,0,0,1,0,0,0,0,0,0,0,0,0,0,0,0,0,0,0,0,0,0,0,0,0,1,0,0,0,0,0,0,0,0,1.505217391
0.0332760594286577,-0.6289718163512726,-0.5710133247329238,-0.14213168551862282,-0.5975311110292089,-0.5835607495517161,0,0,0,0,0,1,0,0,0,0,0,0,0,0,0,0,0,0,0,0,0,0,0,0,0,1,0,0,0,0,0,0,0,0,1.5675
0.0332760594286577,-0.08917102580722187,0.14843311469601375,-1.3957964552522308,-0.0120159724594868,-0.2727783093657131,0,1,0,0,0,0,0,0,0,0,0,0,0,0,0,0,0,0,0,0,0,0,0,0,0,0,1,0,0,0,0,0,0,0,3.489166667
0.0332760594286577,-0.476162636519404,-0.47342766534116215,0.9642045966769479,-0.4317809126758393,-0.49558309071371115,0,1,0,0,0,0,0,0,0,0,0,0,0,0,0,0,0,0,0,0,0,0,0,0,0,0,0,1,0,0,0,0,0,0,1.5875
0.0332760594286577,-0.6219437375517056,-0.5683943892258577,0.7388325358822933,-0.5899078422154305,-0.5795144355829138,0,1,0,0,0,0,0,0,0,0,0,0,0,0,0,0,0,0,0,0,0,0,0,0,0,0,0,0,0,0,1,0,0,0,1.0
0.0332760594286577,1.9947807425593398,0.9170467339772239,-1.1153886417925238,2.248420341060109,0.9270265578152732,0,1,0,0,0,0,0,0,0,0,0,0,0,0,0,0,0,0,0,0,0,0,0,0,0,0,0,0,0,0,0,1,0,0,1.431
0.0332760594286577,-0.6117613854226153,-0.5500072795199987,-1.1153886417925238,-0.578863172733155,-0.5736520947028227,0,0,1,0,0,0,0,0,0,0,0,0,0,0,0,0,0,0,0,0,0,0,0,0,0,0,0,0,0,0,0,1,0,0,3.032083333
0.0332760594286577,-0.5160791681851239,-0.5069979324022219,-1.1153886417925238,-0.475077873293331,-0.5185644522310429,0,0,0,1,0,0,0,0,0,0,0,0,0,0,0,0,0,0,0,0,0,0,0,0,0,0,0,0,0,0,0,1,0,0,1.462833333
0.0332760594286577,-0.5282684315818271,-0.5167765040987438,-0.7728858579862619,-0.4882994142243666,-0.5255822430324963,0,1,0,0,0,0,0,0,0,0,0,0,0,0,0,0,0,0,0,0,0,0,0,0,0,0,0,0,0,0,0,0,1,0,1.236153846
0.0332760594286577,-0.6295474420636887,-0.5713149266807861,-0.7728858579862619,-0.5981554850106362,-0.5838921576686961,0,0,1,0,0,0,0,0,0,0,0,0,0,0,0,0,0,0,0,0,0,0,0,0,0,0,0,0,0,0,0,0,1,0,1.6
0.0332760594286577,-0.48849191698128963,-0.4512864449576397,-0.1592568247089358,-0.445154328359114,-0.502681494300376,1,0,0,0,0,0,0,0,0,0,0,0,0,0,0,0,0,0,0,0,0,0,0,0,0,0,0,0,0,0,0,0,0,1,1.94
0.0332760594286577,-0.5380618474187445,-0.37061625963669026,-0.1592568247089358,-0.4989222093948669,-0.5312206595092227,0,0,1,0,0,0,0,0,0,0,0,0,0,0,0,0,0,0,0,0,0,0,0,0,0,0,0,0,0,0,0,0,0,1,3.632727273
0.0332760594286577,-0.48277066412342406,-0.3086772224244378,-0.1592568247089358,-0.4389485572329004,-0.49938756632687953,0,0,0,1,0,0,0,0,0,0,0,0,0,0,0,0,0,0,0,0,0,0,0,0,0,0,0,0,0,0,0,0,0,1,2.912352941
0.18594461349073582,1.0796992130604373,1.9126817470888273,-0.18566352788789192,1.3782943036791702,0.8054466712881055,0,1,0,0,0,0,1,0,0,0,0,0,0,0,0,0,0,0,0,0,0,0,0,0,0,0,0,0,0,0,0,0,0,0,3.821818182
0.18594461349073582,-0.45453388931166083,-0.4733912912368974,1.4838414537875935,-0.39576665686402585,-0.44158253536014885,0,1,0,0,0,0,0,1,0,0,0,0,0,0,0,0,0,0,0,0,0,0,0,0,0,0,0,0,0,0,0,0,0,0,1.515625
0.18594461349073582,-0.5528919882393027,-0.5500860900792391,1.489593408935485,-0.5094998719738998,-0.5215282892899322,0,1,0,0,0,0,0,0,1,0,0,0,0,0,0,0,0,0,0,0,0,0,0,0,0,0,0,0,0,0,0,0,0,0,0.61
0.18594461349073582,0.2821308948786995,0.13860907536916095,-1.0586534478337766,0.45605190487766756,0.15718078161840363,1,0,0,0,0,0,0,0,0,1,0,0,0,0,0,0,0,0,0,0,0,0,0,0,0,0,0,0,0,0,0,0,0,0,1.910789474
0.18594461349073582,0.2947985499147757,0.8263327491161552,-1.0586534478337766,0.47069973917767394,0.1674770891255927,0,0,1,0,0,0,0,0,0,1,0,0,0,0,0,0,0,0,0,0,0,0,0,0,0,0,0,0,0,0,0,0,0,0,3.635882353
0.18594461349073582,0.07617746008430576,0.5158009586568024,-1.0586534478337766,0.21790429367464817,-0.01021877976574819,0,0,0,1,0,0,0,0,0,1,0,0,0,0,0,0,0,0,0,0,0,0,0,0,0,0,0,0,0,0,0,0,0,0,3.725135135
0.18594461349073582,-0.22194998659217852,-0.2827682510741526,-0.2038344771050945,-0.12682576305365512,-0.2525376508253296,0,1,0,0,0,0,0,0,0,0,1,0,0,0,0,0,0,0,0,0,0,0,0,0,0,0,0,0,0,0,0,0,0,0,1.733888889
0.18594461349073582,1.0134633625033675,0.47746719952473077,-0.43338977800730666,1.3017046143549127,0.7516099759097115,0,1,0,0,0,0,0,0,0,0,0,0,1,0,0,0,0,0,0,0,0,0,0,0,0,0,0,0,0,0,0,0,0,0,1.692631579
0.18594461349073582,-0.2019625505374056,-0.2380417431175415,-0.43338977800730666,-0.10371393607553649,-0.23629180364097446,0,0,1,0,0,0,0,0,0,0,0,0,1,0,0,0,0,0,0,0,0,0,0,0,0,0,0,0,0,0,0,0,0,0,1.882307692
0.18594461349073582,-0.501443495510652,-0.4714422454833749,-0.43338977800730666,-0.45000906690159914,-0.47971080212226347,0,0,0,1,0,0,0,0,0,0,0,0,1,0,0,0,0,0,0,0,0,0,0,0,0,0,0,0,0,0,0,0,0,0,2.00125
0.18594461349073582,-0.5922134473779979,-0.542674866335285,-1.0455808224976597,-0.5549679729174257,-0.553488887661956,0,1,0,0,0,0,0,0,0,0,0,0,0,1,0,0,0,0,0,0,0,0,0,0,0,0,0,0,0,0,0,0,0,0,0.8175
0.18594461349073582,0.46570104605853446,0.4008239306634308,-0.15585794212154552,0.6683173280559599,0.30638714383035015,0,1,0,0,0,0,0,0,0,0,0,0,0,0,1,0,0,0,0,0,0,0,0,0,0,0,0,0,0,0,0,0,0,0,2.593333333
0.18594461349073582,0.5689675209934002,0.22828942943403815,-0.11376408853924913,0.7877261854398921,0.39032244030667107,0,1,0,0,0,0,0,0,0,0,0,0,0,0,0,1,0,0,0,0,0,0,0,0,0,0,0,0,0,0,0,0,0,0,1.5675
0.18594461349073582,3.8036884331898877,5.3520306290844495,-0.15860319344212995,4.5280913751384695,3.0195131719029358,0,1,0,0,0,0,0,0,0,0,0,0,0,0,0,0,0,1,0,0,0,0,0,0,0,0,0,0,0,0,0,0,0,0,3.354285714
0.18594461349073582,-0.17939257750260368,-0.08350939232387201,-0.15860319344212995,-0.07761587576146327,-0.21794686275543004,0,0,1,0,0,0,0,0,0,0,0,0,0,0,0,0,0,1,0,0,0,0,0,0,0,0,0,0,0,0,0,0,0,0,2.8475
0.18594461349073582,-0.5102567918912934,-0.41343312711939906,-0.15860319344212995,-0.4602000378944804,-0.4868742755061415,0,0,0,1,0,0,0,0,0,0,0,0,0,0,0,0,0,1,0,0,0,0,0,0,0,0,0,0,0,0,0,0,0,0,3.294137931
0.18594461349073582,2.628968592487946,1.447602449959028,-0.7617741264505625,3.1697419768397284,2.0646974084315377,0,1,0,0,0,0,0,0,0,0,0,0,0,0,0,0,0,0,0,1,0,0,0,0,0,0,0,0,0,0,0,0,0,0,1.3712
0.18594461349073582,2.2117760786885263,2.7763105890604196,-0.06539537479561672,2.687334871595301,1.7256020984043237,0,1,0,0,0,0,0,0,0,0,0,0,0,0,0,0,0,0,0,0,1,0,0,0,0,0,0,0,0,0,0,0,0,0,2.230769231
0.18594461349073582,-0.09461613389764453,-0.023131410419650784,-0.06539537479561672,0.020412630298480772,-0.1490403184710579,0,0,1,0,0,0,0,0,0,0,0,0,0,0,0,0,0,0,0,0,1,0,0,0,0,0,0,0,0,0,0,0,0,0,2.514
0.18594461349073582,-0.5430596787731682,-0.5240331378995724,-0.06539537479561672,-0.4981305980683377,-0.513536559054079,0,0,0,1,0,0,0,0,0,0,0,0,0,0,0,0,0,0,0,0,1,0,0,0,0,0,0,0,0,0,0,0,0,0,1.26
0.18594461349073582,-0.5577614706173093,-0.5206836891318549,0.9431576698857999,-0.5151305408543445,-0.5254862189795241,0,1,0,0,0,0,0,0,0,0,0,0,0,0,0,0,0,0,0,0,0,1,0,0,0,0,0,0,0,0,0,0,0,0,1.74
0.18594461349073582,-0.6148184246790954,-0.5593463307899874,0.9431576698857999,-0.5811065092857515,-0.5718622801187515,0,0,1,0,0,0,0,0,0,0,0,0,0,0,0,0,0,0,0,0,0,1,0,0,0,0,0,0,0,0,0,0,0,0,2.051111111
0.18594461349073582,-0.562599838091942,-0.5313079587525334,2.19708389212613,-0.520725231019898,-0.5294188583835595,0,1,0,0,0,0,0,0,0,0,0,0,0,0,0,0,0,0,0,0,0,0,1,0,0,0,0,0,0,0,0,0,0,0,1.561428571
0.18594461349073582,-0.5958733378873463,-0.5516850350792128,1.6990168668200771,-0.559199969256482,-0.556463657500539,0,1,0,0,0,0,0,0,0,0,0,0,0,0,0,0,0,0,0,0,0,0,0,1,0,0,0,0,0,0,0,0,0,0,1.62125
0.18594461349073582,-0.6286878928579863,-0.5707965956950126,1.6990168668200771,-0.5971440214484234,-0.5831354249055603,0,0,1,0,0,0,0,0,0,0,0,0,0,0,0,0,0,0,0,0,0,0,0,1,0,0,0,0,0,0,0,0,0,0,2.362
0.18594461349073582,-0.3830901818023938,-0.38323504264122227,0.43502472307093704,-0.3131550301348837,-0.38351287843673587,0,1,0,0,0,0,0,0,0,0,0,0,0,0,0,0,0,0,0,0,0,0,0,0,1,0,0,0,0,0,0,0,0,0,1.958181818
0.18594461349073582,-0.6103456573191054,-0.556618272970127,0.43502472307093704,-0.5759345690201674,-0.5682268015700049,0,0,1,0,0,0,0,0,0,0,0,0,0,0,0,0,0,0,0,0,0,0,0,0,1,0,0,0,0,0,0,0,0,0,1.956666667
0.18594461349073582,-0.1942538332265358,-0.13991501892484098,-0.1923305668093114,-0.09480020946128642,-0.2300261353943522,1,0,0,0,0,0,0,0,0,0,0,0,0,0,0,0,0,0,0,0,0,0,0,0,0,1,0,0,0,0,0,0,0,0,1.3952
0.18594461349073582,-0.6124692494743702,-0.5524655627332284,-0.1923305668093114,-0.5783901163114794,-0.5699528635592359,0,0,0,1,0,0,0,0,0,0,0,0,0,0,0,0,0,0,0,0,0,0,0,0,0,1,0,0,0,0,0,0,0,0,1.8296
0.18594461349073582,-0.6269143433656772,-0.5691536986523855,-0.1923305668093114,-0.5950932346996353,-0.5816938786288399,0,0,0,0,0,1,0,0,0,0,0,0,0,0,0,0,0,0,0,0,0,0,0,0,0,1,0,0,0,0,0,0,0,0,1.978666667
0.18594461349073582,-0.11250720333760471,0.1726825175392172,-1.3678210370329404,-0.0002751307638554377,-0.163582232666044,0,1,0,0,0,0,0,0,0,0,0,0,0,0,0,0,0,0,0,0,0,0,0,0,0,0,1,0,0,0,0,0,0,0,3.710909091
0.18594461349073582,0.26666289853897746,0.9858498677817806,-0.4494691071707303,0.4381659862374695,0.14460834841112985,0,1,0,0,0,0,0,0,0,0,0,0,0,0,0,0,0,0,0,0,0,0,0,0,0,0,0,0,1,0,0,0,0,0,4.527857143
0.18594461349073582,-0.6177315575074716,-0.5652510603823074,1.188661573698075,-0.5844750164674232,-0.5742300831039786,0,1,0,0,0,0,0,0,0,0,0,0,0,0,0,0,0,0,0,0,0,0,0,0,0,0,0,0,0,0,1,0,0,0,1.3325
0.18594461349073582,2.1628712293106873,1.0240290369707268,-0.9104098765222112,2.63078532754832,1.6858520920808984,0,1,0,0,0,0,0,0,0,0,0,0,0,0,0,0,0,0,0,0,0,0,0,0,0,0,0,0,0,0,0,1,0,0,1.40915493
0.18594461349073582,-0.608432090761614,-0.546466866704891,-0.9104098765222112,-0.5737218780543697,-0.5666714490082804,0,0,1,0,0,0,0,0,0,0,0,0,0,0,0,0,0,0,0,0,0,0,0,0,0,0,0,0,0,0,0,1,0,0,3.0012
0.18594461349073582,-0.5123181542398105,-0.5043623254307013,-0.9104098765222112,-0.4625836277560104,-0.4885497569242594,0,0,0,1,0,0,0,0,0,0,0,0,0,0,0,0,0,0,0,0,0,0,0,0,0,0,0,0,0,0,0,1,0,0,1.469285714
0.18594461349073582,-0.5279183889188714,-0.5100988247907966,-0.026177498787266103,-0.4806224559344954,-0.5012296738451484,0,1,0,0,0,0,0,0,0,0,0,0,0,0,0,0,0,0,0,0,0,0,0,0,0,0,0,0,0,0,0,0,1,0,1.386153846
0.18594461349073582,-0.629543552700767,-0.5712740058134882,-0.026177498787266103,-0.5981334361079265,-0.5838309077583639,0,0,1,0,0,0,0,0,0,0,0,0,0,0,0,0,0,0,0,0,0,0,0,0,0,0,0,0,0,0,0,0,1,0,1.896666667
0.18594461349073582,-0.504185496370472,-0.44479821410940507,-0.44842329714384105,-0.45317969115137025,-0.4819395085369298,1,0,0,0,0,0,0,0,0,0,0,0,0,0,0,0,0,0,0,0,0,0,0,0,0,0,0,0,0,0,0,0,0,1,2.453846154
0.18594461349073582,-0.5627826381492634,-0.4436221180715097,-0.44842329714384105,-0.5209366059698827,-0.5295674388112038,0,0,1,0,0,0,0,0,0,0,0,0,0,0,0,0,0,0,0,0,0,0,0,0,0,0,0,0,0,0,0,0,0,1,3.234545455
0.18594461349073582,-0.47762503697797465,-0.29202697619722323,-0.44842329714384105,-0.4224673606525237,-0.46035108852876455,0,0,0,1,0,0,0,0,0,0,0,0,0,0,0,0,0,0,0,0,0,0,0,0,0,0,0,0,0,0,0,0,0,1,2.883529412
0.33861316755281395,1.4351442011144635,1.6902450059834773,-0.7544534562623371,1.8095694810024876,1.7237483995051746,0,1,0,0,0,0,1,0,0,0,0,0,0,0,0,0,0,0,0,0,0,0,0,0,0,0,0,0,0,0,0,0,0,0,3.427727273
0.33861316755281395,-0.4489370960672907,-0.46765327628912434,0.9865587860017077,-0.38751984823308316,-0.38190852594674557,0,1,0,0,0,0,0,1,0,0,0,0,0,0,0,0,0,0,0,0,0,0,0,0,0,0,0,0,0,0,0,0,0,0,1.554375
0.33861316755281395,-0.5469607097836638,-0.5455923726148579,0.3978984671163653,-0.5018284165690157,-0.4914601155668157,0,1,0,0,0,0,0,0,1,0,0,0,0,0,0,0,0,0,0,0,0,0,0,0,0,0,0,0,0,0,0,0,0,0,0.693333333
0.33861316755281395,0.3967504201820966,0.3718549877918689,-0.4469853083568683,0.598664251465041,0.5632352839421394,1,0,0,0,0,0,0,0,0,1,0,0,0,0,0,0,0,0,0,0,0,0,0,0,0,0,0,0,0,0,0,0,0,0,2.402432432
0.33861316755281395,0.3020444330379596,1.092906434571491,-0.4469853083568683,0.4882244768755097,0.4573914872810789,0,0,1,0,0,0,0,0,0,1,0,0,0,0,0,0,0,0,0,0,0,0,0,0,0,0,0,0,0,0,0,0,0,0,4.221764706
0.33861316755281395,0.12206416383488189,0.6962786549050218,-0.4469853083568683,0.27834355001183164,0.2562448059467637,0,0,0,1,0,0,0,0,0,1,0,0,0,0,0,0,0,0,0,0,0,0,0,0,0,0,0,0,0,0,0,0,0,0,4.129166667
0.33861316755281395,-0.21193876643164428,-0.3019919651781022,-0.17821213144630524,-0.1111482808978434,-0.11703822822429294,0,1,0,0,0,0,0,0,0,0,1,0,0,0,0,0,0,0,0,0,0,0,0,0,0,0,0,0,0,0,0,0,0,0,1.542592593
0.33861316755281395,0.8753909787819356,0.2460369611399077,-0.7170657478010427,1.156822790277611,1.098165920176092,0,1,0,0,0,0,0,0,0,0,0,0,1,0,0,0,0,0,0,0,0,0,0,0,0,0,0,0,0,0,0,0,0,0,1.466
0.33861316755281395,-0.21713106593215445,-0.26850505543931585,-0.7170657478010427,-0.11720319256425095,-0.1228411632773737,0,0,1,0,0,0,0,0,0,0,0,0,1,0,0,0,0,0,0,0,0,0,0,0,0,0,0,0,0,0,0,0,0,0,2.026363636
0.33861316755281395,-0.541114997312303,-0.4997837350563689,-0.7170657478010427,-0.49501153849065566,-0.4849269235182911,0,0,0,1,0,0,0,0,0,0,0,0,1,0,0,0,0,0,0,0,0,0,0,0,0,0,0,0,0,0,0,0,0,0,1.792857143
0.33861316755281395,-0.5868344584572447,-0.5260034018805827,-1.2647552704506257,-0.5483265097555403,-0.5360231793602117,0,1,0,0,0,0,0,0,0,0,0,0,0,1,0,0,0,0,0,0,0,0,0,0,0,0,0,0,0,0,0,0,0,0,1.145
0.33861316755281395,0.4990601118382167,0.3571310535030113,-0.43234396798041735,0.7179709566222328,0.6775770117108949,0,1,0,0,0,0,0,0,0,0,0,0,0,0,1,0,0,0,0,0,0,0,0,0,0,0,0,0,0,0,0,0,0,0,2.435
0.33861316755281395,0.5915997238349499,0.19389316708863175,-0.7208568091485166,0.8258844497149932,0.7809996586906326,0,1,0,0,0,0,0,0,0,0,0,0,0,0,0,1,0,0,0,0,0,0,0,0,0,0,0,0,0,0,0,0,0,0,1.4925
0.33861316755281395,-0.37336288513514587,-0.43182478358829124,-0.08408922902626378,-0.2993902687649443,-0.29744648024156833,1,0,0,0,0,0,0,0,0,0,0,0,0,0,0,0,1,0,0,0,0,0,0,0,0,0,0,0,0,0,0,0,0,0,1.34625
0.33861316755281395,4.062832795301867,4.632876698077308,-0.3399383326859792,4.873803801209024,4.660463866379196,0,1,0,0,0,0,0,0,0,0,0,0,0,0,0,0,0,1,0,0,0,0,0,0,0,0,0,0,0,0,0,0,0,0,2.855357143
0.33861316755281395,-0.1966652382380087,-0.045178664367155834,-0.3399383326859792,-0.09333731601845577,-0.09996847095579259,0,0,1,0,0,0,0,0,0,0,0,0,0,0,0,0,0,1,0,0,0,0,0,0,0,0,0,0,0,0,0,0,0,0,3.0375
0.33861316755281395,-0.5073008760707782,-0.40963203322372693,-0.3399383326859792,-0.45557977667211835,-0.44713612400407104,0,0,0,1,0,0,0,0,0,0,0,0,0,0,0,0,0,1,0,0,0,0,0,0,0,0,0,0,0,0,0,0,0,0,3.159655172
0.33861316755281395,2.671864376151711,1.4240047498172357,-0.7666109978249256,3.251749659166409,3.105911900256744,0,1,0,0,0,0,0,0,0,0,0,0,0,0,0,0,0,0,0,1,0,0,0,0,0,0,0,0,0,0,0,0,0,0,1.111428571
0.33861316755281395,2.233556511050217,2.6517292819534615,-0.34633203477698365,2.7406244036929834,2.6160572464201297,0,1,0,0,0,0,0,0,0,0,0,0,0,0,0,0,0,0,0,0,1,0,0,0,0,0,0,0,0,0,0,0,0,0,2.101851852
0.33861316755281395,-0.17784850042267666,-0.12513046112887535,-0.34633203477698365,-0.07139449755996898,-0.07893880819414122,0,0,1,0,0,0,0,0,0,0,0,0,0,0,0,0,0,0,0,0,1,0,0,0,0,0,0,0,0,0,0,0,0,0,2.656666667
0.33861316755281395,-0.5329473351766689,-0.5163036407433013,-0.34633203477698365,-0.4854869583412505,-0.47579871107524274,0,0,0,1,0,0,0,0,0,0,0,0,0,0,0,0,0,0,0,0,1,0,0,0,0,0,0,0,0,0,0,0,0,0,1.311666667
0.33861316755281395,-0.5520052134931482,-0.5176676696532315,0.12358498739841534,-0.5077109786898626,-0.49709787344235556,0,1,0,0,0,0,0,0,0,0,0,0,0,0,0,0,0,0,0,0,0,1,0,0,0,0,0,0,0,0,0,0,0,0,1.696666667
0.33861316755281395,-0.6109290617573649,-0.5555573615957369,0.12358498739841534,-0.5764240211962856,-0.5629514060672043,0,0,1,0,0,0,0,0,0,0,0,0,0,0,0,0,0,0,0,0,0,1,0,0,0,0,0,0,0,0,0,0,0,0,2.156666667
0.33861316755281395,-0.5624948252930553,-0.5306426157620231,3.456506558515845,-0.519943260910313,-0.5088211062799277,0,1,0,0,0,0,0,0,0,0,0,0,0,0,0,0,0,0,0,0,0,0,1,0,0,0,0,0,0,0,0,0,0,0,1.58
0.33861316755281395,-0.6037492978038504,-0.5591493043918864,1.3076759430597258,-0.5680514616935226,-0.5549272726529818,0,1,0,0,0,0,0,0,0,0,0,0,0,0,0,0,0,0,0,0,0,0,0,1,0,0,0,0,0,0,0,0,0,0,1.32
0.33861316755281395,-0.6289795950771161,-0.5710648547139655,1.3076759430597258,-0.597473343326471,-0.5831247555663411,0,0,1,0,0,0,0,0,0,0,0,0,0,0,0,0,0,0,0,0,0,0,0,1,0,0,0,0,0,0,0,0,0,0,1.326666667
0.33861316755281395,-0.38281792639787265,-0.3828409898450202,0.13769380130917402,-0.3104161041664699,-0.3080134728363543,0,1,0,0,0,0,0,0,0,0,0,0,0,0,0,0,0,0,0,0,0,0,0,0,1,0,0,0,0,0,0,0,0,0,1.954545455
0.33861316755281395,-0.6102678700606707,-0.556557649463019,0.13769380130917402,-0.5756529837556195,-0.5622124555361003,0,0,1,0,0,0,0,0,0,0,0,0,0,0,0,0,0,0,0,0,0,0,0,0,1,0,0,0,0,0,0,0,0,0,1.956666667
0.33861316755281395,-0.24585790047205575,-0.2652465419322604,-0.12134621123419687,-0.15070250160401596,-0.15494639046992373,1,0,0,0,0,0,0,0,0,0,0,0,0,0,0,0,0,0,0,0,0,0,0,0,0,1,0,0,0,0,0,0,0,0,1.3072
0.33861316755281395,-0.614347811765566,-0.5564454959748693,-0.12134621123419687,-0.580410738315965,-0.5667722149897945,0,0,0,1,0,0,0,0,0,0,0,0,0,0,0,0,0,0,0,0,0,0,0,0,0,1,0,0,0,0,0,0,0,0,2.039130435
0.33861316755281395,-0.6291040546906115,-0.5711269938087512,-0.12134621123419687,-0.5976184797858904,-0.5832638521369018,0,0,0,0,0,1,0,0,0,0,0,0,0,0,0,0,0,0,0,0,0,0,0,0,0,1,0,0,0,0,0,0,0,0,1.776153846
0.33861316755281395,-0.13973274378971803,0.1893539819939196,-0.9593014952792883,-0.02694645686274489,-0.03634048345991564,0,1,0,0,0,0,0,0,0,0,0,0,0,0,0,0,0,0,0,0,0,0,0,0,0,0,1,0,0,0,0,0,0,0,4.359090909
0.33861316755281395,-0.4744124232046253,-0.47112397207105783,1.4987264208388584,-0.4172274672705135,-0.4103798552333963,0,1,0,0,0,0,0,0,0,0,0,0,0,0,0,0,0,0,0,0,0,0,0,0,0,0,0,1,0,0,0,0,0,0,1.6125
0.33861316755281395,-0.6152345865117206,-0.5638051897377815,1.1197807225004317,-0.5814448355893291,-0.5677632780550397,0,1,0,0,0,0,0,0,0,0,0,0,0,0,0,0,0,0,0,0,0,0,0,0,0,0,0,0,0,0,1,0,0,0,1.3375
0.33861316755281395,2.268626896515461,1.2958496869662608,-0.8649171403525245,2.7815211355658076,2.6552520519434473,0,1,0,0,0,0,0,0,0,0,0,0,0,0,0,0,0,0,0,0,0,0,0,0,0,0,0,0,0,0,0,1,0,0,1.535352113
0.33861316755281395,-0.5953171589895389,-0.5394269619419735,-0.8649171403525245,-0.558218466567851,-0.5455034799974918,0,0,1,0,0,0,0,0,0,0,0,0,0,0,0,0,0,0,0,0,0,0,0,0,0,0,0,0,0,0,0,1,0,0,2.371153846
0.33861316755281395,-0.5001988993756983,-0.48799549409921666,-0.8649171403525245,-0.44729792745649266,-0.439198925946449,0,0,0,1,0,0,0,0,0,0,0,0,0,0,0,0,0,0,0,0,0,0,0,0,0,0,0,0,0,0,0,1,0,0,1.666065574
0.33861316755281395,-0.5307226195854391,-0.5134482735585141,0.16429065235995677,-0.4828926441291268,-0.4733123598764696,0,1,0,0,0,0,0,0,0,0,0,0,0,0,0,0,0,0,0,0,0,0,0,0,0,0,0,0,0,0,0,0,1,0,1.37
0.33861316755281395,-0.6296096718704364,-0.5713285669698853,0.16429065235995677,-0.5982080966522821,-0.5838289319548048,0,0,0,1,0,0,0,0,0,0,0,0,0,0,0,0,0,0,0,0,0,0,0,0,0,0,0,0,0,0,0,0,1,0,1.873333333
0.33861316755281395,-0.4973518857169916,-0.45434793206659413,0.3235152289538602,-0.44397793094727145,-0.43601709189487214,1,0,0,0,0,0,0,0,0,0,0,0,0,0,0,0,0,0,0,0,0,0,0,0,0,0,0,0,0,0,0,0,0,1,2.037272727
0.33861316755281395,-0.5418384188157448,-0.408114929958349,0.3235152289538602,-0.49585514416103155,-0.48573542233467537,0,0,1,0,0,0,0,0,0,0,0,0,0,0,0,0,0,0,0,0,0,0,0,0,0,0,0,0,0,0,0,0,0,1,3.447272727
0.33861316755281395,-0.46965962171427067,-0.3000823247041999,0.3235152289538602,-0.41168506872643107,-0.4050681049451082,0,0,0,1,0,0,0,0,0,0,0,0,0,0,0,0,0,0,0,0,0,0,0,0,0,0,0,0,0,0,0,0,0,1,2.755555556
0.49128172161489203,1.5676975788499599,2.976519721284618,-0.6148378176726087,1.7083772909611001,1.7230467258012192,0,1,0,0,0,0,1,0,0,0,0,0,0,0,0,0,0,0,0,0,0,0,0,0,0,0,0,0,0,0,0,0,0,0,4.040952381
0.49128172161489203,-0.44510218422646447,-0.468120077293856,1.7277766425595342,-0.4045440334949443,-0.3901323472406746,0,1,0,0,0,0,0,1,0,0,0,0,0,0,0,0,0,0,0,0,0,0,0,0,0,0,0,0,0,0,0,0,0,0,1.5375
0.49128172161489203,-0.5376340174973542,-0.5392526693590379,0.9523085076210817,-0.5016786254675938,-0.48727878835480815,0,1,0,0,0,0,0,0,1,0,0,0,0,0,0,0,0,0,0,0,0,0,0,0,0,0,0,0,0,0,0,0,0,0,0.771481481
0.49128172161489203,0.38548293579784343,0.832440567457287,-0.67314172667169,0.4673564128728095,0.4818744595033276,1,0,0,0,0,0,0,0,0,1,0,0,0,0,0,0,0,0,0,0,0,0,0,0,0,0,0,0,0,0,0,0,0,0,3.673513514
0.49128172161489203,0.3127401810727184,0.6273663987876708,-0.67314172667169,0.3909952563991653,0.4055039879738569,0,0,1,0,0,0,0,0,0,1,0,0,0,0,0,0,0,0,0,0,0,0,0,0,0,0,0,0,0,0,0,0,0,0,3.189714286
0.49128172161489203,-0.1753631975156909,-0.23029860567217111,-0.09441660304179622,-0.12138757277117633,-0.10694134515633591,0,1,0,0,0,0,0,0,0,0,1,0,0,0,0,0,0,0,0,0,0,0,0,0,0,0,0,0,0,0,0,0,0,0,1.844814815
0.49128172161489203,0.8217177704620551,0.37577126635104624,-1.279057911000707,0.9252906304443426,0.9398645390208901,0,1,0,0,0,0,0,0,0,0,0,0,1,0,0,0,0,0,0,0,0,0,0,0,0,0,0,0,0,0,0,0,0,0,1.673888889
0.49128172161489203,-0.31630982043628153,-0.33337220804488515,-1.279057911000707,-0.26934522392063814,-0.2549170451914367,0,0,1,0,0,0,0,0,0,0,0,0,1,0,0,0,0,0,0,0,0,0,0,0,0,0,0,0,0,0,0,0,0,0,1.858
0.49128172161489203,-0.6142350202408359,-0.5588916544866774,-1.279057911000707,-0.5820899486108553,-0.5676999206209112,0,0,0,1,0,0,0,0,0,0,0,0,1,0,0,0,0,0,0,0,0,0,0,0,0,0,0,0,0,0,0,0,0,0,1.715
0.49128172161489203,-0.5913733449869041,-0.5320657525913836,-1.4786768998832118,-0.5580910779616504,-0.5436981224254224,0,1,0,0,0,0,0,0,0,0,0,0,0,1,0,0,0,0,0,0,0,0,0,0,0,0,0,0,0,0,0,0,0,0,1.236
0.49128172161489203,0.4435666816709663,0.34558379098661335,-0.528166311694154,0.5283293856994895,0.5428548702300088,0,1,0,0,0,0,0,0,0,0,0,0,0,0,1,0,0,0,0,0,0,0,0,0,0,0,0,0,0,0,0,0,0,0,2.4975
0.49128172161489203,0.5794454647045422,0.20495847272352102,-0.42136296269807905,0.6709671102657746,0.6855099947209241,0,1,0,0,0,0,0,0,0,0,0,0,0,0,0,1,0,0,0,0,0,0,0,0,0,0,0,0,0,0,0,0,0,0,1.407
0.49128172161489203,-0.2657908854459244,-0.3919163288590891,-0.44057972194217093,-0.21631335409033492,-0.20187870617115677,1,0,0,0,0,0,0,0,0,0,0,0,0,0,0,0,1,0,0,0,0,0,0,0,0,0,0,0,0,0,0,0,0,0,1.367916667
0.49128172161489203,3.8882626299229166,3.942672007301919,-0.6311785993427548,4.1443728982466075,4.1593394924819425,0,1,0,0,0,0,0,0,0,0,0,0,0,0,0,0,0,1,0,0,0,0,0,0,0,0,0,0,0,0,0,0,0,0,2.741071429
0.49128172161489203,-0.13359921846214906,0.013718588375952285,-0.6311785993427548,-0.07754615170428918,-0.06309457601323273,0,0,1,0,0,0,0,0,0,0,0,0,0,0,0,0,0,1,0,0,0,0,0,0,0,0,0,0,0,0,0,0,0,0,3.155185185
0.49128172161489203,-0.5037265515457079,-0.40266184549398365,-0.6311785993427548,-0.46608451959488745,-0.4516803404697669,0,0,0,1,0,0,0,0,0,0,0,0,0,0,0,0,0,1,0,0,0,0,0,0,0,0,0,0,0,0,0,0,0,0,3.439666667
0.49128172161489203,-0.6290923866018462,-0.5714482983964236,0.9785844845466765,-0.5976863565523256,-0.5832982311188302,0,0,0,0,1,0,0,0,0,0,0,0,0,0,0,0,0,0,1,0,0,0,0,0,0,0,0,0,0,0,0,0,0,0,0.535
0.49128172161489203,2.693738153223523,3.0366703650371845,-0.5092110049567845,2.890429865411,2.9052434951039685,0,1,0,0,0,0,0,0,0,0,0,0,0,0,0,0,0,0,0,1,0,0,0,0,0,0,0,0,0,0,0,0,0,0,2.280204082
0.49128172161489203,2.0492007085601927,1.8260371151423835,-0.5694758077562833,2.2138315588024695,2.2285626524091686,0,1,0,0,0,0,0,0,0,0,0,0,0,0,0,0,0,0,0,0,1,0,0,0,0,0,0,0,0,0,0,0,0,0,1.825769231
0.49128172161489203,-0.1591795583983704,-0.22318898387607938,-0.5694758077562833,-0.10439892003702496,-0.08995062003019953,0,0,1,0,0,0,0,0,0,0,0,0,0,0,0,0,0,0,0,0,1,0,0,0,0,0,0,0,0,0,0,0,0,0,1.665
0.49128172161489203,-0.582731180574819,-0.549191893349396,-0.5694758077562833,-0.5490190312480516,-0.5346249690415543,0,0,0,1,0,0,0,0,0,0,0,0,0,0,0,0,0,0,0,0,1,0,0,0,0,0,0,0,0,0,0,0,0,0,1.124444444
0.49128172161489203,-0.5806309245970845,-0.5328690140605646,-0.3429272106813778,-0.5468143034238647,-0.5324199722695971,0,1,0,0,0,0,0,0,0,0,0,0,0,0,0,0,0,0,0,0,0,1,0,0,0,0,0,0,0,0,0,0,0,0,1.998888889
0.49128172161489203,-0.6033448040599905,-0.542674866335285,-0.3429272106813778,-0.5706580265595157,-0.5562666040255779,0,0,1,0,0,0,0,0,0,0,0,0,0,0,0,0,0,0,0,0,0,1,0,0,0,0,0,0,0,0,0,0,0,0,2.796666667
0.49128172161489203,-0.5597255988927833,-0.5127692902789044,1.969097306264252,-0.5248690959145969,-0.5104720877339127,0,0,0,0,1,0,0,0,0,0,0,0,0,0,0,0,0,0,0,0,0,0,1,0,0,0,0,0,0,0,0,0,0,0,2.2
0.49128172161489203,-0.6064749633393991,-0.5596964315435362,0.7989666124284306,-0.573943887583415,-0.5595528658812652,0,1,0,0,0,0,0,0,0,0,0,0,0,0,0,0,0,0,0,0,0,0,0,1,0,0,0,0,0,0,0,0,0,0,1.375
0.49128172161489203,-0.6290923866018462,-0.5710239338466676,0.7989666124284306,-0.5976863565523256,-0.5832982311188302,0,0,1,0,0,0,0,0,0,0,0,0,0,0,0,0,0,0,0,0,0,0,0,1,0,0,0,0,0,0,0,0,0,0,2.025
0.49128172161489203,-0.3827012455102207,-0.3826591193236962,-0.1861864329013367,-0.33903912014076876,-0.32461944314941493,0,1,0,0,0,0,0,0,0,0,0,0,0,0,0,0,0,0,0,0,0,0,0,0,1,0,0,0,0,0,0,0,0,0,1.955454545
0.49128172161489203,-0.6098011465100631,-0.556209064297148,-0.1861864329013367,-0.5774355232042384,-0.5630449274356684,0,0,1,0,0,0,0,0,0,0,0,0,0,0,0,0,0,0,0,0,0,0,0,0,1,0,0,0,0,0,0,0,0,0,1.96
0.49128172161489203,-0.27752509338078524,-0.24260366202741915,-0.011536158410815147,-0.22863125010065324,-0.21419810480262838,1,0,0,0,0,0,0,0,0,0,0,0,0,0,0,0,0,0,0,0,0,0,0,0,0,1,0,0,0,0,0,0,0,0,1.4536
0.49128172161489203,-0.615876331393806,-0.556315155434587,-0.011536158410815147,-0.5838129025771643,-0.5694230847649222,0,0,0,1,0,0,0,0,0,0,0,0,0,0,0,0,0,0,0,0,0,0,0,0,0,1,0,0,0,0,0,0,0,0,1.860909091
0.49128172161489203,-0.6285050928006649,-0.57073900336326,-0.011536158410815147,-0.597069849327414,-0.5826816486881533,0,0,0,0,0,1,0,0,0,0,0,0,0,0,0,0,0,0,0,0,0,0,0,0,0,1,0,0,0,0,0,0,0,0,2.008461538
0.49128172161489203,-0.12028592918106566,0.1605578161176155,-1.4381517613412496,-0.06357062699652664,-0.04911734647543785,0,1,0,0,0,0,0,0,0,0,0,0,0,0,0,0,0,0,0,0,0,0,0,0,0,0,1,0,0,0,0,0,0,0,3.5125
0.49128172161489203,-0.4743346359461907,-0.4684868495118595,2.049624678334732,-0.4352305785441828,-0.42082263564443345,0,1,0,0,0,0,0,0,0,0,0,0,0,0,0,0,0,0,0,0,0,0,0,0,0,0,0,1,0,0,0,0,0,0,1.66
0.49128172161489203,0.5022143851677401,0.8628250692198209,-0.9572098752255097,0.589894368775257,0.6044273634232338,0,1,0,0,0,0,0,0,0,0,0,0,0,0,0,0,0,0,0,0,0,0,0,0,0,0,0,0,1,0,0,0,0,0,3.498214286
0.49128172161489203,-0.6144372671127658,-0.5636248348041352,0.5793465067816674,-0.5823022557346659,-0.567912253643396,0,1,0,0,0,0,0,0,0,0,0,0,0,0,0,0,0,0,0,0,0,0,0,0,0,0,0,0,0,0,1,0,0,0,1.3175
0.49128172161489203,2.085329000740147,1.3827368129411364,-0.9055730051478481,2.2517569602077883,2.2664926802141867,0,1,0,0,0,0,0,0,0,0,0,0,0,0,0,0,0,0,0,0,0,0,0,0,0,0,0,0,0,0,0,1,0,0,1.696666667
0.49128172161489203,-0.6015518077530727,-0.5370156619467524,-0.9055730051478481,-0.5687758422503487,-0.5543841901147035,0,0,1,0,0,0,0,0,0,0,0,0,0,0,0,0,0,0,0,0,0,0,0,0,0,0,0,0,0,0,0,1,0,0,3.108695652
0.49128172161489203,-0.5105873877396404,-0.485678160540013,-0.9055730051478481,-0.4732866304872313,-0.4588833299248268,0,0,0,1,0,0,0,0,0,0,0,0,0,0,0,0,0,0,0,0,0,0,0,0,0,0,0,0,0,0,0,1,0,0,1.849677419
0.49128172161489203,-0.5282956571222793,-0.512816273496913,-0.16893056745766238,-0.49187575230857017,-0.4774747193743098,0,1,0,0,0,0,0,0,0,0,0,0,0,0,0,0,0,0,0,0,0,0,0,0,0,0,0,0,0,0,0,0,1,0,1.387692308
0.49128172161489203,-0.6295941144187495,-0.5713164422684638,-0.16893056745766238,-0.5982130415325481,-0.5838249803476867,0,0,0,1,0,0,0,0,0,0,0,0,0,0,0,0,0,0,0,0,0,0,0,0,0,0,0,0,0,0,0,0,1,0,1.453333333
0.49128172161489203,-0.47193100966056123,-0.4248091282282169,0.1659900936536519,-0.43270739003428,-0.4182991393387492,1,0,0,0,0,0,0,0,0,0,0,0,0,0,0,0,0,0,0,0,0,0,0,0,0,0,0,0,0,0,0,0,0,1,2.358
0.49128172161489203,-0.49868593719914517,-0.33281447177949147,0.1659900936536519,-0.46079317281683885,-0.44638834821706974,0,0,1,0,0,0,0,0,0,0,0,0,0,0,0,0,0,0,0,0,0,0,0,0,0,0,0,0,0,0,0,0,0,1,3.544166667
0.49128172161489203,-0.4403221571956577,-0.2574806706717245,0.1659900936536519,-0.399526236280267,-0.38511393792079435,0,0,0,1,0,0,0,0,0,0,0,0,0,0,0,0,0,0,0,0,0,0,0,0,0,0,0,0,0,0,0,0,0,1,2.873888889
0.6439502756769702,-0.2025615124273521,0.046368893716648055,-0.49247804452655497,-0.1687048748277726,-0.1933718180873272,0,1,0,0,0,0,1,0,0,0,0,0,0,0,0,0,0,0,0,0,0,0,0,0,0,0,0,0,0,0,0,0,0,0,3.460769231
0.6439502756769702,-0.4469224060738343,-0.4669288253791836,0.7894235959330655,-0.4144873467767092,-0.41681623290752495,0,1,0,0,0,0,0,1,0,0,0,0,0,0,0,0,0,0,0,0,0,0,0,0,0,0,0,0,0,0,0,0,0,0,1.607647059
0.6439502756769702,-0.5361832851275486,-0.4547738122040279,0.46888282269147985,-0.504267504210148,-0.49843667793400265,0,1,0,0,0,0,0,0,1,0,0,0,0,0,0,0,0,0,0,0,0,0,0,0,0,0,0,0,0,0,0,0,0,0,3.53037037
0.6439502756769702,0.4459158568756915,0.6079729388638188,-0.48254284927110597,0.48354503493408746,0.3995980476952282,1,0,0,0,0,0,0,0,0,1,0,0,0,0,0,0,0,0,0,0,0,0,0,0,0,0,0,0,0,0,0,0,0,0,2.933783784
0.6439502756769702,0.39505076858530036,1.246308156957596,-0.48254284927110597,0.4323840371600346,0.3530868415925583,0,0,1,0,0,0,0,0,0,1,0,0,0,0,0,0,0,0,0,0,0,0,0,0,0,0,0,0,0,0,0,0,0,0,4.180294118
0.6439502756769702,0.11798811149290836,0.8329316178648619,-0.48254284927110597,0.1537095580781851,0.0997398253874968,0,0,0,1,0,0,0,0,0,1,0,0,0,0,0,0,0,0,0,0,0,0,0,0,0,0,0,0,0,0,0,0,0,0,4.573243243
0.6439502756769702,-0.14972840649856534,-0.1863086733269223,-0.027092582560794342,-0.11556441040181037,-0.14506105010302775,0,1,0,0,0,0,0,0,0,0,1,0,0,0,0,0,0,0,0,0,0,0,0,0,0,0,0,0,0,0,0,0,0,0,1.981481481
0.6439502756769702,-0.6296641229513407,-0.5712937084532983,-0.027092582560794342,-0.598292170175843,-0.5839158673114052,0,0,1,0,0,0,0,0,0,0,1,0,0,0,0,0,0,0,0,0,0,0,0,0,0,0,0,0,0,0,0,0,0,0,3.55
0.6439502756769702,-0.629298522836698,-0.571117900282685,-0.027092582560794342,-0.5979244431693619,-0.5835815613492054,0,0,0,1,0,0,0,0,0,0,1,0,0,0,0,0,0,0,0,0,0,0,0,0,0,0,0,0,0,0,0,0,0,0,1.83
0.6439502756769702,0.6658904450029236,0.06797814282529774,-0.565423293902087,0.7047993331528427,0.600743543547408,0,1,0,0,0,0,0,0,0,0,0,0,1,0,0,0,0,0,0,0,0,0,0,0,0,0,0,0,0,0,0,0,0,0,1.345
0.6439502756769702,-0.2690657290260215,-0.2731094108041691,-0.565423293902087,-0.23559598210247285,-0.25418349519006106,0,0,1,0,0,0,0,0,0,0,0,0,1,0,0,0,0,0,0,0,0,0,0,0,0,0,0,0,0,0,0,0,0,0,2.120714286
0.6439502756769702,-0.6043521490567187,-0.5512015626100265,-0.565423293902087,-0.5728329429611668,-0.5607705140986682,0,0,0,1,0,0,0,0,0,0,0,0,1,0,0,0,0,0,0,0,0,0,0,0,0,0,0,0,0,0,0,0,0,0,1.894
0.6439502756769702,-0.598677568553914,-0.535096927946784,-1.2900389162830452,-0.5671253503818471,-0.5555816587917561,0,1,0,0,0,0,0,0,0,0,0,0,0,1,0,0,0,0,0,0,0,0,0,0,0,0,0,0,0,0,0,0,0,0,3.2
0.6439502756769702,0.5057459267006714,0.3292124128920956,-0.29037525683018794,0.5437231683457907,0.4543068627646098,0,1,0,0,0,0,0,0,0,0,0,0,0,0,1,0,0,0,0,0,0,0,0,0,0,0,0,0,0,0,0,0,0,0,2.336666667
0.6439502756769702,-0.2958751076455096,-0.36476306002541203,-0.24239872184663927,-0.2625613252479497,-0.27869808026925535,1,0,0,0,0,0,0,0,0,0,0,0,0,0,0,0,1,0,0,0,0,0,0,0,0,0,0,0,0,0,0,0,0,0,1.467916667
0.6439502756769702,4.2167776691068815,5.415330664031277,-0.26592944745164965,4.2763439713412,3.8476866449680363,0,1,0,0,0,0,0,0,0,0,0,0,0,0,0,0,0,1,0,0,0,0,0,0,0,0,0,0,0,0,0,0,0,0,3.165
0.6439502756769702,-0.22576934098131785,-0.08947019866026697,-0.26592944745164965,-0.19204771576046664,-0.21459313379421135,0,0,1,0,0,0,0,0,0,0,0,0,0,0,0,0,0,1,0,0,0,0,0,0,0,0,0,0,0,0,0,0,0,0,2.988888889
0.6439502756769702,-0.5240795877151234,-0.43782196402895096,-0.26592944745164965,-0.4920933931019623,-0.4873690167173404,0,0,0,1,0,0,0,0,0,0,0,0,0,0,0,0,0,1,0,0,0,0,0,0,0,0,0,0,0,0,0,0,0,0,3.111724138
0.6439502756769702,-0.6295941144187495,-0.5713634254864725,2.3744794179372364,-0.5982217543660914,-0.5838518512760904,0,0,0,0,1,0,0,0,0,0,0,0,0,0,0,0,0,0,1,0,0,0,0,0,0,0,0,0,0,0,0,0,0,0,1.445
0.6439502756769702,2.682540677371861,1.6808589714954798,0.016177807301752677,2.7331815006323277,2.444775231042344,0,1,0,0,0,0,0,0,0,0,0,0,0,0,0,0,0,0,0,1,0,0,0,0,0,0,0,0,0,0,0,0,0,0,1.5412
0.6439502756769702,2.274394821728387,3.4355912288600137,-0.038204314096493684,2.322661242039995,2.071565301602974,0,1,0,0,0,0,0,0,0,0,0,0,0,0,0,0,0,0,0,0,1,0,0,0,0,0,0,0,0,0,0,0,0,0,2.6244
0.6439502756769702,0.037622205441191575,0.10084366161622695,-0.038204314096493684,0.07287612047264491,0.02625297329241582,0,0,1,0,0,0,0,0,0,0,0,0,0,0,0,0,0,0,0,0,1,0,0,0,0,0,0,0,0,0,0,0,0,0,2.4765
0.6439502756769702,-0.5201124375349584,-0.5164551995110713,-0.038204314096493684,-0.48810316388269837,-0.48374144138283026,0,0,0,1,0,0,0,0,0,0,0,0,0,0,0,0,0,0,0,0,1,0,0,0,0,0,0,0,0,0,0,0,0,0,1.265833333
0.6439502756769702,-0.5535998522910578,-0.506679658989905,-0.013366325957871628,-0.5217853928806028,-0.5143624449417833,0,1,0,0,0,0,0,0,0,0,0,0,0,0,0,0,0,0,0,0,0,1,0,0,0,0,0,0,0,0,0,0,0,0,2.186666667
0.6439502756769702,-0.6052505918916384,-0.5484492553873229,-0.013366325957871628,-0.5737366125196472,-0.5615920532185426,0,0,1,0,0,0,0,0,0,0,0,0,0,0,0,0,0,0,0,0,0,1,0,0,0,0,0,0,0,0,0,0,0,0,2.408888889
0.6439502756769702,-0.5596867052635659,-0.5113704028523871,1.3195185533126048,-0.5279076563395716,-0.5199282835677719,0,0,0,0,1,0,0,0,0,0,0,0,0,0,0,0,0,0,0,0,0,0,1,0,0,0,0,0,0,0,0,0,0,0,2.16
0.6439502756769702,-0.6079420310334759,-0.5593554243160537,0.5356839381590369,-0.5764437092056577,-0.5640531141317592,0,1,0,0,0,0,0,0,0,0,0,0,0,0,0,0,0,0,0,0,0,0,0,1,0,0,0,0,0,0,0,0,0,0,1.65625
0.6439502756769702,-0.6291118334164549,-0.5711269938087512,0.5356839381590369,-0.5977366676766906,-0.583410851921699,0,0,1,0,0,0,0,0,0,0,0,0,0,0,0,0,0,0,0,0,0,0,0,1,0,0,0,0,0,0,0,0,0,0,1.4325
0.6439502756769702,-0.3825456709933515,-0.38178007847063006,-0.11520207732622187,-0.34973609772057496,-0.3579499319890823,0,1,0,0,0,0,0,0,0,0,0,0,0,0,0,0,0,0,0,0,0,0,0,0,1,0,0,0,0,0,0,0,0,0,1.97
0.6439502756769702,-0.609528891105542,-0.555890790884831,-0.11520207732622187,-0.5780398008933633,-0.5655041442655633,0,0,1,0,0,0,0,0,0,0,0,0,0,0,0,0,0,0,0,0,0,0,0,0,1,0,0,0,0,0,0,0,0,0,1.971666667
0.6439502756769702,-0.27484532232771297,-0.18836381021788381,0.252792325885468,-0.24140919839642008,-0.25946837454994537,1,0,0,0,0,0,0,0,0,0,0,0,0,0,0,0,0,0,0,0,0,0,0,0,0,1,0,0,0,0,0,0,0,0,1.566666667
0.6439502756769702,-0.6158257696758236,-0.555663452733176,0.252792325885468,-0.5843733117815871,-0.5712620309974965,0,0,0,1,0,0,0,0,0,0,0,0,0,0,0,0,0,0,0,0,0,0,0,0,0,1,0,0,0,0,0,0,0,0,1.905454545
0.6439502756769702,-0.6287112290355167,-0.5708344853869551,0.252792325885468,-0.5973337327653336,-0.5830445379418416,0,0,0,0,0,1,0,0,0,0,0,0,0,0,0,0,0,0,0,0,0,0,0,0,0,1,0,0,0,0,0,0,0,0,1.802222222
0.6439502756769702,-0.12417529210279613,0.1969319203824207,-1.1143428317656343,-0.08986263984243374,-0.12169519721309491,0,1,0,0,0,0,0,0,0,0,0,0,0,0,0,0,0,0,0,0,0,0,0,0,0,0,1,0,0,0,0,0,0,0,4.231428571
0.6439502756769702,-0.4744902104630599,-0.46716071029387174,1.4753442473191176,-0.44221552786116297,-0.44202432503596395,0,1,0,0,0,0,0,0,0,0,0,0,0,0,0,0,0,0,0,0,0,0,0,0,0,0,0,1,0,0,0,0,0,0,1.685
0.6439502756769702,1.520624619408256,3.121787284604506,-0.11807805490016765,1.5645059544115525,1.3823153187068322,0,1,0,0,0,0,0,0,0,0,0,0,0,0,0,0,0,0,0,0,0,0,0,0,0,0,0,0,0,1,0,0,0,0,4.022222222
0.6439502756769702,-0.6120997599968058,-0.5626730457425394,0.7902079534532325,-0.5806256259070235,-0.567854955340182,0,1,0,0,0,0,0,0,0,0,0,0,0,0,0,0,0,0,0,0,0,0,0,0,0,0,0,0,0,0,1,0,0,0,1.29375
0.6439502756769702,2.075360563571752,1.3652241973253103,-0.580195360531899,2.122469093832885,1.8895677132027573,0,1,0,0,0,0,0,0,0,0,0,0,0,0,0,0,0,0,0,0,0,0,0,0,0,0,0,0,0,0,0,1,0,0,1.702
0.6439502756769702,-0.5776050002439782,-0.499216905264909,-0.580195360531899,-0.5459301916465804,-0.5363128321619759,0,0,1,0,0,0,0,0,0,0,0,0,0,0,0,0,0,0,0,0,0,0,0,0,0,0,0,0,0,0,0,1,0,0,3.5572
0.6439502756769702,-0.40420164374154677,-0.4099851651526311,-0.580195360531899,-0.3715180548704394,-0.3777522255798199,0,0,0,1,0,0,0,0,0,0,0,0,0,0,0,0,0,0,0,0,0,0,0,0,0,0,0,0,0,0,0,1,0,0,1.840877193
0.6439502756769702,-0.5382602049277527,-0.5203775404209595,0.3874403668474718,-0.5063565065661156,-0.5003358203150109,0,1,0,0,0,0,0,0,0,0,0,0,0,0,0,0,0,0,0,0,0,0,0,0,0,0,0,0,0,0,0,0,1,0,1.412307692
0.6439502756769702,-0.6296057825075146,-0.5712921928656206,0.3874403668474718,-0.5982334903343833,-0.5838625206153095,0,0,0,1,0,0,0,0,0,0,0,0,0,0,0,0,0,0,0,0,0,0,0,0,0,0,0,0,0,0,0,0,1,0,2.4325
0.6439502756769702,-0.4598234228852143,-0.39353800767422836,0.6547755549710618,-0.4274634157181783,-0.4286129656374956,1,0,0,0,0,0,0,0,0,0,0,0,0,0,0,0,0,0,0,0,0,0,0,0,0,0,0,0,0,0,0,0,0,1,2.767777778
0.6439502756769702,-0.44750192114917214,-0.1889079061941782,0.6547755549710618,-0.4150702332018762,-0.417346143422076,0,0,1,0,0,0,0,0,0,0,0,0,0,0,0,0,0,0,0,0,0,0,0,0,0,0,0,0,0,0,0,0,0,1,3.530833333
0.6439502756769702,-0.4223571898601846,-0.19157382491925287,0.6547755549710618,-0.3897792215327179,-0.3943537174048133,0,0,0,1,0,0,0,0,0,0,0,0,0,0,0,0,0,0,0,0,0,0,0,0,0,0,0,0,0,0,0,0,0,1,2.987222222
0.7966188297390483,-0.24138902247498742,-0.07320945846622134,-0.982309315870854,-0.19026508507090095,-0.14995195423322724,0,1,0,0,0,0,1,0,0,0,0,0,0,0,0,0,0,0,0,0,0,0,0,0,0,0,0,0,0,0,0,0,0,0,3.446923077
0.7966188297390483,-0.443103051684695,-0.45780195638407295,1.2604302867933561,-0.40223752734237683,-0.37538837420171106,0,1,0,0,0,0,0,1,0,0,0,0,0,0,0,0,0,0,0,0,0,0,0,0,0,0,0,0,0,0,0,0,0,0,1.752941176
0.7966188297390483,-0.5210731101766258,-0.4302500879911607,0.6013085173463437,-0.48417284828825885,-0.4625280288901825,0,1,0,0,0,0,0,0,1,0,0,0,0,0,0,0,0,0,0,0,0,0,0,0,0,0,0,0,0,0,0,0,0,0,2.96962963
0.7966188297390483,0.4491790323670234,0.6791100776920338,-0.49417748582025006,0.5354226507451404,0.6218297142908497,1,0,0,0,0,0,0,0,0,1,0,0,0,0,0,0,0,0,0,0,0,0,0,0,0,0,0,0,0,0,0,0,0,0,2.717368421
0.7966188297390483,0.3492224052785502,0.8134487382680257,-0.49417748582025006,0.4303826074314692,0.5101177810592581,0,0,1,0,0,0,0,0,0,1,0,0,0,0,0,0,0,0,0,0,0,0,0,0,0,0,0,0,0,0,0,0,0,0,3.269705882
0.7966188297390483,0.0601260593063241,0.5497834655661966,-0.49417748582025006,0.12658391406550884,0.18702252825364712,0,0,0,1,0,0,0,0,0,1,0,0,0,0,0,0,0,0,0,0,0,0,0,0,0,0,0,0,0,0,0,0,0,0,3.988378378
0.7966188297390483,-0.14333429385524044,-0.21528670972455047,-0.21481548238743248,-0.08722366359304244,-0.04036559047051698,0,1,0,0,0,0,0,0,0,0,1,0,0,0,0,0,0,0,0,0,0,0,0,0,0,0,0,0,0,0,0,0,0,0,1.803333333
0.7966188297390483,0.5711961259475518,0.01628144713894335,-1.0895048436270123,0.6636450724897509,0.7581965146543317,0,1,0,0,0,0,0,0,0,0,0,0,1,0,0,0,0,0,0,0,0,0,0,0,0,0,0,0,0,0,0,0,0,0,1.409090909
0.7966188297390483,-0.31995026413102123,-0.3143364268129704,-1.0895048436270123,-0.2728216545219844,-0.23775231763186222,0,0,1,0,0,0,0,0,0,0,0,0,1,0,0,0,0,0,0,0,0,0,0,0,0,0,0,0,0,0,0,0,0,0,1.969375
0.7966188297390483,-0.6068841243187653,-0.554282752358791,-1.0895048436270123,-0.5743478862504973,-0.5584307675239804,0,0,0,1,0,0,0,0,0,0,0,0,1,0,0,0,0,0,0,0,0,0,0,0,0,0,0,0,0,0,0,0,0,0,1.847857143
0.7966188297390483,-0.5947882056321835,-0.5441904540129853,-1.4873048326050489,-0.5616368148611774,-0.5449123195726088,0,1,0,0,0,0,0,0,0,0,0,0,0,1,0,0,0,0,0,0,0,0,0,0,0,0,0,0,0,0,0,0,0,0,2.0
0.7966188297390483,0.4950268424883822,0.19195321486117548,-0.5479059759516904,0.5836021071880027,0.6730694134711611,0,1,0,0,0,0,0,0,0,0,0,0,0,0,1,0,0,0,0,0,0,0,0,0,0,0,0,0,0,0,0,0,0,0,1.985
0.7966188297390483,0.5272774398353713,-0.025920091746619182,-0.2099786110130692,0.6174928480112305,0.7091128123177117,0,1,0,0,0,0,0,0,0,0,0,0,0,0,0,1,0,0,0,0,0,0,0,0,0,0,0,0,0,0,0,0,0,0,1.048421053
0.7966188297390483,-0.21548197605334074,-0.22174917558226417,-0.3692031876069729,-0.16304050419493352,-0.12099813371744396,1,0,0,0,0,0,0,0,0,0,0,0,0,0,0,0,1,0,0,0,0,0,0,0,0,0,0,0,0,0,0,0,0,0,1.71625
0.7966188297390483,4.077643489307817,5.170013095755687,-0.2621383861041756,4.348417095726568,4.677016358275924,0,1,0,0,0,0,0,0,0,0,0,0,0,0,0,0,0,1,0,0,0,0,0,0,0,0,0,0,0,0,0,0,0,0,3.134642857
0.7966188297390483,-0.2298881763154304,-0.04518321113018894,-0.2621383861041756,-0.17817934934800114,-0.13709856175984922,0,0,1,0,0,0,0,0,0,0,0,0,0,0,0,0,0,1,0,0,0,0,0,0,0,0,0,0,0,0,0,0,0,0,3.191785714
0.7966188297390483,-0.5367277959365909,-0.45319456984386425,-0.2621383861041756,-0.5006236721924427,-0.48002376940602515,0,0,0,1,0,0,0,0,0,0,0,0,0,0,0,0,0,1,0,0,0,0,0,0,0,0,0,0,0,0,0,0,0,0,3.19
0.7966188297390483,-0.6295318846120018,-0.5713664566618278,2.1012615484123938,-0.5981474260254197,-0.5837419965982044,0,0,0,0,1,0,0,0,0,0,0,0,0,0,0,0,0,0,1,0,0,0,0,0,0,0,0,0,0,0,0,0,0,0,1.166666667
0.7966188297390483,3.769076992549408,3.262965792369959,-0.7161506640275145,4.024158072218165,4.332161185713217,0,1,0,0,0,0,0,0,0,0,0,0,0,0,0,0,0,0,0,1,0,0,0,0,0,0,0,0,0,0,0,0,0,0,2.093061224
0.7966188297390483,2.4836425469174865,1.695999692395705,-0.5718288803167842,2.67335128952679,2.89555441789061,0,1,0,0,0,0,0,0,0,0,0,0,0,0,0,0,0,0,0,0,1,0,0,0,0,0,0,0,0,0,0,0,0,0,1.76
0.7966188297390483,0.3028767567032099,0.41578278104233196,-0.5718288803167842,0.381679994352648,0.4583216955967038,0,0,1,0,0,0,0,0,0,0,0,0,0,0,0,0,0,0,0,0,1,0,0,0,0,0,0,0,0,0,0,0,0,0,1.730869565
0.7966188297390483,-0.49016434303763373,-0.49008397391908753,-0.5718288803167842,-0.45169217808538936,-0.4279842649449896,0,0,0,1,0,0,0,0,0,0,0,0,0,0,0,0,0,0,0,0,1,0,0,0,0,0,0,0,0,0,0,0,0,0,1.240454545
0.7966188297390483,-0.5535998522910578,-0.5057703063832848,-0.590261282040709,-0.5183537775579955,-0.498880048252665,0,1,0,0,0,0,0,0,0,0,0,0,0,0,0,0,0,0,0,0,0,1,0,0,0,0,0,0,0,0,0,0,0,0,2.234444444
0.7966188297390483,-0.6041226766443366,-0.5481309819750059,-0.590261282040709,-0.5714460017854114,-0.555344562364664,0,0,1,0,0,0,0,0,0,0,0,0,0,0,0,0,0,0,0,0,0,1,0,0,0,0,0,0,0,0,0,0,0,0,2.334444444
0.7966188297390483,-0.5596400329085052,-0.5096896161178176,2.6738425381343127,-0.5247011389302185,-0.5056305786926908,0,0,0,0,1,0,0,0,0,0,0,0,0,0,0,0,0,0,0,0,0,0,1,0,0,0,0,0,0,0,0,0,0,0,2.214545455
0.7966188297390483,-0.6081948396233884,-0.5586734098610886,0.7724291829961136,-0.5757252595811084,-0.5598956282826981,0,1,0,0,0,0,0,0,0,0,0,0,0,0,0,0,0,0,0,0,0,0,0,1,0,0,0,0,0,0,0,0,0,0,1.65875
0.7966188297390483,-0.6292401823928719,-0.5711982264296032,0.7724291829961136,-0.5978408889340374,-0.5834159890109526,0,0,1,0,0,0,0,0,0,0,0,0,0,0,0,0,0,0,0,0,0,0,0,1,0,0,0,0,0,0,0,0,0,0,2.23
0.7966188297390483,-0.3824289901056996,-0.381067752262111,-0.13820989791778773,-0.3384778123348566,-0.307578796053352,0,1,0,0,0,0,0,0,0,0,0,0,0,0,0,0,0,0,0,0,0,0,0,0,1,0,0,0,0,0,0,0,0,0,1.973636364
0.7966188297390483,-0.6094899974763246,-0.5558453232545,-0.13820989791778773,-0.5770862842668459,-0.5613431019700957,0,0,1,0,0,0,0,0,0,0,0,0,0,0,0,0,0,0,0,0,0,0,0,0,1,0,0,0,0,0,0,0,0,0,1.975
0.7966188297390483,-0.2827912907768083,-0.2956613554483484,0.12794875392555194,-0.2337729162410967,-0.1962232977838223,1,0,0,0,0,0,0,0,0,0,0,0,0,0,0,0,0,0,0,0,0,0,0,0,0,1,0,0,0,0,0,0,0,0,1.46875
0.7966188297390483,-0.6209791755471165,-0.5625017843349593,0.12794875392555194,-0.5891597585060904,-0.5741834541399837,0,0,0,1,0,0,0,0,0,0,0,0,0,0,0,0,0,0,0,0,0,0,0,0,0,1,0,0,0,0,0,0,0,0,2.085
0.7966188297390483,-0.6290923866018462,-0.5710133247329238,0.12794875392555194,-0.597685576807737,-0.5832508118334118,0,0,0,0,0,1,0,0,0,0,0,0,0,0,0,0,0,0,0,0,0,0,0,0,0,1,0,0,0,0,0,0,0,0,2.656363636
0.7966188297390483,-0.13973274378971803,0.12569929953051048,-1.3808936623690573,-0.08343895230477551,-0.03634048345991564,0,1,0,0,0,0,0,0,0,0,0,0,0,0,0,0,0,0,0,0,0,0,0,0,0,0,1,0,0,0,0,0,0,0,3.918571429
0.7966188297390483,-0.4746846786091464,-0.4670621970948213,1.5529956418156519,-0.4354252764360348,-0.4106841289814979,0,1,0,0,0,0,0,0,0,0,0,0,0,0,0,0,0,0,0,0,0,0,0,0,0,0,0,1,0,0,0,0,0,0,1.69
0.7966188297390483,1.399929909221116,1.5634085044121016,-0.9054422788944869,1.5345251234293278,1.6843927635721465,0,1,0,0,0,0,0,0,0,0,0,0,0,0,0,0,0,0,0,0,0,0,0,0,0,0,0,0,0,1,0,0,0,0,2.935555556
0.7966188297390483,-0.6122164408844577,-0.5624335828894628,0.7538660550188276,-0.5799513842809659,-0.564390186218942,0,1,0,0,0,0,0,0,0,0,0,0,0,0,0,0,0,0,0,0,0,0,0,0,0,0,0,0,0,0,1,0,0,0,1.30875
0.7966188297390483,1.8700022013043827,1.160635016712558,-1.075386408264006,2.0285035154500908,2.2097474702765583,0,1,0,0,0,0,0,0,0,0,0,0,0,0,0,0,0,0,0,0,0,0,0,0,0,0,0,0,0,0,0,1,0,0,1.693783784
0.7966188297390483,-0.5883590887225629,-0.5328341555439775,-1.075386408264006,-0.5548807373671114,-0.5377271123495807,0,0,1,0,0,0,0,0,0,0,0,0,0,0,0,0,0,0,0,0,0,0,0,0,0,0,0,0,0,0,0,1,0,0,2.444166667
0.7966188297390483,-0.38719734904774117,-0.40338781199160206,-1.075386408264006,-0.34348867198865274,-0.3129079334129602,0,0,0,1,0,0,0,0,0,0,0,0,0,0,0,0,0,0,0,0,0,0,0,0,0,0,0,0,0,0,0,1,0,0,1.784310345
0.7966188297390483,-0.5373928769962069,-0.497002631667789,-0.198213248210564,-0.5013225767607944,-0.4807670667049591,0,1,0,0,0,0,0,0,0,0,0,0,0,0,0,0,0,0,0,0,0,0,0,0,0,0,0,0,0,0,0,0,1,0,1.822307692
0.7966188297390483,-0.6296524548625754,-0.5713497851973731,-0.198213248210564,-0.5982741280231911,-0.5838767464009351,0,0,0,1,0,0,0,0,0,0,0,0,0,0,0,0,0,0,0,0,0,0,0,0,0,0,0,0,0,0,0,0,1,0,2.205
0.7966188297390483,-0.45315705483736823,-0.38641171441368194,0.058140934630687716,-0.4128028390920204,-0.3866247690423205,1,0,0,0,0,0,0,0,0,0,0,0,0,0,0,0,0,0,0,0,0,0,0,0,0,0,0,0,0,0,0,0,0,1,3.369166667
0.7966188297390483,-0.43107325216778264,-0.1497981661711241,0.058140934630687716,-0.3895959376937704,-0.3619438213034499,0,0,1,0,0,0,0,0,0,0,0,0,0,0,0,0,0,0,0,0,0,0,0,0,0,0,0,0,0,0,0,0,0,1,3.430833333
0.7966188297390483,-0.41475348534820156,-0.1932470337154339,0.058140934630687716,-0.3724462092212348,-0.3437047834886733,0,0,0,1,0,0,0,0,0,0,0,0,0,0,0,0,0,0,0,0,0,0,0,0,0,0,0,0,0,0,0,0,0,1,3.143333333
0.9492873838011264,-0.33802413362830275,-0.15285813769240084,-0.651441168613736,-0.2776989290368025,-0.2579517477379792,0,1,0,0,0,0,1,0,0,0,0,0,0,0,0,0,0,0,0,0,0,0,0,0,0,0,0,0,0,0,0,0,0,0,3.876923077
0.9492873838011264,-0.4399915613473106,-0.45745943356891267,1.5088101681795767,-0.3897852228586034,-0.37191095993769263,0,1,0,0,0,0,0,1,0,0,0,0,0,0,0,0,0,0,0,0,0,0,0,0,0,0,0,0,0,0,0,0,0,0,1.687
0.9492873838011264,-0.5192567776921777,-0.43934967640807276,0.9363599047110194,-0.4769164227704279,-0.46049808831356176,0,1,0,0,0,0,0,0,1,0,0,0,0,0,0,0,0,0,0,0,0,0,0,0,0,0,0,0,0,0,0,0,0,0,2.514074074
0.9492873838011264,0.4230580709846815,0.4783704897806401,-0.7386355796056355,0.5589102266229399,0.5926368215444151,1,0,0,0,0,0,0,0,0,1,0,0,0,0,0,0,0,0,0,0,0,0,0,0,0,0,0,0,0,0,0,0,0,0,2.795263158
0.9492873838011264,0.34247824997226956,1.103467049509706,-0.7386355796056355,0.47033396559383384,0.5025804856419982,0,0,1,0,0,0,0,0,0,1,0,0,0,0,0,0,0,0,0,0,0,0,0,0,0,0,0,0,0,0,0,0,0,0,3.842352941
0.9492873838011264,0.08691210174828187,0.5186351076141018,-0.7386355796056355,0.18940638880256427,0.21695871829901564,0,0,0,1,0,0,0,0,0,1,0,0,0,0,0,0,0,0,0,0,0,0,0,0,0,0,0,0,0,0,0,0,0,0,3.562972973
0.9492873838011264,-0.13834813058958198,-0.21125221532651248,-0.39613279579937355,-0.058207826373742784,-0.0347930341124274,0,1,0,0,0,0,0,0,0,0,1,0,0,0,0,0,0,0,0,0,0,0,0,0,0,0,0,0,0,0,0,0,0,0,1.733333333
0.9492873838011264,0.5276352612241705,0.02540983172173176,-1.1173495355929415,0.6738652660355569,0.7095127149580739,0,1,0,0,0,0,0,0,0,0,0,0,1,0,0,0,0,0,0,0,0,0,0,0,0,0,0,0,0,0,0,0,0,0,1.486818182
0.9492873838011264,-0.28631894294681787,-0.26561482973794154,-1.1173495355929415,-0.220862708642897,-0.20016581620565316,0,0,1,0,0,0,0,0,0,0,0,0,1,0,0,0,0,0,0,0,0,0,0,0,0,0,0,0,0,0,0,0,0,0,2.075714286
0.9492873838011264,-0.6063707284130968,-0.5519563252735212,-1.1173495355929415,-0.5726752360984477,-0.5578569941704172,0,0,0,1,0,0,0,0,0,0,0,0,1,0,0,0,0,0,0,0,0,0,0,0,0,0,0,0,0,0,0,0,0,0,2.067272727
0.9492873838011264,-0.607234166981721,-0.5443420127807553,-1.3232433846367821,-0.5736243590808042,-0.5588219766286824,0,1,0,0,0,0,0,0,0,0,0,0,0,1,0,0,0,0,0,0,0,0,0,0,0,0,0,0,0,0,0,0,0,0,2.93
0.9492873838011264,0.46238341948629835,0.5023637583063123,-0.28213950286843437,0.6021380756076531,0.6365869910737779,0,1,0,0,0,0,0,0,0,0,0,0,0,0,1,0,0,0,0,0,0,0,0,0,0,0,0,0,0,0,0,0,0,0,2.868333333
0.9492873838011264,0.5131279375261159,0.22210431612134357,0.17461802637548893,0.6579182898004684,0.6932992709520881,0,1,0,0,0,0,0,0,0,0,0,0,0,0,0,1,0,0,0,0,0,0,0,0,0,0,0,0,0,0,0,0,0,0,1.5905
0.9492873838011264,-0.16796562923855954,-0.3969950631670625,-0.4620188274934027,-0.0907644548000698,-0.06789367113805274,1,0,0,0,0,0,0,0,0,0,0,0,0,0,0,0,1,0,0,0,0,0,0,0,0,0,0,0,0,0,0,0,0,0,1.133333333
0.9492873838011264,3.615785531715245,3.949022319671483,-0.5413696632836319,4.068472018505727,4.16084202522852,0,1,0,0,0,0,0,0,0,0,0,0,0,0,0,0,0,1,0,0,0,0,0,0,0,0,0,0,0,0,0,0,0,0,2.7225
0.9492873838011264,-0.22549319621387498,-0.1799644233080692,-0.5413696632836319,-0.15400084233175748,-0.13218671411192318,0,0,1,0,0,0,0,0,0,0,0,0,0,0,0,0,0,1,0,0,0,0,0,0,0,0,0,0,0,0,0,0,0,0,2.544285714
0.9492873838011264,-0.5335151821632416,-0.4661589068389119,-0.5413696632836319,-0.49258977796555786,-0.4764333391784261,0,0,0,1,0,0,0,0,0,0,0,0,0,0,0,0,0,1,0,0,0,0,0,0,0,0,0,0,0,0,0,0,0,0,2.877407407
0.9492873838011264,-0.6295629995153756,-0.5713588787234394,1.5214906147556104,-0.5981690214308427,-0.5837767707408446,0,0,0,0,1,0,0,0,0,0,0,0,0,0,0,0,0,0,1,0,0,0,0,0,0,0,0,0,0,0,0,0,0,0,1.73
0.9492873838011264,3.6485067419757633,4.18444310041169,-0.5730054165970347,4.104440358461804,4.197411382982504,0,1,0,0,0,0,0,0,0,0,0,0,0,0,0,0,0,0,0,1,0,0,0,0,0,0,0,0,0,0,0,0,0,0,2.075416667
0.9492873838011264,2.439303809609759,1.1863075563851222,-0.7364132332984956,2.7752406502877984,2.8460012646283475,0,1,0,0,0,0,0,0,0,0,0,0,0,0,0,0,0,0,0,0,1,0,0,0,0,0,0,0,0,0,0,0,0,0,1.200833333
0.9492873838011264,0.3374531930773938,0.1270936401939947,-0.7364132332984956,0.4648102408496691,0.4969644616056084,0,0,1,0,0,0,0,0,0,0,0,0,0,0,0,0,0,0,0,0,1,0,0,0,0,0,0,0,0,0,0,0,0,0,1.55962963
0.9492873838011264,-0.516612010905401,-0.5121357746296257,-0.7364132332984956,-0.4740091992208675,-0.4575422861891461,0,0,0,1,0,0,0,0,0,0,0,0,0,0,0,0,0,0,0,0,1,0,0,0,0,0,0,0,0,0,0,0,0,0,1.352608696
0.9492873838011264,-0.5530942351112328,-0.5042092510752536,-0.1437004005589569,-0.5141117828898034,-0.49831496843476203,0,1,0,0,0,0,0,0,0,0,0,0,0,0,0,0,0,0,0,0,0,1,0,0,0,0,0,0,0,0,0,0,0,0,2.287777778
0.9492873838011264,-0.6025669314756444,-0.5454332359086994,-0.1437004005589569,-0.56849396458158,-0.5536058552326548,0,0,1,0,0,0,0,0,0,0,0,0,0,0,0,0,0,0,0,0,0,1,0,0,0,0,0,0,0,0,0,0,0,0,2.462222222
0.9492873838011264,-0.5595661350129922,-0.5089651652078768,3.1789687811218688,-0.5212259299287276,-0.5055479901039203,0,1,0,0,0,0,0,0,0,0,0,0,0,0,0,0,0,0,0,0,0,0,1,0,0,0,0,0,0,0,0,0,0,0,2.24
0.9492873838011264,-0.6077320054357025,-0.5565152130080434,1.1396392286876367,-0.5741716011607215,-0.5593783629109254,0,1,0,0,0,0,0,0,0,0,0,0,0,0,0,0,0,0,0,0,0,0,0,1,0,0,0,0,0,0,0,0,0,0,1.94625
0.9492873838011264,-0.628995152528803,-0.5708238762732112,1.1396392286876367,-0.5975448234334371,-0.5831421426376612,0,0,1,0,0,0,0,0,0,0,0,0,0,0,0,0,0,0,0,0,0,0,0,1,0,0,0,0,0,0,0,0,0,0,2.57
0.9492873838011264,-0.3822734155888304,-0.38062823183557787,-0.1708914612580799,-0.3263393442181974,-0.307404925340151,0,1,0,0,0,0,0,0,0,0,0,0,0,0,0,0,0,0,0,0,0,0,0,0,1,0,0,0,0,0,0,0,0,0,1.978181818
0.9492873838011264,-0.6092955293302381,-0.5556482968563989,-0.1708914612580799,-0.5758902833179617,-0.5611257635785947,0,0,1,0,0,0,0,0,0,0,0,0,0,0,0,0,0,0,0,0,0,0,0,0,1,0,0,0,0,0,0,0,0,0,1.981666667
0.9492873838011264,-0.4242668670547543,-0.4138514293184443,-0.29926464205874764,-0.3725000687249672,-0.3543369776009096,1,0,0,0,0,0,0,0,0,0,0,0,0,0,0,0,0,0,0,0,0,0,0,0,0,1,0,0,0,0,0,0,0,0,1.629130435
0.9492873838011264,-0.6201118476155706,-0.5615878849653061,-0.29926464205874764,-0.5877799725699138,-0.5732141249138886,0,0,0,1,0,0,0,0,0,0,0,0,0,0,0,0,0,0,0,0,0,0,0,0,0,1,0,0,0,0,0,0,0,0,1.936111111
0.9492873838011264,-0.6288006843827164,-0.5707768930552025,-0.29926464205874764,-0.5973310569959694,-0.58292480424616,0,0,0,0,0,1,0,0,0,0,0,0,0,0,0,0,0,0,0,0,0,0,0,0,0,1,0,0,0,0,0,0,0,0,2.528
0.9492873838011264,-0.18251573592875323,0.07113814313330269,-1.2110802592528993,-0.10675845965140124,-0.08415492959016883,0,1,0,0,0,0,0,0,0,0,0,0,0,0,0,0,0,0,0,0,0,0,0,0,0,0,1,0,0,0,0,0,0,0,3.759230769
0.9492873838011264,-0.47828233931174713,-0.4679412379478874,1.9740649038919762,-0.4318758343959887,-0.41470488922426924,0,1,0,0,0,0,0,0,0,0,0,0,0,0,0,0,0,0,0,0,0,0,0,0,0,0,0,1,0,0,0,0,0,0,1.72
0.9492873838011264,1.1371762183177703,1.1885203143945644,-0.9034813850940694,1.3438947876342386,1.3907381692792815,0,1,0,0,0,0,0,0,0,0,0,0,0,0,0,0,0,0,0,0,0,0,0,0,0,0,0,0,0,1,0,0,0,0,2.983333333
0.9492873838011264,-0.1689574167836008,0.3224437983234864,-0.9034813850940694,-0.09185466363115487,-0.06900209693470863,0,0,1,0,0,0,0,0,0,0,0,0,0,0,0,0,0,0,0,0,0,0,0,0,0,0,0,0,0,1,0,0,0,0,4.658888889
0.9492873838011264,-0.6012678842597864,-0.5561620810791393,1.1704906244808724,-0.5670660047792959,-0.5521540347774271,0,1,0,0,0,0,0,0,0,0,0,0,0,0,0,0,0,0,0,0,0,0,0,0,0,0,0,0,0,0,1,0,0,0,1.385
0.9492873838011264,-0.6243006914822743,-0.5683246721926836,1.1704906244808724,-0.5923845016329674,-0.5778955938668234,0,0,1,0,0,0,0,0,0,0,0,0,0,0,0,0,0,0,0,0,0,0,0,0,0,0,0,0,0,0,1,0,0,0,1.4625
0.9492873838011264,1.7234121127843611,1.1239502169738245,-1.1011394801761563,1.988306539366794,2.045917790762991,0,1,0,0,0,0,0,0,0,0,0,0,0,0,0,0,0,0,0,0,0,0,0,0,0,0,0,0,0,0,0,1,0,0,1.640133333
0.9492873838011264,-0.58848743769898,-0.5360957002263884,-1.1011394801761563,-0.5530172745089204,-0.5378705556879715,0,0,1,0,0,0,0,0,0,0,0,0,0,0,0,0,0,0,0,0,0,0,0,0,0,0,0,0,0,0,0,1,0,0,2.162391304
0.9492873838011264,-0.28930208430778515,-0.3261443704099328,-1.1011394801761563,-0.22414188579365116,-0.2034997871312808,0,0,0,1,0,0,0,0,0,0,0,0,0,0,0,0,0,0,0,0,0,0,0,0,0,0,0,0,0,0,0,1,0,0,1.851754386
0.9492873838011264,-0.5437480960103145,-0.5136740961224914,-0.2502422970483094,-0.5038381679051069,-0.48786968533921665,0,1,0,0,0,0,0,0,0,0,0,0,0,0,0,0,0,0,0,0,0,0,0,0,0,0,0,0,0,0,0,0,1,0,1.593076923
0.9492873838011264,-0.6296252293221233,-0.5713603943111171,-0.2502422970483094,-0.5982374266908324,-0.5838463190261249,0,0,0,1,0,0,0,0,0,0,0,0,0,0,0,0,0,0,0,0,0,0,0,0,0,0,0,0,0,0,0,0,1,0,1.32
0.9492873838011264,-0.45230139499458755,-0.3853871771435566,0.3633867362290166,-0.4033166383503073,-0.3856684801197155,1,0,0,0,0,0,0,0,0,0,0,0,0,0,0,0,0,0,0,0,0,0,0,0,0,0,0,0,0,0,0,0,0,1,2.642307692
0.9492873838011264,-0.42703998281794814,-0.1401772155930831,0.3633867362290166,-0.3755483781232562,-0.357436223063716,0,0,1,0,0,0,0,0,0,0,0,0,0,0,0,0,0,0,0,0,0,0,0,0,0,0,0,0,0,0,0,0,0,1,3.6
0.9492873838011264,-0.4145084554841325,-0.1848718962084625,0.3633867362290166,-0.36177326889283923,-0.3434309371153818,0,0,0,1,0,0,0,0,0,0,0,0,0,0,0,0,0,0,0,0,0,0,0,0,0,0,0,0,0,0,0,0,0,1,3.279444444
1.1019559378632044,-0.2972480527568805,-0.03379508531994951,-0.7177193790678486,-0.2436637876381104,-0.1898558097937877,0,1,0,0,0,0,1,0,0,0,0,0,0,0,0,0,0,0,0,0,0,0,0,0,0,0,0,0,0,0,0,0,0,0,3.907692308
1.1019559378632044,-0.4341575169647149,-0.4571199419291078,1.9539330608743561,-0.3897184301537421,-0.3521397523229516,0,1,0,0,0,0,0,1,0,0,0,0,0,0,0,0,0,0,0,0,0,0,0,0,0,0,0,0,0,0,0,0,0,0,1.584
1.1019559378632044,-0.5079270635011768,-0.43322063983945314,1.121337553217073,-0.4684155809333786,-0.43958157323572833,0,1,0,0,0,0,0,0,1,0,0,0,0,0,0,0,0,0,0,0,0,0,0,0,0,0,0,0,0,0,0,0,0,0,2.545925926
1.1019559378632044,0.30929420552406517,0.3747103549766561,-0.30514732346000023,0.4033938370222755,0.5291015650955786,1,0,0,0,0,0,0,0,0,1,0,0,0,0,0,0,0,0,0,0,0,0,0,0,0,0,0,0,0,0,0,0,0,0,2.579459459
1.1019559378632044,0.12698809729379268,1.080348275074067,-0.30514732346000023,0.20891017864225211,0.31300727123547517,0,0,0,1,0,0,0,0,0,1,0,0,0,0,0,0,0,0,0,0,0,0,0,0,0,0,0,0,0,0,0,0,0,0,4.561666667
1.1019559378632044,-0.1609414398019143,-0.10266338939464735,-0.1831797290740296,-0.09825226519264499,-0.02828644955183212,0,1,0,0,0,0,0,0,0,0,1,0,0,0,0,0,0,0,0,0,0,0,0,0,0,0,0,0,0,0,0,0,0,0,2.348518519
1.1019559378632044,0.6201670944950602,0.24555348867072133,-0.9523730038511464,0.735032185979178,0.8975909046715435,0,1,0,0,0,0,0,0,0,0,0,0,1,0,0,0,0,0,0,0,0,0,0,0,0,0,0,0,0,0,0,0,0,0,1.789545455
1.1019559378632044,-0.17407970775151985,-0.15086362430854736,-0.9523730038511464,-0.11226813356052669,-0.04385973320466908,0,0,1,0,0,0,0,0,0,0,0,0,1,0,0,0,0,0,0,0,0,0,0,0,0,0,0,0,0,0,0,0,0,0,2.16
1.1019559378632044,-0.5857998879200643,-0.5350075082737996,-0.9523730038511464,-0.5514900973518888,-0.5318871639098262,0,0,0,1,0,0,0,0,0,0,0,0,1,0,0,0,0,0,0,0,0,0,0,0,0,0,0,0,0,0,0,0,0,0,2.081428571
1.1019559378632044,-0.6052894855208557,-0.541917072496435,-1.1560445065878473,-0.5722815468461029,-0.5549889177240257,0,1,0,0,0,0,0,0,0,0,0,0,0,1,0,0,0,0,0,0,0,0,0,0,0,0,0,0,0,0,0,0,0,0,3.132222222
1.1019559378632044,0.39153478450405604,0.16122619028348129,-0.08513503905315307,0.49112786207818393,0.6265844196957084,0,1,0,0,0,0,0,0,0,0,0,0,0,0,1,0,0,0,0,0,0,0,0,0,0,0,0,0,0,0,0,0,0,0,2.094166667
1.1019559378632044,0.5182463391311132,0.24864377194555207,-0.700986418637619,0.6263034025036481,0.7767803960502901,0,1,0,0,0,0,0,0,0,0,0,0,0,0,0,1,0,0,0,0,0,0,0,0,0,0,0,0,0,0,0,0,0,0,1.6325
1.1019559378632044,-0.14489392838685436,-0.1611438555263879,-0.18657861166142017,-0.08113282384099316,-0.00926473008717677,1,0,0,0,0,0,0,0,0,0,0,0,0,0,0,0,1,0,0,0,0,0,0,0,0,0,0,0,0,0,0,0,0,0,2.102608696
1.1019559378632044,4.28107661692893,3.95859325585616,-0.3814914554229226,4.640480467880287,5.237004793847586,0,1,0,0,0,0,0,0,0,0,0,0,0,0,0,0,0,1,0,0,0,0,0,0,0,0,0,0,0,0,0,0,0,0,2.6025
1.1019559378632044,-0.29032887611912195,-0.1737580917678868,-0.3814914554229226,-0.2362824288972988,-0.18165424921995788,0,0,1,0,0,0,0,0,0,0,0,0,0,0,0,0,0,1,0,0,0,0,0,0,0,0,0,0,0,0,0,0,0,0,2.6956
1.1019559378632044,-0.5509084131492202,-0.47615723874870025,-0.3814914554229226,-0.5142679673553623,-0.4905289852095299,0,0,0,1,0,0,0,0,0,0,0,0,0,0,0,0,0,1,0,0,0,0,0,0,0,0,0,0,0,0,0,0,0,0,3.482222222
1.1019559378632044,-0.6295396633378453,-0.5713679722495055,1.9416447930584066,-0.598151570313759,-0.5837335665030189,0,0,0,0,1,0,0,0,0,0,0,0,0,0,0,0,0,0,1,0,0,0,0,0,0,0,0,0,0,0,0,0,0,0,1.775
1.1019559378632044,4.286362261139561,5.945555981899343,-0.5106489937437573,4.646119177335311,5.243270066933497,0,1,0,0,0,0,0,0,0,0,0,0,0,0,0,0,0,0,0,1,0,0,0,0,0,0,0,0,0,0,0,0,0,0,2.479130435
1.1019559378632044,1.930691820335065,2.6663728900954013,-0.3763931315418372,2.1330963844475344,2.451005203104665,0,1,0,0,0,0,0,0,0,0,0,0,0,0,0,0,0,0,0,0,1,0,0,0,0,0,0,0,0,0,0,0,0,0,2.413448276
1.1019559378632044,0.711629352962474,1.0724854062021583,-0.3763931315418372,0.8326038735277589,1.0060045631618084,0,0,1,0,0,0,0,0,0,0,0,0,0,0,0,0,0,0,0,0,1,0,0,0,0,0,0,0,0,0,0,0,0,0,2.637857143
1.1019559378632044,-0.43454645325688795,-0.40834833046071484,-0.3763931315418372,-0.3901333463280429,-0.35260077315340854,0,0,0,1,0,0,0,0,0,0,0,0,0,0,0,0,0,0,0,0,1,0,0,0,0,0,0,0,0,0,0,0,0,0,1.8748
1.1019559378632044,-0.5530164478527981,-0.5081194672837201,0.7853710820788692,-0.5165168130200727,-0.49302771811060675,0,1,0,0,0,0,0,0,0,0,0,0,0,0,0,0,0,0,0,0,0,1,0,0,0,0,0,0,0,0,0,0,0,0,2.102222222
1.1019559378632044,-0.6023335697003406,-0.5457060416906855,0.7853710820788692,-0.5691281839214166,-0.5514851594125526,0,0,1,0,0,0,0,0,0,0,0,0,0,0,0,0,0,0,0,0,0,1,0,0,0,0,0,0,0,0,0,0,0,0,2.412222222
1.1019559378632044,-0.5592861008826276,-0.508508973316889,3.134914033739154,-0.5232052617498019,-0.5004593738975733,0,1,0,0,0,0,0,0,0,0,0,0,0,0,0,0,0,0,0,0,0,0,1,0,0,0,0,0,0,0,0,0,0,0,2.245454545
1.1019559378632044,-0.608474873753753,-0.5586749254487663,1.5527341893089297,-0.5756797103136266,-0.5587646783254685,0,1,0,0,0,0,0,0,0,0,0,0,0,0,0,0,0,0,0,0,0,0,0,1,0,0,0,0,0,0,0,0,0,0,1.665
1.1019559378632044,-0.628633441777082,-0.5707617371784255,1.5527341893089297,-0.5971848156276381,-0.582659387968054,0,0,1,0,0,0,0,0,0,0,0,0,0,0,0,0,0,0,0,0,0,0,0,1,0,0,0,0,0,0,0,0,0,0,1.73
1.1019559378632044,-0.3821956283303958,-0.38044636131425386,0.6807900793899342,-0.3342856292671525,-0.29054736937389813,0,1,0,0,0,0,0,0,0,0,0,0,0,0,0,0,0,0,0,0,0,0,0,0,1,0,0,0,0,0,0,0,0,0,1.98
1.1019559378632044,-0.6091788484425862,-0.5555573615957369,0.6807900793899342,-0.576430708589111,-0.5595991260285956,0,0,1,0,0,0,0,0,0,0,0,0,0,0,0,0,0,0,0,0,0,0,0,0,1,0,0,0,0,0,0,0,0,0,1.978333333
1.1019559378632044,-0.36353835439485466,-0.27534338704109923,0.02807389635761891,-0.31438210038594216,-0.26843220013687646,1,0,0,0,0,0,0,0,0,0,0,0,0,0,0,0,0,0,0,0,0,0,0,0,0,1,0,0,0,0,0,0,0,0,1.746521739
1.1019559378632044,-0.6197229113233975,-0.5600404699463741,0.02807389635761891,-0.5876790860744063,-0.5720974007422845,0,0,0,1,0,0,0,0,0,0,0,0,0,0,0,0,0,0,0,0,0,0,0,0,0,1,0,0,0,0,0,0,0,0,1.770769231
1.1019559378632044,-0.624565168160952,-0.5688399720031017,0.02807389635761891,-0.5928447924444515,-0.577837110081474,0,0,0,0,0,1,0,0,0,0,0,0,0,0,0,0,0,0,0,0,0,0,0,0,0,1,0,0,0,0,0,0,0,0,1.541818182
1.1019559378632044,-0.17862637300702278,0.10296548436500724,-1.0498947888585783,-0.11711850363810328,-0.04924906671271127,0,1,0,0,0,0,0,0,0,0,0,0,0,0,0,0,0,0,0,0,0,0,0,0,0,0,1,0,0,0,0,0,0,0,3.600769231
1.1019559378632044,-0.4800597781669779,-0.46842319482939604,2.003478310898239,-0.43868683704472483,-0.40654943073348515,0,1,0,0,0,0,0,0,0,0,0,0,0,0,0,0,0,0,0,0,0,0,0,0,0,0,0,1,0,0,0,0,0,0,1.73
1.1019559378632044,0.028069930105421536,0.5958664244943495,-0.6884366983149468,0.10338454803232454,0.1957558434253498,0,1,0,0,0,0,0,0,0,0,0,0,0,0,0,0,0,0,0,0,0,0,0,0,0,0,0,0,1,0,0,0,0,0,4.682222222
1.1019559378632044,-0.06238887272818582,-0.2938820555147283,-0.6884366983149468,0.0068833442134398105,0.08853161867766378,0,0,1,0,0,0,0,0,0,0,0,0,0,0,0,0,0,0,0,0,0,0,0,0,0,0,0,0,1,0,0,0,0,0,1.654827586
1.1019559378632044,1.8454253170019679,2.0910982440953747,-0.6489573697998738,2.0421343115555657,2.3499356064435797,0,1,0,0,0,0,0,0,0,0,0,0,0,0,0,0,0,0,0,0,0,0,0,0,0,0,0,0,0,1,0,0,0,0,3.304333333
1.1019559378632044,-0.5823578017343328,-0.546300152060344,1.3546839154667591,-0.5478180892093265,-0.5278071295602819,0,1,0,0,0,0,0,0,0,0,0,0,0,0,0,0,0,0,0,0,0,0,0,0,0,0,0,0,0,0,1,0,0,0,1.38375
1.1019559378632044,-0.6200690646234316,-0.5655799429083684,1.3546839154667591,-0.5880483614695341,-0.5725077092813913,0,0,1,0,0,0,0,0,0,0,0,0,0,0,0,0,0,0,0,0,0,0,0,0,0,0,0,0,0,0,1,0,0,0,1.56
1.1019559378632044,2.1986728150052164,1.4966680854368948,-0.6192825102868886,2.418977779056265,2.7686531654978337,0,1,0,0,0,0,0,0,0,0,0,0,0,0,0,0,0,0,0,0,0,0,0,0,0,0,0,0,0,0,0,1,0,0,1.737808219
1.1019559378632044,-0.5818755207320383,-0.5191514299897,-0.6192825102868886,-0.5473035931531935,-0.5272354637305151,0,0,1,0,0,0,0,0,0,0,0,0,0,0,0,0,0,0,0,0,0,0,0,0,0,0,0,0,0,0,0,1,0,0,2.64037037
1.1019559378632044,-0.36948130093925885,-0.3811768745749054,-0.6192825102868886,-0.3207220195292587,-0.2754765984262592,0,0,0,1,0,0,0,0,0,0,0,0,0,0,0,0,0,0,0,0,0,0,0,0,0,0,0,0,0,0,0,1,0,0,1.884827586
1.1019559378632044,-0.5454244114295803,-0.5159262594115539,0.18546830540446615,-0.5084176492977207,-0.48402859150008637,0,1,0,0,0,0,0,0,0,0,0,0,0,0,0,0,0,0,0,0,0,0,0,0,0,0,0,0,0,0,0,0,1,0,1.57
1.1019559378632044,-0.629442429264802,-0.571269459050455,0.18546830540446615,-0.5980478412701838,-0.5836183112954046,0,0,0,1,0,0,0,0,0,0,0,0,0,0,0,0,0,0,0,0,0,0,0,0,0,0,0,0,0,0,0,0,1,0,1.705
1.1019559378632044,-0.4492054621088901,-0.3820286348497729,0.46639902387761756,-0.4057715369374408,-0.36997664825333243,1,0,0,0,0,0,0,0,0,0,0,0,0,0,0,0,0,0,0,0,0,0,0,0,0,0,0,0,0,0,0,0,0,1,2.783333333
1.1019559378632044,-0.41116749273436604,-0.08982029941381572,0.46639902387761756,-0.3651927350908206,-0.3248888110346391,0,0,1,0,0,0,0,0,0,0,0,0,0,0,0,0,0,0,0,0,0,0,0,0,0,0,0,0,0,0,0,0,0,1,3.726666667
1.1019559378632044,-0.3932686445685624,-0.10090227651315971,0.46639902387761756,-0.3460982927494969,-0.30367263241700854,0,0,0,1,0,0,0,0,0,0,0,0,0,0,0,0,0,0,0,0,0,0,0,0,0,0,0,0,0,0,0,0,0,1,3.493333333
1.2546244919252827,-0.21255717513619943,0.18905238004605726,-0.7462177023005833,-0.1411461858498559,-0.04707726344054708,0,1,0,0,0,0,1,0,0,0,0,0,0,0,0,0,0,0,0,0,0,0,0,0,0,0,0,0,0,0,0,0,0,0,4.422307692
1.2546244919252827,-0.43222450359261483,-0.45444341409028927,1.7079062520486368,-0.38189378309464694,-0.3297755001172459,0,1,0,0,0,0,0,1,0,0,0,0,0,0,0,0,0,0,0,0,0,0,0,0,0,0,0,0,0,0,0,0,0,0,1.628
1.2546244919252827,-0.5071336334651437,-0.4217567346453287,0.862190581760464,-0.46399153133619997,-0.42617890737292,0,1,0,0,0,0,0,0,1,0,0,0,0,0,0,0,0,0,0,0,0,0,0,0,0,0,0,0,0,0,0,0,0,0,2.989259259
1.2546244919252827,0.2384766854451967,0.24069754575136984,-0.427507096606054,0.35317092072231127,0.5333753599141523,1,0,0,0,0,0,0,0,0,1,0,0,0,0,0,0,0,0,0,0,0,0,0,0,0,0,0,0,0,0,0,0,0,0,2.639189189
1.2546244919252827,0.09409186570179633,0.8521810969593323,-0.427507096606054,0.1949302816791559,0.34756104591870096,0,0,0,1,0,0,0,0,0,1,0,0,0,0,0,0,0,0,0,0,0,0,0,0,0,0,0,0,0,0,0,0,0,0,4.354705882
1.2546244919252827,-0.16455854731912364,-0.10628109718131777,-0.41116631493590794,-0.0885413929604994,0.014693995590723688,0,1,0,0,0,0,0,0,0,0,1,0,0,0,0,0,0,0,0,0,0,0,0,0,0,0,0,0,0,0,0,0,0,0,2.26037037
1.2546244919252827,0.5478677271430125,0.14017316185254755,-0.8160255215954475,0.6922525238956792,0.9315424544299552,0,1,0,0,0,0,0,0,0,0,0,0,1,0,0,0,0,0,0,0,0,0,0,0,0,0,0,0,0,0,0,0,0,0,1.676363636
1.2546244919252827,-0.2698008186182285,-0.2147895969662648,-0.8160255215954475,-0.20388318785500537,-0.12074628462377714,0,0,1,0,0,0,0,0,0,0,0,0,1,0,0,0,0,0,0,0,0,0,0,0,0,0,0,0,0,0,0,0,0,0,2.460952381
1.2546244919252827,-0.6117613854226153,-0.5565455247615975,-0.8160255215954475,-0.5786598348380702,-0.5608283392828313,0,0,0,1,0,0,0,0,0,0,0,0,1,0,0,0,0,0,0,0,0,0,0,0,0,0,0,0,0,0,0,0,0,0,2.028888889
1.2546244919252827,-0.6041226766443366,-0.5402499260509647,-1.3359238312128154,-0.5702880810713822,-0.5509977945346409,0,1,0,0,0,0,0,0,0,0,0,0,0,1,0,0,0,0,0,0,0,0,0,0,0,0,0,0,0,0,0,0,0,0,2.711
1.2546244919252827,0.46238341948629835,0.5062845836285227,-0.33573726674651355,0.5985647560555393,0.8215294488187161,0,1,0,0,0,0,0,0,0,0,0,0,0,0,1,0,0,0,0,0,0,0,0,0,0,0,0,0,0,0,0,0,0,0,2.886666667
1.2546244919252827,0.5468020417024583,0.25629597413026045,-0.20906352723954125,0.6910845704679436,0.9301709833194644,0,1,0,0,0,0,0,0,0,0,0,0,0,0,0,1,0,0,0,0,0,0,0,0,0,0,0,0,0,0,0,0,0,0,1.534
1.2546244919252827,0.47698408789447455,0.30173935505842375,-0.3573070985511064,0.6145665705362656,0.8403196041062448,0,1,0,0,0,0,0,0,0,0,0,0,0,0,0,0,1,0,0,0,0,0,0,0,0,0,0,0,0,0,0,0,0,0,2.102916667
1.2546244919252827,-0.5903815574418628,-0.5402817533921964,-0.3573070985511064,-0.5552283020195957,-0.5333138257997346,0,0,1,0,0,0,0,0,0,0,0,0,0,0,0,0,1,0,0,0,0,0,0,0,0,0,0,0,0,0,0,0,0,0,1.887777778
1.2546244919252827,3.9726229116952507,7.234502678276268,-0.4278992753661375,4.445662682175444,5.338990109598196,0,1,0,0,0,0,0,0,0,0,0,0,0,0,0,0,0,1,0,0,0,0,0,0,0,0,0,0,0,0,0,0,0,0,4.282857143
1.2546244919252827,-0.24024943913892038,-0.007767898130803687,-0.4278992753661375,-0.1714959245559752,-0.08271549083724487,0,0,1,0,0,0,0,0,0,0,0,0,0,0,0,0,0,1,0,0,0,0,0,0,0,0,0,0,0,0,0,0,0,0,3.7392
1.2546244919252827,-0.5383224347345005,-0.43769313907634644,-0.4278992753661375,-0.4981733508143419,-0.4663169615153525,0,0,0,1,0,0,0,0,0,0,0,0,0,0,0,0,0,1,0,0,0,0,0,0,0,0,0,0,0,0,0,0,0,0,3.739230769
1.2546244919252827,-0.6295176495437083,-0.5712285381831571,1.602410165586174,-0.5981200702460189,-0.5836795506681178,0,0,0,0,1,0,0,0,0,0,0,0,0,0,0,0,0,0,1,0,0,0,0,0,0,0,0,0,0,0,0,0,0,0,1.1775
1.2546244919252827,4.490631601788846,6.520797284970459,-0.8353730070929004,5.013381824254433,6.005635187415133,0,1,0,0,0,0,0,0,0,0,0,0,0,0,0,0,0,0,0,1,0,0,0,0,0,0,0,0,0,0,0,0,0,0,2.5508
1.2546244919252827,-0.4911755773972836,-0.36986755932390636,-0.8353730070929004,-0.4465020681464237,-0.40564187829867127,0,0,0,1,0,0,0,0,0,0,0,0,0,0,0,0,0,0,0,1,0,0,0,0,0,0,0,0,0,0,0,0,0,0,3.540357143
1.2546244919252827,2.0724785456467494,2.7106325970472804,-0.4046300022678495,2.3631718812138307,2.893622082009809,0,1,0,0,0,0,0,0,0,0,0,0,0,0,0,0,0,0,0,0,1,0,0,0,0,0,0,0,0,0,0,0,0,0,2.253461538
1.2546244919252827,0.6682396202076488,0.8000327561450233,-0.4046300022678495,0.8241758473810282,1.0864536201182138,0,0,1,0,0,0,0,0,0,0,0,0,0,0,0,0,0,0,0,0,1,0,0,0,0,0,0,0,0,0,0,0,0,0,1.973793103
1.2546244919252827,-0.4936569909413477,-0.4882561751797811,-0.4046300022678495,-0.44922160933947203,-0.40883530373112814,0,0,0,1,0,0,0,0,0,0,0,0,0,0,0,0,0,0,0,0,1,0,0,0,0,0,0,0,0,0,0,0,0,0,1.334444444
1.2546244919252827,-0.552744192448277,-0.5019964930658113,0.44574427584655296,-0.5139790855225288,-0.48487686982812717,0,1,0,0,0,0,0,0,0,0,0,0,0,0,0,0,0,0,0,0,0,1,0,0,0,0,0,0,0,0,0,0,0,0,2.284444444
1.2546244919252827,-0.6021002079250367,-0.5453271447712604,0.44574427584655296,-0.5680715271209352,-0.5483950026461181,0,0,1,0,0,0,0,0,0,0,0,0,0,0,0,0,0,0,0,0,0,1,0,0,0,0,0,0,0,0,0,0,0,0,2.426666667
1.2546244919252827,-0.5591927561725062,-0.5083862107149953,3.9652871950892985,-0.5210464825414538,-0.49317577165730203,0,1,0,0,0,0,0,0,0,0,0,0,0,0,0,0,0,0,0,0,0,0,1,0,0,0,0,0,0,0,0,0,0,0,2.246363636
1.2546244919252827,-0.6085020992942051,-0.5581550788753151,3.1724324684538106,-0.5750877728948499,-0.5566338400470963,0,1,0,0,0,0,0,0,0,0,0,0,0,0,0,0,0,0,0,0,0,0,0,1,0,0,0,0,0,0,0,0,0,0,1.67375
1.2546244919252827,-0.6278275657796994,-0.5704313390646868,3.1724324684538106,-0.5962677984121203,-0.5815045176157356,0,0,1,0,0,0,0,0,0,0,0,0,0,0,0,0,0,0,0,0,0,0,0,1,0,0,0,0,0,0,0,0,0,0,1.3575
1.2546244919252827,-0.3821178410719612,-0.38017355553226784,0.37005377515043614,-0.32697865897232464,-0.26529133107909164,0,1,0,0,0,0,0,0,0,0,0,0,0,0,0,0,0,0,0,0,0,0,0,0,1,0,0,0,0,0,0,0,0,0,1.981818182
1.2546244919252827,-0.6090621675549343,-0.5554664263350749,0.37005377515043614,-0.5757015878349737,-0.5573546131854564,0,0,1,0,0,0,0,0,0,0,0,0,0,0,0,0,0,0,0,0,0,0,0,0,1,0,0,0,0,0,0,0,0,0,1.981666667
1.2546244919252827,-0.4569647411377424,-0.4023026512143687,-0.12369928379469784,-0.4090082055538639,-0.36161465243050356,1,0,0,0,0,0,0,0,0,0,0,0,0,0,0,0,0,0,0,0,0,0,0,0,0,1,0,0,0,0,0,0,0,0,1.745714286
1.2546244919252827,-0.6215003501786284,-0.5626760769178948,-0.12369928379469784,-0.5893333946302223,-0.5733617832998721,0,0,0,1,0,0,0,0,0,0,0,0,0,0,0,0,0,0,0,0,0,0,0,0,0,1,0,0,0,0,0,0,0,0,2.552857143
1.2546244919252827,-0.6283378501950305,-0.5706723175054411,-0.12369928379469784,-0.5968270520242331,-0.582161222030686,0,0,0,0,0,1,0,0,0,0,0,0,0,0,0,0,0,0,0,0,0,0,0,0,0,1,0,0,0,0,0,0,0,0,2.14625
1.2546244919252827,-0.1864050988504837,0.06962255545560248,-1.2308199235104358,-0.11248443822907696,-0.013421162174339727,0,1,0,0,0,0,0,0,0,0,0,0,0,0,0,0,0,0,0,0,0,0,0,0,0,0,1,0,0,0,0,0,0,0,3.750833333
1.2546244919252827,-0.4802153526838472,-0.46845956893366086,1.8753665826042938,-0.43449005077650177,-0.3915367484104838,0,1,0,0,0,0,0,0,0,0,0,0,0,0,0,0,0,0,0,0,0,0,0,0,0,0,0,1,0,0,0,0,0,0,1.7325
1.2546244919252827,1.1717721015065627,1.8503289544405626,-0.8148489853151969,1.3760295793822963,1.734468714456147,0,1,0,0,0,0,0,0,0,0,0,0,0,0,0,0,0,0,0,0,0,0,0,0,0,0,0,0,0,1,0,0,0,0,4.169333333
1.2546244919252827,-0.5769126936439102,-0.5424672308234402,2.4678179628371106,-0.5404669052303694,-0.5159802328959755,0,1,0,0,0,0,0,0,0,0,0,0,0,0,0,0,0,0,0,0,0,0,0,0,0,0,0,0,0,0,1,0,0,0,1.4275
1.2546244919252827,-0.6214692352752546,-0.5664150317187813,2.4678179628371106,-0.5892992938002153,-0.5733217403477411,0,0,1,0,0,0,0,0,0,0,0,0,0,0,0,0,0,0,0,0,0,0,0,0,0,0,0,0,0,0,1,0,0,0,1.55
1.2546244919252827,1.9545219469565076,1.6359217968516684,-1.028717135814069,2.233895635199254,2.7418192504807286,0,1,0,0,0,0,0,0,0,0,0,0,0,0,0,0,0,0,0,0,0,0,0,0,0,0,0,0,0,0,0,1,0,0,1.973013699
1.2546244919252827,-0.576165935962938,-0.5087438894069326,-1.028717135814069,-0.5396484853102045,-0.5150192020448287,0,0,1,0,0,0,0,0,0,0,0,0,0,0,0,0,0,0,0,0,0,0,0,0,0,0,0,0,0,0,0,1,0,0,2.979298246
1.2546244919252827,-0.45050061996182633,-0.4183284753183708,-1.028717135814069,-0.40192375811993547,-0.35329572912526314,0,0,0,1,0,0,0,0,0,0,0,0,0,0,0,0,0,0,0,0,0,0,0,0,0,0,0,0,0,0,0,1,0,0,2.1865
1.2546244919252827,-0.5488703869782335,-0.5069630738856349,0.04807501312187767,-0.5097335321866728,-0.47989152228780263,0,1,0,0,0,0,0,0,0,0,0,0,0,0,0,0,0,0,0,0,0,0,0,0,0,0,0,0,0,0,0,0,1,0,1.868461538
1.2546244919252827,-0.6295357739749236,-0.5713255357945299,0.04807501312187767,-0.5981399339794978,-0.5837028756877342,0,0,0,1,0,0,0,0,0,0,0,0,0,0,0,0,0,0,0,0,0,0,0,0,0,0,0,0,0,0,0,0,1,0,1.415
1.2546244919252827,-0.41126861617033106,-0.34179584435754296,0.5111074025271373,-0.3589268740850162,-0.30280657185693577,1,0,0,0,0,0,0,0,0,0,0,0,0,0,0,0,0,0,0,0,0,0,0,0,0,0,0,0,0,0,0,0,0,1,2.583157895
1.2546244919252827,-0.17210002202435903,0.7984292643820164,0.5111074025271373,-0.09680658163341588,0.004988585067943207,0,0,1,0,0,0,0,0,0,0,0,0,0,0,0,0,0,0,0,0,0,0,0,0,0,0,0,0,0,0,0,0,0,1,4.360666667
1.2546244919252827,-0.3522280870184625,-0.01373325123023174,0.5111074025271373,-0.2942205491469697,-0.22682507018813342,0,0,0,1,0,0,0,0,0,0,0,0,0,0,0,0,0,0,0,0,0,0,0,0,0,0,0,0,0,0,0,0,0,1,3.45952381
1.4072930459873607,-0.22385966378674818,0.0824141154553923,-0.28566911170918596,-0.1400826857076312,-0.10286578929485883,0,1,0,0,0,0,1,0,0,0,0,0,0,0,0,0,0,0,0,0,0,0,0,0,0,0,0,0,0,0,0,0,0,0,3.716923077
1.4072930459873607,-0.43143496291950356,-0.4532097257206413,2.0313230028641684,-0.37445587743871894,-0.34891260650975264,0,1,0,0,0,0,0,1,0,0,0,0,0,0,0,0,0,0,0,0,0,0,0,0,0,0,0,0,0,0,0,0,0,0,1.659090909
1.4072930459873607,-0.5043060666210457,-0.41232977929003334,1.2208202320249224,-0.45673461306310825,-0.43528946930417367,0,1,0,0,0,0,0,0,1,0,0,0,0,0,0,0,0,0,0,0,0,0,0,0,0,0,0,0,0,0,0,0,0,0,2.868518519
1.4072930459873607,0.23876838766432648,0.13196928575315628,0.10768618465457078,0.38227047218702287,0.44550465790881316,1,0,0,0,0,0,0,0,0,1,0,0,0,0,0,0,0,0,0,0,0,0,0,0,0,0,0,0,0,0,0,0,0,0,2.154375
1.4072930459873607,0.0073512938213633,0.38536645193856633,0.10768618465457078,0.12097751906729796,0.17119726378690606,0,0,0,1,0,0,0,0,0,1,0,0,0,0,0,0,0,0,0,0,0,0,0,0,0,0,0,0,0,0,0,0,0,0,3.415151515
1.4072930459873607,-0.1706648471062405,-0.11202820565515699,0.0999733357062617,-0.08002043831572404,-0.03981197031325679,0,1,0,0,0,0,0,0,0,0,1,0,0,0,0,0,0,0,0,0,0,0,0,0,0,0,0,0,0,0,0,0,0,0,2.280740741
1.4072930459873607,0.5779947323347366,0.2616172024666659,-0.40998977865565733,0.7652908096349103,0.8476024160250926,0,1,0,0,0,0,0,0,0,0,0,0,1,0,0,0,0,0,0,0,0,0,0,0,0,0,0,0,0,0,0,0,0,0,1.835238095
1.4072930459873607,-0.2579771553361679,-0.1988456145968585,-0.40998977865565733,-0.17860473251042494,-0.14330653654254566,0,0,1,0,0,0,0,0,0,0,0,0,1,0,0,0,0,0,0,0,0,0,0,0,0,0,0,0,0,0,0,0,0,0,2.710526316
1.4072930459873607,-0.6177743404996106,-0.5618379569321266,-0.40998977865565733,-0.5848515981776437,-0.569787686381695,0,0,0,1,0,0,0,0,0,0,0,0,1,0,0,0,0,0,0,0,0,0,0,0,0,0,0,0,0,0,0,0,0,0,1.765
1.4072930459873607,-0.6068452306895479,-0.5478278644394659,-1.1841506510604984,-0.5725115444252667,-0.5568330010458536,0,1,0,0,0,0,0,0,0,0,0,0,0,1,0,0,0,0,0,0,0,0,0,0,0,0,0,0,0,0,0,0,0,0,3.206
1.4072930459873607,0.48559902676610756,0.5281681541068362,-0.5056813961160329,0.6609668534279827,0.7380823075417308,0,1,0,0,0,0,0,0,0,0,0,0,0,0,1,0,0,0,0,0,0,0,0,0,0,0,0,0,0,0,0,0,0,0,2.600833333
1.4072930459873607,0.39059355867699724,0.2990522181058613,-0.5526121210726925,0.5536962153463773,0.6254687492860026,0,1,0,0,0,0,0,0,0,0,0,0,0,0,0,1,0,0,0,0,0,0,0,0,0,0,0,0,0,0,0,0,0,0,1.949
1.4072930459873607,0.362559030737164,0.10143777198588542,-0.2827931341352402,0.5220424404541592,0.592238367826663,0,1,0,0,0,0,0,0,0,0,0,0,0,0,0,0,1,0,0,0,0,0,0,0,0,0,0,0,0,0,0,0,0,0,1.8175
1.4072930459873607,-0.6066740987209918,-0.554308517349312,-0.2827931341352402,-0.5723183193843042,-0.5566301518804526,0,0,1,0,0,0,0,0,0,0,0,0,0,0,0,0,1,0,0,0,0,0,0,0,0,0,0,0,0,0,0,0,0,0,1.835789474
1.4072930459873607,4.411020232143945,4.593234986779382,-0.02604677253390505,5.093158451547275,5.391031853303265,0,1,0,0,0,0,0,0,0,0,0,0,0,0,0,0,0,1,0,0,0,0,0,0,0,0,0,0,0,0,0,0,0,0,2.882413793
1.4072930459873607,-0.26567809392119424,-0.09030377188300209,-0.02604677253390505,-0.1872998593537368,-0.15243474898559406,0,0,1,0,0,0,0,0,0,0,0,0,0,0,0,0,0,1,0,0,0,0,0,0,0,0,0,0,0,0,0,0,0,0,3.1972
1.4072930459873607,-0.5534792820404841,-0.46900669608531065,-0.02604677253390505,-0.5122560719923971,-0.49357633289885056,0,0,0,1,0,0,0,0,0,0,0,0,0,0,0,0,0,1,0,0,0,0,0,0,0,0,0,0,0,0,0,0,0,0,3.2775
1.4072930459873607,-0.6293867102515852,-0.5712512719983226,2.027139762756611,-0.5979631204719761,-0.5835522654512334,0,0,0,0,1,0,0,0,0,0,0,0,0,0,0,0,0,0,1,0,0,0,0,0,0,0,0,0,0,0,0,0,0,0,4.508
1.4072930459873607,4.257755996850234,5.6282964977386785,-0.4403182694354485,4.920107861452554,5.209361984853385,0,1,0,0,0,0,0,0,0,0,0,0,0,0,0,0,0,0,0,1,0,0,0,0,0,0,0,0,0,0,0,0,0,0,2.330588235
1.4072930459873607,2.1237325702293135,1.497244008754421,-0.0674869948493953,2.5105828176939506,2.679823671885381,0,1,0,0,0,0,0,0,0,0,0,0,0,0,0,0,0,0,0,0,1,0,0,0,0,0,0,0,0,0,0,0,0,0,1.515
1.4072930459873607,0.15356022477505527,0.004247680978003631,-0.0674869948493953,0.2860619677005199,0.3445042143722965,0,0,1,0,0,0,0,0,0,0,0,0,0,0,0,0,0,0,0,0,1,0,0,0,0,0,0,0,0,0,0,0,0,0,1.349230769
1.4072930459873607,-0.563148238263906,-0.5402953936812958,-0.0674869948493953,-0.5231732868067774,-0.5050373107440113,0,0,0,1,0,0,0,0,0,0,0,0,0,0,0,0,0,0,0,0,1,0,0,0,0,0,0,0,0,0,0,0,0,0,1.0155
1.4072930459873607,-0.5552722783474019,-0.5093016256723263,-0.31652050750242167,-0.5142805434442994,-0.49570163892725727,0,1,0,0,0,0,0,0,0,0,0,0,0,0,0,0,0,0,0,0,0,1,0,0,0,0,0,0,0,0,0,0,0,0,2.253333333
1.4072930459873607,-0.6017112716328638,-0.5454938594158074,-0.31652050750242167,-0.5667147931963922,-0.5507475260838215,0,0,1,0,0,0,0,0,0,0,0,0,0,0,0,0,0,0,0,0,0,1,0,0,0,0,0,0,0,0,0,0,0,0,2.371111111
1.4072930459873607,-0.5591499731803671,-0.5083210404448543,5.503673744643533,-0.5186588472133812,-0.5002980166069134,0,1,0,0,0,0,0,0,0,0,0,0,0,0,0,0,0,0,0,0,0,0,1,0,0,0,0,0,0,0,0,0,0,0,2.246363636
1.4072930459873607,-0.6074947542974769,-0.5558604791312769,0.29567053698793133,-0.5732449212852834,-0.5576029058327169,0,1,0,0,0,0,0,0,0,0,0,0,0,0,0,0,0,0,0,0,0,0,0,1,0,0,0,0,0,0,0,0,0,0,1.79125
1.4072930459873607,-0.6281200458714136,-0.5704555884675301,0.29567053698793133,-0.5965329301994666,-0.5820508404718508,0,0,1,0,0,0,0,0,0,0,0,0,0,0,0,0,0,0,0,0,0,0,0,1,0,0,0,0,0,0,0,0,0,0,1.643333333
1.4072930459873607,-0.38200116018430924,-0.3800977761483828,-0.08670375409348716,-0.31864018946978273,-0.29031685895866965,0,1,0,0,0,0,0,0,0,0,0,0,0,0,0,0,0,0,0,0,0,0,0,0,1,0,0,0,0,0,0,0,0,0,1.981818182
1.4072930459873607,-0.6089454866672824,-0.5553603351976358,-0.08670375409348716,-0.5748829426552609,-0.5593225135303215,0,0,1,0,0,0,0,0,0,0,0,0,0,0,0,0,0,0,0,0,0,0,0,0,1,0,0,0,0,0,0,0,0,0,1.983333333
1.4072930459873607,-0.4387236290348265,-0.3996912936456912,0.257367744753109,-0.38268550759243936,-0.35755213687251663,1,0,0,0,0,0,0,0,0,0,0,0,0,0,0,0,0,0,0,0,0,0,0,0,0,1,0,0,0,0,0,0,0,0,1.665652174
1.4072930459873607,-0.6186883407862173,-0.5601768728373672,0.257367744753109,-0.5858835955555115,-0.5708710853332689,0,0,0,1,0,0,0,0,0,0,0,0,0,0,0,0,0,0,0,0,0,0,0,0,0,1,0,0,0,0,0,0,0,0,2.334615385
1.4072930459873607,-0.6295318846120018,-0.5712224758324463,0.257367744753109,-0.5981270367874072,-0.5837243460864098,0,0,0,0,0,1,0,0,0,0,0,0,0,0,0,0,0,0,0,0,0,0,0,0,0,1,0,0,0,0,0,0,0,0,2.231
1.4072930459873607,-0.20507404087478998,0.028550129389926605,-1.1157808205526072,-0.1188718459837947,-0.08059848318378637,0,1,0,0,0,0,0,0,0,0,0,0,0,0,0,0,0,0,0,0,0,0,0,0,0,0,1,0,0,0,0,0,0,0,3.54625
1.4072930459873607,-0.4828601194706239,-0.4702464468056694,2.4982771798702625,-0.43252000224794585,-0.40986878071277544,0,1,0,0,0,0,0,0,0,0,0,0,0,0,0,0,0,0,0,0,0,0,0,0,0,0,0,1,0,0,0,0,0,0,1.7325
1.4072930459873607,1.0284062948486559,1.4351306789592329,-0.11598643484638907,1.273850334491765,1.3814921989441107,0,1,0,0,0,0,0,0,0,0,0,0,0,0,0,0,0,0,0,0,0,0,0,0,0,0,0,0,0,1,0,0,0,0,3.95625
1.4072930459873607,-0.5772121745888834,-0.5450543389892744,0.9544001276748603,-0.5390528719913308,-0.5217078239733358,0,1,0,0,0,0,0,0,0,0,0,0,0,0,0,0,0,0,0,0,0,0,0,0,0,0,0,0,0,0,1,0,0,0,1.3075
1.4072930459873607,-0.6202129710515356,-0.5634914630884975,0.9544001276748603,-0.5876050550113591,-0.5726782869886603,0,0,1,0,0,0,0,0,0,0,0,0,0,0,0,0,0,0,0,0,0,0,0,0,0,0,0,0,0,0,1,0,0,0,2.12375
1.4072930459873607,1.99073580512074,1.538952981644731,-0.8447852973349046,2.360416220518674,2.5221775989106145,0,1,0,0,0,0,0,0,0,0,0,0,0,0,0,0,0,0,0,0,0,0,0,0,0,0,0,0,0,0,0,1,0,0,1.9284
1.4072930459873607,-0.5775116555338566,-0.5143424702883572,-0.8447852973349046,-0.5393910158130153,-0.5220628100127878,0,0,1,0,0,0,0,0,0,0,0,0,0,0,0,0,0,0,0,0,0,0,0,0,0,0,0,0,0,0,0,1,0,0,2.801395349
1.4072930459873607,-0.45160130966867607,-0.42794487913337864,-0.8447852973349046,-0.3972256919248664,-0.3728165365689474,0,0,0,1,0,0,0,0,0,0,0,0,0,0,0,0,0,0,0,0,0,0,0,0,0,0,0,0,0,0,0,1,0,0,2.061333333
1.4072930459873607,-0.5470812800342375,-0.5106853572220665,-0.08631157533340371,-0.5050320903473223,-0.4859925402378331,0,1,0,0,0,0,0,0,0,0,0,0,0,0,0,0,0,0,0,0,0,0,0,0,0,0,0,0,0,0,0,0,1,0,1.77
1.4072930459873607,-0.6293335271029935,-0.571219444657091,-0.08631157533340371,-0.5979030713990188,-0.5834892254628766,0,0,0,1,0,0,0,0,0,0,0,0,0,0,0,0,0,0,0,0,0,0,0,0,0,0,0,0,0,0,0,0,1,0,1.656
1.4072930459873607,-0.4210892575477005,-0.29527184941517937,0.7498135411646313,-0.3627745454168959,-0.3366494524195968,1,0,0,0,0,0,0,0,0,0,0,0,0,0,0,0,0,0,0,0,0,0,0,0,0,0,0,0,0,0,0,0,0,1,3.236666667
1.4072930459873607,-0.22953424428955294,0.558846679878844,0.7498135411646313,-0.14648985240681908,-0.1095920832112263,0,0,1,0,0,0,0,0,0,0,0,0,0,0,0,0,0,0,0,0,0,0,0,0,0,0,0,0,0,0,0,0,0,1,4.09
1.4072930459873607,-0.21078751500681206,0.6483451634223971,0.7498135411646313,-0.12532292746501952,-0.08737087918319952,0,0,0,1,0,0,0,0,0,0,0,0,0,0,0,0,0,0,0,0,0,0,0,0,0,0,0,0,0,0,0,0,0,1,3.972380952
1.559961600049439,-0.25800438087662,0.11195595046912493,-0.705692563758621,-0.15389347420935764,-0.11815626959826982,0,1,0,0,0,0,1,0,0,0,0,0,0,0,0,0,0,0,0,0,0,0,0,0,0,0,0,0,0,0,0,0,0,0,4.653076923
1.559961600049439,-0.4310460266273305,-0.4514289101993435,1.2997788890550683,-0.36079042033255915,-0.3349897774299517,0,1,0,0,0,0,0,1,0,0,0,0,0,0,0,0,0,0,0,0,0,0,0,0,0,0,0,0,0,0,0,0,0,0,1.6756
1.559961600049439,-0.48730177192724006,-0.37742124830956425,0.8440671698380338,-0.42805250544473883,-0.40548223337109585,0,1,0,0,0,0,0,0,1,0,0,0,0,0,0,0,0,0,0,0,0,0,0,0,0,0,0,0,0,0,0,0,0,0,3.155555556
1.559961600049439,0.18427841313088256,0.08762470589132565,-0.3193964850763675,0.37492118775252187,0.43605557496776676,1,0,0,0,0,0,0,0,0,1,0,0,0,0,0,0,0,0,0,0,0,0,0,0,0,0,0,0,0,0,0,0,0,0,2.31625
1.559961600049439,0.0024740327175132868,0.6127303685841198,-0.3193964850763675,0.15754709300115796,0.20824173643673496,0,0,0,1,0,0,0,0,0,1,0,0,0,0,0,0,0,0,0,0,0,0,0,0,0,0,0,0,0,0,0,0,0,0,4.237941176
1.559961600049439,-0.12249119795768683,0.04510186241809067,-0.024478057493570966,0.008132629875166974,0.05165140116371485,0,1,0,0,0,0,0,0,0,0,1,0,0,0,0,0,0,0,0,0,0,0,0,0,0,0,0,0,0,0,0,0,0,0,2.808214286
1.559961600049439,0.5389727541410149,0.11047067454497872,-0.48528810059169064,0.799010866533657,0.880512849028095,0,1,0,0,0,0,0,0,0,0,0,0,1,0,0,0,0,0,0,0,0,0,0,0,0,0,0,0,0,0,0,0,0,0,1.603636364
1.559961600049439,-0.11506640414010336,-0.0659028102720286,-0.48528810059169064,0.017010071833072977,0.06095519668304868,0,0,1,0,0,0,0,0,0,0,0,0,1,0,0,0,0,0,0,0,0,0,0,0,0,0,0,0,0,0,0,0,0,0,2.556190476
1.559961600049439,-0.6083387460514924,-0.5522594428090613,-0.48528810059169064,-0.5727701553818954,-0.5571501833772081,0,0,0,1,0,0,0,0,0,0,0,0,1,0,0,0,0,0,0,0,0,0,0,0,0,0,0,0,0,0,0,0,0,0,2.189
1.559961600049439,-0.6062618262512883,-0.5452665212641524,-1.4212880746576586,-0.5702868897949274,-0.5545476549291598,0,1,0,0,0,0,0,0,0,0,0,0,0,1,0,0,0,0,0,0,0,0,0,0,0,0,0,0,0,0,0,0,0,0,3.085263158
1.559961600049439,0.4881815637461366,0.5570400993670253,-0.28932944680329864,0.738282467095054,0.8168678696216097,0,1,0,0,0,0,0,0,0,0,0,0,0,0,1,0,0,0,0,0,0,0,0,0,0,0,0,0,0,0,0,0,0,0,2.630833333
1.559961600049439,0.41515877489064695,0.24914543146687085,-0.15023671322701532,0.6509728951937006,0.7253651137936934,0,1,0,0,0,0,0,0,0,0,0,0,0,0,0,1,0,0,0,0,0,0,0,0,0,0,0,0,0,0,0,0,0,0,1.8985
1.559961600049439,0.33915284467419,0.17857057566708257,-0.39377972323887256,0.5600965354548861,0.6301242693521946,0,1,0,0,0,0,0,0,0,0,0,0,0,0,0,0,1,0,0,0,0,0,0,0,0,0,0,0,0,0,0,0,0,0,2.047916667
1.559961600049439,-0.60006218175405,-0.5471564590982446,-0.39377972323887256,-0.5628742955147272,-0.5467790587752478,0,0,1,0,0,0,0,0,0,0,0,0,0,0,0,0,1,0,0,0,0,0,0,0,0,0,0,0,0,0,0,0,0,0,1.985238095
1.559961600049439,4.64154277251491,5.836577649934308,-0.021863532426347594,5.704241653973049,6.021325306918433,0,1,0,0,0,0,0,0,0,0,0,0,0,0,0,0,0,1,0,0,0,0,0,0,0,0,0,0,0,0,0,0,0,0,3.572068966
1.559961600049439,-0.18613284344596256,0.02703151053687099,-0.021863532426347594,-0.06796039409403905,-0.028096113808971965,0,0,1,0,0,0,0,0,0,0,0,0,0,0,0,0,0,1,0,0,0,0,0,0,0,0,0,0,0,0,0,0,0,0,3.466785714
1.559961600049439,-0.509222221354113,-0.38548114357957397,-0.021863532426347594,-0.45426165310045263,-0.43295011789019766,0,0,0,1,0,0,0,0,0,0,0,0,0,0,0,0,0,1,0,0,0,0,0,0,0,0,0,0,0,0,0,0,0,0,3.905357143
1.559961600049439,-0.6293529739176021,-0.5712588499367112,2.1964302608593242,-0.5978957807871157,-0.5834825077307757,0,0,0,0,1,0,0,0,0,0,0,0,0,0,0,0,0,0,1,0,0,0,0,0,0,0,0,0,0,0,0,0,0,0,1.82
1.559961600049439,5.2668823217965794,6.051372797968694,0.010033673393777691,6.4519278099931245,6.804920304922376,0,1,0,0,0,0,0,0,0,0,0,0,0,0,0,0,0,0,0,1,0,0,0,0,0,0,0,0,0,0,0,0,0,0,1.999411765
1.559961600049439,-0.5481352973860264,-0.38996273634253353,0.010033673393777691,-0.5007880055304414,-0.4817109739252604,0,0,0,1,0,0,0,0,0,0,0,0,0,0,0,0,0,0,0,1,0,0,0,0,0,0,0,0,0,0,0,0,0,0,2.768387097
1.559961600049439,2.371671677763788,1.022446763435208,0.15265601581081265,2.990274183541689,3.177015142938125,0,1,0,0,0,0,0,0,0,0,0,0,0,0,0,0,0,0,0,0,1,0,0,0,0,0,0,0,0,0,0,0,0,0,1.363214286
1.559961600049439,0.5290509893276804,0.6338940349155255,0.15265601581081265,0.7871479254992841,0.8680801709925684,0,0,1,0,0,0,0,0,0,0,0,0,0,0,0,0,0,0,0,0,1,0,0,0,0,0,0,0,0,0,0,0,0,0,2.171333333
1.559961600049439,-0.4081221215666511,-0.4002187181575309,0.15265601581081265,-0.33338149267415296,-0.30626449152583773,0,0,0,1,0,0,0,0,0,0,0,0,0,0,0,0,0,0,0,0,1,0,0,0,0,0,0,0,0,0,0,0,0,0,1.783913043
1.559961600049439,-0.5591071901882281,-0.5081800907908282,3.1444570502345197,-0.5139065302885621,-0.4954595371311487,0,1,0,0,0,0,0,0,0,0,0,0,0,0,0,0,0,0,0,0,0,0,1,0,0,0,0,0,0,0,0,0,0,0,2.254545455
1.559961600049439,-0.6070008052064172,-0.5549465797616238,0.9666883954908102,-0.5711704487116388,-0.555473648197192,0,1,0,0,0,0,0,0,0,0,0,0,0,0,0,0,0,0,0,0,0,0,0,1,0,0,0,0,0,0,0,0,0,0,1.77625
1.559961600049439,-0.6278750160073446,-0.5703116076381485,0.9666883954908102,-0.5961286629536928,-0.5816305211947114,0,0,1,0,0,0,0,0,0,0,0,0,0,0,0,0,0,0,0,0,0,0,0,1,0,0,0,0,0,0,0,0,0,0,1.645
1.559961600049439,-0.3818844792966573,-0.37980981448961976,0.20128618206116744,-0.30201050082080916,-0.2733868568619164,0,1,0,0,0,0,0,0,0,0,0,0,0,0,0,0,0,0,0,0,0,0,0,0,1,0,0,0,0,0,0,0,0,0,1.982727273
1.559961600049439,-0.6088288057796305,-0.5552542440601969,0.20128618206116744,-0.5733560944529777,-0.5577642631233768,0,0,1,0,0,0,0,0,0,0,0,0,0,0,0,0,0,0,0,0,0,0,0,0,1,0,0,0,0,0,0,0,0,0,1.983333333
1.559961600049439,-0.39238186982240786,-0.3052201669316036,0.2024627183414181,-0.3145616877481995,-0.2865408349167524,1,0,0,0,0,0,0,0,0,0,0,0,0,0,0,0,0,0,0,0,0,0,0,0,0,1,0,0,0,0,0,0,0,0,2.048181818
1.559961600049439,-0.61449171819367,-0.5515971309939063,0.2024627183414181,-0.58012694594104,-0.5648602957457707,0,0,0,1,0,0,0,0,0,0,0,0,0,0,0,0,0,0,0,0,0,0,0,0,0,1,0,0,0,0,0,0,0,0,2.243
1.559961600049439,-0.6294229824501933,-0.5711285093964289,0.2024627183414181,-0.5979794863686989,-0.5835702334087998,0,0,0,0,0,1,0,0,0,0,0,0,0,0,0,0,0,0,0,0,0,0,0,0,0,1,0,0,0,0,0,0,0,0,2.48125
1.559961600049439,-0.18407148109744542,0.05067770948434977,-1.027279147027096,-0.06549572974742292,-0.025513079956040123,0,1,0,0,0,0,0,0,0,0,0,0,0,0,0,0,0,0,0,0,0,0,0,0,0,0,1,0,0,0,0,0,0,0,3.539444444
1.559961600049439,-0.48049149745129005,-0.46855050419432287,1.7007163081137726,-0.4199098124807298,-0.39694847435886244,0,1,0,0,0,0,0,0,0,0,0,0,0,0,0,0,0,0,0,0,0,0,0,0,0,0,0,1,0,0,0,0,0,0,1.735
1.559961600049439,-0.5812337758499527,-0.5445587418186665,1.0638180017381589,-0.5403621443789376,-0.5231857250355437,0,1,0,0,0,0,0,0,0,0,0,0,0,0,0,0,0,0,0,0,0,0,0,0,0,0,0,0,0,0,1,0,0,0,1.42
1.559961600049439,-0.6214303416460372,-0.5635642112970272,1.0638180017381589,-0.5884230991379515,-0.573554885167715,0,0,1,0,0,0,0,0,0,0,0,0,0,0,0,0,0,0,0,0,0,0,0,0,0,0,0,0,0,0,1,0,0,0,2.41875
1.559961600049439,1.957660662834344,1.9160418049702888,-0.816417700355531,2.495262623443196,2.6582298513474876,0,1,0,0,0,0,0,0,0,0,0,0,0,0,0,0,0,0,0,0,0,0,0,0,0,0,0,0,0,0,0,1,0,0,2.039466667
1.559961600049439,-0.5714831430051744,-0.5071888964496122,-0.816417700355531,-0.5287038169884346,-0.5109674875462981,0,0,1,0,0,0,0,0,0,0,0,0,0,0,0,0,0,0,0,0,0,0,0,0,0,0,0,0,0,0,0,1,0,0,2.745813953
1.559961600049439,-0.4399254421776412,-0.3889457770107967,-0.816417700355531,-0.37140707826336017,-0.34611631759267514,0,0,0,1,0,0,0,0,0,0,0,0,0,0,0,0,0,0,0,0,0,0,0,0,0,0,0,0,0,0,0,1,0,0,2.467962963
1.559961600049439,-0.5473652035275238,-0.5096001964448332,-0.07859872638509463,-0.49986724413302636,-0.48074599146699537,0,1,0,0,0,0,0,0,0,0,0,0,0,0,0,0,0,0,0,0,0,0,0,0,0,0,0,0,0,0,0,0,1,0,1.706923077
1.559961600049439,-0.6283845225500913,-0.5707268786618384,-0.07859872638509463,-0.5967378535752149,-0.5822689691847757,0,0,0,1,0,0,0,0,0,0,0,0,0,0,0,0,0,0,0,0,0,0,0,0,0,0,0,0,0,0,0,0,1,0,1.7
1.559961600049439,-0.435223202405269,-0.3133785754006639,0.3848258417802484,-0.3657848533670227,-0.340224076218723,1,0,0,0,0,0,0,0,0,0,0,0,0,0,0,0,0,0,0,0,0,0,0,0,0,0,0,0,0,0,0,0,0,1,3.178333333
1.559961600049439,0.037416069206339865,1.3750270184246753,0.3848258417802484,0.1993254788313448,0.2520265970683196,0,0,1,0,0,0,0,0,0,0,0,0,0,0,0,0,0,0,0,0,0,0,0,0,0,0,0,0,0,0,0,0,0,1,4.138235294
1.559961600049439,-0.08212738955596798,0.9334075029579978,0.3848258417802484,0.05639354796796297,0.10223012819338814,0,0,0,1,0,0,0,0,0,0,0,0,0,0,0,0,0,0,0,0,0,0,0,0,0,0,0,0,0,0,0,0,0,1,3.916666667
1.712630154111517,-0.5531836904584326,-0.5091682539566886,-0.1635082699319218,-0.4951718147200919,-0.48803697004055396,0,1,0,0,0,0,0,0,0,0,0,0,0,0,0,0,0,0,0,0,0,0,0,0,0,0,0,0,0,0,0,0,1,0,1.973076923
1.712630154111517,-0.6290223780692551,-0.5708193295101781,-0.1635082699319218,-0.5973833721722249,-0.5830682475845508,0,0,0,1,0,0,0,0,0,0,0,0,0,0,0,0,0,0,0,0,0,0,0,0,0,0,0,0,0,0,0,0,1,0,2.125
