Crop,Crop_Year,Season,State,Area,Production,Annual_Rainfall,Fertilizer,Pesticide,Fertilizer_per_Area,Pesticide_per_Area,Production_per_Area,Yield
Rice,1997,Kharif,Andhra Pradesh,2382500.0,5218300,927.5,226742525.0,738575.0,95.17,0.31,2.1902623294858343,1.99173913
Rice,1997,Rabi,Andhra Pradesh,1117700.0,3291700,927.5,106371509.0,346487.0,95.17,0.31,2.9450657600429455,2.64
Rice,1997,Kharif,Arunachal Pradesh,120020.0,129505,2274.9,11422303.4,37206.2,95.17,0.31,1.0790284952507916,1.06
Rice,1997,Autumn,Assam,607358.0,398311,2051.4,57802260.86,188280.98,95.17,0.31,0.6558092591190039,0.780869565
Rice,1997,Summer,Assam,174974.0,209623,2051.4,16652275.58,54241.94,95.17,0.31,1.1980237063792334,1.060434783
Rice,1997,Winter,Assam,1743321.0,1647296,2051.4,165911859.6,540429.51,95.17000001720854,0.31,0.9449183483707246,0.941304348
Rice,1997,Autumn,Bihar,749671.0,892725,1303.7,71346189.07,232398.01,95.16999999999999,0.31,1.1908223740814303,1.102244898
Rice,1997,Summer,Bihar,124429.0,236446,1303.7,11841907.93,38572.99,95.17,0.31,1.9002483343915004,1.683265306
Rice,1997,Winter,Bihar,4238204.0,6004120,1303.7,403349874.7,1313843.24,95.17000000471897,0.31,1.4166661161189975,1.354363636
Rice,1997,Kharif,Goa,15169.0,40864,3680.3,1443633.73,4702.39,95.17,0.31,2.6939152218340037,2.69
Rice,1997,Rabi,Goa,6417.0,19052,3680.3,610705.89,1989.27,95.17,0.31,2.968988623967586,2.97
Rice,1997,Whole Year,Gujarat,672600.0,1042300,798.9,64011342.0,208506.0,95.17,0.31,1.549658043413619,1.665
Rice,1997,Kharif,Haryana,913000.0,2556000,661.2,86890210.0,283030.0,95.17,0.31,2.799561883899233,2.730588235
Rice,1997,Kharif,Jammu and Kashmir,275746.0,5488,1356.2,26242746.82,85481.26,95.17,0.31,0.019902373923828452,0.016666667
Rice,1997,Kharif,Karnataka,1031530.0,2340493,1266.7,98170710.1,319774.3,95.16999999999999,0.31,2.2689529146025804,2.2335
Rice,1997,Rabi,Karnataka,53889.0,109350,1266.7,5128616.13,16705.59,95.17,0.31,2.0291710738740747,2.073846154
Rice,1997,Summer,Karnataka,268044.0,762759,1266.7,25509747.48,83093.64,95.17,0.31,2.8456484756234053,2.829444444
Rice,1997,Kharif,Maharashtra,1339000.0,2330000,1156.1,127432630.0,415090.0,95.17,0.31,1.7401045556385362,8.778275862
Rice,1997,Summer,Maharashtra,329.0,646,1156.1,31310.93,101.99,95.17,0.31,1.9635258358662615,2.018888889
Rice,1997,Kharif,Manipur,155.0,348,2053.3,14751.35,48.05,95.17,0.31,2.2451612903225806,2.075555556
Rice,1997,Kharif,Meghalaya,105170.0,150101,3818.2,10009028.9,32602.7,95.17,0.31,1.4272225919939145,1.378571429
Rice,1997,Whole Year,Mizoram,68114.0,110573,2644.2,6482409.38,21115.34,95.17,0.31,1.6233520274833368,1.6
Rice,1997,Kharif,Nagaland,145000.0,188000,1398.5,13799650.0,44950.0,95.17,0.31,1.296551724137931,1.29
Rice,1997,Rabi,Nagaland,200.0,250,1398.5,19034.0,62.0,95.17,0.31,1.25,1.3
Rice,1997,Kharif,Punjab,2281000.0,7904000,690.1,217082770.0,707110.0,95.17,0.31,3.465146865409908,3.476470588
Rice,1997,Kharif,Sikkim,15691.0,21447,2804.1,1493312.47,4864.21,95.17,0.31,1.3668344911095534,1.365
Rice,1997,Kharif,Uttar Pradesh,5726527.0,12262794,473.9,544993574.6,1775223.37,95.17000000174626,0.31,2.1414015859874582,2.037
Rice,1997,Summer,Uttar Pradesh,6607.0,18281,473.9,628788.19,2048.17,95.16999999999999,0.31,2.76691387921901,2.202903226
Rice,1997,Autumn,West Bengal,423121.0,751970,1852.9,40268425.57,131167.51,95.17,0.31,1.7771984845942415,1.837222222
Rice,1997,Summer,West Bengal,1206829.0,3569520,1852.9,114853915.9,374116.99,95.16999997514147,0.31,2.957767836205461,2.843888889
Rice,1997,Winter,West Bengal,4270328.0,8915100,1852.9,406407115.8,1323801.68,95.17000000936696,0.31,2.087685067751236,1.985555556
Rice,1998,Kharif,Andhra Pradesh,2812400.0,7005800,1048.3,277865120.0,815596.0,98.8,0.29,2.4910396814108946,2.47
Rice,1998,Rabi,Andhra Pradesh,1504200.0,4872200,1048.3,148614960.0,436218.0,98.8,0.29,3.2390639542614013,2.986086957
Rice,1998,Kharif,Arunachal Pradesh,115481.0,114116,3616.7,11409522.8,33489.49,98.80000000000001,0.29,0.9881798737454647,0.965384615
Rice,1998,Autumn,Assam,594979.0,520605,2354.4,58783925.2,172543.91,98.80000000000001,0.29,0.8749972688111681,1.055652174
Rice,1998,Summer,Assam,223913.0,446114,2354.4,22122604.4,64934.77,98.8,0.29,1.992354173272655,1.685217391
Rice,1998,Winter,Assam,1635230.0,2288114,2354.4,161560724.0,474216.7,98.8,0.29,1.3992612659992785,1.395652174
Rice,1998,Summer,Bihar,132836.0,270992,1332.5,13124196.8,38522.44,98.80000000000001,0.29000000000000004,2.0400493842030776,1.765777778
Rice,1998,Winter,Bihar,4234443.0,5722449,1332.5,418362968.4,1227988.47,98.8,0.29,1.351405367837045,1.242909091
Rice,1998,Kharif,Delhi,7303.0,10799,784.5,721536.4,2117.87,98.8,0.29,1.47870738052855,1.48
Rice,1998,Kharif,Goa,41000.0,104249,2964.9,4050800.0,11890.0,98.8,0.29,2.542658536585366,2.54
Rice,1998,Rabi,Goa,15439.0,46925,2964.9,1525373.2,4477.31,98.8,0.29000000000000004,3.039380788911199,3.04
Rice,1998,Kharif,Gujarat,622100.0,1015900,775.6,61463480.0,180409.0,98.8,0.29,1.633017199807105,1.695384615
Rice,1998,Kharif,Haryana,1086694.0,2432000,687.6,107365367.2,315141.26,98.8,0.29000000000000004,2.237980517054479,2.286666667
Rice,1998,Kharif,Himachal Pradesh,82125.0,116997,1381.6,8113950.0,23816.25,98.8,0.29,1.42462100456621,1.455454545
Rice,1998,Kharif,Karnataka,1079193.0,2599170,1260.8,106624268.4,312965.97,98.80000000000001,0.29,2.408438527677626,2.310740741
Rice,1998,Rabi,Karnataka,51782.0,106072,1260.8,5116061.6,15016.78,98.8,0.29000000000000004,2.0484338187014792,2.054285714
Rice,1998,Summer,Karnataka,295830.0,951569,1260.8,29228004.0,85790.7,98.8,0.29,3.2166075110705474,2.99375
Rice,1998,Autumn,Kerala,120217.0,235849,3151.5,11877439.6,34862.93,98.8,0.29,1.9618606353510735,1.856923077
Rice,1998,Summer,Kerala,57700.0,144872,3151.5,5700760.0,16733.0,98.8,0.29,2.5107798960138648,2.116153846
Rice,1998,Winter,Kerala,174714.0,346022,3151.5,17261743.2,50667.06,98.8,0.29,1.9805052829195142,1.937142857
Rice,1998,Kharif,Madhya Pradesh,5438800.0,3346300,962.7,537353440.0,1577252.0,98.8,0.29,0.6152643965580643,0.586785714
Rice,1998,Kharif,Maharashtra,1445700.0,2395100,1314.8,142835160.0,419253.0,98.8,0.29,1.6567060939337346,1.267241379
Rice,1998,Summer,Maharashtra,37400.0,72500,1314.8,3695120.0,10846.0,98.8,0.29,1.9385026737967914,2.053333333
Rice,1998,Autumn,Manipur,88370.0,200290,1855.0,8730956.0,25627.3,98.8,0.29,2.266493153785221,2.094444444
Rice,1998,Winter,Manipur,78520.0,181900,1855.0,7757776.0,22770.8,98.8,0.29,2.316607233825777,2.2175
Rice,1998,Kharif,Meghalaya,105402.0,149742,6552.7,10413717.6,30566.58,98.8,0.29000000000000004,1.420675129504184,1.51
Rice,1998,Kharif,Mizoram,62372.0,95115,2640.7,6162353.6,18087.88,98.8,0.29000000000000004,1.5249631244789328,1.5225
Rice,1998,Rabi,Mizoram,6020.0,15698,2640.7,594776.0,1745.8,98.8,0.29,2.6076411960132893,4.39
Rice,1998,Kharif,Nagaland,141000.0,205000,1498.0,13930800.0,40890.0,98.8,0.29,1.4539007092198581,1.441428571
Rice,1998,Autumn,Odisha,819731.0,501365,1357.1,80989422.8,237721.99,98.8,0.29,0.6116213733529657,0.837666667
Rice,1998,Summer,Odisha,268081.0,506455,1357.1,26486402.8,77743.49,98.8,0.29000000000000004,1.8891864772214368,1.582666667
Rice,1998,Winter,Odisha,3358901.0,4383502,1357.1,331859418.8,974081.29,98.8,0.29000000000000004,1.3050405474885982,1.342333333
Rice,1998,Kharif,Puducherry,4945.0,11518,1434.5875,488566.0,1434.05,98.8,0.29,2.329221435793731,2.46
Rice,1998,Rabi,Puducherry,13961.0,30220,1434.5875,1379346.8,4048.69,98.8,0.29,2.164601389585273,2.555
Rice,1998,Summer,Puducherry,5716.0,14863,1434.5875,564740.8,1657.64,98.80000000000001,0.29000000000000004,2.6002449265220435,2.55
Rice,1998,Kharif,Punjab,2519000.0,7940000,588.6,248877200.0,730510.0,98.8,0.29,3.15204446208813,3.099411765
Rice,1998,Kharif,Sikkim,15874.0,21957,3183.8,1568351.2,4603.46,98.8,0.29,1.3832052412750409,1.3775
Rice,1998,Kharif,Tamil Nadu,2386399.0,8215286,1077.1,235776221.2,692055.71,98.8,0.29,3.4425450228566135,3.445
Rice,1998,Kharif,Tripura,255487.0,491430,2472.9,25242115.6,74091.23,98.80000000000001,0.29,1.9235029570976214,1.8775
Rice,1998,Kharif,Uttar Pradesh,5875153.0,11374070,743.4,580465116.4,1703794.37,98.8,0.29000000000000004,1.9359614975133415,1.865060241
Rice,1998,Summer,Uttar Pradesh,5629.0,12643,743.4,556145.2,1632.41,98.8,0.29000000000000004,2.2460472552851307,2.015172414
Rice,1998,Autumn,West Bengal,425002.0,740688,2152.5,41990197.6,123250.58,98.8,0.29,1.7427870927666222,1.751111111
Rice,1998,Summer,West Bengal,1450473.0,4921984,2152.5,143306732.4,420637.17,98.8,0.29,3.3933647851425017,3.22
Rice,1998,Winter,West Bengal,4028620.0,7653780,2152.5,398027656.0,1168299.8,98.8,0.29000000000000004,1.8998515620733651,1.781666667
Rice,1999,Kharif,Andhra Pradesh,2848794.0,7056175,650.4,302342507.2,769174.38,106.12999999297948,0.27,2.476898996557842,2.400869565
Rice,1999,Rabi,Andhra Pradesh,1165454.0,3581740,650.4,123689633.0,314672.58,106.12999998283931,0.27,3.073257288575954,2.73
Rice,1999,Kharif,Arunachal Pradesh,122740.0,134807,2338.6,13026396.2,33139.8,106.13,0.27,1.0983135082287763,1.097692308
Rice,1999,Autumn,Assam,557220.0,514156,2201.8,59137758.6,150449.4,106.13000000000001,0.26999999999999996,0.9227163418398479,1.094782609
Rice,1999,Summer,Assam,294654.0,653783,2201.8,31271629.02,79556.58,106.13,0.27,2.21881596720221,1.990434783
Rice,1999,Winter,Assam,1793994.0,2692709,2201.8,190396583.2,484378.38,106.12999998885168,0.27,1.5009576397691409,1.501304348
Rice,1999,Kharif,Bihar,744230.0,862282,1402.7,78985129.9,200942.1,106.13000000000001,0.27,1.1586230063286886,1.061666667
Rice,1999,Summer,Bihar,124874.0,246807,1402.7,13252877.62,33715.98,106.13,0.27,1.9764482598459248,1.700666667
Rice,1999,Kharif,Delhi,8105.0,15279,365.9,860183.65,2188.35,106.13000000000001,0.26999999999999996,1.8851326341764343,1.89
Rice,1999,Kharif,Goa,40500.0,96281,3879.3,4298265.0,10935.0,106.13,0.27,2.3773086419753087,2.38
Rice,1999,Rabi,Goa,16213.0,43642,3879.3,1720685.69,4377.51,106.13,0.27,2.691790538456794,2.69
Rice,1999,Kharif,Gujarat,664400.0,984900,458.9,70512772.0,179388.0,106.13,0.27,1.4823901264298616,1.510714286
Rice,1999,Kharif,Haryana,1083052.0,2563000,344.0,114944308.8,292424.04,106.13000003693267,0.26999999999999996,2.366460705487825,2.235
Rice,1999,Kharif,Himachal Pradesh,80222.0,120365,1144.9,8513960.86,21659.94,106.13,0.26999999999999996,1.500398893071726,1.55
Rice,1999,Kharif,Jammu and Kashmir,250625.0,391529,667.1,26598831.25,67668.75,106.13,0.27,1.5622104738154614,1.489166667
Rice,1999,Kharif,Karnataka,1096198.0,2678951,1203.8,116339493.7,295973.46,106.12999996351024,0.27,2.4438568579763875,2.292962963
Rice,1999,Rabi,Karnataka,52778.0,107289,1203.8,5601329.14,14250.06,106.13,0.27,2.032835651218311,2.079285714
Rice,1999,Summer,Karnataka,300820.0,930490,1203.8,31926026.6,81221.4,106.13000000000001,0.26999999999999996,3.093178645036899,2.7336
Rice,1999,Autumn,Kerala,121525.0,252876,2914.6,12897448.25,32811.75,106.13,0.27,2.0808557909895082,2.081538462
Rice,1999,Summer,Kerala,58021.0,144551,2914.6,6157768.73,15665.67,106.13000000000001,0.27,2.4913565777907998,2.292857143
Rice,1999,Winter,Kerala,170228.0,373259,2914.6,18066297.64,45961.56,106.13000000000001,0.26999999999999996,2.1927003783161405,2.097142857
Rice,1999,Kharif,Madhya Pradesh,5514025.0,6663769,1222.9,585203473.3,1488786.75,106.13000000906777,0.27,1.208512656362639,1.110508475
Rice,1999,Kharif,Maharashtra,1457100.0,2466400,1166.5,154642023.0,393417.0,106.13,0.27,1.6926772356049689,1.211935484
Rice,1999,Summer,Maharashtra,41400.0,82900,1166.5,4393782.0,11178.0,106.13,0.27,2.002415458937198,2.081
Rice,1999,Kharif,Manipur,157050.0,364980,2092.7,16667716.5,42403.5,106.13,0.27,2.323973256924546,2.171111111
Rice,1999,Kharif,Meghalaya,102482.0,156887,6200.3,10876414.66,27670.14,106.13,0.27,1.530873714408384,1.605714286
Rice,1999,Rabi,Meghalaya,3929.0,13846,6200.3,416984.77,1060.83,106.13000000000001,0.26999999999999996,3.5240519216085517,1.755714286
Rice,1999,Kharif,Mizoram,49713.0,88397,2535.9,5276040.69,13422.51,106.13000000000001,0.27,1.7781465612616418,1.655
Rice,1999,Kharif,Nagaland,148000.0,222000,1782.2,15707240.0,39960.0,106.13,0.27,1.5,1.484285714
Rice,1999,Autumn,Odisha,797000.0,743000,1484.3,84585610.0,215190.0,106.13,0.27,0.9322459222082811,0.971333333
Rice,1999,Summer,Odisha,381810.0,912040,1484.3,40521495.3,103088.7,106.13,0.27,2.3887273774914224,2.073333333
Rice,1999,Winter,Odisha,3423000.0,3532000,1484.3,363282990.0,924210.0,106.13,0.27,1.0318434122115103,1.142666667
Rice,1999,Kharif,Puducherry,25444.0,59433,1434.5875,2700371.72,6869.88,106.13000000000001,0.27,2.335835560446471,2.61
Rice,1999,Kharif,Punjab,2604000.0,8716000,364.4,276362520.0,703080.0,106.13,0.27,3.3471582181259603,3.332352941
Rice,1999,Kharif,Sikkim,15908.0,23439,2678.5,1688316.04,4295.16,106.13,0.27,1.473409605230073,1.465
Rice,1999,Kharif,Tamil Nadu,2204046.0,7225373,922.8,233915402.0,595092.42,106.13000000907422,0.27,3.2782314888164765,3.499642857
Rice,1999,Kharif,Tripura,232160.0,505680,2147.4,24639140.8,62683.2,106.13000000000001,0.26999999999999996,2.1781529979324605,2.075
Rice,1999,Kharif,Uttar Pradesh,6079822.0,13230539,883.4,645251508.9,1641551.94,106.13000000657914,0.27,2.1761392027595545,1.991707317
Rice,1999,Summer,Uttar Pradesh,6052.0,16186,883.4,642298.76,1634.04,106.13,0.27,2.6744877726371445,2.190384615
Rice,1999,Autumn,West Bengal,427155.0,827970,2318.1,45333960.15,115331.85,106.13,0.27,1.9383362011447836,1.868888889
Rice,1999,Summer,West Bengal,1474338.0,4468400,2318.1,156471491.9,398071.26,106.12999997286919,0.27,3.030783985761745,2.897222222
Rice,1999,Winter,West Bengal,4248946.0,8463310,2318.1,450940639.0,1147215.42,106.13000000470704,0.26999999999999996,1.991861040361539,1.906666667
Rice,2000,Kharif,Andhra Pradesh,3003673.0,8233806,935.6,294870578.4,780954.98,98.16999999667074,0.26,2.7412458013904977,2.7
Rice,2000,Rabi,Andhra Pradesh,1239053.0,4224208,935.6,121637833.0,322153.78,98.16999999192932,0.26,3.409223011445031,2.939090909
Rice,2000,Kharif,Arunachal Pradesh,118601.0,132690,2157.7,11643060.17,30836.26,98.17,0.26,1.1187932648122698,1.066153846
Rice,2000,Autumn,Assam,539665.0,557764,1965.5,52978913.05,140312.9,98.16999999999999,0.26,1.0335374723207915,1.197826087
Rice,2000,Summer,Assam,329255.0,681027,1965.5,32322963.35,85606.3,98.17,0.26,2.0683877238007016,1.825217391
Rice,2000,Winter,Assam,1777257.0,2759652,1965.5,174473319.7,462086.82,98.17000000562665,0.26,1.5527591113721877,1.581304348
Rice,2000,Autumn,Bihar,2939790.0,4444354,1207.0,288599184.3,764345.4,98.17,0.26,1.5117930192292646,1.399189189
Rice,2000,Kharif,Bihar,591705.0,786858,1207.0,58087679.85,153843.3,98.17,0.25999999999999995,1.3298146880624635,1.310645161
Rice,2000,Summer,Bihar,125349.0,213158,1207.0,12305511.33,32590.74,98.17,0.26,1.7005161588843947,1.590645161
Rice,2000,Kharif,Chhattisgarh,3769746.0,2369295,896.4,370075964.8,980133.96,98.1699999946946,0.26,0.6285025569361967,0.6575
Rice,2000,Kharif,Delhi,6053.0,11420,544.3,594223.01,1573.78,98.17,0.26,1.8866677680489015,1.89
Rice,2000,Kharif,Goa,41000.0,96568,3886.9,4024970.0,10660.0,98.17,0.26,2.3553170731707316,2.36
Rice,2000,Rabi,Goa,16207.0,45555,3886.9,1591041.19,4213.82,98.17,0.26,2.8108224841118035,2.81
Rice,2000,Kharif,Gujarat,583500.0,472600,379.7,57282195.0,151710.0,98.17,0.26,0.8099400171379606,0.8725
Rice,2000,Summer,Gujarat,3900.0,10700,379.7,382863.0,1014.0,98.17,0.26,2.7435897435897436,3.53
Rice,2000,Kharif,Haryana,1054282.0,2695000,383.7,103498863.9,274113.32,98.16999996205949,0.26,2.5562420680614863,2.443157895
Rice,2000,Kharif,Himachal Pradesh,81519.0,124893,1068.4,8002720.23,21194.94,98.17,0.26,1.5320722776285283,1.55
Rice,2000,Kharif,Jammu and Kashmir,244051.0,415342,989.5,23958486.67,63453.26,98.17,0.26,1.7018655936668976,1.6
Rice,2000,Kharif,Karnataka,1120549.0,2792657,1213.3,110004295.3,291342.74,98.1699999732274,0.26,2.492222116123436,2.357407407
Rice,2000,Rabi,Karnataka,52005.0,106335,1213.3,5105330.85,13521.3,98.16999999999999,0.26,2.0447072396884916,2.064615385
Rice,2000,Summer,Karnataka,310892.0,947744,1213.3,30520267.64,80831.92,98.17,0.26,3.048466991752763,2.751304348
Rice,2000,Autumn,Kerala,129752.0,260306,2412.6,12737753.84,33735.52,98.17,0.25999999999999995,2.0061810222578456,1.938461538
Rice,2000,Summer,Kerala,55258.0,154606,2412.6,5424677.86,14367.08,98.17,0.26,2.7978935176806976,2.23
Rice,2000,Winter,Kerala,162445.0,336416,2412.6,15947225.65,42235.7,98.17,0.26,2.070953245713934,2.042857143
Rice,2000,Kharif,Madhya Pradesh,1697346.0,975274,723.3,166628456.8,441309.96,98.1699999882169,0.26,0.5745876209093491,0.613555556
Rice,2000,Kharif,Maharashtra,1486400.0,1879200,1057.8,145919888.0,386464.0,98.17,0.26,1.2642626480086114,0.9865625
Rice,2000,Summer,Maharashtra,25100.0,50500,1057.8,2464067.0,6526.0,98.17,0.26,2.0119521912350598,1.987
Rice,2000,Kharif,Manipur,156890.0,381750,1969.7,15401891.3,40791.4,98.17,0.26,2.4332334756836,2.26
Rice,2000,Kharif,Meghalaya,102657.0,165907,6258.8,10077837.69,26690.82,98.17,0.26,1.6161294407590325,1.681428571
Rice,2000,Rabi,Meghalaya,4003.0,13135,6258.8,392974.51,1040.78,98.17,0.26,3.281289033225081,1.744285714
Rice,2000,Kharif,Mizoram,51839.0,103673,2834.3,5089034.63,13478.14,98.17,0.26,1.9999035475221358,1.8875
Rice,2000,Kharif,Nagaland,150000.0,230000,1631.8,14725500.0,39000.0,98.17,0.26,1.5333333333333334,1.5025
Rice,2000,Rabi,Nagaland,1680.0,3330,1631.8,164925.6,436.8,98.17,0.26,1.9821428571428572,1.98
Rice,2000,Autumn,Odisha,854570.0,464250,1066.0,83893136.9,222188.2,98.17,0.26,0.5432556724434511,0.733666667
Rice,2000,Summer,Odisha,206730.0,441540,1066.0,20294684.1,53749.8,98.17,0.26,2.1358293426208097,1.685333333
Rice,2000,Winter,Odisha,3372220.0,3707590,1066.0,331050837.4,876777.2,98.16999999999999,0.26,1.0994508068868578,1.020666667
Rice,2000,Kharif,Puducherry,42779.0,103606,1434.5875,4199614.43,11122.54,98.16999999999999,0.26,2.421889244722878,2.605
Rice,2000,Kharif,Punjab,2611000.0,9154000,405.3,256321870.0,678860.0,98.17,0.26,3.5059364228265033,3.501764706
Rice,2000,Kharif,Sikkim,15218.0,21358,2504.8,1493951.06,3956.68,98.17,0.26,1.4034695755026942,1.4225
Rice,2000,Kharif,Tamil Nadu,2113344.0,7217903,971.1,207466980.5,549469.44,98.17000000946368,0.25999999999999995,3.415394275612489,3.611785714
Rice,2000,Kharif,Tripura,243070.0,547520,2437.5,23862181.9,63198.2,98.16999999999999,0.26,2.2525198502488997,2.185
Rice,2000,Kharif,Uttar Pradesh,5904128.0,11672250,874.4,579608245.8,1535073.28,98.17000000677491,0.26,1.9769642528075273,1.894782609
Rice,2000,Summer,Uttar Pradesh,3023.0,6899,874.4,296767.91,785.98,98.16999999999999,0.26,2.2821700297717498,2.083181818
Rice,2000,Kharif,Uttarakhand,285545.0,579074,1413.4,28031952.65,74241.7,98.17,0.26,2.027960566635732,1.649230769
Rice,2000,Rabi,Uttarakhand,3062.0,9578,1413.4,300596.54,796.12,98.16999999999999,0.26,3.1280209013716527,3.125
Rice,2000,Autumn,West Bengal,393944.0,683950,1907.7,38673482.48,102425.44,98.16999999999999,0.26,1.7361604695083566,1.648333333
Rice,2000,Summer,West Bengal,1401841.0,4541328,1907.7,137618731.0,364478.66,98.17000002140043,0.26,3.239545711674862,3.021111111
Rice,2000,Winter,West Bengal,3639538.0,7202760,1907.7,357293445.5,946279.88,98.1700000109904,0.26,1.9790314045354107,1.876111111
Rice,2001,Kharif,Andhra Pradesh,2426073.0,6500545,928.4,247774835.5,630778.98,102.13000000412188,0.26,2.6794515251602076,2.627272727
Rice,2001,Rabi,Andhra Pradesh,1398674.0,4889246,928.4,142846575.6,363655.24,102.12999998570074,0.26,3.4956294318761914,3.025909091
Rice,2001,Kharif,Arunachal Pradesh,119455.0,134621,2128.5,12199939.15,31058.3,102.13000000000001,0.26,1.126959943074798,1.135384615
Rice,2001,Autumn,Assam,495698.0,487719,1824.7,50625636.74,128881.48,102.13000000000001,0.26,0.98390350576359,1.120434783
Rice,2001,Summer,Assam,325987.0,653036,1824.7,33293052.31,84756.62,102.13,0.26,2.0032577986238715,1.806521739
Rice,2001,Winter,Assam,1714736.0,2713493,1824.7,175125987.7,445831.36,102.1300000116636,0.26,1.5824552584187888,1.600434783
Rice,2001,Autumn,Bihar,2844474.0,4354156,1247.0,290506129.6,739563.24,102.12999999296883,0.26,1.5307420633832476,1.409189189
Rice,2001,Kharif,Bihar,126106.0,243661,1247.0,12879205.78,32787.56,102.13,0.26,1.9321919654893502,1.792903226
Rice,2001,Summer,Bihar,593959.0,703404,1247.0,60661032.67,154429.34,102.13000000000001,0.26,1.1842635602794132,1.098275862
Rice,2001,Kharif,Chhattisgarh,3810112.0,5073721,1550.0,389126738.6,990629.12,102.13000001049839,0.26,1.331646156333462,1.34375
Rice,2001,Kharif,Delhi,6405.0,12063,611.9,654142.65,1665.3,102.13000000000001,0.26,1.8833723653395784,1.88
Rice,2001,Kharif,Goa,32746.0,79071,2530.6,3344348.98,8513.96,102.13,0.25999999999999995,2.4146766017223475,2.41
Rice,2001,Rabi,Goa,16637.0,47452,2530.6,1699136.81,4325.62,102.13000000000001,0.26,2.852196910500691,2.85
Rice,2001,Kharif,Gujarat,664000.0,1028700,666.5,67814320.0,172640.0,102.13,0.26,1.5492469879518072,1.533571429
Rice,2001,Summer,Gujarat,3800.0,11500,666.5,388094.0,988.0,102.13,0.26,3.026315789473684,2.935
Rice,2001,Kharif,Haryana,1027505.0,2726000,483.8,104939085.6,267151.3,102.12999995133843,0.26,2.65302845241629,2.645555556
Rice,2001,Kharif,Himachal Pradesh,80579.0,137418,918.1,8229533.27,20950.54,102.13,0.26,1.7053822956353393,1.654545455
Rice,2001,Kharif,Jammu and Kashmir,249830.0,422298,953.8,25515137.9,64955.8,102.13,0.26,1.6903414321738783,1.634166667
Rice,2001,Kharif,Karnataka,1087967.0,2393946,1002.9,111114069.7,282871.42,102.12999999080854,0.26,2.2003847543169965,2.154814815
Rice,2001,Rabi,Karnataka,53480.0,99699,1002.9,5461912.4,13904.8,102.13000000000001,0.26,1.8642296185489904,1.840714286
Rice,2001,Summer,Karnataka,276277.0,740400,1002.9,28216170.01,71832.02,102.13000000000001,0.26,2.679919066733749,2.4368
Rice,2001,Autumn,Kerala,116540.0,235838,2946.7,11902230.2,30300.4,102.13,0.26,2.023665694182255,1.886923077
Rice,2001,Summer,Kerala,43850.0,105032,2946.7,4478400.5,11401.0,102.13,0.26,2.3952565564424173,2.151428571
Rice,2001,Winter,Kerala,161978.0,362634,2946.7,16542813.14,42114.28,102.13000000000001,0.26,2.238785514082159,2.153571429
Rice,2001,Kharif,Madhya Pradesh,1766150.0,1685799,955.0,180376899.5,459199.0,102.13,0.26,0.9545049967443309,0.849333333
Rice,2001,Kharif,Maharashtra,1487200.0,2590400,1035.8,151887736.0,386672.0,102.13,0.26,1.7417966648735879,1.261875
Rice,2001,Summer,Maharashtra,26800.0,60800,1035.8,2737084.0,6968.0,102.13,0.26,2.2686567164179103,2.192
Rice,2001,Kharif,Manipur,162570.0,387270,2013.1,16603274.1,42268.2,102.13,0.26,2.382173832810482,2.234444444
Rice,2001,Kharif,Meghalaya,107761.0,188971,4241.0,11005630.93,28017.86,102.13,0.26,1.7536121602435017,1.751428571
Rice,2001,Kharif,Mizoram,55880.0,105713,2406.4,5707024.4,14528.8,102.13000000000001,0.26,1.8917859699355761,1.825
Rice,2001,Kharif,Nagaland,155000.0,235000,1532.0,15830150.0,40300.0,102.13,0.26,1.5161290322580645,1.485
Rice,2001,Rabi,Nagaland,1500.0,2000,1532.0,153195.0,390.0,102.13,0.26,1.3333333333333333,1.76
Rice,2001,Kharif,Odisha,4500000.0,7220000,1672.5,459585000.0,1170000.0,102.13,0.26,1.6044444444444443,1.583666667
Rice,2001,Kharif,Puducherry,26263.0,66868,1434.5875,2682240.19,6828.38,102.13,0.26,2.546091459467692,2.415
Rice,2001,Kharif,Punjab,2487000.0,8816000,479.3,253997310.0,646620.0,102.13,0.26,3.544833132287897,3.517058824
Rice,2001,Kharif,Sikkim,14900.0,21372,2372.5,1521737.0,3874.0,102.13,0.26,1.4343624161073825,1.4275
Rice,2001,Kharif,Tamil Nadu,2059878.0,6583630,481.3,210375340.1,535568.28,102.12999998058137,0.26,3.1961261783464847,3.532857143
Rice,2001,Kharif,Tripura,246750.0,587390,2284.4,25200577.5,64155.0,102.13,0.26,2.380506585612969,2.28
Rice,2001,Kharif,Uttar Pradesh,6068496.0,12849116,849.9,619775496.5,1577808.96,102.1300000032957,0.26,2.117347692080542,2.016086957
Rice,2001,Summer,Uttar Pradesh,2829.0,6741,849.9,288925.77,735.54,102.13000000000001,0.26,2.3828207847295864,2.097777778
Rice,2001,Kharif,Uttarakhand,280816.0,567662,1541.3,28679738.08,73012.16,102.13,0.26,2.0214731354338786,1.608461538
Rice,2001,Rabi,Uttarakhand,3761.0,11855,1541.3,384110.93,977.86,102.13,0.26,3.1520872108481788,2.2625
Rice,2001,Autumn,West Bengal,353048.0,731778,1556.6,36056792.24,91792.48,102.13000000000001,0.26,2.0727436495887246,2.094705882
Rice,2001,Summer,West Bengal,1366273.0,4166145,1556.6,139537461.5,355230.98,102.13000000731918,0.26,3.049277121043891,2.788823529
Rice,2001,Winter,West Bengal,3783766.0,8917625,1556.6,386436021.6,983779.16,102.13000000528575,0.26,2.356811969873401,2.235294118
Rice,2002,Kharif,Andhra Pradesh,2109301.0,5054013,648.1,199687525.7,527325.25,94.67000001422272,0.25,2.396060590688574,2.202727273
Rice,2002,Rabi,Andhra Pradesh,712766.0,2272773,648.1,67477557.22,178191.5,94.67,0.25,3.1886664066467816,2.533636364
Rice,2002,Kharif,Arunachal Pradesh,124584.0,152500,2832.8,11794367.28,31146.0,94.67,0.25,1.2240737173312786,1.182666667
Rice,2002,Autumn,Assam,464497.0,444884,1973.6,43973930.99,116124.25,94.67,0.25,0.9577758306296918,1.076521739
Rice,2002,Summer,Assam,327468.0,622358,1973.6,31001395.56,81867.0,94.67,0.25,1.9005154702138836,1.794347826
Rice,2002,Winter,Assam,1748715.0,2670560,1973.6,165550849.1,437178.75,94.67000002859243,0.25,1.5271556542947249,1.545652174
Rice,2002,Autumn,Bihar,583274.0,682933,1105.8,55218549.58,145818.5,94.67,0.25,1.1708613790431255,1.060714286
Rice,2002,Summer,Bihar,120354.0,197607,1105.8,11393913.18,30088.5,94.67,0.25,1.6418814497233163,1.625517241
Rice,2002,Winter,Bihar,2881073.0,4205026,1105.8,272751180.9,720268.25,94.66999999652906,0.25,1.4595346941920597,1.345945946
Rice,2002,Kharif,Chhattisgarh,3777661.0,2634853,1001.4,357631166.9,944415.25,94.67000000794141,0.25,0.6974826486548158,0.710625
Rice,2002,Kharif,Delhi,6096.0,12907,593.6,577108.32,1524.0,94.66999999999999,0.25,2.117290026246719,2.12
Rice,2002,Kharif,Goa,33728.0,90072,2516.3,3193029.76,8432.0,94.66999999999999,0.25,2.6705407969639468,2.67
Rice,2002,Rabi,Goa,16441.0,44695,2516.3,1556469.47,4110.25,94.67,0.25,2.7185086065324495,2.72
Rice,2002,Kharif,Gujarat,469000.0,541700,458.4,44400230.0,117250.0,94.67,0.25,1.1550106609808102,1.209230769
Rice,2002,Summer,Gujarat,11800.0,54700,458.4,1117106.0,2950.0,94.67,0.25,4.635593220338983,4.53
Rice,2002,Kharif,Haryana,905651.0,2468000,353.9,85737980.17,226412.75,94.67,0.25,2.725111549592503,2.495
Rice,2002,Kharif,Himachal Pradesh,83273.0,85653,890.8,7883454.91,20818.25,94.67,0.25,1.028580692421313,1.133636364
Rice,2002,Kharif,Jammu and Kashmir,236199.0,421457,933.2,22360959.33,59049.75,94.66999999999999,0.25,1.7843301622784178,1.708333333
Rice,2002,Autumn,Jharkhand,136359.61,89082,1041.2,12909164.28,34089.9025,94.67000000953362,0.25,0.6532872893960316,1.516666667
Rice,2002,Winter,Jharkhand,922658.68,974008,1041.2,87348097.24,230664.67,94.67000000476881,0.25,1.0556536464817086,1.062222222
Rice,2002,Kharif,Karnataka,1030464.0,2103709,860.8,97554026.88,257616.0,94.67,0.25,2.041516248990746,2.035185185
Rice,2002,Rabi,Karnataka,50456.0,102312,860.8,4776669.52,12614.0,94.66999999999999,0.25,2.027746947835738,2.000666667
Rice,2002,Summer,Karnataka,73863.0,184064,860.8,6992610.21,18465.75,94.67,0.25,2.4919648538510484,2.378
Rice,2002,Autumn,Kerala,112438.0,233217,2511.2,10644505.46,28109.5,94.67,0.25,2.0741831053558406,2.130769231
Rice,2002,Summer,Kerala,41079.0,111850,2511.2,3888948.93,10269.75,94.67,0.25,2.7228024051218385,2.212142857
Rice,2002,Winter,Kerala,157004.0,343792,2511.2,14863568.68,39251.0,94.67,0.25,2.1897021731930395,2.123571429
Rice,2002,Kharif,Madhya Pradesh,1671107.0,1024930,800.8,158203699.7,417776.75,94.67000000598405,0.25,0.6133239822464989,0.608
Rice,2002,Kharif,Maharashtra,1496800.0,1793000,967.4,141702056.0,374200.0,94.67,0.25,1.1978888295029395,0.8903125
Rice,2002,Summer,Maharashtra,26500.0,61100,967.4,2508755.0,6625.0,94.67,0.25,2.3056603773584907,2.288
Rice,2002,Kharif,Manipur,153110.0,335700,1743.7,14494923.7,38277.5,94.67,0.25,2.1925413101691595,2.034444444
Rice,2002,Kharif,Meghalaya,107742.0,190937,4355.3,10199935.14,26935.5,94.67,0.25,1.77216869930018,1.767142857
Rice,2002,Kharif,Mizoram,57067.0,109205,2627.0,5402532.89,14266.75,94.66999999999999,0.25,1.913627840958873,1.89
Rice,2002,Kharif,Nagaland,150000.0,223400,1536.6,14200500.0,37500.0,94.67,0.25,1.4893333333333334,1.46375
Rice,2002,Kharif,Odisha,4273000.0,3278000,1102.8,404524910.0,1068250.0,94.67,0.25,0.7671425228176925,0.753333333
Rice,2002,Kharif,Puducherry,24142.0,57514,1434.5875,2285523.14,6035.5,94.67,0.25,2.382321265843758,2.56
Rice,2002,Kharif,Punjab,2530000.0,8880000,301.8,239515100.0,632500.0,94.67,0.25,3.5098814229249014,3.438823529
Rice,2002,Kharif,Sikkim,14790.0,21220,2496.2,1400169.3,3697.5,94.67,0.25,1.4347532116294794,1.4325
Rice,2002,Kharif,Tamil Nadu,1516537.0,3577108,315.9,143570557.8,379134.25,94.67000000659398,0.25,2.3587344060843884,2.884642857
Rice,2002,Kharif,Tripura,255270.0,602410,2579.8,24166410.9,63817.5,94.66999999999999,0.25,2.3598934461550516,2.255
Rice,2002,Kharif,Uttar Pradesh,5209137.0,9586935,664.0,493148999.8,1302284.25,94.6700000019197,0.25,1.8404075377552942,1.765942029
Rice,2002,Summer,Uttar Pradesh,4292.0,9411,664.0,406323.64,1073.0,94.67,0.25,2.1926840633737186,1.960952381
Rice,2002,Kharif,Uttarakhand,271219.0,511526,1610.3,25676302.73,67804.75,94.67,0.25,1.8860256840413099,1.461538462
Rice,2002,Rabi,Uttarakhand,4090.0,11649,1610.3,387200.3,1022.5,94.67,0.25,2.8481662591687043,2.8
Rice,2002,Autumn,West Bengal,384965.0,796652,1629.1,36444636.55,96241.25,94.66999999999999,0.25,2.069414102580754,2.092777778
Rice,2002,Summer,West Bengal,1406078.0,4198595,1629.1,133113404.3,351519.5,94.67000002844792,0.25,2.986032780542758,2.747777778
Rice,2002,Winter,West Bengal,4051084.0,9393991,1629.1,383516122.3,1012771.0,94.67000000493695,0.25,2.318883291484452,2.221666667
Rice,2003,Kharif,Andhra Pradesh,2108904.0,5841539,826.0,208739317.9,506136.96,98.9799999905164,0.24000000000000002,2.769940689571455,2.670909091
Rice,2003,Rabi,Andhra Pradesh,865734.0,3111263,826.0,85690351.32,207776.16,98.97999999999999,0.24,3.593786313116962,2.729090909
Rice,2003,Kharif,Arunachal Pradesh,119205.0,154589,2782.2,11798910.9,28609.2,98.98,0.24000000000000002,1.2968331865274108,1.201333333
Rice,2003,Autumn,Assam,441143.0,430374,2213.7,43664334.14,105874.32,98.98,0.24000000000000002,0.9755884146410574,1.118695652
Rice,2003,Summer,Assam,319480.0,573189,2213.7,31622130.4,76675.2,98.97999999999999,0.24,1.7941310880180292,1.493913043
Rice,2003,Winter,Assam,1769203.0,2877371,2213.7,175115712.9,424608.72,98.97999997739095,0.24,1.6263656573044472,1.618695652
Rice,2003,Autumn,Bihar,553904.0,688189,1353.9,54825417.92,132936.96,98.98,0.24,1.2424337069239435,1.141666667
Rice,2003,Kharif,Bihar,190236.0,270831,1353.9,18829559.28,45656.64,98.98,0.24,1.423657982716205,1.42
Rice,2003,Summer,Bihar,116885.0,169902,1353.9,11569277.3,28052.4,98.98,0.24000000000000002,1.4535825811695255,1.324642857
Rice,2003,Winter,Bihar,2907199.0,4589705,1353.9,287754557.0,697727.76,98.97999999312053,0.24,1.5787378160215382,1.456315789
Rice,2003,Kharif,Chhattisgarh,3828992.0,5567644,1643.7,378993628.2,918958.08,98.98000001044662,0.24,1.4540756418399412,1.4375
Rice,2003,Kharif,Delhi,6549.0,17909,962.3,648220.02,1571.76,98.98,0.24,2.7346159719041077,2.73
Rice,2003,Kharif,Goa,35471.0,115996,3011.6,3510919.58,8513.04,98.98,0.24000000000000002,3.270164359617716,3.27
Rice,2003,Rabi,Goa,17330.0,54665,3011.6,1715323.4,4159.2,98.97999999999999,0.24,3.1543566070398152,3.15
Rice,2003,Kharif,Gujarat,651400.0,1193200,902.5,64475572.0,156336.0,98.98,0.24,1.8317470064476513,1.7125
Rice,2003,Summer,Gujarat,23900.0,83800,902.5,2365622.0,5736.0,98.98,0.24,3.506276150627615,3.565714286
Rice,2003,Kharif,Haryana,1015191.0,2790000,592.3,100483605.2,243645.84,98.98000001970073,0.24,2.748251314284701,2.733333333
Rice,2003,Kharif,Himachal Pradesh,81335.0,120624,1112.6,8050538.3,19520.4,98.98,0.24000000000000002,1.4830515768119505,1.469090909
Rice,2003,Kharif,Jammu and Kashmir,259815.0,504797,1430.3,25716488.7,62355.6,98.98,0.24,1.9429093778265305,1.870833333
Rice,2003,Autumn,Jharkhand,614160.1,418254,1258.3,60789566.7,147398.424,98.98000000325649,0.24000000000000002,0.6810178648857196,0.74
Rice,2003,Winter,Jharkhand,1437560.59,1525099,1258.3,142289747.2,345014.5416,98.98000000125211,0.24,1.060893718573629,0.998636364
Rice,2003,Kharif,Karnataka,944272.0,2100123,867.6,93464042.56,226625.28,98.98,0.24,2.2240657352966093,2.133333333
Rice,2003,Rabi,Karnataka,54629.0,158046,867.6,5407178.42,13110.96,98.98,0.24,2.893078767687492,2.892
Rice,2003,Summer,Karnataka,74998.0,292230,867.6,7423302.04,17999.52,98.98,0.24000000000000002,3.8965039067708473,3.8768
Rice,2003,Autumn,Kerala,102770.0,220132,2386.0,10172174.6,24664.8,98.97999999999999,0.24,2.1419869611754403,2.140769231
Rice,2003,Summer,Kerala,37186.0,83239,2386.0,3680670.28,8924.64,98.97999999999999,0.24,2.2384499542838703,1.845
Rice,2003,Winter,Kerala,147384.0,266674,2386.0,14588068.32,35372.16,98.98,0.24000000000000002,1.8093822938717907,1.960714286
Rice,2003,Kharif,Madhya Pradesh,1708583.0,1743430,1163.0,169115545.3,410059.92,98.9799999765888,0.24,1.0203952632093378,0.997916667
Rice,2003,Kharif,Maharashtra,1500400.0,2768600,1037.4,148509592.0,360096.0,98.98,0.24,1.8452412689949347,1.232258065
Rice,2003,Summer,Maharashtra,29500.0,65500,1037.4,2919910.0,7080.0,98.98,0.24,2.2203389830508473,2.217
Rice,2003,Kharif,Manipur,157830.0,381240,687.7,15622013.4,37879.2,98.98,0.24,2.4155103592472913,2.305555556
Rice,2003,Kharif,Meghalaya,109721.0,200703,3321.3,10860184.58,26333.04,98.98,0.24000000000000002,1.829212274769643,1.798571429
Rice,2003,Kharif,Mizoram,59196.0,114630,2499.5,5859220.08,14207.04,98.98,0.24000000000000002,1.936448408676262,1.925
Rice,2003,Kharif,Nagaland,155000.0,220990,1709.8,15341900.0,37200.0,98.98,0.24,1.425741935483871,1.36
Rice,2003,Rabi,Nagaland,1000.0,2000,1709.8,98980.0,240.0,98.98,0.24,2.0,1.945
Rice,2003,Kharif,Odisha,4501000.0,6801000,1648.2,445508980.0,1080240.0,98.98,0.24,1.5109975560986448,1.516333333
Rice,2003,Kharif,Puducherry,25065.0,67003,1434.5875,2480933.7,6015.6,98.98,0.24000000000000002,2.6731697586275684,2.993333333
Rice,2003,Kharif,Punjab,2614000.0,9656000,451.7,258733720.0,627360.0,98.98,0.24,3.693955623565417,3.678235294
Rice,2003,Kharif,Sikkim,14740.0,21190,2838.1,1458965.2,3537.6,98.97999999999999,0.24,1.437584803256445,1.4275
Rice,2003,Kharif,Tamil Nadu,1396651.0,3222776,345.6,138240516.0,335196.24,98.98000001431997,0.24,2.3075027333242164,2.728214286
Rice,2003,Kharif,Tripura,257440.0,616820,2487.9,25481411.2,61785.6,98.98,0.24,2.3959757613424486,2.31
Rice,2003,Kharif,Uttar Pradesh,5719933.0,12476923,1075.6,566158968.3,1372783.92,98.9799999930069,0.24,2.1813057950154313,2.066285714
Rice,2003,Summer,Uttar Pradesh,7839.0,18016,1075.6,775904.22,1881.36,98.97999999999999,0.24,2.2982523281030742,2.1595
Rice,2003,Kharif,Uttarakhand,271671.0,520831,1734.3,26889995.58,65201.04,98.97999999999999,0.24,1.917138745026153,1.640769231
Rice,2003,Summer,Uttarakhand,5655.0,21126,1734.3,559731.9,1357.2,98.98,0.24000000000000002,3.735809018567639,3.66
Rice,2003,Autumn,West Bengal,339753.0,719205,1526.7,33628751.94,81540.72,98.97999999999999,0.24,2.1168466503607033,2.131666667
Rice,2003,Summer,West Bengal,1390148.0,4289454,1526.7,137596849.0,333635.52,98.97999997122608,0.24000000000000002,3.0856095897702978,2.879444444
Rice,2003,Winter,West Bengal,4126706.0,9653580,1526.7,408461359.9,990409.44,98.98000000484647,0.24,2.339294342751822,2.283333333
Rice,2004,Kharif,Andhra Pradesh,2215067.0,6392717,781.8,239980358.8,465164.07,108.34000000902908,0.21,2.8860151859966314,2.720454545
Rice,2004,Rabi,Andhra Pradesh,871135.0,3208328,781.8,94378765.9,182938.35,108.34,0.21000000000000002,3.682928593157203,2.83
Rice,2004,Kharif,Arunachal Pradesh,121642.0,134950,2939.5,13178694.28,25544.82,108.33999999999999,0.21,1.1094030022525114,1.080625
Rice,2004,Autumn,Assam,436244.0,286330,2536.9,47262674.96,91611.24,108.34,0.21000000000000002,0.656352866744299,0.802173913
Rice,2004,Summer,Assam,311437.0,610136,2536.9,33741084.58,65401.77,108.33999999999999,0.21,1.9590992720839207,1.764347826
Rice,2004,Winter,Assam,1636050.0,2574284,2536.9,177249657.0,343570.5,108.34,0.21,1.5734751382903946,1.551304348
Rice,2004,Autumn,Bihar,534477.0,477325,1147.8,57905238.18,112240.17,108.34,0.21,0.89306929952084,0.788148148
Rice,2004,Summer,Bihar,116220.0,166198,1147.8,12591274.8,24406.2,108.34,0.21000000000000002,1.4300292548614697,1.437407407
Rice,2004,Winter,Bihar,2489419.0,1828633,1147.8,269703654.5,522777.99,108.340000016068,0.21,0.7345621608897498,0.647105263
Rice,2004,Kharif,Chhattisgarh,3843825.0,4586818,1122.8,416440000.5,807203.25,108.34,0.21,1.1932952202558649,1.160625
Rice,2004,Kharif,Delhi,8431.0,28216,651.9,913414.54,1770.51,108.34,0.21,3.3466967145059896,3.35
Rice,2004,Kharif,Goa,52442.0,145174,2518.0,5681566.28,11012.82,108.34,0.21,2.7682773349605276,2.75
Rice,2004,Kharif,Gujarat,665600.0,1157300,719.8,72111104.0,139776.0,108.34,0.21,1.7387319711538463,1.730666667
Rice,2004,Summer,Gujarat,13800.0,39200,719.8,1495092.0,2898.0,108.34,0.21,2.8405797101449277,2.68625
Rice,2004,Kharif,Haryana,1024236.0,3010000,484.6,110965728.2,215089.56,108.3399999609465,0.21,2.9387758290081583,2.832777778
Rice,2004,Kharif,Himachal Pradesh,79519.0,109129,939.2,8615088.46,16698.99,108.34000000000002,0.21000000000000002,1.3723638375734102,1.454545455
Rice,2004,Kharif,Jammu and Kashmir,250044.0,492732,1032.1,27089766.96,52509.24,108.34,0.21,1.9705811777127225,1.838333333
Rice,2004,Autumn,Jharkhand,153608.9,105328,1149.2,16641988.23,32257.869,108.34000002604016,0.21,0.6856894359636714,0.714
Rice,2004,Winter,Jharkhand,980642.41,901045,1149.2,106242798.7,205934.9061,108.34000000061184,0.21,0.9188313607607487,0.85
Rice,2004,Kharif,Karnataka,1055061.0,2627561,1117.7,114305308.7,221562.81,108.3399999620875,0.21,2.490435150195107,2.37
Rice,2004,Rabi,Karnataka,43861.0,144235,1117.7,4751900.74,9210.81,108.34,0.21,3.2884567155331617,3.388666667
Rice,2004,Summer,Karnataka,209257.0,935326,1117.7,22670903.38,43943.97,108.33999999999999,0.21,4.469747726479879,4.251666667
Rice,2004,Autumn,Kerala,105349.0,241824,2880.2,11413510.66,22123.29,108.34,0.21000000000000002,2.295456055586669,2.271538462
Rice,2004,Summer,Kerala,35732.0,89752,2880.2,3871204.88,7503.72,108.34,0.21000000000000002,2.511810142169484,2.256923077
Rice,2004,Winter,Kerala,148893.0,335529,2880.2,16131067.62,31267.53,108.33999999999999,0.21,2.253490761822248,2.175714286
Rice,2004,Kharif,Madhya Pradesh,1675513.0,1302615,895.7,181525078.4,351857.73,108.33999998806335,0.21,0.7774424907476098,0.803541667
Rice,2004,Kharif,Maharashtra,1488200.0,2098200,1052.0,161231588.0,312522.0,108.34,0.21,1.409891143663486,1.022903226
Rice,2004,Summer,Maharashtra,20500.0,49000,1052.0,2220970.0,4305.0,108.34,0.21,2.3902439024390243,2.463
Rice,2004,Kharif,Manipur,176310.0,435930,1613.3,19101425.4,37025.1,108.33999999999999,0.21,2.4725199931938064,2.327777778
Rice,2004,Autumn,Meghalaya,32667.0,37766,4767.9,3539142.78,6860.07,108.33999999999999,0.21,1.1560902439771024,1.492857143
Rice,2004,Summer,Meghalaya,9224.0,37439,4767.9,999328.16,1937.04,108.34,0.21,4.058868169991327,2.078333333
Rice,2004,Winter,Meghalaya,69659.0,118514,4767.9,7546856.06,14628.39,108.33999999999999,0.21,1.7013451241045665,1.792857143
Rice,2004,Kharif,Mizoram,57085.0,107660,2640.8,6184588.9,11987.85,108.34,0.21000000000000002,1.8859595340282036,1.9225
Rice,2004,Kharif,Nagaland,153000.0,259750,1711.5,16576020.0,32130.0,108.34,0.21,1.6977124183006536,1.65625
Rice,2004,Rabi,Nagaland,1000.0,2000,1711.5,108340.0,210.0,108.34,0.21,2.0,1.99
Rice,2004,Autumn,Odisha,824000.0,677000,1290.4,89272160.0,173040.0,108.34,0.21,0.8216019417475728,0.98
Rice,2004,Summer,Odisha,293000.0,652000,1290.4,31743620.0,61530.0,108.34,0.21,2.2252559726962455,1.938148148
Rice,2004,Winter,Odisha,3375000.0,5207000,1290.4,365647500.0,708750.0,108.34,0.21,1.5428148148148149,1.511333333
Rice,2004,Autumn,Puducherry,6237.0,17257,1434.5875,675716.58,1309.77,108.33999999999999,0.21,2.7668751002084337,2.76
Rice,2004,Summer,Puducherry,5689.0,15537,1434.5875,616346.26,1194.69,108.34,0.21000000000000002,2.7310599402355424,2.73
Rice,2004,Winter,Puducherry,12896.0,28242,1434.5875,1397152.64,2708.16,108.33999999999999,0.21,2.189981389578164,2.803333333
Rice,2004,Kharif,Punjab,2800000.0,10437000,366.4,303352000.0,588000.0,108.34,0.21,3.7275,3.788823529
Rice,2004,Kharif,Sikkim,9070.0,21610,1650.5,982643.8,1904.7,108.34,0.21,2.38257993384785,4.7875
Rice,2004,Kharif,Tamil Nadu,1872822.0,5061622,1034.0,202901535.5,393292.62,108.34000001067908,0.21,2.702671156148315,3.015172414
Rice,2004,Kharif,Tripura,256076.0,602221,2706.3,27743273.84,53775.96,108.34,0.21,2.351727612115153,2.24
Rice,2004,Kharif,Uttar Pradesh,5934405.0,10749989,704.0,642933437.7,1246225.05,108.34,0.21000000000000002,1.811468715060735,1.827714286
Rice,2004,Kharif,Uttarakhand,281464.0,537876,1219.6,30493809.76,59107.44,108.34,0.21000000000000002,1.9109939459398004,1.592307692
Rice,2004,Summer,Uttarakhand,7511.0,22367,1219.6,813741.74,1577.31,108.34,0.21,2.977899081347357,2.975
Rice,2004,Autumn,West Bengal,320822.0,653044,1612.9,34757855.48,67372.62,108.33999999999999,0.21,2.035533722749687,2.037222222
Rice,2004,Summer,West Bengal,1376387.0,4257111,1612.9,149117767.6,289041.27,108.34000001453079,0.21000000000000002,3.092960773387136,2.857777778
Rice,2004,Winter,West Bengal,4086404.0,9974734,1612.9,442721009.4,858144.84,108.34000000978855,0.21,2.4409564007866082,2.336111111
Rice,2005,Kharif,Andhra Pradesh,2526108.0,6376990,1075.5,302930871.4,530482.68,119.92000001583463,0.21000000000000002,2.5244328429346647,2.549090909
Rice,2005,Rabi,Andhra Pradesh,1455643.0,5326634,1075.5,174560708.6,305685.03,119.92000002747926,0.21000000000000002,3.6592997046665974,3.132272727
Rice,2005,Kharif,Arunachal Pradesh,122267.0,146191,2767.0,14662258.64,25676.07,119.92,0.21,1.1956701317608185,1.16125
Rice,2005,Autumn,Assam,398316.0,398077,2184.6,47766054.72,83646.36,119.92,0.21,0.9993999738900772,1.132222222
Rice,2005,Summer,Assam,314671.0,559969,2184.6,37735346.32,66080.91,119.92,0.21000000000000002,1.7795379936505111,1.637692308
Rice,2005,Winter,Assam,1707340.0,2594392,2184.6,204744212.8,358541.4,119.92,0.21000000000000002,1.519552051729591,1.502592593
Rice,2005,Autumn,Bihar,533233.0,503448,907.8,63945301.36,111978.93,119.92,0.21,0.9441426168297911,0.962666667
Rice,2005,Summer,Bihar,113251.0,182827,907.8,13581059.92,23782.71,119.92,0.21,1.61435219115063,1.304583333
Rice,2005,Winter,Bihar,2604752.0,3023010,907.8,312361859.8,546997.92,119.91999998464345,0.21000000000000002,1.1605749798829217,1.035263158
Rice,2005,Kharif,Chhattisgarh,3854352.0,5267537,1292.7,462213891.8,809413.92,119.91999998962213,0.21000000000000002,1.3666465854701386,1.30375
Rice,2005,Kharif,Delhi,7506.0,21092,653.1,900119.52,1576.26,119.92,0.21,2.8100186517452705,2.81
Rice,2005,Kharif,Goa,52177.0,147236,3392.8,6257065.84,10957.17,119.92,0.21,2.8218563734979014,2.81
Rice,2005,Kharif,Gujarat,648300.0,1209300,942.4,77744136.0,136143.0,119.92,0.21,1.8653401203146691,1.843125
Rice,2005,Summer,Gujarat,24600.0,74300,942.4,2950032.0,5166.0,119.92,0.21,3.0203252032520327,3.054444444
Rice,2005,Kharif,Haryana,1046588.0,3194000,516.9,125506833.0,219783.48,119.92000003821943,0.21000000000000002,3.051821729276468,2.940526316
Rice,2005,Kharif,Himachal Pradesh,79366.0,112139,1248.1,9517570.72,16666.86,119.92,0.21000000000000002,1.4129350099538844,1.396363636
Rice,2005,Kharif,Jammu and Kashmir,259014.0,556774,1721.8,31060958.88,54392.94,119.92,0.21000000000000002,2.1495903696325294,2.040833333
Rice,2005,Autumn,Jharkhand,149362.86,77860,965.2,17911594.17,31366.2006,119.9199999919659,0.21000000000000002,0.5212808592443932,0.557857143
Rice,2005,Winter,Jharkhand,954735.25,536165,965.2,114491851.2,200494.4025,119.92000002094822,0.21,0.5615850048482027,0.531363636
Rice,2005,Kharif,Karnataka,1075993.0,2770413,1316.2,129033080.6,225958.53,119.92000003717496,0.21,2.5747500216079473,2.50962963
Rice,2005,Rabi,Karnataka,44944.0,97483,1316.2,5389684.48,9438.24,119.92000000000002,0.21,2.1689880740477037,2.2675
Rice,2005,Summer,Karnataka,364244.0,1131350,1316.2,43680140.48,76491.24,119.91999999999999,0.21000000000000002,3.1060223366754154,3.0144
Rice,2005,Autumn,Kerala,98256.0,212520,3030.9,11782859.52,20633.76,119.92,0.21,2.162921348314607,2.096923077
Rice,2005,Summer,Kerala,21857.0,59733,3030.9,2621091.44,4589.97,119.92,0.21000000000000002,2.732900215034085,2.345714286
Rice,2005,Winter,Kerala,155629.0,357734,3030.9,18663029.68,32682.09,119.92,0.21,2.298633288140385,2.189285714
Rice,2005,Kharif,Madhya Pradesh,1700446.0,1687475,1032.7,203917484.3,357093.66,119.91999998823839,0.21,0.9923720012279131,0.881041667
Rice,2005,Kharif,Maharashtra,1473700.0,2596800,1387.2,176726104.0,309477.0,119.92,0.21,1.7620954061206486,1.215666667
Rice,2005,Summer,Maharashtra,38800.0,72200,1387.2,4652896.0,8148.0,119.92,0.21,1.8608247422680413,2.007
Rice,2005,Kharif,Manipur,166260.0,386070,1585.4,19937899.2,34914.6,119.92,0.21,2.3220858895705523,2.238888889
Rice,2005,Autumn,Meghalaya,32678.0,43762,3374.4,3918745.76,6862.38,119.91999999999999,0.21,1.3391884448252647,1.597142857
Rice,2005,Summer,Meghalaya,9791.0,39910,3374.4,1174136.72,2056.11,119.92,0.21000000000000002,4.076192421611684,2.245
Rice,2005,Winter,Meghalaya,63602.0,124605,3374.4,7627151.84,13356.42,119.92,0.21,1.9591365051413479,1.971428571
Rice,2005,Whole Year,Mizoram,56460.0,107740,2075.4,6770683.2,11856.6,119.92,0.21000000000000002,1.9082536308891251,1.9425
Rice,2005,Kharif,Nagaland,155500.0,261300,1568.6,18647560.0,32655.0,119.92,0.21,1.680385852090032,1.6425
Rice,2005,Rabi,Nagaland,900.0,1800,1568.6,107928.0,189.0,119.92,0.21,2.0,2.06
Rice,2005,Autumn,Odisha,781000.0,681000,1503.4,93657520.0,164010.0,119.92,0.21,0.8719590268886044,1.016428571
Rice,2005,Summer,Odisha,325000.0,702000,1503.4,38974000.0,68250.0,119.92,0.21,2.16,2.04
Rice,2005,Winter,Odisha,3373000.0,5475000,1503.4,404490160.0,708330.0,119.92,0.21,1.6231841091016899,1.639666667
Rice,2005,Autumn,Puducherry,5348.0,15278,1434.5875,641332.16,1123.08,119.92,0.21,2.856768885564697,2.57
Rice,2005,Summer,Puducherry,5167.0,13013,1434.5875,619626.64,1085.07,119.92,0.21,2.5184826785368686,1.845
Rice,2005,Winter,Puducherry,12410.0,25326,1434.5875,1488207.2,2606.1,119.92,0.21,2.0407735697018534,2.89
Rice,2005,Kharif,Punjab,2642000.0,10193000,566.7,316828640.0,554820.0,119.92,0.21,3.8580620741862224,3.820588235
Rice,2005,Kharif,Sikkim,9790.0,23690,2041.6,1174016.8,2055.9,119.92,0.21000000000000002,2.4198161389172625,5.3425
Rice,2005,Kharif,Tamil Nadu,2050455.0,5209433,1364.1,245890563.6,430595.55,119.92,0.21,2.540622934909569,2.895517241
Rice,2005,Kharif,Tripura,253067.0,602947,1765.9,30347794.64,53144.07,119.92,0.21,2.3825587690216423,2.305
Rice,2005,Kharif,Uttar Pradesh,5571524.0,11119095,751.9,668137158.1,1170020.04,119.92000000358969,0.21000000000000002,1.995700817227028,1.951714286
Rice,2005,Kharif,Uttarakhand,275459.0,526520,1353.3,33033043.28,57846.39,119.92,0.21,1.9114278349954077,1.62
Rice,2005,Summer,Uttarakhand,8971.0,42646,1353.3,1075802.32,1883.91,119.92,0.21000000000000002,4.753762122394382,3.89
Rice,2005,Autumn,West Bengal,288129.0,605612,1650.1,34552429.68,60507.09,119.92,0.21,2.101877978266679,2.116111111
Rice,2005,Summer,West Bengal,1381957.0,4047038,1650.1,165724283.4,290210.97,119.91999997105555,0.21,2.928483303026071,2.767222222
Rice,2005,Winter,West Bengal,4112863.0,9858092,1650.1,493214531.0,863701.23,119.92000000972558,0.21,2.396892870003207,2.317222222
Rice,2006,Kharif,Andhra Pradesh,2640870.0,6949186,845.2,337265507.7,580991.4,127.71,0.22,2.6314002582482288,2.689090909
Rice,2006,Rabi,Andhra Pradesh,1337020.0,4922944,845.2,170750824.2,294144.4,127.71,0.22000000000000003,3.6820271948063605,3.036818182
Rice,2006,Kharif,Arunachal Pradesh,123038.0,144635,1940.0,15713182.98,27068.36,127.71000000000001,0.22,1.1755311367219883,1.151875
Rice,2006,Autumn,Assam,379441.0,335708,1774.9,48458410.11,83477.02,127.71,0.22,0.884743609678448,1.028148148
Rice,2006,Summer,Assam,312471.0,630162,1774.9,39905671.41,68743.62,127.71,0.21999999999999997,2.0167055502750655,1.837037037
Rice,2006,Winter,Assam,1504647.0,1950144,1774.9,192158468.4,331022.34,127.71000001993824,0.22000000000000003,1.2960807418617124,1.269259259
Rice,2006,Autumn,Bihar,517983.0,530242,1052.8,66151608.93,113956.26,127.71,0.22,1.0236667998756717,0.962413793
Rice,2006,Summer,Bihar,109436.0,163989,1052.8,13976071.56,24075.92,127.71000000000001,0.21999999999999997,1.4984922694542928,1.45173913
Rice,2006,Winter,Bihar,2736591.0,4333716,1052.8,349490036.6,602050.02,127.70999999634583,0.22,1.5836184508390183,1.482702703
Rice,2006,Kharif,Chhattisgarh,3905319.0,5441525,1317.2,498748289.5,859170.18,127.7100000025606,0.22,1.3933624884420452,1.247222222
Rice,2006,Kharif,Delhi,7381.0,20815,462.7,942627.51,1623.82,127.71000000000001,0.22,2.8200785801381927,2.82
Rice,2006,Kharif,Goa,52985.0,128945,2928.8,6766714.35,11656.7,127.71,0.22,2.433613286779277,2.41
Rice,2006,Kharif,Gujarat,655600.0,1045200,1056.2,83726676.0,144232.0,127.71,0.22,1.5942647956070775,1.601875
Rice,2006,Summer,Gujarat,33700.0,96000,1056.2,4303827.0,7414.0,127.71,0.22,2.8486646884273,2.855555556
Rice,2006,Kharif,Haryana,1042036.0,3371000,329.3,133078417.6,229247.92,127.71000003838638,0.22,3.2350129937929206,2.8545
Rice,2006,Kharif,Himachal Pradesh,79206.0,123485,1207.0,10115398.26,17425.32,127.71,0.22,1.5590359316213418,1.750909091
Rice,2006,Kharif,Jammu and Kashmir,252516.0,554258,1786.5,32248818.36,55553.52,127.71,0.22,2.194942102678642,2.060833333
Rice,2006,Autumn,Jharkhand,183635.05,254351,1465.1,23452032.24,40399.711,127.71000002450512,0.22000000000000003,1.3850896111608324,1.274545455
Rice,2006,Winter,Jharkhand,995583.37,1175595,1465.1,127145952.2,219028.3414,127.71000001737676,0.22,1.1808102017614055,1.208181818
Rice,2006,Kharif,Karnataka,1066981.0,2723038,1146.3,136264143.5,234735.82,127.70999999062776,0.22,2.55209605419403,2.428148148
Rice,2006,Rabi,Karnataka,44063.0,99796,1146.3,5627285.73,9693.86,127.71000000000001,0.22,2.264848058461748,2.335333333
Rice,2006,Summer,Karnataka,284632.0,822692,1146.3,36350352.72,62619.04,127.71,0.22,2.8903707243036623,2.6825
Rice,2006,Autumn,Kerala,83859.0,191241,3429.7,10709632.89,18448.98,127.71000000000001,0.22,2.2805065645905627,2.270769231
Rice,2006,Summer,Kerala,35946.0,103571,3429.7,4590663.66,7908.12,127.71000000000001,0.22,2.881294163467423,2.497857143
Rice,2006,Winter,Kerala,143724.0,346763,3429.7,18354992.04,31619.28,127.71,0.22,2.412700731958476,2.286428571
Rice,2006,Kharif,Madhya Pradesh,1674013.0,1389269,1072.3,213788200.2,368282.86,127.70999998207898,0.22,0.8299033520050322,0.856666667
Rice,2006,Kharif,Maharashtra,1491300.0,2488600,1439.4,190453923.0,328086.0,127.71,0.22,1.6687453899282505,1.166333333
Rice,2006,Summer,Maharashtra,38000.0,81100,1439.4,4852980.0,8360.0,127.71,0.22,2.1342105263157896,2.176
Rice,2006,Kharif,Manipur,165370.0,389170,1533.561905,21119402.7,36381.4,127.71,0.22,2.35332889883292,2.276666667
Rice,2006,Autumn,Meghalaya,32679.0,44736,2454.7,4173435.09,7189.38,127.71,0.22,1.3689525383273662,1.641428571
Rice,2006,Rabi,Meghalaya,9854.0,39940,2454.7,1258454.34,2167.88,127.71000000000001,0.22,4.053176375076111,2.077142857
Rice,2006,Winter,Meghalaya,61752.0,115533,2454.7,7886347.92,13585.44,127.71,0.22,1.8709191605130198,1.852857143
Rice,2006,Kharif,Mizoram,50619.0,25789,2353.0,6464552.49,11136.18,127.71000000000001,0.22,0.5094727276319169,0.4525
Rice,2006,Rabi,Mizoram,2232.0,3675,2353.0,285048.72,491.04,127.71,0.22,1.646505376344086,1.58
Rice,2006,Kharif,Nagaland,163680.0,261920,1362.5,20903572.8,36009.6,127.71000000000001,0.22,1.6001955034213098,1.595
Rice,2006,Rabi,Nagaland,1000.0,1600,1362.5,127710.0,220.0,127.71,0.22,1.6,1.605
Rice,2006,Autumn,Odisha,757000.0,765000,1716.9,96676470.0,166540.0,127.71,0.22,1.010568031704095,1.056785714
Rice,2006,Summer,Odisha,315000.0,720000,1716.9,40228650.0,69300.0,127.71,0.22,2.2857142857142856,2.012
Rice,2006,Winter,Odisha,3379000.0,5338000,1716.9,431532090.0,743380.0,127.71,0.22,1.579757324652264,1.580333333
Rice,2006,Kharif,Puducherry,5010.0,13285,1434.5875,639827.1,1102.2,127.71,0.22,2.651696606786427,2.64
Rice,2006,Rabi,Puducherry,12061.0,33581,1434.5875,1540310.31,2653.42,127.71000000000001,0.22,2.7842633280822486,4.05
Rice,2006,Summer,Puducherry,4574.0,13942,1434.5875,584145.54,1006.28,127.71000000000001,0.22,3.04809794490599,3.05
Rice,2006,Kharif,Punjab,2621000.0,10138000,569.6,334727910.0,576620.0,127.71,0.22,3.867989317054559,3.75
Rice,2006,Kharif,Sikkim,9200.0,21450,2270.2,1174932.0,2024.0,127.71,0.22,2.3315217391304346,4.84
Rice,2006,Kharif,Tamil Nadu,1931397.0,6610607,927.9,246658710.9,424907.34,127.7100000155328,0.22,3.4227075013578254,3.584827586
Rice,2006,Kharif,Tripura,250939.0,628200,1764.3,32047419.69,55206.58,127.71000000000001,0.22,2.5033972399666853,2.4225
Rice,2006,Kharif,Uttar Pradesh,5902577.0,11082993,590.5,753818108.7,1298566.94,127.71000000508253,0.22,1.8776532690721357,1.846
Rice,2006,Summer,Uttar Pradesh,18175.0,40620,590.5,2321129.25,3998.5,127.71,0.22,2.2349381017881704,1.995
Rice,2006,Kharif,Uttarakhand,273662.0,540128,1178.9,34949374.02,60205.64,127.71000000000001,0.22,1.9737047891194246,1.645384615
Rice,2006,Rabi,Uttarakhand,9923.0,31208,1178.9,1267266.33,2183.06,127.71000000000001,0.22,3.1450166280358762,3.145
Rice,2006,Autumn,West Bengal,283859.0,575294,1631.4,36251632.89,62448.98,127.71000000000001,0.22,2.0266893070151024,2.001111111
Rice,2006,Summer,West Bengal,1401233.0,4520656,1631.4,178951466.4,308271.26,127.70999997859029,0.22,3.2261986407685233,3.028888889
Rice,2006,Winter,West Bengal,4001936.0,9649942,1631.4,511087246.6,880425.92,127.71000000999517,0.22,2.4113184218838084,2.291666667
Rice,2007,Kharif,Andhra Pradesh,2578000.0,8191000,1004.2,343905200.0,412480.0,133.4,0.16,3.1772692009309544,3.094545455
Rice,2007,Rabi,Andhra Pradesh,1406000.0,5133000,1004.2,187560400.0,224960.0,133.4,0.16,3.650782361308677,3.159090909
Rice,2007,Kharif,Arunachal Pradesh,124029.0,158146,3223.9,16545468.6,19844.64,133.4,0.16,1.2750727652403873,1.225625
Rice,2007,Autumn,Assam,354115.0,347992,2154.1,47238941.0,56658.4,133.4,0.16,0.9827090069610155,1.082592593
Rice,2007,Summer,Assam,322889.0,731851,2154.1,43073392.6,51662.24,133.4,0.16,2.26657148431814,2.085925926
Rice,2007,Winter,Assam,1646992.0,2238765,2154.1,219708732.8,263518.72,133.4,0.15999999999999998,1.3593053275304312,1.36962963
Rice,2007,Autumn,Bihar,524266.0,318517,1600.2,69937084.4,83882.56,133.4,0.16,0.6075484582254047,0.617
Rice,2007,Summer,Bihar,110440.0,172291,1600.2,14732696.0,17670.4,133.4,0.16,1.5600416515755162,1.416666667
Rice,2007,Winter,Bihar,2842665.0,3967956,1600.2,379211511.0,454826.4,133.4,0.16,1.3958577602355535,1.260789474
Rice,2007,Kharif,Chhattisgarh,3902881.0,5634972,1246.2,520644325.4,624460.96,133.4,0.16,1.4437980558464376,1.393888889
Rice,2007,Kharif,Delhi,7419.0,20946,677.5,989694.6,1187.04,133.4,0.16,2.8232915487262433,2.82
Rice,2007,Kharif,Goa,52191.0,121679,3674.7,6962279.4,8350.56,133.4,0.16,2.331417294169493,2.32
Rice,2007,Kharif,Gujarat,726000.0,1376300,1021.6,96848400.0,116160.0,133.4,0.16,1.8957300275482094,1.8325
Rice,2007,Summer,Gujarat,32600.0,97900,1021.6,4348840.0,5216.0,133.4,0.16,3.003067484662577,3.043333333
Rice,2007,Kharif,Haryana,1072545.0,3606000,443.8,143077503.0,171607.2,133.4,0.16,3.3620966952435563,3.191578947
Rice,2007,Kharif,Himachal Pradesh,78571.0,121453,1095.4,10481371.4,12571.36,133.4,0.16,1.5457738860393784,1.686363636
Rice,2007,Kharif,Jammu and Kashmir,263246.0,561355,1042.2,35117016.4,42119.36,133.4,0.16,2.132435060741664,1.9745
Rice,2007,Autumn,Jharkhand,183323.17,163692,1444.7,24455310.88,29331.7072,133.40000001090968,0.16,0.8929149545035687,0.899047619
Rice,2007,Winter,Jharkhand,1014731.14,1306932,1444.7,135365134.1,162356.9824,133.4000000236516,0.16,1.2879588971715208,1.306363636
Rice,2007,Kharif,Karnataka,1051466.0,2791181,1323.3,140265564.4,168234.56,133.4,0.16,2.65456134577818,2.567586207
Rice,2007,Rabi,Karnataka,40325.0,86756,1323.3,5379355.0,6452.0,133.4,0.16,2.151419714817111,2.255333333
Rice,2007,Summer,Karnataka,324525.0,990578,1323.3,43291635.0,51924.0,133.4,0.16,3.052393498189662,2.846923077
Rice,2007,Autumn,Kerala,77533.0,168108,3489.6,10342902.2,12405.28,133.39999999999998,0.16,2.1682122451085344,2.07
Rice,2007,Summer,Kerala,45447.0,109277,3489.6,6062629.8,7271.52,133.4,0.16,2.404493145862213,2.335714286
Rice,2007,Winter,Kerala,105958.0,251103,3489.6,14134797.2,16953.28,133.4,0.15999999999999998,2.369835217727779,2.252857143
Rice,2007,Kharif,Madhya Pradesh,1634912.0,1325175,740.4,218097260.8,261585.92,133.4,0.16,0.8105482129925036,0.875
Rice,2007,Kharif,Maharashtra,1535300.0,2912800,1257.2,204809020.0,245648.0,133.4,0.16,1.8972187846023578,1.377241379
Rice,2007,Summer,Maharashtra,41400.0,98700,1257.2,5522760.0,6624.0,133.4,0.16,2.3840579710144927,2.486
Rice,2007,Kharif,Manipur,166150.0,406150,1435.7,22164410.0,26584.0,133.4,0.16,2.4444778814324404,2.378888889
Rice,2007,Autumn,Meghalaya,32604.0,37918,4702.0,4349373.6,5216.64,133.39999999999998,0.16,1.1629861366703471,1.498571429
Rice,2007,Summer,Meghalaya,11546.0,48132,4702.0,1540236.4,1847.36,133.4,0.16,4.168716438593452,2.022857143
Rice,2007,Winter,Meghalaya,62170.0,114027,4702.0,8293478.0,9947.2,133.4,0.16,1.8341161331832074,1.812857143
Rice,2007,Kharif,Mizoram,54393.0,15501,3095.2,7256026.2,8702.88,133.4,0.15999999999999998,0.284981523357785,0.2625
Rice,2007,Rabi,Mizoram,148.0,187,3095.2,19743.2,23.68,133.4,0.16,1.2635135135135136,1.264
Rice,2007,Kharif,Nagaland,166000.0,308800,1769.0,22144400.0,26560.0,133.4,0.16,1.8602409638554216,1.8275
Rice,2007,Rabi,Nagaland,1500.0,2500,1769.0,200100.0,240.0,133.4,0.16,1.6666666666666667,1.66
Rice,2007,Autumn,Odisha,742000.0,814000,1633.8,98982800.0,118720.0,133.4,0.16,1.0970350404312668,1.082857143
Rice,2007,Summer,Odisha,334000.0,816000,1633.8,44555600.0,53440.0,133.4,0.16,2.44311377245509,2.108928571
Rice,2007,Winter,Odisha,3376000.0,5910000,1633.8,450358400.0,540160.0,133.4,0.16,1.7505924170616114,1.747
Rice,2007,Kharif,Puducherry,4379.0,12878,1434.5875,584158.6,700.64,133.4,0.16,2.940854076273122,2.986666667
Rice,2007,Rabi,Puducherry,11411.0,28051,1434.5875,1522227.4,1825.76,133.4,0.16,2.4582420471474893,3.02
Rice,2007,Summer,Puducherry,4647.0,12395,1434.5875,619909.8,743.52,133.4,0.16,2.6673122444587904,2.21
Rice,2007,Kharif,Punjab,2610000.0,10489000,527.2,348174000.0,417600.0,133.4,0.16,4.018773946360153,3.968
Rice,2007,Kharif,Sikkim,11860.0,19480,2003.4,1582124.0,1897.6,133.4,0.16,1.642495784148398,1.5475
Rice,2007,Kharif,Tamil Nadu,1789170.0,5039954,1067.2,238675278.0,286267.2,133.4,0.16,2.8169229307444232,3.213793103
Rice,2007,Kharif,Tripura,252897.0,640424,2831.8,33736459.8,40463.52,133.39999999999998,0.15999999999999998,2.5323511152761795,2.4375
Rice,2007,Kharif,Uttar Pradesh,5690539.0,11731754,672.9,759117902.6,910486.24,133.4,0.16,2.061624390940823,1.962
Rice,2007,Summer,Uttar Pradesh,18849.0,48358,672.9,2514456.6,3015.84,133.4,0.16,2.565547243885617,2.152142857
Rice,2007,Kharif,Uttarakhand,259805.0,523203,1924.3,34657987.0,41568.8,133.4,0.16,2.0138296029714593,1.709230769
Rice,2007,Summer,Uttarakhand,12364.0,41864,1924.3,1649357.6,1978.24,133.4,0.16,3.3859592364930444,3.423333333
Rice,2007,Autumn,West Bengal,281618.0,565825,2007.5,37567841.2,45058.88,133.4,0.16,2.009193304405258,1.956111111
Rice,2007,Summer,West Bengal,1511593.0,4926105,2007.5,201646506.2,241854.88,133.4,0.16,3.2588831782100076,3.048888889
Rice,2007,Winter,West Bengal,3926544.0,9227590,2007.5,523800969.6,628247.04,133.4,0.16,2.35005388962915,2.261666667
Rice,2008,Kharif,Andhra Pradesh,2803076.0,8379635,944.6,400951991.0,252276.84,143.03999998572996,0.09,2.989442669410319,2.913636364
Rice,2008,Rabi,Andhra Pradesh,1584140.0,5861498,944.6,226595385.6,142572.6,143.04,0.09000000000000001,3.700113626320906,3.236818182
Rice,2008,Kharif,Arunachal Pradesh,126799.0,164538,2244.4,18137328.96,11411.91,143.04000000000002,0.09,1.2976285301934558,1.183125
Rice,2008,Autumn,Assam,350649.0,374010,2109.9,50156832.96,31558.41,143.04,0.09,1.066622177733289,1.117777778
Rice,2008,Summer,Assam,360266.0,768582,2109.9,51532448.64,32423.94,143.04,0.09,2.13337367389651,1.951153846
Rice,2008,Winter,Assam,1773211.0,2865843,2109.9,253640101.4,159588.99,143.03999997744205,0.09,1.6161883723933588,1.607407407
Rice,2008,Autumn,Bihar,546872.0,727414,1197.7,78224570.88,49218.48,143.04,0.09000000000000001,1.3301357538875642,1.230344828
Rice,2008,Summer,Bihar,105526.0,178240,1197.7,15094439.04,9497.34,143.04,0.09,1.689062411159335,1.641
Rice,2008,Winter,Bihar,2842875.0,4684328,1197.7,406644840.0,255858.75,143.04,0.09,1.6477432176933562,1.545789474
Rice,2008,Kharif,Chhattisgarh,3928815.0,4707499,1117.9,561977697.6,353593.35,143.04,0.09,1.1981981844398375,1.198333333
Rice,2008,Kharif,Delhi,7039.0,19873,614.6,1006858.56,633.51,143.04000000000002,0.09,2.8232703509021166,2.82
Rice,2008,Kharif,Goa,33638.0,78705,3271.6,4811579.52,3027.42,143.04,0.09,2.339764551994768,2.325
Rice,2008,Rabi,Goa,15688.0,43162,3271.6,2244011.52,1411.92,143.04,0.09000000000000001,2.751274859765426,2.755
Rice,2008,Kharif,Gujarat,722100.0,1225500,746.1,103289184.0,64989.0,143.04,0.09,1.6971333610303283,1.615294118
Rice,2008,Summer,Gujarat,25200.0,77400,746.1,3604608.0,2268.0,143.04,0.09,3.0714285714285716,2.921111111
Rice,2008,Kharif,Haryana,1211149.0,3299000,715.6,173242753.0,109003.41,143.0400000330265,0.09,2.7238597398008007,2.569
Rice,2008,Kharif,Himachal Pradesh,77709.0,118277,1357.1,11115495.36,6993.81,143.04,0.09000000000000001,1.522050212974044,1.6
Rice,2008,Autumn,Jharkhand,188422.33,162674,1295.2,26951930.08,16958.0097,143.03999998301688,0.09,0.8633477783657596,0.868695652
Rice,2008,Winter,Jharkhand,1008437.16,1333906,1295.2,144246851.4,90759.3444,143.04000003331888,0.09,1.3227457821962847,1.39125
Rice,2008,Kharif,Karnataka,1129883.0,2906761,1164.1,161618464.3,101689.47,143.03999998229907,0.09,2.572621236004082,2.513448276
Rice,2008,Rabi,Karnataka,40982.0,89072,1164.1,5862065.28,3688.38,143.04000000000002,0.09,2.173441998926358,2.514166667
Rice,2008,Summer,Karnataka,343122.0,1035706,1164.1,49080170.88,30880.98,143.04000000000002,0.09,3.0184773928806665,2.786923077
Rice,2008,Autumn,Kerala,79381.0,192770,2524.8,11354658.24,7144.29,143.04,0.09,2.428414859979088,2.295384615
Rice,2008,Summer,Kerala,49762.0,148370,2524.8,7117956.48,4478.58,143.04000000000002,0.09,2.981592379727503,2.446428571
Rice,2008,Winter,Kerala,105122.0,249101,2524.8,15036650.88,9460.98,143.04000000000002,0.09,2.369637183463024,2.260714286
Rice,2008,Kharif,Madhya Pradesh,1706557.0,1571103,895.0,244105913.3,153590.13,143.0400000117195,0.09,0.9206273215603112,0.911020408
Rice,2008,Kharif,Maharashtra,1499500.0,2234300,1052.8,214488480.0,134955.0,143.04,0.09,1.4900300100033343,1.170740741
Rice,2008,Summer,Maharashtra,22000.0,53200,1052.8,3146880.0,1980.0,143.04,0.09,2.418181818181818,2.421111111
Rice,2008,Kharif,Manipur,210990.0,518250,1134.8,30180009.6,18989.1,143.04000000000002,0.09,2.4562775486989903,2.134444444
Rice,2008,Autumn,Meghalaya,32570.0,41908,3114.3,4658812.8,2931.3,143.04,0.09000000000000001,1.2867055572612833,1.53
Rice,2008,Summer,Meghalaya,12752.0,46600,3114.3,1824046.08,1147.68,143.04,0.09000000000000001,3.6543287327478042,2.154285714
Rice,2008,Winter,Meghalaya,62723.0,115354,3114.3,8971897.92,5645.07,143.04,0.09,1.839102083765126,1.802857143
Rice,2008,Kharif,Mizoram,51859.0,68637,1912.1,7417911.36,4667.31,143.04000000000002,0.09000000000000001,1.3235311132108216,1.20625
Rice,2008,Rabi,Mizoram,131.0,280,1912.1,18738.24,11.79,143.04000000000002,0.09,2.1374045801526718,2.555
Rice,2008,Kharif,Nagaland,173100.0,345090,1540.9,24760224.0,15579.0,143.04,0.09,1.9935875216637782,1.964545455
Rice,2008,Autumn,Odisha,707000.0,735000,1539.0,101129280.0,63630.0,143.04,0.09,1.0396039603960396,1.062142857
Rice,2008,Summer,Odisha,331000.0,811000,1539.0,47346240.0,29790.0,143.04,0.09,2.4501510574018126,2.051538462
Rice,2008,Winter,Odisha,3417000.0,5266000,1539.0,488767680.0,307530.0,143.04,0.09,1.5411179397131987,1.545333333
Rice,2008,Kharif,Puducherry,4493.0,12290,1434.5875,642678.72,404.37,143.04,0.09,2.735366125083463,3.0
Rice,2008,Rabi,Puducherry,11306.0,24163,1434.5875,1617210.24,1017.54,143.04,0.09,2.1371837962143996,2.82
Rice,2008,Summer,Puducherry,4981.0,14263,1434.5875,712482.24,448.29,143.04,0.09000000000000001,2.863481228668942,2.125
Rice,2008,Kharif,Punjab,2735000.0,11000000,691.3,391214400.0,246150.0,143.04,0.09,4.021937842778794,3.9855
Rice,2008,Kharif,Sikkim,13000.0,22230,2247.5,1859520.0,1170.0,143.04,0.09,1.71,1.5925
Rice,2008,Kharif,Tamil Nadu,1931603.0,5183385,1201.9,276296493.1,173844.27,143.0399999896459,0.09,2.6834629061975988,3.562580645
Rice,2008,Kharif,Tripura,242966.0,627175,1827.8,34753856.64,21866.94,143.04,0.09,2.581328251689537,2.525
Rice,2008,Kharif,Uttar Pradesh,6011761.0,13051365,891.6,859922293.4,541058.49,143.03999999334638,0.09,2.1709720329866737,2.124428571
Rice,2008,Summer,Uttar Pradesh,21621.0,45666,891.6,3092667.84,1945.89,143.04,0.09000000000000001,2.1121132232551685,2.095
Rice,2008,Kharif,Uttarakhand,275711.0,528524,1363.7,39437701.44,24813.99,143.04,0.09000000000000001,1.9169492693436243,1.627692308
Rice,2008,Summer,Uttarakhand,12654.0,39797,1363.7,1810028.16,1138.86,143.04,0.09,3.145013434487119,3.1
Rice,2008,Autumn,West Bengal,292444.0,604968,1560.1,41831189.76,26319.96,143.04,0.09,2.0686627183323987,2.04
Rice,2008,Summer,West Bengal,1556662.0,4358011,1560.1,222664932.5,140099.58,143.040000012848,0.09,2.7995871936232786,2.646666667
Rice,2008,Winter,West Bengal,4086590.0,10074261,1560.1,584545833.6,367793.1,143.04,0.09,2.465199836538532,2.393888889
Rice,2009,Kharif,Andhra Pradesh,2062870.0,5956396,711.0,321436403.4,350687.9,155.82,0.17,2.8874315880302683,2.790909091
Rice,2009,Rabi,Andhra Pradesh,1377866.0,4881871,711.0,214699080.1,234237.22,155.8199999854848,0.17,3.5430665971872446,3.098636364
Rice,2009,Kharif,Arunachal Pradesh,121468.0,143893,1701.9,18927143.76,20649.56,155.82000000000002,0.17,1.1846165245167453,1.12
Rice,2009,Autumn,Assam,340830.0,334655,1727.1,53108130.6,57941.1,155.82,0.16999999999999998,0.9818824633981751,1.070740741
Rice,2009,Summer,Assam,394442.0,859790,1727.1,61461952.44,67055.14,155.82,0.17,2.1797628041638566,1.903703704
Rice,2009,Winter,Assam,1762324.0,3213979,1727.1,274605325.7,299595.08,155.82000001134864,0.17,1.8237162973437349,1.780740741
Rice,2009,Autumn,Bihar,525890.0,471321,889.3,81944179.8,89401.3,155.82,0.17,0.896234954077849,0.905666667
Rice,2009,Summer,Bihar,95682.0,176656,889.3,14909169.24,16265.94,155.82,0.17,1.8462824773729647,1.492083333
Rice,2009,Winter,Bihar,2502458.0,2992233,889.3,389933005.6,425417.86,155.8200000159843,0.16999999999999998,1.1957175704846994,1.105526316
Rice,2009,Kharif,Chhattisgarh,3837610.0,4347316,956.9,597976390.2,652393.7,155.82000000000002,0.16999999999999998,1.132818603245249,1.106666667
Rice,2009,Kharif,Delhi,6821.0,19008,528.4,1062848.22,1159.57,155.82,0.16999999999999998,2.786688168890192,2.79
Rice,2009,Kharif,Goa,31166.0,59267,3334.9,4856286.12,5298.22,155.82,0.17,1.9016556503882436,1.895
Rice,2009,Rabi,Goa,15938.0,41338,3334.9,2483459.16,2709.46,155.82000000000002,0.17,2.5936754925335674,2.57
Rice,2009,Kharif,Gujarat,658500.0,1228400,618.0,102607470.0,111945.0,155.82,0.17,1.8654517843583902,1.693529412
Rice,2009,Summer,Gujarat,21000.0,64600,618.0,3272220.0,3570.0,155.82,0.17,3.0761904761904764,3.034444444
Rice,2009,Kharif,Haryana,1206435.0,3628000,393.0,187986701.7,205093.95,155.82,0.17,3.0072071848048174,2.673809524
Rice,2009,Kharif,Himachal Pradesh,76186.0,105787,969.9,11871302.52,12951.62,155.82,0.17,1.3885359514871498,1.484545455
Rice,2009,Kharif,Jammu and Kashmir,259892.0,500880,751.7,40496371.44,44181.64,155.82,0.16999999999999998,1.927262093484986,1.859
Rice,2009,Autumn,Jharkhand,157262.0,87970,996.1,24504564.84,26734.54,155.82,0.17,0.5593849753913851,0.515217391
Rice,2009,Winter,Jharkhand,825787.0,504508,996.1,128674130.3,140383.79,155.81999995156136,0.17,0.610942046798993,0.58625
Rice,2009,Kharif,Karnataka,1102221.0,2734838,1321.0,171748076.2,187377.57,155.8199999818548,0.17,2.481206581983105,2.397931034
Rice,2009,Rabi,Karnataka,37747.0,84636,1321.0,5881737.54,6416.99,155.82,0.16999999999999998,2.2421914324317163,2.416666667
Rice,2009,Summer,Karnataka,346510.0,1057933,1321.0,53993188.2,58906.7,155.82000000000002,0.16999999999999998,3.0531095783671467,2.806923077
Rice,2009,Autumn,Kerala,77249.0,192050,2821.5,12036939.18,13132.33,155.82,0.17,2.4861163251304226,2.303076923
Rice,2009,Summer,Kerala,49279.0,134005,2821.5,7678653.78,8377.43,155.82,0.17,2.7193124860488243,2.385
Rice,2009,Winter,Kerala,107485.0,272284,2821.5,16748312.7,18272.45,155.82,0.17,2.533227892264037,2.286428571
Rice,2009,Whole Year,Madhya Pradesh,1593071.0,1355660,904.1,248232323.2,270822.07,155.8199999874456,0.17,0.8509727438387868,0.906041667
Rice,2009,Kharif,Maharashtra,1450000.0,2138100,1002.4,225939000.0,246500.0,155.82,0.17,1.4745517241379311,1.106071429
Rice,2009,Summer,Maharashtra,20600.0,47700,1002.4,3209892.0,3502.0,155.82,0.17,2.3155339805825244,2.251111111
Rice,2009,Kharif,Manipur,113890.0,265090,992.5,17746339.8,19361.3,155.82,0.16999999999999998,2.3275968039336203,1.923333333
Rice,2009,Autumn,Meghalaya,32560.0,41798,2995.9,5073499.2,5535.2,155.82,0.16999999999999998,1.2837223587223587,1.542857143
Rice,2009,Summer,Meghalaya,12777.0,46943,2995.9,1990912.14,2172.09,155.82,0.17,3.674023636221335,2.171428571
Rice,2009,Winter,Meghalaya,62825.0,115388,2995.9,9789391.5,10680.25,155.82,0.17,1.8366573816155989,1.802857143
Rice,2009,Kharif,Mizoram,47085.0,65893,2086.3,7336784.7,8004.45,155.82,0.16999999999999998,1.3994478071572687,1.3175
Rice,2009,Rabi,Mizoram,119.0,238,2086.3,18542.58,20.23,155.82000000000002,0.17,2.0,2.0
Rice,2009,Kharif,Nagaland,168570.0,240310,1225.9,26266577.4,28656.9,155.82,0.17,1.4255798777955746,1.393636364
Rice,2009,Autumn,Odisha,687000.0,618000,1330.3,107048340.0,116790.0,155.82,0.17,0.8995633187772926,1.024074074
Rice,2009,Summer,Odisha,265000.0,714000,1330.3,41292300.0,45050.0,155.82,0.17,2.6943396226415093,2.163636364
Rice,2009,Winter,Odisha,3413000.0,5581000,1330.3,531813660.0,580210.0,155.82,0.17,1.6352182830354527,1.575666667
Rice,2009,Kharif,Puducherry,4650.0,13501,1434.5875,724563.0,790.5,155.82,0.17,2.9034408602150537,2.893333333
Rice,2009,Rabi,Puducherry,11178.0,25378,1434.5875,1741755.96,1900.26,155.82,0.17,2.270352478081947,2.903333333
Rice,2009,Summer,Puducherry,5098.0,13451,1434.5875,794370.36,866.66,155.82,0.16999999999999998,2.638485680659082,1.965
Rice,2009,Kharif,Punjab,2802000.0,11236000,371.3,436607640.0,476340.0,155.82,0.17,4.009992862241257,3.9775
Rice,2009,Kharif,Sikkim,12270.0,20930,2176.6,1911911.4,2085.9,155.82,0.17,1.7057864710676447,1.595
Rice,2009,Kharif,Tamil Nadu,1845553.0,5665258,928.5,287574068.5,313744.01,155.8200000216737,0.17,3.069680469756219,3.539677419
Rice,2009,Kharif,Tripura,245538.0,640010,2004.2,38259731.16,41741.46,155.82,0.16999999999999998,2.6065619170963354,2.5225
Rice,2009,Kharif,Uttar Pradesh,5148046.0,10714990,585.8,802168527.7,875167.82,155.81999999611503,0.16999999999999998,2.0813702907860576,2.00971831
Rice,2009,Summer,Uttar Pradesh,24695.0,61514,585.8,3847974.9,4198.15,155.82,0.16999999999999998,2.4909495849362218,2.13
Rice,2009,Kharif,Uttarakhand,270608.0,551716,847.8,42166138.56,46003.36,155.82000000000002,0.17,2.0388015136285698,1.613846154
Rice,2009,Rabi,Uttarakhand,13775.0,39300,847.8,2146420.5,2341.75,155.82,0.17,2.852994555353902,2.85
Rice,2009,Autumn,West Bengal,214062.0,466766,1317.2,33355140.84,36390.54,155.82,0.17,2.1805177939101754,2.095
Rice,2009,Summer,West Bengal,1429703.0,4275871,1317.2,222776321.5,243049.51,155.82000002797784,0.17,2.990740734264389,2.79
Rice,2009,Winter,West Bengal,3986330.0,9597968,1317.2,621149940.6,677676.1,155.82,0.16999999999999998,2.407720384413734,2.346111111
Rice,2010,Kharif,Andhra Pradesh,2921793.0,7509866,1297.0,485339035.2,701230.32,166.10999998973233,0.24,2.5702936518774604,2.666818182
Rice,2010,Rabi,Andhra Pradesh,1829516.0,6909447,1297.0,303900902.8,439083.84,166.11000002186373,0.24000000000000002,3.7766529508350843,3.325909091
Rice,2010,Kharif,Arunachal Pradesh,121570.0,155993,2574.1,20193992.7,29176.8,166.10999999999999,0.24,1.2831537385868224,1.219375
Rice,2010,Autumn,Assam,307988.0,355825,2578.5,51159886.68,73917.12,166.10999999999999,0.24,1.1553209865319427,1.272592593
Rice,2010,Summer,Assam,398785.0,1027575,2578.5,66242176.35,95708.4,166.11,0.24,2.5767644219316175,2.342222222
Rice,2010,Winter,Assam,1830682.0,3649129,2578.5,304094587.0,439363.68,166.1099999890751,0.24,1.9933166983670567,1.958888889
Rice,2010,Autumn,Bihar,495218.0,444042,629.2,82260661.98,118852.32,166.11,0.24000000000000002,0.896659652920532,0.919642857
Rice,2010,Summer,Bihar,84465.0,163031,629.2,14030481.15,20271.6,166.11,0.24,1.9301604214763513,1.827916667
Rice,2010,Winter,Bihar,2265685.0,2505545,629.2,376352935.3,543764.4,166.10999997793164,0.24000000000000002,1.1058664377439935,0.979210526
Rice,2010,Kharif,Chhattisgarh,3937796.0,6637737,1283.1,654107293.6,945071.04,166.11000001015796,0.24000000000000002,1.6856477582891547,1.702222222
Rice,2010,Kharif,Delhi,6848.0,19083,989.5,1137521.28,1643.52,166.11,0.24,2.7866530373831777,2.79
Rice,2010,Kharif,Goa,30632.0,72221,4193.3,5088281.52,7351.68,166.10999999999999,0.24000000000000002,2.3576978323322018,2.35
Rice,2010,Rabi,Goa,15980.0,42773,4193.3,2654437.8,3835.2,166.10999999999999,0.24,2.6766583229036294,2.68
Rice,2010,Kharif,Gujarat,728300.0,1423800,1107.5,120977913.0,174792.0,166.11,0.24,1.9549636138953728,1.8275
Rice,2010,Summer,Gujarat,79800.0,242000,1107.5,13255578.0,19152.0,166.11,0.24,3.0325814536340854,2.987777778
Rice,2010,Kharif,Haryana,1243281.0,3465000,639.2,206521406.9,298387.44,166.10999999195678,0.24,2.786980578002881,2.561428571
Rice,2010,Kharif,Himachal Pradesh,75426.0,110238,1319.8,12529012.86,18102.24,166.10999999999999,0.24000000000000002,1.4615384615384615,1.561818182
Rice,2010,Kharif,Jammu and Kashmir,261347.0,507404,1352.0,43412350.17,62723.28,166.11,0.24,1.941495406490222,1.874
Rice,2010,Kharif,Karnataka,1129304.0,3192746,1317.7,187588687.4,271032.96,166.10999996457997,0.24000000000000002,2.8271802809518074,2.654
Rice,2010,Rabi,Karnataka,49700.0,117501,1317.7,8255667.0,11928.0,166.11,0.24,2.36420523138833,2.668333333
Rice,2010,Summer,Karnataka,360062.0,1163725,1317.7,59809898.82,86414.88,166.11,0.24000000000000002,3.2320128200143308,2.935714286
Rice,2010,Autumn,Kerala,70498.28,170262,3131.8,11710469.29,16919.5872,166.1099999886522,0.24000000000000002,2.4151227519309693,2.236923077
Rice,2010,Summer,Kerala,51132.63,137465,3131.8,8493641.169,12271.8312,166.10999999413292,0.24000000000000002,2.6884007335433364,2.48
Rice,2010,Winter,Kerala,91555.59,215011,3131.8,15208299.05,21973.3416,166.10999994648063,0.24000000000000002,2.3484202329972423,2.202142857
Rice,2010,Kharif,Madhya Pradesh,1573535.0,1766596,856.3,261379898.8,377648.4,166.10999996822443,0.24000000000000002,1.1226925362321143,1.211666667
Rice,2010,Kharif,Maharashtra,1486200.0,2625100,1389.0,246872682.0,356688.0,166.11,0.24,1.7663167810523484,1.3116
Rice,2010,Summer,Maharashtra,29500.0,65800,1389.0,4900245.0,7080.0,166.11,0.24,2.230508474576271,2.388888889
Rice,2010,Kharif,Manipur,212680.0,480240,2160.5,35328274.8,51043.2,166.10999999999999,0.24,2.258040248260297,1.945555556
Rice,2010,Autumn,Meghalaya,32596.0,42492,3119.7,5414521.56,7823.04,166.10999999999999,0.24,1.303595533194257,1.53
Rice,2010,Rabi,Meghalaya,12797.0,47413,3119.7,2125709.67,3071.28,166.10999999999999,0.24000000000000002,3.7050089864812064,2.077142857
Rice,2010,Winter,Meghalaya,62892.0,117116,3119.7,10446990.12,15094.08,166.10999999999999,0.24,1.8621764294345862,1.828571429
Rice,2010,Autumn,Mizoram,28562.0,26499,2738.7,4744433.82,6854.88,166.11,0.24,0.9277711644842798,0.92625
Rice,2010,Kharif,Mizoram,12123.0,20697,2738.7,2013751.53,2909.52,166.11,0.24,1.7072506805246226,1.495
Rice,2010,Rabi,Mizoram,7.0,6,2738.7,1162.77,1.68,166.10999999999999,0.24,0.8571428571428571,0.86
Rice,2010,Kharif,Nagaland,180060.0,378210,1771.8,29909766.6,43214.4,166.11,0.24000000000000002,2.1004665111629457,2.051818182
Rice,2010,Rabi,Nagaland,1330.0,3150,1771.8,220926.3,319.2,166.10999999999999,0.24,2.3684210526315788,2.38
Rice,2010,Autumn,Odisha,678000.0,563000,1291.9,112622580.0,162720.0,166.11,0.24,0.8303834808259587,0.939642857
Rice,2010,Summer,Odisha,293000.0,863000,1291.9,48670230.0,70320.0,166.11,0.24,2.945392491467577,2.1024
Rice,2010,Winter,Odisha,3255000.0,5398000,1291.9,540688050.0,781200.0,166.11,0.24,1.6583717357910905,1.633
Rice,2010,Kharif,Puducherry,4384.0,12602,1434.5875,728226.24,1052.16,166.10999999999999,0.24000000000000002,2.874543795620438,2.673333333
Rice,2010,Rabi,Puducherry,10920.0,26585,1434.5875,1813921.2,2620.8,166.10999999999999,0.24000000000000002,2.4345238095238093,3.446666667
Rice,2010,Summer,Puducherry,4710.0,12773,1434.5875,782378.1,1130.4,166.10999999999999,0.24000000000000002,2.7118895966029726,2.7
Rice,2010,Kharif,Punjab,2831000.0,10837000,392.7,470257410.0,679440.0,166.11,0.24,3.827975980219004,3.834
Rice,2010,Kharif,Sikkim,12140.0,20973,2527.0,2016575.4,2913.6,166.10999999999999,0.24,1.7275947281713344,1.6225
Rice,2010,Kharif,Tamil Nadu,1905726.0,5792415,1095.2,316560145.9,457374.24,166.11000002098936,0.24,3.0394794424801885,3.597419355
Rice,2010,Kharif,Tripura,264558.0,702473,2348.3,43945729.38,63493.92,166.11,0.24,2.655270299896431,2.5725
Rice,2010,Kharif,Uttar Pradesh,5631949.0,11938078,742.6,935523048.4,1351667.76,166.11000000177557,0.24,2.1197063396703344,2.052916667
Rice,2010,Summer,Uttar Pradesh,25121.0,54221,742.6,4172849.31,6029.04,166.11,0.24,2.15839337605987,2.032222222
Rice,2010,Kharif,Uttarakhand,270416.0,495083,1419.0,44918801.76,64899.84,166.10999999999999,0.24,1.8308199218981125,1.540769231
Rice,2010,Rabi,Uttarakhand,15277.0,50503,1419.0,2537662.47,3666.48,166.11,0.24,3.3058192053413626,2.25
Rice,2010,Autumn,West Bengal,212132.0,453439,1096.0,35237246.52,50911.68,166.11,0.24,2.137532291214904,2.081666667
Rice,2010,Summer,West Bengal,1369892.0,4506848,1096.0,227552760.1,328774.08,166.1099999854003,0.24000000000000002,3.289929425093365,3.123888889
Rice,2010,Winter,West Bengal,3362122.0,8429323,1096.0,558482085.4,806909.28,166.10999999405138,0.24000000000000002,2.5071437026972845,2.487222222
Rice,2011,Kharif,Andhra Pradesh,2873949.0,8563334,861.9,481443936.5,948403.17,167.52000000695907,0.33,2.9796402093426155,2.909090909
Rice,2011,Rabi,Andhra Pradesh,1221899.0,4328458,861.9,204692520.5,403226.67,167.52000001636796,0.32999999999999996,3.5424024407909327,3.031818182
Rice,2011,Kharif,Arunachal Pradesh,123500.0,159543,2193.7,20688720.0,40755.0,167.52,0.33,1.2918461538461539,1.21875
Rice,2011,Autumn,Assam,276486.0,338015,1743.4,46316934.72,91240.38,167.51999999999998,0.33,1.2225392967455857,1.268518519
Rice,2011,Summer,Assam,393619.0,1080072,1743.4,65939054.88,129894.27,167.52,0.33,2.7439529087772696,2.489615385
Rice,2011,Winter,Assam,1875601.0,3297591,1743.4,314200679.5,618948.33,167.51999998933675,0.32999999999999996,1.7581516537899051,1.797037037
Rice,2011,Autumn,Bihar,570397.0,914228,1097.1,95552905.44,188231.01,167.51999999999998,0.33,1.6027924410542131,1.546774194
Rice,2011,Summer,Bihar,96160.0,182628,1097.1,16108723.2,31732.8,167.51999999999998,0.33,1.8992096505823628,1.736190476
Rice,2011,Winter,Bihar,2684379.0,7141115,1097.1,449687170.1,885845.07,167.52000000745053,0.32999999999999996,2.660248422447054,2.491578947
Rice,2011,Kharif,Chhattisgarh,3939826.0,6300825,1302.7,659999651.5,1300142.58,167.51999999492364,0.33,1.5992647898663546,1.527777778
Rice,2011,Kharif,Delhi,7248.0,20198,641.3954545,1214184.96,2391.84,167.51999999999998,0.33,2.786699779249448,2.79
Rice,2011,Kharif,Goa,31247.0,78770,3340.395455,5234497.44,10311.51,167.52,0.33,2.5208820046724485,2.495
Rice,2011,Rabi,Goa,15990.0,43221,3340.395455,2678644.8,5276.7,167.51999999999998,0.33,2.703001876172608,2.7
Rice,2011,Kharif,Gujarat,751300.0,1521800,890.5,125857776.0,247929.0,167.52,0.33,2.025555703447358,1.951666667
Rice,2011,Summer,Gujarat,84200.0,267900,890.5,14105184.0,27786.0,167.52,0.33,3.181710213776722,3.122222222
Rice,2011,Kharif,Haryana,1234094.0,3574300,471.5409091,206735426.9,407251.02,167.52000001620624,0.33,2.896294771711069,2.63047619
Rice,2011,Kharif,Himachal Pradesh,75043.0,108648,1108.3,12571203.36,24764.19,167.51999999999998,0.32999999999999996,1.4478099223112082,1.545454545
Rice,2011,Kharif,Jammu and Kashmir,262169.0,544396,887.6,43918550.88,86515.77,167.52,0.33,2.0765079013918504,2.0225
Rice,2011,Autumn,Jharkhand,150654.0,126012,1374.7,25237558.08,49715.82,167.51999999999998,0.33,0.836433151459636,0.79173913
Rice,2011,Winter,Jharkhand,832047.0,1250312,1374.7,139384513.4,274575.51,167.5199999519258,0.33,1.5026939583941772,1.554166667
Rice,2011,Kharif,Karnataka,1117720.0,3218289,1178.986364,187240454.4,368847.6,167.52,0.32999999999999996,2.8793338224242206,2.702666667
Rice,2011,Rabi,Karnataka,43192.0,94196,1178.986364,7235523.84,14253.36,167.52,0.33,2.1808668271902203,2.378181818
Rice,2011,Summer,Karnataka,255223.0,869134,1178.986364,42754956.96,84223.59,167.52,0.32999999999999996,3.405390580002586,2.931428571
Rice,2011,Autumn,Kerala,68134.83,171662,3035.1,11413946.72,22484.4939,167.51999997651714,0.33,2.519445634486796,2.301538462
Rice,2011,Summer,Kerala,47290.01,149217,3035.1,7922022.475,15605.7033,167.51999999577077,0.32999999999999996,3.155359874104488,2.7
Rice,2011,Winter,Kerala,92734.9,248114,3035.1,15534950.45,30602.517,167.52000002156686,0.33,2.6755191411216277,2.426428571
Rice,2011,Kharif,Madhya Pradesh,1693231.0,2273045,852.6,283650057.1,558766.23,167.5199999881883,0.33,1.3424305366485731,1.400416667
Rice,2011,Kharif,Maharashtra,1516400.0,2784600,1174.095455,254027328.0,500412.0,167.52,0.33,1.836322869955157,1.319642857
Rice,2011,Summer,Maharashtra,27800.0,64300,1174.095455,4657056.0,9174.0,167.52,0.33,2.3129496402877696,2.427777778
Rice,2011,Kharif,Manipur,223670.0,591000,1533.561905,37469198.4,73811.1,167.51999999999998,0.33,2.6422855099029823,2.34
Rice,2011,Autumn,Meghalaya,32605.0,43401,4083.104545,5461989.6,10759.65,167.51999999999998,0.33,1.3311148596840976,1.511428571
Rice,2011,Rabi,Meghalaya,12836.0,54206,4083.104545,2150286.72,4235.88,167.52,0.33,4.2229666562792145,2.07
Rice,2011,Winter,Meghalaya,63434.0,125124,4083.104545,10626463.68,20933.22,167.51999999999998,0.33,1.9725068575212032,1.91
Rice,2011,Autumn,Mizoram,25826.0,26644,2439.340909,4326371.52,8522.58,167.51999999999998,0.33,1.0316735073182064,1.04125
Rice,2011,Kharif,Mizoram,12700.0,25304,2439.340909,2127504.0,4191.0,167.52,0.33,1.9924409448818898,2.03125
Rice,2011,Rabi,Mizoram,450.0,947,2439.340909,75384.0,148.5,167.52,0.33,2.1044444444444443,2.3775
Rice,2011,Kharif,Nagaland,179050.0,376390,1544.354545,29994456.0,59086.5,167.52,0.33,2.102150237363865,2.049090909
Rice,2011,Rabi,Nagaland,2530.0,5990,1544.354545,423825.6,834.9,167.51999999999998,0.33,2.367588932806324,2.34
Rice,2011,Autumn,Odisha,536000.0,418000,1346.2,89790720.0,176880.0,167.52,0.33,0.7798507462686567,0.8
Rice,2011,Summer,Odisha,236000.0,755000,1346.2,39534720.0,77880.0,167.52,0.33,3.1991525423728815,2.363913043
Rice,2011,Winter,Odisha,3233000.0,4633000,1346.2,541592160.0,1066890.0,167.52,0.33,1.4330343334364368,1.405333333
Rice,2011,Kharif,Puducherry,4237.0,12794,1434.5875,709782.24,1398.21,167.52,0.33,3.019589332074581,3.046666667
Rice,2011,Rabi,Puducherry,10324.0,23489,1434.5875,1729476.48,3406.92,167.52,0.33,2.2751840371948857,2.856666667
Rice,2011,Summer,Puducherry,2015.0,5831,1434.5875,337552.8,664.95,167.51999999999998,0.33,2.8937965260545906,2.49
Rice,2011,Kharif,Punjab,2818000.0,10542000,705.2,472071360.0,929940.0,167.52,0.33,3.7409510290986514,3.7495
Rice,2011,Kharif,Sikkim,12070.0,20880,2585.486364,2021966.4,3983.1,167.51999999999998,0.33,1.7299088649544325,1.6225
Rice,2011,Kharif,Tamil Nadu,1903772.0,7458657,926.5,318919885.4,628244.76,167.51999997898906,0.33,3.9178310217820203,4.226451613
Rice,2011,Kharif,Tripura,265999.0,718304,2295.609091,44560152.48,87779.67,167.51999999999998,0.33,2.700401129327554,2.63
Rice,2011,Kharif,Uttar Pradesh,5922643.0,13962896,777.4,992161155.4,1954472.19,167.52000000675375,0.33,2.3575447650651915,2.294444444
Rice,2011,Summer,Uttar Pradesh,23642.0,59496,777.4,3960507.84,7801.86,167.51999999999998,0.32999999999999996,2.5165383639286016,2.335909091
Rice,2011,Kharif,Uttarakhand,261319.0,544497,1564.7,43776158.88,86235.27,167.52,0.33,2.0836487205293146,1.684615385
Rice,2011,Summer,Uttarakhand,13680.0,45267,1564.7,2291673.6,4514.4,167.52,0.32999999999999996,3.3089912280701754,3.31
Rice,2011,Autumn,West Bengal,212971.0,471282,1686.5,35676901.92,70280.43,167.52,0.32999999999999996,2.212892835174742,2.072222222
Rice,2011,Summer,West Bengal,1221076.0,3875100,1686.5,204554651.5,402955.08,167.519999983621,0.33,3.1735125413979146,3.035
Rice,2011,Winter,West Bengal,3999653.0,10259384,1686.5,670021870.6,1319885.49,167.52000001000087,0.33,2.5650685196940834,2.475555556
Rice,2012,Kharif,Andhra Pradesh,2487000.0,7167000,968.7,375039600.0,770970.0,150.8,0.31,2.881785283474065,2.969545455
Rice,2012,Rabi,Andhra Pradesh,1141000.0,4344000,968.7,172062800.0,353710.0,150.8,0.31,3.8071866783523225,3.243636364
Rice,2012,Kharif,Arunachal Pradesh,126085.0,174662,2760.7,19013618.0,39086.35,150.8,0.31,1.38527184042511,1.308125
Rice,2012,Autumn,Assam,238178.0,308745,2167.5,35917242.4,73835.18,150.79999999999998,0.31,1.2962784136234244,1.291481481
Rice,2012,Summer,Assam,389140.0,1155877,2167.5,58682312.0,120633.4,150.8,0.31,2.9703371537235954,2.7724
Rice,2012,Winter,Assam,1857410.0,3655430,2167.5,280097428.0,575797.1,150.8,0.31,1.9680253686585083,1.968888889
Rice,2012,Autumn,Bihar,540424.0,960007,924.1,81495939.2,167531.44,150.8,0.31,1.776395940964872,1.743793103
Rice,2012,Summer,Bihar,105117.0,285835,924.1,15851643.6,32586.27,150.79999999999998,0.31,2.71920812047528,2.396086957
Rice,2012,Winter,Bihar,2653346.0,7076168,924.1,400124576.8,822537.26,150.8,0.31,2.6668847560777977,2.567894737
Rice,2012,Kharif,Chhattisgarh,3982172.0,7848401,1366.8,600511537.6,1234473.32,150.8,0.31,1.970884482136884,1.91962963
Rice,2012,Kharif,Delhi,6068.0,19768,451.9,915054.4,1881.08,150.8,0.31,3.2577455504284774,3.26
Rice,2012,Kharif,Goa,31255.0,81229,3048.9,4713254.0,9689.05,150.8,0.31,2.5989121740521517,2.59
Rice,2012,Rabi,Goa,14575.0,41592,3048.9,2197910.0,4518.25,150.8,0.31,2.853653516295026,2.85
Rice,2012,Kharif,Gujarat,672000.0,1408100,460.6,101337600.0,208320.0,150.8,0.31,2.095386904761905,1.98
Rice,2012,Summer,Gujarat,29100.0,89200,460.6,4388280.0,9021.0,150.8,0.31,3.0652920962199315,2.943
Rice,2012,Kharif,Haryana,1206255.0,3941000,307.9,181903254.0,373939.05,150.8,0.31,3.267136716531745,3.041
Rice,2012,Kharif,Himachal Pradesh,75380.0,111252,1035.0,11367304.0,23367.8,150.8,0.31,1.475882196869196,1.577272727
Rice,2012,Kharif,Jammu and Kashmir,261663.0,545186,1116.7,39458780.4,81115.53,150.79999999999998,0.31,2.083542571934129,1.8875
Rice,2012,Autumn,Jharkhand,148761.0,129693,1102.0,22433158.8,46115.91,150.8,0.31,0.871821243471071,0.761304348
Rice,2012,Winter,Jharkhand,942310.0,1292796,1102.0,142100348.0,292116.1,150.8,0.31,1.371943415648778,1.338333333
Rice,2012,Kharif,Karnataka,1048427.0,2667359,956.2,158102791.6,325012.37,150.79999999999998,0.31,2.5441532886886735,2.418333333
Rice,2012,Rabi,Karnataka,45326.0,109309,956.2,6835160.8,14051.06,150.79999999999998,0.31,2.4116180558619775,2.394615385
Rice,2012,Summer,Karnataka,185162.0,587711,956.2,27922429.6,57400.22,150.8,0.31,3.1740367894060335,2.747777778
Rice,2012,Autumn,Kerala,63232.0,161083,2187.6,9535385.6,19601.92,150.79999999999998,0.31,2.5474917763157894,2.41
Rice,2012,Summer,Kerala,47294.0,134609,2187.6,7131935.2,14661.14,150.8,0.31,2.8462172791474605,2.482142857
Rice,2012,Winter,Kerala,86751.0,212607,2187.6,13082050.8,26892.81,150.8,0.31,2.450772901753294,2.355
Rice,2012,Kharif,Madhya Pradesh,1791157.0,3106146,1049.5,270106475.6,555258.67,150.8,0.31,1.7341561906633534,1.631041667
Rice,2012,Kharif,Maharashtra,1528100.0,3001640,1003.4,230437480.0,473711.0,150.8,0.31,1.9642955303972254,1.316153846
Rice,2012,Summer,Maharashtra,30900.0,76400,1003.4,4659720.0,9579.0,150.8,0.31,2.472491909385113,2.38
Rice,2012,Kharif,Manipur,122690.0,257580,1176.7,18501652.0,38033.9,150.8,0.31,2.0994376069769336,1.937777778
Rice,2012,Autumn,Meghalaya,33000.0,66000,2945.3,4976400.0,10230.0,150.8,0.31,2.0,2.232857143
Rice,2012,Rabi,Meghalaya,13267.0,56786,2945.3,2000663.6,4112.77,150.8,0.31000000000000005,4.280244214969473,2.13
Rice,2012,Winter,Meghalaya,63484.0,142867,2945.3,9573387.2,19680.04,150.79999999999998,0.31,2.2504410560141137,2.118571429
Rice,2012,Autumn,Mizoram,24706.0,27128,2050.2,3725664.8,7658.86,150.79999999999998,0.31,1.0980328665101595,1.095
Rice,2012,Kharif,Mizoram,14330.0,29983,2050.2,2160964.0,4442.3,150.8,0.31,2.092323796231682,2.2925
Rice,2012,Rabi,Mizoram,306.0,589,2050.2,46144.8,94.86,150.8,0.31,1.9248366013071896,2.3525
Rice,2012,Kharif,Nagaland,179780.0,396230,1296.6,27110824.0,55731.8,150.8,0.31,2.2039715207475803,2.15
Rice,2012,Rabi,Nagaland,3550.0,8950,1296.6,535340.0,1100.5,150.8,0.31,2.5211267605633805,2.52
Rice,2012,Autumn,Odisha,561000.0,970000,1430.2,84598800.0,173910.0,150.8,0.31,1.7290552584670231,1.56
Rice,2012,Summer,Odisha,8629000.0,868000,1430.2,1301253200.0,2674990.0,150.8,0.31,0.10059103024684204,0.077333333
Rice,2012,Winter,Odisha,3188000.0,7658000,1430.2,480750400.0,988280.0,150.8,0.31,2.402132998745295,2.490666667
Rice,2012,Kharif,Puducherry,3559.0,11637,1098.3,536697.2,1103.29,150.79999999999998,0.31,3.269738690643439,3.076666667
Rice,2012,Rabi,Puducherry,8979.0,23373,1098.3,1354033.2,2783.49,150.79999999999998,0.31,2.6030738389575676,3.233333333
Rice,2012,Summer,Puducherry,3743.0,11509,1098.3,564444.4,1160.33,150.8,0.31,3.0748063051028587,2.54
Rice,2012,Kharif,Punjab,2849000.0,11390000,338.9,429629200.0,883190.0,150.8,0.31,3.997893997893998,3.923636364
Rice,2012,Kharif,Sikkim,11920.0,21340,3006.9,1797536.0,3695.2,150.8,0.31,1.7902684563758389,1.7175
Rice,2012,Kharif,Tamil Nadu,1493276.0,4050334,706.8,225186020.8,462915.56,150.8,0.31,2.712381368213244,3.293225806
Rice,2012,Kharif,Tripura,254743.0,713222,1882.2,38415244.4,78970.33,150.79999999999998,0.31,2.799770749343456,2.78
Rice,2012,Kharif,Uttar Pradesh,5837298.0,14353736,746.3,880264538.4,1809562.38,150.79999999999998,0.31,2.458969201161222,2.4092
Rice,2012,Summer,Uttar Pradesh,23984.0,62203,746.3,3616787.2,7435.04,150.8,0.31,2.593520680453636,2.434761905
Rice,2012,Kharif,Uttarakhand,255037.0,561339,1309.8,38459579.6,79061.47,150.8,0.31,2.201010049522226,1.750769231
Rice,2012,Summer,Uttarakhand,14200.0,45552,1309.8,2141360.0,4402.0,150.8,0.31,3.207887323943662,3.21
Rice,2012,Autumn,West Bengal,205082.0,471150,1566.0,30926365.6,63575.42,150.8,0.31,2.297373733433456,2.259444444
Rice,2012,Summer,West Bengal,1228263.0,4065052,1566.0,185222060.4,380761.53,150.8,0.31,3.3095941178721495,3.206111111
Rice,2012,Winter,West Bengal,4010973.0,10410533,1566.0,604854728.4,1243401.63,150.79999999999998,0.31,2.595513108664656,2.53
Rice,2013,Kharif,Andhra Pradesh,1705555.0,4356822,1062.3,246435642.0,460499.85,144.49000002931598,0.26999999999999996,2.5544893011365803,2.715384615
Rice,2013,Rabi,Andhra Pradesh,877885.0,3636603,1062.3,126845603.7,237028.95,144.49000005695507,0.27,4.1424594337527125,3.408461538
Rice,2013,Kharif,Arunachal Pradesh,131989.0,184104,2042.9,19071090.61,35637.03,144.49,0.27,1.3948435096864134,1.300588235
Rice,2013,Autumn,Assam,223332.0,294440,1797.7,32269240.68,60299.64,144.49,0.27,1.3183959307219744,1.386296296
Rice,2013,Summer,Assam,399132.0,1189858,1797.7,57670582.68,107765.64,144.49,0.27,2.981114017417797,2.655925926
Rice,2013,Winter,Assam,1880737.0,3709081,1797.7,271747689.1,507798.99,144.4899999840488,0.27,1.9721423037883552,1.982592593
Rice,2013,Autumn,Bihar,549404.0,798676,1069.9,79383383.96,148339.08,144.48999999999998,0.26999999999999996,1.4537134786059074,1.413
Rice,2013,Summer,Bihar,92207.0,215952,1069.9,13322989.43,24895.89,144.49,0.27,2.342034769594499,2.233157895
Rice,2013,Winter,Bihar,2509203.0,5634961,1069.9,362554741.5,677484.81,144.490000011956,0.27,2.245717464868327,2.066842105
Rice,2013,Kharif,Chhattisgarh,3987721.0,7102729,1418.3,576185807.3,1076684.67,144.49000000250768,0.26999999999999996,1.7811499350130062,1.75037037
Rice,2013,Kharif,Delhi,6068.0,19768,706.8,876765.32,1638.36,144.48999999999998,0.26999999999999996,3.2577455504284774,3.26
Rice,2013,Kharif,Goa,28330.0,80114,3642.6,4093401.7,7649.1,144.49,0.27,2.8278856336039535,2.82
Rice,2013,Rabi,Goa,14490.0,46397,3642.6,2093660.1,3912.3,144.49,0.27,3.20200138026225,3.205
Rice,2013,Kharif,Gujarat,787300.0,1672585,1006.5,113756977.0,212571.0,144.49,0.27,2.124457004953639,1.939411765
Rice,2013,Summer,Gujarat,33099.0,105505,1006.5,4782474.51,8936.73,144.48999999999998,0.26999999999999996,3.187558536511677,3.133636364
Rice,2013,Kharif,Haryana,1244000.0,4041000,452.2,179745560.0,335880.0,144.49,0.27,3.2483922829581995,3.112
Rice,2013,Kharif,Himachal Pradesh,73139.0,106899,1216.9,10567854.11,19747.53,144.48999999999998,0.26999999999999996,1.4615868414935944,1.565454545
Rice,2013,Autumn,Jharkhand,154068.0,131682,1253.6,22261285.32,41598.36,144.49,0.27,0.8547005218474959,0.854782609
Rice,2013,Winter,Jharkhand,933073.0,1366639,1253.6,134819717.8,251929.71,144.49000003215184,0.27,1.4646646082353685,1.422083333
Rice,2013,Kharif,Karnataka,1035111.0,3057894,1235.6,149563188.4,279479.97,144.4900000096608,0.26999999999999996,2.954170132478546,2.792666667
Rice,2013,Rabi,Karnataka,40896.0,102639,1235.6,5909063.04,11041.92,144.49,0.27,2.509756455399061,2.545833333
Rice,2013,Summer,Karnataka,264028.0,892066,1235.6,38149405.72,71287.56,144.49,0.27,3.3786795339888194,3.022962963
Rice,2013,Autumn,Kerala,51922.0,141234,3255.4,7502209.78,14018.94,144.49,0.27,2.720118639497708,2.416923077
Rice,2013,Summer,Kerala,46865.0,137477,3255.4,6771523.85,12653.55,144.48999999999998,0.26999999999999996,2.9334684732742984,2.673571429
Rice,2013,Winter,Kerala,100824.0,285614,3255.4,14568059.76,27222.48,144.49,0.27,2.832797746568277,2.506428571
Rice,2013,Kharif,Madhya Pradesh,1881546.0,3321724,1451.4,271864581.5,508017.42,144.48999997874088,0.27,1.7654226896392646,1.410204082
Rice,2013,Kharif,Maharashtra,1567500.0,3016600,1409.8,226488075.0,423225.0,144.49,0.27,1.9244657097288675,1.436
Rice,2013,Summer,Maharashtra,37400.0,91690,1409.8,5403926.0,10098.0,144.49,0.27,2.4516042780748664,2.423333333
Rice,2013,Kharif,Manipur,222800.0,597670,1428.8,32192372.0,60156.0,144.49,0.27,2.68254039497307,2.354444444
Rice,2013,Autumn,Meghalaya,22569.0,48727,2448.4,3260994.81,6093.63,144.49,0.27,2.159023439230803,2.448571429
Rice,2013,Rabi,Meghalaya,13444.0,58685,2448.4,1942523.56,3629.88,144.49,0.27,4.365144302290985,2.396363636
Rice,2013,Winter,Meghalaya,46424.0,111289,2448.4,6707803.76,12534.48,144.49,0.27,2.397229881095985,2.238571429
Rice,2013,Autumn,Mizoram,22633.0,25671,1848.8,3270242.17,6110.91,144.49,0.27,1.1342287809835196,1.10625
Rice,2013,Kharif,Mizoram,15620.0,32440,1848.8,2256933.8,4217.4,144.48999999999998,0.26999999999999996,2.0768245838668373,2.1475
Rice,2013,Rabi,Mizoram,550.0,883,1848.8,79469.5,148.5,144.49,0.27,1.6054545454545455,1.666666667
Rice,2013,Kharif,Nagaland,185670.0,419640,1350.9,26827458.3,50130.9,144.49,0.27,2.2601389562126353,2.203636364
Rice,2013,Rabi,Nagaland,3810.0,10000,1350.9,550506.9,1028.7,144.49,0.27,2.6246719160104988,2.633333333
Rice,2013,Autumn,Odisha,582000.0,851000,1632.4,84093180.0,157140.0,144.49,0.27,1.4621993127147765,1.2972
Rice,2013,Summer,Odisha,300000.0,1025000,1632.4,43347000.0,81000.0,144.49,0.27,3.4166666666666665,2.857307692
Rice,2013,Winter,Odisha,3298000.0,5734000,1632.4,476528020.0,890460.0,144.49,0.27,1.7386294724075197,1.853
Rice,2013,Kharif,Puducherry,3671.0,12091,1083.2,530422.79,991.17,144.49,0.26999999999999996,3.29365295559793,2.696666667
Rice,2013,Rabi,Puducherry,8382.0,24736,1083.2,1211115.18,2263.14,144.48999999999998,0.26999999999999996,2.951085659747077,3.78
Rice,2013,Summer,Puducherry,3769.0,12965,1083.2,544582.81,1017.63,144.49,0.27,3.4399044839479966,3.41
Rice,2013,Kharif,Punjab,2851000.0,11267000,586.6,411940990.0,769770.0,144.49,0.27,3.951946685373553,3.834090909
Rice,2013,Kharif,Sikkim,11158.0,20260,2567.6,1612219.42,3012.66,144.48999999999998,0.26999999999999996,1.8157375873812511,1.76
Rice,2013,Kharif,Tamil Nadu,1725730.0,7115195,740.9,249350727.7,465947.1,144.48999999999998,0.26999999999999996,4.123005916336854,4.491935484
Rice,2013,Kharif,Telangana,1166334.0,3768045,1348.7,168523599.7,314910.18,144.4900000342955,0.27,3.2306740607750437,3.115555556
Rice,2013,Rabi,Telangana,828103.0,2813045,1348.7,119652602.5,223587.81,144.49000003622737,0.27,3.39697477246188,3.203333333
Rice,2013,Kharif,Tripura,254254.0,711831,2043.5,36737160.46,68648.58,144.49,0.27,2.799684567401103,2.775
Rice,2013,Kharif,Uttar Pradesh,5955306.0,14565665,995.2,860482163.9,1607932.62,144.4899999932833,0.27,2.4458298196599806,2.396133333
Rice,2013,Summer,Uttar Pradesh,27063.0,70171,995.2,3910332.87,7307.01,144.49,0.27,2.592875882200791,2.479047619
Rice,2013,Kharif,Uttarakhand,246959.0,551758,1735.4,35683105.91,66678.93,144.48999999999998,0.26999999999999996,2.2342089172696684,1.736153846
Rice,2013,Summer,Uttarakhand,12420.0,41310,1735.4,1794565.8,3353.4,144.49,0.27,3.3260869565217392,3.353333333
Rice,2013,Autumn,West Bengal,210036.0,493651,1939.9,30348101.64,56709.72,144.49,0.27,2.3503161362813993,2.252777778
Rice,2013,Summer,West Bengal,1286995.0,4338142,1939.9,185957907.6,347488.65,144.49000003885018,0.27,3.3707528001274287,3.127222222
Rice,2013,Winter,West Bengal,4016656.0,10545076,1939.9,580366625.4,1084497.12,144.48999999004147,0.27,2.6253370963308784,2.626111111
Rice,2014,Kharif,Andhra Pradesh,1634921.0,5097447,687.6,246807674.2,539523.93,150.960000024466,0.33,3.117855235818734,3.184615385
Rice,2014,Rabi,Andhra Pradesh,759034.0,3358137,687.6,114583772.6,250481.22,150.95999994730144,0.33,4.424224738285768,3.541538462
Rice,2014,Kharif,Arunachal Pradesh,127200.0,189992,2403.2,19202112.0,41976.0,150.96,0.33,1.4936477987421384,1.447058824
Rice,2014,Autumn,Assam,196188.0,280693,1899.0,29616540.48,64742.04,150.96,0.33,1.4307348053907476,1.531481481
Rice,2014,Summer,Assam,416353.0,1224046,1899.0,62852648.88,137396.49,150.96,0.32999999999999996,2.939923574466859,2.613076923
Rice,2014,Winter,Assam,1882756.0,3717906,1899.0,284220845.8,621309.48,150.96000002124546,0.33,1.9747147267091434,1.977777778
Rice,2014,Autumn,Bihar,581128.0,1010341,1061.0,87727082.88,191772.24,150.95999999999998,0.32999999999999996,1.7385859913822772,1.738965517
Rice,2014,Summer,Bihar,82265.0,181555,1061.0,12418724.4,27147.45,150.96,0.33,2.2069531392451225,1.971764706
Rice,2014,Winter,Bihar,2599981.0,7049728,1061.0,392493131.8,857993.73,150.96000001538474,0.33,2.7114536606229045,2.625263158
Rice,2014,Kharif,Chhattisgarh,4035700.0,7977746,1274.7,609229272.0,1331781.0,150.96,0.33,1.9767936169685556,1.92962963
Rice,2014,Kharif,Delhi,6035.0,17269,416.4,911043.6,1991.55,150.96,0.33,2.8614747307373656,2.86
Rice,2014,Kharif,Goa,27840.0,81269,3491.2,4202726.4,9187.2,150.96,0.33,2.9191451149425287,2.925
Rice,2014,Rabi,Goa,14130.0,39236,3491.2,2133064.8,4662.9,150.95999999999998,0.32999999999999996,2.7767869780608634,2.775
Rice,2014,Kharif,Gujarat,763205.0,1671308,605.6,115213426.8,251857.65,150.96,0.33,2.189854626214451,1.867368421
Rice,2014,Summer,Gujarat,31238.0,100275,605.6,4715688.48,10308.54,150.96,0.33,3.2100326525385747,3.144166667
Rice,2014,Kharif,Haryana,1277000.0,3989000,301.3,192775920.0,421410.0,150.96,0.33,3.1237274862960063,2.9465
Rice,2014,Kharif,Himachal Pradesh,72380.0,116365,1019.9,10926484.8,23885.4,150.96,0.33,1.6076954959933683,1.72
Rice,2014,Kharif,Jammu and Kashmir,275861.0,344823,1278.4,41643976.56,91034.13,150.96,0.33,1.2499882187043474,1.098947368
Rice,2014,Autumn,Jharkhand,139909.0,143816,1156.6,21120662.64,46169.97,150.96,0.33,1.027925294298437,1.01
Rice,2014,Winter,Jharkhand,849093.0,1248966,1156.6,128179079.3,280200.69,150.96000002355456,0.33,1.47094134564765,1.416666667
Rice,2014,Kharif,Karnataka,1000025.0,3057611,1238.5,150963774.0,330008.25,150.96,0.33,3.057534561635959,2.812333333
Rice,2014,Rabi,Karnataka,48096.0,118479,1238.5,7260572.16,15871.68,150.96,0.33,2.463385728542914,2.493846154
Rice,2014,Summer,Karnataka,278414.0,851657,1238.5,42029377.44,91876.62,150.95999999999998,0.32999999999999996,3.0589589603971064,2.852
Rice,2014,Autumn,Kerala,63981.0,161477,3046.4,9658571.76,21113.73,150.96,0.33,2.5238273862552947,2.215384615
Rice,2014,Summer,Kerala,45188.0,146165,3046.4,6821580.48,14912.04,150.96,0.33,3.2345976808002126,2.801428571
Rice,2014,Winter,Kerala,88990.0,254450,3046.4,13433930.4,29366.7,150.96,0.33,2.859310034835375,2.500714286
Rice,2014,Kharif,Madhya Pradesh,2057000.0,3522660,891.2,310524720.0,678810.0,150.96,0.33,1.7125230918813807,1.663488372
Rice,2014,Kharif,Maharashtra,1508400.0,2835400,1001.6,227708064.0,497772.0,150.96,0.33,1.8797401219835588,1.3064
Rice,2014,Summer,Maharashtra,42800.0,111200,1001.6,6461088.0,14124.0,150.96,0.33,2.5981308411214954,2.52375
Rice,2014,Kharif,Manipur,224380.0,501980,987.5,33872404.8,74045.4,150.95999999999998,0.32999999999999996,2.2371869150548176,2.073333333
Rice,2014,Autumn,Meghalaya,33102.0,76631,3484.4,4997077.92,10923.66,150.96,0.33,2.314996072744849,2.507272727
Rice,2014,Rabi,Meghalaya,13620.0,62687,3484.4,2056075.2,4494.6,150.96,0.33,4.602569750367107,2.505454545
Rice,2014,Winter,Meghalaya,63601.0,158920,3484.4,9601206.96,20988.33,150.96,0.33,2.4987028505841105,2.319090909
Rice,2014,Autumn,Mizoram,20064.0,23583,2029.9,3028861.44,6621.12,150.96,0.33,1.1753887559808613,1.14875
Rice,2014,Kharif,Mizoram,16380.0,35983,2029.9,2472724.8,5405.4,150.95999999999998,0.32999999999999996,2.196764346764347,2.2825
Rice,2014,Rabi,Mizoram,486.0,1113,2029.9,73366.56,160.38,150.96,0.33,2.2901234567901234,2.063333333
Rice,2014,Kharif,Nagaland,191230.0,443450,1333.3,28868080.8,63105.9,150.96,0.33,2.3189353134968362,2.260909091
Rice,2014,Rabi,Nagaland,4010.0,10740,1333.3,605349.6,1323.3,150.96,0.33,2.678304239401496,2.683333333
Rice,2014,Autumn,Odisha,583000.0,1036000,1536.9,88009680.0,192390.0,150.96,0.33,1.777015437392796,1.599166667
Rice,2014,Summer,Odisha,301000.0,1002000,1536.9,45438960.0,99330.0,150.96,0.33,3.3289036544850497,2.62
Rice,2014,Winter,Odisha,3282000.0,7802000,1536.9,495450720.0,1083060.0,150.96,0.33,2.37720901889092,2.379333333
Rice,2014,Kharif,Puducherry,3643.0,11821,1330.0,549947.28,1202.19,150.96,0.33,3.2448531430139993,2.936666667
Rice,2014,Rabi,Puducherry,9006.0,26378,1330.0,1359545.76,2971.98,150.96,0.33,2.928936264712414,3.506666667
Rice,2014,Summer,Puducherry,4005.0,14518,1330.0,604594.8,1321.65,150.96,0.33,3.624968789013733,3.62
Rice,2014,Kharif,Punjab,2894000.0,11107000,382.7,436878240.0,955020.0,150.96,0.33,3.837940566689703,3.728181818
Rice,2014,Kharif,Sikkim,11040.0,20070,2627.0,1666598.4,3643.2,150.95999999999998,0.32999999999999996,1.8179347826086956,1.76
Rice,2014,Kharif,Tamil Nadu,1794991.0,7949437,911.3,270971841.4,592347.03,150.96000002228422,0.33,4.428677915376735,4.730322581
Rice,2014,Kharif,Telangana,920307.0,2854873,746.4,138929544.7,303701.31,150.95999997826812,0.33,3.1020876729178415,2.958888889
Rice,2014,Rabi,Telangana,495113.0,1690109,746.4,74742258.48,163387.29,150.96,0.33,3.413582353927285,3.332222222
Rice,2014,Kharif,Tripura,257273.0,746954,2015.7,38837932.08,84900.09,150.95999999999998,0.32999999999999996,2.9033516925600433,2.885
Rice,2014,Kharif,Uttar Pradesh,5842029.0,13241518,616.4,881912697.8,1927869.57,150.95999999315305,0.33,2.2665957324073536,2.240533333
Rice,2014,Summer,Uttar Pradesh,29947.0,75449,616.4,4520799.12,9882.51,150.96,0.33,2.5194176378268276,2.384090909
Rice,2014,Kharif,Uttarakhand,247698.0,561856,1287.4,37392490.08,81740.34,150.95999999999998,0.32999999999999996,2.268310604042019,1.738461538
Rice,2014,Summer,Uttarakhand,12394.0,39004,1287.4,1870998.24,4090.02,150.96,0.33,3.1470066161045667,3.15
Rice,2014,Autumn,West Bengal,227829.0,591451,1483.5,34393065.84,75183.57,150.96,0.33,2.5960303561004086,2.516111111
Rice,2014,Summer,West Bengal,1290020.0,4351753,1483.5,194741419.2,425706.6,150.95999999999998,0.32999999999999996,3.373399637214927,3.254444444
Rice,2014,Winter,West Bengal,4008662.0,10983992,1483.5,605147615.5,1322858.46,150.9599999950108,0.33,2.7400643905622375,2.700555556
Rice,2015,Kharif,Andhra Pradesh,1398884.0,4115558,940.7,220897772.4,461631.72,157.9099999714058,0.32999999999999996,2.942029503518519,3.091538462
Rice,2015,Rabi,Andhra Pradesh,761911.0,3402713,940.7,120313366.0,251430.63,157.9099999868751,0.33,4.466024246926478,3.671538462
Rice,2015,Kharif,Arunachal Pradesh,128800.0,204001,2593.2,20338808.0,42504.0,157.91,0.33,1.5838586956521739,2.0875
Rice,2015,Autumn,Assam,191322.0,256729,2155.3,30211657.02,63136.26,157.91,0.33,1.3418686821170591,1.398888889
Rice,2015,Summer,Assam,404982.0,1141336,2155.3,63950707.62,133644.06,157.91,0.33,2.8182388353062606,2.488076923
Rice,2015,Winter,Assam,1888683.0,3727039,2155.3,298241932.5,623265.39,157.90999998411593,0.33,1.9733533896371176,1.965925926
Rice,2015,Autumn,Bihar,549012.0,725206,874.0,86694484.92,181173.96,157.91,0.32999999999999996,1.3209292328765128,1.347142857
Rice,2015,Summer,Bihar,81302.0,200983,874.0,12838398.82,26829.66,157.91,0.33,2.472054807999803,2.528333333
Rice,2015,Winter,Bihar,2602000.0,5876027,874.0,410881820.0,858660.0,157.91,0.33,2.2582732513451194,2.166052632
Rice,2015,Kharif,Chhattisgarh,3959746.0,5154328,1136.0,625283490.9,1306716.18,157.91000001010164,0.32999999999999996,1.3016814714883227,1.21962963
Rice,2015,Kharif,Delhi,5884.0,16837,757.7,929142.44,1941.72,157.91,0.33,2.8614887831407207,2.86
Rice,2015,Kharif,Goa,27730.0,78489,2587.1,4378844.3,9150.9,157.91,0.32999999999999996,2.8304724125495855,2.83
Rice,2015,Rabi,Goa,13614.0,36579,2587.1,2149786.74,4492.62,157.91000000000003,0.33,2.6868664609960335,2.76
Rice,2015,Kharif,Gujarat,741042.0,1584355,584.3,117017942.2,244543.86,157.90999997301097,0.32999999999999996,2.138009721446288,1.895238095
Rice,2015,Summer,Gujarat,33140.0,107509,584.3,5233137.4,10936.2,157.91000000000003,0.33,3.2440856970428484,3.201818182
Rice,2015,Kharif,Haryana,1353000.0,4142000,426.8,213652230.0,446490.0,157.91,0.33,3.0613451589061347,2.963
Rice,2015,Kharif,Himachal Pradesh,71614.0,114670,1223.2,11308566.74,23632.62,157.91,0.32999999999999996,1.6012232245091742,1.612727273
Rice,2015,Kharif,Jammu and Kashmir,304503.0,646362,1572.6,48084068.73,100485.99,157.91,0.33,2.1226785942995634,2.05
Rice,2015,Autumn,Jharkhand,145866.0,88110,1085.6,23033700.06,48135.78,157.91,0.33,0.604047550491547,0.606956522
Rice,2015,Winter,Jharkhand,1016623.0,674135,1085.6,160534937.9,335485.59,157.90999997049053,0.33,0.663112087765081,0.6625
Rice,2015,Kharif,Karnataka,977005.0,2641669,1024.9,154278859.5,322411.65,157.90999994882318,0.33,2.703843890256447,2.525666667
Rice,2015,Rabi,Karnataka,29329.0,71420,1024.9,4631342.39,9678.57,157.91,0.33,2.435132462750179,2.456428571
Rice,2015,Summer,Karnataka,103711.0,307524,1024.9,16377004.01,34224.63,157.91,0.32999999999999996,2.965201376903125,2.785769231
Rice,2015,Autumn,Kerala,60418.0,160894,2602.9,9540606.38,19937.94,157.91000000000003,0.32999999999999996,2.6630143334767786,2.327692308
Rice,2015,Summer,Kerala,47334.0,144706,2602.9,7474511.94,15620.22,157.91,0.32999999999999996,3.057125955972451,2.67
Rice,2015,Winter,Kerala,89118.0,243675,2602.9,14072623.38,29408.94,157.91,0.32999999999999996,2.7342961017976166,2.370714286
Rice,2015,Kharif,Madhya Pradesh,2027000.0,3546790,1000.7,320083570.0,668910.0,157.91,0.33,1.7497730636408486,1.701904762
Rice,2015,Kharif,Maharashtra,1471400.0,2517100,875.7,232348774.0,485562.0,157.91,0.33,1.710683702596167,1.334583333
Rice,2015,Summer,Maharashtra,31400.0,76000,875.7,4958374.0,10362.0,157.91,0.33,2.4203821656050954,2.538888889
Rice,2015,Kharif,Manipur,237000.0,508140,1329.1,37424670.0,78210.0,157.91,0.33,2.144050632911392,1.876666667
Rice,2015,Autumn,Meghalaya,33136.0,77453,3870.8,5232505.76,10934.88,157.91,0.32999999999999996,2.337427571221632,2.551818182
Rice,2015,Rabi,Meghalaya,13649.0,62901,3870.8,2155313.59,4504.17,157.91,0.33,4.608469484943952,2.557272727
Rice,2015,Winter,Meghalaya,63670.0,160722,3870.8,10054129.7,21011.1,157.91,0.32999999999999996,2.5242971572168997,2.347272727
Rice,2015,Autumn,Mizoram,19851.0,24343,2310.8,3134671.41,6550.83,157.91,0.33,1.2262858294292478,1.22375
Rice,2015,Kharif,Mizoram,16804.0,36471,2310.8,2653519.64,5545.32,157.91,0.32999999999999996,2.17037610092835,2.16
Rice,2015,Rabi,Mizoram,498.0,1275,2310.8,78639.18,164.34,157.91,0.33,2.5602409638554215,2.515
Rice,2015,Kharif,Nagaland,176790.0,427240,1308.3,27916908.9,58340.7,157.91,0.32999999999999996,2.4166525255953393,2.41
Rice,2015,Rabi,Nagaland,4520.0,12220,1308.3,713753.2,1491.6,157.91,0.32999999999999996,2.7035398230088497,2.703333333
Rice,2015,Autumn,Odisha,541000.0,390000,1210.1,85429310.0,178530.0,157.91,0.33,0.7208872458410351,0.864583333
Rice,2015,Summer,Odisha,234000.0,782000,1210.1,36950940.0,77220.0,157.91,0.33,3.341880341880342,2.619090909
Rice,2015,Winter,Odisha,3167000.0,4702000,1210.1,500100970.0,1045110.0,157.91,0.33,1.4846858225449953,1.417666667
Rice,2015,Kharif,Puducherry,3817.0,12250,1980.6,602742.47,1259.61,157.91,0.32999999999999996,3.2093266963583966,2.273333333
Rice,2015,Rabi,Puducherry,8505.0,19587,1980.6,1343024.55,2806.65,157.91,0.33,2.3029982363315695,2.47
Rice,2015,Summer,Puducherry,3941.0,12049,1980.6,622323.31,1300.53,157.91000000000003,0.33,3.057345851306775,2.225
Rice,2015,Kharif,Punjab,2975000.0,11823000,512.6,469782250.0,981750.0,157.91,0.33,3.9741176470588235,3.923181818
Rice,2015,Kharif,Sikkim,10669.0,19687,2949.1,1684741.79,3520.77,157.91,0.33,1.8452526009935326,1.7925
Rice,2015,Kharif,Tamil Nadu,2000212.0,7374681,1201.9,315853476.9,660069.96,157.90999999000104,0.32999999999999996,3.6869496833335664,4.061290323
Rice,2015,Kharif,Telangana,748713.0,2197030,747.9,118229269.8,247075.29,157.90999995993124,0.33,2.93440877879775,2.822222222
Rice,2015,Rabi,Telangana,297475.0,850259,747.9,46974277.25,98166.75,157.91,0.33,2.8582536347592233,2.785555556
Rice,2015,Kharif,Tripura,199818.0,575826,2334.4,31553260.38,65939.94,157.91,0.33,2.881752394679158,2.895
Rice,2015,Summer,Tripura,69975.0,219022,2334.4,11049752.25,23091.75,157.91,0.33,3.1300035727045374,3.04625
Rice,2015,Kharif,Uttar Pradesh,5837445.0,12434053,596.7,921790939.9,1926356.85,157.9099999914346,0.33,2.13005056150422,2.096133333
Rice,2015,Summer,Uttar Pradesh,24595.0,67107,596.7,3883796.45,8116.35,157.91,0.33,2.7284813986582637,2.295
Rice,2015,Kharif,Uttarakhand,252163.0,591755,1247.6,39819059.33,83213.79,157.91,0.32999999999999996,2.3467162113394906,1.795384615
Rice,2015,Summer,Uttarakhand,13043.0,50137,1247.6,2059620.13,4304.19,157.91,0.32999999999999996,3.8439776125124587,3.81
Rice,2015,Autumn,West Bengal,235970.0,612966,1717.0,37262022.7,77870.1,157.91000000000003,0.33,2.597643768275628,2.48
Rice,2015,Summer,West Bengal,1310585.0,4424392,1717.0,206954477.4,432493.05,157.9100000381509,0.33,3.375890918940778,3.155
Rice,2015,Winter,West Bengal,3977400.0,10910896,1717.0,628071234.0,1312542.0,157.91,0.33,2.7432232111429578,2.670555556
Rice,2016,Kharif,Andhra Pradesh,1519656.0,5233690,890.0,232887282.0,531879.6,153.25,0.35,3.4439965360581604,3.361538462
Rice,2016,Rabi,Andhra Pradesh,585363.0,2768647,890.0,89706879.75,204877.05,153.25,0.35,4.7297950160840365,3.727692308
Rice,2016,Kharif,Arunachal Pradesh,131000.0,220000,2933.7,20075750.0,45850.0,153.25,0.35,1.6793893129770991,1.606
Rice,2016,Autumn,Assam,168044.0,228206,2296.8,25752743.0,58815.4,153.25,0.35000000000000003,1.3580133774487635,1.405185185
Rice,2016,Summer,Assam,408132.0,1131872,2296.8,62546229.0,142846.2,153.25,0.35000000000000003,2.7732988346907375,2.412692308
Rice,2016,Winter,Assam,1890960.0,3767357,2296.8,289789620.0,661836.0,153.25,0.35,1.9922986208063629,1.996666667
Rice,2016,Autumn,Bihar,556827.0,949371,1205.6,85333737.75,194889.45,153.25,0.35000000000000003,1.7049658152352527,1.736153846
Rice,2016,Summer,Bihar,84323.0,224329,1205.6,12922499.75,29513.05,153.25,0.35,2.660353640169349,2.493333333
Rice,2016,Winter,Bihar,2698627.0,7065073,1205.6,413564587.8,944519.45,153.25000001852794,0.35,2.618025017907254,2.571052632
Rice,2016,Kharif,Chhattisgarh,4052587.0,8793273,1298.9,621058957.8,1418405.45,153.25000001233778,0.35,2.169792530055493,2.076666667
Rice,2016,Kharif,Delhi,5973.0,17260,747.1,915362.25,2090.55,153.25,0.35000000000000003,2.889670182487862,2.89
Rice,2016,Kharif,Goa,27630.0,77109,3266.9,4234297.5,9670.5,153.25,0.35,2.790770901194354,2.795
Rice,2016,Rabi,Goa,13193.0,36118,3266.9,2021827.25,4617.55,153.25,0.35000000000000003,2.737663912680967,2.745
Rice,2016,Kharif,Gujarat,792207.0,1808275,710.5,121405722.8,277272.45,153.2500000631148,0.35000000000000003,2.282578921923184,2.0745
Rice,2016,Summer,Gujarat,55403.0,180196,710.5,8490509.75,19391.05,153.25,0.35,3.2524592531090373,3.133333333
Rice,2016,Kharif,Haryana,1384700.0,4451000,554.7,212205275.0,484645.0,153.25,0.35,3.2144146746587707,2.9505
Rice,2016,Kharif,Himachal Pradesh,70855.0,103557,1373.9,10858528.75,24799.25,153.25,0.35,1.4615341189753723,1.559090909
Rice,2016,Kharif,Jammu and Kashmir,283443.0,572213,902.8,43437639.75,99205.05,153.25,0.35000000000000003,2.0187939021249424,2.0255
Rice,2016,Autumn,Jharkhand,137925.0,154026,1296.3,21137006.25,48273.75,153.25,0.35,1.1167373572593802,0.912
Rice,2016,Winter,Jharkhand,1204133.0,2621003,1296.3,184533382.3,421446.55,153.25000004152366,0.35,2.1766723443340563,2.251666667
Rice,2016,Kharif,Karnataka,942025.0,2611754,1147.2,144365331.3,329708.75,153.25000005307717,0.35,2.7724890528383006,2.529666667
Rice,2016,Rabi,Karnataka,18686.0,49615,1147.2,2863629.5,6540.1,153.25,0.35000000000000003,2.6551964037247138,2.525333333
Rice,2016,Summer,Karnataka,73832.0,212837,1147.2,11314754.0,25841.2,153.25,0.35000000000000003,2.8827202297106944,2.852692308
Rice,2016,Autumn,Kerala,56601.0,167181,2924.3,8674103.25,19810.35,153.25,0.35,2.9536757301107754,2.524615385
Rice,2016,Summer,Kerala,42544.0,127905,2924.3,6519868.0,14890.4,153.25,0.35,3.0064168860473863,2.534285714
Rice,2016,Winter,Kerala,72253.0,141397,2924.3,11072772.25,25288.55,153.25,0.35,1.9569706448175161,2.102142857
Rice,2016,Kharif,Madhya Pradesh,2260000.0,5400540,1048.4,346345000.0,791000.0,153.25,0.35,2.389619469026549,2.040294118
Rice,2016,Kharif,Maharashtra,1465730.0,3419021,1151.1,224623122.5,513005.5,153.25,0.35,2.3326403907950306,1.664444444
Rice,2016,Summer,Maharashtra,69640.0,161900,1151.1,10672330.0,24374.0,153.25,0.35,2.3248133256748993,2.369166667
Rice,2016,Kharif,Manipur,244000.0,645600,2039.8,37393000.0,85400.0,153.25,0.35,2.6459016393442623,2.313333333
Rice,2016,Autumn,Meghalaya,33646.0,78965,3837.1,5156249.5,11776.1,153.25,0.35000000000000003,2.3469357427331627,2.552727273
Rice,2016,Rabi,Meghalaya,13670.0,63373,3837.1,2094927.5,4784.5,153.25,0.35,4.635918068763716,2.573636364
Rice,2016,Winter,Meghalaya,63862.0,162180,3837.1,9786851.5,22351.7,153.25,0.35000000000000003,2.5395383796310793,2.359090909
Rice,2016,Autumn,Mizoram,19602.0,23665,2626.8,3004006.5,6860.7,153.25,0.35,1.2072747678808284,1.21125
Rice,2016,Kharif,Mizoram,16862.0,36979,2626.8,2584101.5,5901.7,153.25,0.35,2.1930375993357845,2.2325
Rice,2016,Rabi,Mizoram,394.0,872,2626.8,60380.5,137.9,153.25,0.35000000000000003,2.213197969543147,2.21
Rice,2016,Kharif,Nagaland,201860.0,491660,1959.8,30935045.0,70651.0,153.25,0.35,2.4356484692361042,2.391818182
Rice,2016,Rabi,Nagaland,4800.0,13400,1959.8,735600.0,1680.0,153.25,0.35,2.7916666666666665,2.79
Rice,2016,Autumn,Odisha,511550.0,657520,1460.5,78395037.5,179042.5,153.25,0.35,1.2853484507868242,1.444074074
Rice,2016,Summer,Odisha,224780.0,793690,1460.5,34447535.0,78673.0,153.25,0.35,3.5309636088619984,2.745333333
Rice,2016,Winter,Odisha,3226450.0,8343100,1460.5,494453462.5,1129257.5,153.25,0.35,2.585845123897782,2.543
Rice,2016,Kharif,Puducherry,3693.0,13151,1391.3,565952.25,1292.55,153.25,0.35,3.561061467641484,3.24
Rice,2016,Rabi,Puducherry,8412.0,23024,1391.3,1289139.0,2944.2,153.25,0.35,2.7370423204945316,3.436666667
Rice,2016,Summer,Puducherry,4100.0,15989,1391.3,628325.0,1435.0,153.25,0.35,3.8997560975609757,2.535
Rice,2016,Kharif,Punjab,3046000.0,12638000,635.9,466799500.0,1066100.0,153.25,0.35,4.1490479317137225,4.066818182
Rice,2016,Kharif,Sikkim,10481.0,19453,2971.6,1606213.25,3668.35,153.25,0.35,1.856025188436218,1.8075
Rice,2016,Kharif,Tamil Nadu,1442841.0,3554113,912.4,221115383.3,504994.35,153.25000003465385,0.35,2.4632741930677047,3.068387097
Rice,2016,Kharif,Telangana,889351.0,3028634,942.6,136293040.8,311272.85,153.25000005622078,0.35,3.4054428454007475,3.229666667
Rice,2016,Rabi,Telangana,939223.0,3570445,942.6,143935924.8,328728.05,153.2500000532355,0.35,3.8014880385169443,3.585
Rice,2016,Autumn,Tripura,38136.0,101574,2475.3,5844342.0,13347.6,153.25,0.35000000000000003,2.6634675896790436,2.5475
Rice,2016,Kharif,Tripura,16843.0,18190,2475.3,2581189.75,5895.05,153.25,0.35000000000000003,1.0799738763878168,1.05875
Rice,2016,Summer,Tripura,71877.0,231509,2475.3,11015150.25,25156.95,153.25,0.35000000000000003,3.2209051574217065,3.145
Rice,2016,Winter,Tripura,150250.0,463371,2475.3,23025812.5,52587.5,153.25,0.35,3.084,3.05375
Rice,2016,Kharif,Uttar Pradesh,5965657.0,14396168,965.3,914236935.3,2087979.95,153.2500000083813,0.35,2.413173938763157,2.3668
Rice,2016,Summer,Uttar Pradesh,26051.0,74184,965.3,3992315.75,9117.85,153.25,0.35000000000000003,2.8476450040305554,2.484117647
Rice,2016,Kharif,Uttarakhand,251498.0,582720,1580.9,38542068.5,88024.3,153.25,0.35000000000000003,2.316996556632657,1.779230769
Rice,2016,Summer,Uttarakhand,14703.0,55577,1580.9,2253234.75,5146.05,153.25,0.35000000000000003,3.7799768754675918,3.77
Rice,2016,Autumn,West Bengal,247978.0,642310,1795.8,38002628.5,86792.3,153.25,0.35000000000000003,2.5901894522901223,2.493809524
Rice,2016,Summer,West Bengal,1185381.0,4005685,1795.8,181659638.3,414883.35,153.25000004218055,0.35,3.37923840520474,3.244285714
Rice,2016,Winter,West Bengal,3963495.0,10996579,1795.8,607405608.8,1387223.25,153.25000001261512,0.35,2.774465213151524,2.691363636
Rice,2017,Kharif,Andhra Pradesh,1476928.0,4941933,868.2,232527544.3,561232.64,157.4399999864584,0.38,3.3460893151189497,3.25
Rice,2017,Rabi,Andhra Pradesh,741258.0,3519409,868.2,116703659.5,281678.04,157.43999997301884,0.37999999999999995,4.747886700716889,3.887692308
Rice,2017,Kharif,Arunachal Pradesh,132000.0,233335,2745.5,20782080.0,50160.0,157.44,0.38,1.7676893939393938,1.6915
Rice,2017,Autumn,Assam,154511.0,209349,2098.563636,24326211.84,58714.18,157.44,0.38,1.3549132424228696,1.418148148
Rice,2017,Summer,Assam,400402.0,1191244,2098.563636,63039290.88,152152.76,157.44,0.38,2.9751200043955826,2.704615385
Rice,2017,Winter,Assam,1878798.0,3883120,2098.563636,295797957.1,713943.24,157.4399999893549,0.38,2.06681080137407,2.063703704
Rice,2017,Autumn,Bihar,522698.0,903286,1112.0,82293573.12,198625.24,157.44,0.38,1.728122166145652,1.78173913
Rice,2017,Summer,Bihar,67865.0,143832,1112.0,10684665.6,25788.7,157.44,0.38,2.119384071318058,2.034285714
Rice,2017,Winter,Bihar,2716420.0,7046043,1112.0,427673164.8,1032239.6,157.44,0.38,2.5938709772421054,2.466842105
Rice,2017,Kharif,Chhattisgarh,3976626.0,5749044,1124.5,626079997.4,1511117.88,157.4399999899412,0.37999999999999995,1.4457090005446829,1.386296296
Rice,2017,Kharif,Delhi,5854.0,16837,533.7,921653.76,2224.52,157.44,0.38,2.8761530577382985,2.88
Rice,2017,Kharif,Goa,27219.0,71279,2772.5,4285359.36,10343.22,157.44000000000003,0.37999999999999995,2.6187222160990484,2.635
Rice,2017,Rabi,Goa,11301.0,31718,2772.5,1779229.44,4294.38,157.44,0.38,2.806654278382444,2.855
Rice,2017,Kharif,Gujarat,802674.0,1749613,814.8,126372994.6,305016.12,157.44000004983343,0.38,2.1797305008010723,2.0375
Rice,2017,Summer,Gujarat,52616.0,140196,814.8,8283863.04,19994.08,157.44,0.38000000000000006,2.6645126957579444,2.657857143
Rice,2017,Kharif,Haryana,1422100.0,4880000,417.1,223895424.0,540398.0,157.44,0.38,3.4315448983897054,3.096190476
Rice,2017,Kharif,Himachal Pradesh,71613.0,114785,1182.2,11274750.72,27212.94,157.44,0.38,1.6028514375881473,1.618181818
Rice,2017,Kharif,Jammu and Kashmir,273582.0,663755,1279.1,43072750.08,103961.16,157.44,0.38,2.4261647330599234,2.31
Rice,2017,Kharif,Jharkhand,1735411.0,3421253,1165.7,273223107.8,659456.18,157.4399999769507,0.38,1.971436737464497,2.023333333
Rice,2017,Kharif,Karnataka,737547.0,2123100,1111.7,116119399.7,280267.86,157.44000002711692,0.38,2.8785962114956742,2.9
Rice,2017,Rabi,Karnataka,30634.0,81726,1111.7,4823016.96,11640.92,157.44,0.38,2.667820069204152,2.773076923
Rice,2017,Summer,Karnataka,224744.0,702645,1111.7,35383695.36,85402.72,157.44,0.38,3.12642384223828,3.063703704
Rice,2017,Autumn,Kerala,58278.0,148913,2664.8,9175288.32,22145.64,157.44,0.38,2.555218092590686,2.217692308
Rice,2017,Summer,Kerala,49693.0,153463,2664.8,7823665.92,18883.34,157.44,0.38,3.0882216811220897,2.733571429
Rice,2017,Winter,Kerala,81115.0,218934,2664.8,12770745.6,30823.7,157.44,0.38,2.699056894532454,2.483571429
Rice,2017,Kharif,Madhya Pradesh,2023070.0,4869658,800.0,318512140.8,768766.6,157.44,0.38,2.4070635222706085,1.806888889
Rice,2017,Summer,Madhya Pradesh,12070.0,29400,800.0,1900300.8,4586.6,157.44,0.38,2.435791217895609,1.965294118
Rice,2017,Kharif,Maharashtra,1424765.0,2668600,1129.5,224315001.6,541410.7,157.44,0.37999999999999995,1.873010636841865,1.637916667
Rice,2017,Summer,Maharashtra,26178.0,62200,1129.5,4121464.32,9947.64,157.44,0.38,2.37604095041638,2.535833333
Rice,2017,Kharif,Manipur,236710.0,607820,1780.0,37267622.4,89949.8,157.44,0.38,2.56778336360948,2.18
Rice,2017,Autumn,Meghalaya,33575.0,78848,4472.3,5286048.0,12758.5,157.44,0.38,2.3484139985107966,2.551818182
Rice,2017,Rabi,Meghalaya,13683.0,63428,4472.3,2154251.52,5199.54,157.44,0.38,4.6355331433165246,2.576363636
Rice,2017,Winter,Meghalaya,63883.0,162272,4472.3,10057739.52,24275.54,157.44,0.38,2.5401437002019316,2.36
Rice,2017,Autumn,Mizoram,19587.5,23580,3865.8,3083856.0,7443.25,157.44,0.38,1.20382897255903,1.18625
Rice,2017,Kharif,Mizoram,16039.7,35029,3865.8,2525290.368,6095.086,157.43999999999997,0.38,2.183893713722825,2.15625
Rice,2017,Rabi,Mizoram,487.0,998,3865.8,76673.28,185.06,157.44,0.38,2.0492813141683777,2.09
Rice,2017,Kharif,Nagaland,206750.0,509590,1722.1,32550720.0,78565.0,157.44,0.38,2.464764207980653,2.421818182
Rice,2017,Rabi,Nagaland,5250.0,14850,1722.1,826560.0,1995.0,157.44,0.38,2.8285714285714287,2.826666667
Rice,2017,Autumn,Odisha,530320.0,576840,1344.4,83493580.8,201521.6,157.44,0.38,1.0877206215115403,1.218928571
Rice,2017,Summer,Odisha,221940.0,695400,1344.4,34942233.6,84337.2,157.44,0.38,3.133279264666126,2.673571429
Rice,2017,Winter,Odisha,3014130.0,5279130,1344.4,474544627.2,1145369.4,157.44,0.37999999999999995,1.7514606204775507,1.747
Rice,2017,Kharif,Puducherry,4325.0,15281,1582.4,680928.0,1643.5,157.44,0.38,3.533179190751445,3.256666667
Rice,2017,Rabi,Puducherry,8749.0,25188,1582.4,1377442.56,3324.62,157.44,0.38,2.878957595153732,3.27
Rice,2017,Summer,Puducherry,4297.0,15518,1582.4,676519.68,1632.86,157.44,0.38,3.6113567605306027,2.85
Rice,2017,Kharif,Punjab,3065000.0,13382000,497.5,482553600.0,1164700.0,157.44,0.38,4.366068515497553,4.252727273
Rice,2017,Kharif,Sikkim,9501.0,17636,2873.6,1495837.44,3610.38,157.44,0.38,1.856225660456794,1.815
Rice,2017,Autumn,Tamil Nadu,235255.0,906616,970.9,37038547.2,89396.9,157.44000000000003,0.37999999999999995,3.8537586873817773,3.967857143
Rice,2017,Summer,Tamil Nadu,276272.0,1234550,970.9,43496263.68,104983.36,157.44,0.38,4.468603405339665,4.451428571
Rice,2017,Winter,Tamil Nadu,1317338.0,4497284,970.9,207401694.7,500588.44,157.43999998481786,0.38,3.4139180681040098,4.139
Rice,2017,Kharif,Telangana,1046987.0,2946004,815.7,164837633.3,397855.06,157.44000001910246,0.38,2.8137923393509183,2.672333333
Rice,2017,Rabi,Telangana,915389.0,3317425,815.7,144118844.2,347847.82,157.44000004369727,0.38,3.624060372147797,3.532666667
Rice,2017,Autumn,Tripura,37775.0,104258,3326.8,5947296.0,14354.5,157.44,0.38,2.7599735274652546,2.68125
Rice,2017,Kharif,Tripura,15837.0,16787,3326.8,2493377.28,6018.06,157.44,0.38,1.0599861084801414,1.02625
Rice,2017,Summer,Tripura,72224.0,235115,3326.8,11370946.56,27445.12,157.44,0.38,3.2553583296411164,3.1475
Rice,2017,Winter,Tripura,148232.0,455932,3326.8,23337646.08,56328.16,157.44,0.38,3.075800097145016,3.045
Rice,2017,Kharif,Uttar Pradesh,5897871.0,15441958,652.1,928560810.2,2241190.98,157.4399999932179,0.38,2.6182257970715197,2.541333333
Rice,2017,Summer,Uttar Pradesh,25761.0,76645,652.1,4055811.84,9789.18,157.44,0.38,2.975233880672334,2.67
Rice,2017,Kharif,Uttarakhand,246539.0,620027,1475.8,38815100.16,93684.82,157.44,0.38,2.5149246163892935,1.909230769
Rice,2017,Summer,Uttarakhand,13953.0,44845,1475.8,2196760.32,5302.14,157.44,0.38,3.214004156812155,3.223333333
Rice,2017,Autumn,West Bengal,249341.0,633542,1830.0,39256247.04,94749.58,157.44,0.38,2.540865722043306,2.45
Rice,2017,Summer,West Bengal,1295678.0,4671912,1830.0,203991544.3,492357.64,157.43999998456408,0.38,3.6057662474781544,3.375714286
Rice,2017,Winter,West Bengal,3992412.0,11010468,1830.0,628565345.3,1517116.56,157.4400000050095,0.38,2.7578486388679324,2.684545455
Rice,2018,Kharif,Andhra Pradesh,1563887.0,5243250,1220.5,253662471.4,547360.45,162.20000000000002,0.35,3.3527038718270568,3.263846154
Rice,2018,Rabi,Andhra Pradesh,644417.0,2991289,1220.5,104524437.4,225545.95,162.20000000000002,0.35000000000000003,4.641853023740839,3.699230769
Rice,2018,Kharif,Arunachal Pradesh,133200.0,239998,2992.9,21605040.0,46620.0,162.2,0.35,1.8017867867867867,1.737727273
Rice,2018,Autumn,Assam,144766.0,209122,2372.9,23481045.2,50668.1,162.2,0.35,1.4445518975450036,1.492592593
Rice,2018,Summer,Assam,400873.0,1145512,2372.9,65021600.6,140305.55,162.20000000000002,0.35,2.8575434115043916,2.645
Rice,2018,Winter,Assam,1879539.0,4082738,2372.9,304861225.8,657838.65,162.20000000000002,0.35000000000000003,2.1722018005479002,2.15
Rice,2018,Autumn,Bihar,445393.0,615668,1521.4,72242744.6,155887.55,162.2,0.35,1.3823028202059755,1.439545455
Rice,2018,Summer,Bihar,60400.0,136281,1521.4,9796880.0,21140.0,162.2,0.35,2.2563079470198675,2.205
Rice,2018,Winter,Bihar,2653929.0,5403580,1521.4,430467283.8,928875.15,162.20000000000002,0.35000000000000003,2.0360680334703756,1.809210526
Rice,2018,Kharif,Chhattisgarh,4141378.0,6509430,1515.5,671731511.6,1449482.3,162.20000000000002,0.35000000000000003,1.5718029119776074,1.521481481
Rice,2018,Kharif,Delhi,5848.0,16826,678.5,948545.6,2046.8,162.2,0.35,2.8772229822161424,2.88
Rice,2018,Kharif,Goa,25841.0,70272,4406.0,4191410.2,9044.35,162.20000000000002,0.35000000000000003,2.719399404047831,2.72
Rice,2018,Rabi,Goa,10543.0,28582,4406.0,1710074.6,3690.05,162.20000000000002,0.35000000000000003,2.71099307597458,2.72
Rice,2018,Kharif,Gujarat,809367.0,1819260,1125.4,131279327.4,283278.45,162.20000000000002,0.35000000000000003,2.2477565801422594,2.131
Rice,2018,Summer,Gujarat,29582.0,92755,1125.4,4798200.4,10353.7,162.20000000000002,0.35000000000000003,3.135521600973565,2.676153846
Rice,2018,Kharif,Haryana,1447000.0,4516000,533.2,234703400.0,506450.0,162.2,0.35,3.1209398756046993,2.94952381
Rice,2018,Kharif,Himachal Pradesh,71810.0,114896,1052.2,11647582.0,25133.5,162.2,0.35,1.6,1.623636364
Rice,2018,Kharif,Jammu and Kashmir,262012.0,615799,1016.3,42498346.4,91704.2,162.2,0.35,2.350270216631299,2.35
Rice,2018,Kharif,Jharkhand,1527103.0,2894101,1222.7,247696106.6,534486.05,162.2,0.35000000000000003,1.895157694012781,1.817916667
Rice,2018,Kharif,Karnataka,1037158.0,2949318,1419.1,168227027.6,363005.3,162.2,0.35,2.8436535224141357,2.637
Rice,2018,Rabi,Karnataka,11442.0,28334,1419.1,1855892.4,4004.7,162.2,0.35,2.4763153294878517,2.480833333
Rice,2018,Summer,Karnataka,150993.0,484330,1419.1,24491064.6,52847.55,162.20000000000002,0.35000000000000003,3.2076321418873723,2.9272
Rice,2018,Autumn,Kerala,60718.46,101943,2989.7,9848534.212,21251.461,162.2,0.35,1.6789457440126117,1.565384615
Rice,2018,Summer,Kerala,48858.28,196784,2989.7,7924813.016,17100.398,162.2,0.35000000000000003,4.027648947118073,3.09
Rice,2018,Winter,Kerala,88449.47,279529,2989.7,14346504.03,30957.3145,162.19999995477642,0.35,3.1603241941415816,2.684285714
Rice,2018,Kharif,Madhya Pradesh,2794020.0,5238850,1102.2,453190044.0,977907.0,162.2,0.35,1.8750223692027974,1.444901961
Rice,2018,Kharif,Maharashtra,1417445.0,3143748,1387.4,229909579.0,496105.75,162.2,0.35,2.2178976962069075,1.657916667
Rice,2018,Summer,Maharashtra,47541.0,132050,1387.4,7711150.2,16639.35,162.20000000000002,0.35,2.7776024904819,2.755833333
Rice,2018,Kharif,Manipur,233500.0,602430,1196.9,37873700.0,81725.0,162.2,0.35,2.58,2.232222222
Rice,2018,Autumn,Meghalaya,33494.0,78214,5649.1,5432726.8,11722.9,162.2,0.35,2.3351645070758944,2.545454545
Rice,2018,Rabi,Meghalaya,13624.0,63050,5649.1,2209812.8,4768.4,162.2,0.35,4.627862595419847,2.569090909
Rice,2018,Winter,Meghalaya,63814.0,161706,5649.1,10350630.8,22334.9,162.20000000000002,0.35000000000000003,2.5340207477982886,2.352727273
Rice,2018,Autumn,Mizoram,18957.0,23372,1665.2,3074825.4,6634.95,162.2,0.35,1.2328955003428812,1.215
Rice,2018,Kharif,Mizoram,16133.0,35678,1665.2,2616772.6,5646.55,162.20000000000002,0.35000000000000003,2.211491972974648,2.1975
Rice,2018,Rabi,Mizoram,460.0,960,1665.2,74612.0,161.0,162.2,0.35,2.0869565217391304,2.115
Rice,2018,Kharif,Nagaland,208990.0,519600,1372.7,33898178.0,73146.5,162.2,0.35,2.48624336092636,2.444545455
Rice,2018,Rabi,Nagaland,5460.0,15440,1372.7,885612.0,1911.0,162.2,0.35,2.827838827838828,2.8275
Rice,2018,Autumn,Odisha,454370.0,527490,1635.9,73698814.0,159029.5,162.2,0.35,1.1609261174813479,1.322916667
Rice,2018,Summer,Odisha,274230.0,925810,1635.9,44480106.0,95980.5,162.2,0.35,3.376034715384896,2.586071429
Rice,2018,Winter,Odisha,3130820.0,6280410,1635.9,507819004.0,1095787.0,162.2,0.35,2.0059952344753134,1.982333333
Rice,2018,Kharif,Puducherry,4298.0,16082,1693.9,697135.6,1504.3,162.2,0.35,3.7417403443462076,3.373333333
Rice,2018,Rabi,Puducherry,9048.0,30635,1693.9,1467585.6,3166.8,162.20000000000002,0.35000000000000003,3.3858311229000884,3.976666667
Rice,2018,Summer,Puducherry,4515.0,16626,1693.9,732333.0,1580.25,162.2,0.35,3.682392026578073,2.885
Rice,2018,Kharif,Punjab,3103000.0,12822000,585.5,503306600.0,1086050.0,162.2,0.35,4.132130196583951,4.011818182
Rice,2018,Kharif,Sikkim,9256.0,17182,3350.1,1501323.2,3239.6,162.2,0.35,1.8563094209161626,1.82
Rice,2018,Autumn,Tamil Nadu,279647.0,1198496,986.2,45358743.4,97876.45,162.2,0.35,4.285745958297425,4.184827586
Rice,2018,Summer,Tamil Nadu,236904.0,992095,986.2,38425828.8,82916.4,162.2,0.35,4.187751156586634,3.997333333
Rice,2018,Winter,Tamil Nadu,1204714.0,3940959,986.2,195404610.8,421649.9,162.20000000000002,0.35000000000000003,3.27128181460496,3.749032258
Rice,2018,Kharif,Telangana,1189264.0,4135049,1350.3,192898620.8,416242.4,162.20000000000002,0.35000000000000003,3.476981561705391,3.3065625
Rice,2018,Rabi,Telangana,742508.0,2533895,1350.3,120434797.6,259877.8,162.2,0.35,3.4126164297219694,3.208125
Rice,2018,Autumn,Tripura,35340.0,93453,2169.1,5732148.0,12369.0,162.2,0.35,2.644397283531409,2.50625
Rice,2018,Kharif,Tripura,15382.0,16267,2169.1,2494960.4,5383.7,162.2,0.35,1.057534780912755,1.05375
Rice,2018,Summer,Tripura,70742.0,232551,2169.1,11474352.4,24759.7,162.20000000000002,0.35000000000000003,3.287311639478669,3.0775
Rice,2018,Winter,Tripura,147900.0,450930,2169.1,23989380.0,51765.0,162.2,0.35,3.0488843813387425,3.03375
Rice,2018,Kharif,Uttar Pradesh,5894983.0,15932429,792.8,956166242.6,2063244.05,162.20000000000002,0.35000000000000003,2.7027099145154447,2.6056
Rice,2018,Summer,Uttar Pradesh,29145.0,87266,792.8,4727319.0,10200.75,162.2,0.35,2.994201406759307,2.662631579
Rice,2018,Kharif,Uttarakhand,243666.0,574963,1373.0,39522625.2,85283.1,162.20000000000002,0.35000000000000003,2.3596357308775127,1.804615385
Rice,2018,Summer,Uttarakhand,15682.0,51570,1373.0,2543620.4,5488.7,162.2,0.35,3.288483611784211,3.283333333
Rice,2018,Autumn,West Bengal,230980.0,609496,2012.6,37464956.0,80843.0,162.2,0.35,2.6387392847865616,2.672380952
Rice,2018,Summer,West Bengal,1279500.0,4615344,2012.6,207534900.0,447825.0,162.2,0.35,3.6071465416178197,3.45952381
Rice,2018,Winter,West Bengal,4002092.0,11282409,2012.6,649139322.4,1400732.2,162.2,0.35,2.8191278461364706,2.744545455
Rice,2019,Kharif,Andhra Pradesh,1526425.0,5342033,899.2,262178758.0,564777.25,171.76,0.37,3.499702245442783,3.517692308
Rice,2019,Rabi,Andhra Pradesh,829557.0,3798058,899.2,142484710.3,306936.09,171.75999997589076,0.37000000000000005,4.578417155180415,3.873076923
Rice,2019,Kharif,Arunachal Pradesh,133500.0,244741,2433.3,22929960.0,49395.0,171.76,0.37,1.8332659176029962,1.7792
Rice,2019,Autumn,Assam,127223.0,193215,2084.7,21851822.48,47072.51,171.76,0.37,1.5187112393199342,1.464814815
Rice,2019,Summer,Assam,395518.0,1025571,2084.7,67934171.68,146341.66,171.76000000000002,0.37,2.5929818617610323,2.492307692
Rice,2019,Winter,Assam,1878208.0,3996018,2084.7,322601006.1,694936.96,171.76000001064847,0.37,2.1275694704739836,2.137037037
Rice,2019,Autumn,Bihar,443965.0,727611,1194.7,76255428.4,164267.05,171.76000000000002,0.37,1.6388927055060647,1.759583333
Rice,2019,Summer,Bihar,60399.0,128812,1194.7,10374132.24,22347.63,171.76,0.37,2.1326843159654962,2.142857143
Rice,2019,Winter,Bihar,2593026.0,6096095,1194.7,445378145.8,959419.62,171.760000015426,0.37,2.35095791557817,2.173157895
Rice,2019,Kharif,Chhattisgarh,4266022.0,8569367,1420.3,732731938.7,1578428.14,171.7599999953118,0.37,2.0087489000291137,1.936428571
Rice,2019,Kharif,Delhi,5848.0,17580,546.9,1004452.48,2163.76,171.76,0.37000000000000005,3.006155950752394,3.01
Rice,2019,Kharif,Goa,24411.0,60556,4489.5,4192833.36,9032.07,171.76,0.37,2.4806849371185122,2.475
Rice,2019,Rabi,Goa,10287.0,29819,4489.5,1766895.12,3806.19,171.76000000000002,0.37,2.8987071060561873,2.95
Rice,2019,Kharif,Gujarat,849599.0,1821136,1067.8,145927124.2,314351.63,171.75999995291895,0.37,2.143524180230909,1.948571429
Rice,2019,Summer,Gujarat,54751.0,161497,1067.8,9404031.76,20257.87,171.76,0.37,2.9496630198535185,2.848571429
Rice,2019,Kharif,Haryana,1558900.0,5194600,351.8,267756664.0,576793.0,171.76,0.37,3.332221438193598,3.048095238
Rice,2019,Kharif,Himachal Pradesh,72620.0,116879,1217.7,12473211.2,26869.4,171.76,0.37,1.6094602038006058,1.656363636
Rice,2019,Kharif,Jammu and Kashmir,280513.0,587099,1324.1,48180912.88,103789.81,171.76000000000002,0.37,2.0929475639275186,2.0755
Rice,2019,Kharif,Jharkhand,1357726.0,3612589,1137.8,233203017.8,502358.62,171.76000002946103,0.37,2.660764395761737,2.663333333
Rice,2019,Kharif,Karnataka,964087.0,3088937,1422.3,165591583.1,356712.19,171.75999997925499,0.37,3.2040023358887737,2.924
Rice,2019,Rabi,Karnataka,11266.0,31038,1422.3,1935048.16,4168.42,171.76,0.37,2.755015089650275,2.881428571
Rice,2019,Summer,Karnataka,272701.0,827998,1422.3,46839123.76,100899.37,171.76,0.37,3.0362851621372857,2.86862069
Rice,2019,Autumn,Kerala,55895.0,145076,3119.2,9600525.2,20681.15,171.76,0.37000000000000005,2.5955094373378658,1.949230769
Rice,2019,Summer,Kerala,61006.0,212586,3119.2,10478390.56,22572.22,171.76000000000002,0.37,3.4846736386584927,2.815714286
Rice,2019,Winter,Kerala,81279.0,247879,3119.2,13960481.04,30073.23,171.76,0.37,3.0497299425435846,2.503571429
Rice,2019,Kharif,Madhya Pradesh,3076000.0,7268659,1446.7,528333760.0,1138120.0,171.76,0.37,2.3630230819245774,1.858
Rice,2019,Summer,Madhya Pradesh,34311.0,94770,1446.7,5893257.36,12695.07,171.76000000000002,0.37,2.7620879601294046,0.8775
Rice,2019,Kharif,Maharashtra,1478093.0,2701810,1555.8,253877253.7,546894.41,171.76000001353094,0.37,1.8279025744658828,1.256296296
Rice,2019,Summer,Maharashtra,74896.0,195623,1555.8,12864136.96,27711.52,171.76000000000002,0.37,2.611928540910062,2.660833333
Rice,2019,Autumn,Meghalaya,33480.0,78074,3844.4,5750524.8,12387.6,171.76,0.37,2.3319593787335724,2.510909091
Rice,2019,Rabi,Meghalaya,13628.0,63081,3844.4,2340745.28,5042.36,171.76,0.37,4.628778984443792,2.57
Rice,2019,Winter,Meghalaya,63889.0,162321,3844.4,10973574.64,23638.93,171.76000000000002,0.37,2.540672103178951,2.36
Rice,2019,Autumn,Mizoram,18510.0,22904,2178.5,3179277.6,6848.7,171.76,0.37,1.2373851971907077,1.18875
Rice,2019,Kharif,Mizoram,16232.0,36357,2178.5,2788008.32,6005.84,171.76,0.37,2.239834894036471,2.2025
Rice,2019,Rabi,Mizoram,468.0,978,2178.5,80383.68,173.16,171.76,0.37,2.08974358974359,2.135
Rice,2019,Kharif,Nagaland,211280.0,528920,1593.0,36289452.8,78173.6,171.76,0.37000000000000005,2.503407800075729,2.459090909
Rice,2019,Rabi,Nagaland,5670.0,16050,1593.0,973879.2,2097.9,171.76,0.37,2.8306878306878307,2.83
Rice,2019,Autumn,Odisha,426080.0,769480,1593.9,73183500.8,157649.6,171.76,0.37,1.805951933909125,1.8825
Rice,2019,Summer,Odisha,292610.0,932910,1593.9,50258693.6,108265.7,171.76,0.37,3.188236902361505,2.796896552
Rice,2019,Winter,Odisha,3222020.0,8052660,1593.9,553414155.2,1192147.4,171.76000000000002,0.37,2.4992582293095635,2.564666667
Rice,2019,Kharif,Puducherry,4323.0,15171,1317.0,742518.48,1599.51,171.76,0.37,3.5093684941013183,3.216666667
Rice,2019,Rabi,Puducherry,9397.0,28114,1317.0,1614028.72,3476.89,171.76,0.37,2.9918058954985636,3.883333333
Rice,2019,Summer,Puducherry,4518.0,16060,1317.0,776011.68,1671.66,171.76000000000002,0.37,3.5546702080566623,3.55
Rice,2019,Kharif,Punjab,3142000.0,12675000,653.2,539669920.0,1162540.0,171.76,0.37,4.034054742202419,3.930909091
Rice,2019,Kharif,Sikkim,8685.0,16137,2740.0,1491735.6,3213.45,171.76000000000002,0.37,1.8580310880829016,1.8225
Rice,2019,Autumn,Tamil Nadu,206535.0,847692,910.1,35474451.6,76417.95,171.76000000000002,0.37,4.10435035224054,4.077241379
Rice,2019,Summer,Tamil Nadu,339990.0,1463054,910.1,58396682.4,125796.3,171.76,0.37,4.30322656548722,4.095
Rice,2019,Winter,Tamil Nadu,1360882.0,4954415,910.1,233745092.3,503526.34,171.75999998530366,0.37,3.6405911754288764,3.818387097
Rice,2019,Kharif,Telangana,1631151.0,5985349,1031.7,280166495.8,603525.87,171.76000002452255,0.37,3.669402158353212,3.575625
Rice,2019,Rabi,Telangana,1585062.0,5900447,1031.7,272250249.1,586472.94,171.7599999873822,0.36999999999999994,3.7225338819554064,3.610625
Rice,2019,Autumn,Tripura,34235.0,94357,2252.8,5880203.6,12666.95,171.76,0.37,2.7561559807214837,2.6425
Rice,2019,Kharif,Tripura,15228.0,16175,2252.8,2615561.28,5634.36,171.76,0.37,1.062188074599422,1.06875
Rice,2019,Summer,Tripura,70577.0,228104,2252.8,12122305.52,26113.49,171.76,0.37,3.2319877580514897,3.13
Rice,2019,Winter,Tripura,147295.0,471608,2252.8,25299389.2,54499.15,171.76,0.37,3.20179232153162,3.17375
Rice,2019,Kharif,Uttar Pradesh,5898690.0,16947998,814.5,1013158994.0,2182515.3,171.75999993218832,0.37,2.873179977249186,2.823466667
Rice,2019,Summer,Uttar Pradesh,25659.0,79891,814.5,4407189.84,9493.83,171.76,0.37,3.1135663899606376,2.968717949
Rice,2019,Kharif,Uttarakhand,240411.0,615514,1378.9,41292993.36,88952.07,171.76,0.37000000000000005,2.560257226166856,1.933846154
Rice,2019,Summer,Uttarakhand,17370.0,61915,1378.9,2983471.2,6426.9,171.76000000000002,0.37,3.5644789867587794,3.563333333
Rice,2019,Autumn,West Bengal,215126.0,514586,1733.4,36950041.76,79596.62,171.76,0.37,2.3920214200050203,2.434285714
Rice,2019,Summer,West Bengal,1271772.0,4616835,1733.4,218439558.7,470555.64,171.7599999842739,0.37,3.630237967182797,3.464285714
Rice,2019,Winter,West Bengal,4004077.0,11344600,1733.4,687740265.5,1481508.49,171.7599999950051,0.37,2.833262197505193,2.771363636
Rice,2020,Kharif,Uttarakhand,241936.0,669372,1313.947826,46841228.96,89516.32,193.61,0.37000000000000005,2.7667316976390453,2.093076923
Rice,2020,Summer,Uttarakhand,15315.0,55057,1313.947826,2965137.15,5666.55,193.60999999999999,0.37,3.5949722494286647,3.563333333
