Crop_Year,Area,Production,Annual_Rainfall,Fertilizer,Pesticide,Fertilizer_per_Area,Pesticide_per_Area,Production_per_Area,Season_Autumn,Season_Kharif,Season_Rabi,Season_Summer,Season_Whole Year,Season_Winter,State_Andhra Pradesh,State_Arunachal Pradesh,State_Assam,State_Bihar,State_Chhattisgarh,State_Delhi,State_Goa,State_Gujarat,State_Haryana,State_Himachal Pradesh,State_Jammu and Kashmir,State_Jharkhand,State_Karnataka,State_Kerala,State_Madhya Pradesh,State_Maharashtra,State_Manipur,State_Meghalaya,State_Mizoram,State_Nagaland,State_Odisha,State_Puducherry,State_Punjab,State_Sikkim,State_Tamil Nadu,State_Telangana,State_Tripura,State_Uttar Pradesh,State_Uttarakhand,State_West Bengal,Crop_Year_scaled,Area_scaled,Production_scaled,Annual_Rainfall_scaled,Fertilizer_scaled,Pesticide_scaled,Fertilizer_per_Area_scaled,Pesticide_per_Area_scaled,Production_per_Area_scaled,Yield
1997,2382500.0,5218300,927.5,226742525.0,738575.0,95.17,0.31,2.1902623294858343,0,1,0,0,0,0,1,0,0,0,0,0,0,0,0,0,0,0,0,0,0,0,0,0,0,0,0,0,0,0,0,0,0,0,0,0,-1.8179459552641317,1.2045745413681206,1.120464986199064,-0.7901929803933618,0.6526074847734646,1.404954471443017,-1.5677473870138448,0.5111948015174167,-0.15446491445922578,1.99173913
1997,1117700.0,3291700,927.5,106371509.0,346487.0,95.17,0.31,2.9450657600429455,0,0,1,0,0,0,1,0,0,0,0,0,0,0,0,0,0,0,0,0,0,0,0,0,0,0,0,0,0,0,0,0,0,0,0,0,-1.8179459552641317,0.22409610873419444,0.47721210449261386,-0.7901929803933618,-0.027799358266311296,0.33488628311463575,-1.5677473870138448,0.5111948015174167,0.7552729224187994,2.64
1997,120020.0,129505,2274.9,11422303.4,37206.2,95.17,0.31,1.0790284952507916,0,1,0,0,0,0,0,1,0,0,0,0,0,0,0,0,0,0,0,0,0,0,0,0,0,0,0,0,0,0,0,0,0,0,0,0,-1.8179459552641317,-0.5493097441043693,-0.5785810265505339,0.6465077002090821,-0.5645073746830757,-0.5091883770146016,-1.5677473870138448,0.5111948015174167,-1.493795690786654,1.06
1997,607358.0,398311,2051.4,57802260.86,188280.98,95.17,0.31,0.6558092591190039,1,0,0,0,0,0,0,0,1,0,0,0,0,0,0,0,0,0,0,0,0,0,0,0,0,0,0,0,0,0,0,0,0,0,0,0,-1.8179459552641317,-0.17152321785282576,-0.48883212479615623,0.4081949481572444,-0.30234093724370326,-0.09688216989602419,-1.5677473870138448,0.5111948015174167,-2.0038868440813937,0.780869565
1997,174974.0,209623,2051.4,16652275.58,54241.94,95.17,0.31,1.1980237063792334,0,0,0,1,0,0,0,0,1,0,0,0,0,0,0,0,0,0,0,0,0,0,0,0,0,0,0,0,0,0,0,0,0,0,0,0,-1.8179459552641317,-0.5067091655251752,-0.5518312422795086,0.4081949481572444,-0.5349445365644737,-0.462695234050182,-1.5677473870138448,0.5111948015174167,-1.350374978070853,1.060434783
1997,1743321.0,1647296,2051.4,165911859.6,540429.51,95.17000001720854,0.31,0.9449183483707246,0,0,0,0,0,1,0,0,1,0,0,0,0,0,0,0,0,0,0,0,0,0,0,0,0,0,0,0,0,0,0,0,0,0,0,0,-1.8179459552641317,0.7090802149192589,-0.07182122452722091,0.4081949481572444,0.3087572591940533,0.8641850892896755,-1.5677473863589169,0.5111948015174167,-1.6554339001360947,0.941304348
1997,749671.0,892725,1303.7,71346189.07,232398.01,95.16999999999999,0.31,1.1908223740814303,1,0,0,0,0,0,0,0,0,1,0,0,0,0,0,0,0,0,0,0,0,0,0,0,0,0,0,0,0,0,0,0,0,0,0,0,-1.8179459552641317,-0.06120156448199089,-0.323757262211285,-0.38905983801348987,-0.22578279441201476,0.023519960152660908,-1.5677473870138452,0.5111948015174167,-1.3590544887911575,1.102244898
1997,124429.0,236446,1303.7,11841907.93,38572.99,95.17,0.31,1.9002483343915004,0,0,0,1,0,0,0,0,0,1,0,0,0,0,0,0,0,0,0,0,0,0,0,0,0,0,0,0,0,0,0,0,0,0,0,0,-1.8179459552641317,-0.545891868227169,-0.5428755835823156,-0.38905983801348987,-0.5621355263505629,-0.5054581978223658,-1.5677473870138448,0.5111948015174167,-0.5040085093614626,1.683265306
1997,4238204.0,6004120,1303.7,403349874.7,1313843.24,95.17000000471897,0.31,1.4166661161189975,0,0,0,0,0,1,0,0,0,1,0,0,0,0,0,0,0,0,0,0,0,0,0,0,0,0,0,0,0,0,0,0,0,0,0,0,-1.8179459552641317,2.6431243115709253,1.3828344347107233,-0.38905983801348987,1.6508947241783285,2.9749495832027657,-1.5677473868342486,0.5111948015174167,-1.0868530267468628,1.354363636
1997,15169.0,40864,3680.3,1443633.73,4702.39,95.17,0.31,2.6939152218340037,0,1,0,0,0,0,0,0,0,0,0,0,1,0,0,0,0,0,0,0,0,0,0,0,0,0,0,0,0,0,0,0,0,0,0,0,-1.8179459552641317,-0.6305906929817411,-0.6081764686180837,2.145052405952495,-0.6209126070514845,-0.5978962514725547,-1.5677473870138448,0.5111948015174167,0.45257007541091626,2.69
1997,6417.0,19052,3680.3,610705.89,1989.27,95.17,0.31,2.968988623967586,0,0,1,0,0,0,0,0,0,0,0,0,1,0,0,0,0,0,0,0,0,0,0,0,0,0,0,0,0,0,0,0,0,0,0,0,-1.8179459552641317,-0.6373752812505679,-0.6154590554839516,2.145052405952495,-0.6256207986155928,-0.6053007713842008,-1.5677473870138448,0.5111948015174167,0.7841063028694769,2.97
1997,672600.0,1042300,798.9,64011342.0,208506.0,95.17,0.31,1.549658043413619,0,0,0,0,1,0,0,0,0,0,0,0,0,1,0,0,0,0,0,0,0,0,0,0,0,0,0,0,0,0,0,0,0,0,0,0,-1.8179459552641317,-0.12094733715872186,-0.2738171865436621,-0.9273161119990277,-0.26724360703054617,-0.04168499347056545,-1.5677473870138448,0.5111948015174167,-0.9265625678522219,1.665
1997,913000.0,2556000,661.2,86890210.0,283030.0,95.17,0.31,2.799561883899233,0,1,0,0,0,0,0,0,0,0,0,0,0,0,1,0,0,0,0,0,0,0,0,0,0,0,0,0,0,0,0,0,0,0,0,0,-1.8179459552641317,0.06541178302248928,0.2315767130925124,-1.0741423578940525,-0.1379189667184319,0.16170241360892762,-1.5677473870138448,0.5111948015174167,0.5799022547965709,2.730588235
1997,275746.0,5488,1356.2,26242746.82,85481.26,95.17,0.31,0.019902373923828452,0,1,0,0,0,0,0,0,0,0,0,0,0,0,0,0,1,0,0,0,0,0,0,0,0,0,0,0,0,0,0,0,0,0,0,0,-1.8179459552641317,-0.4285902750971344,-0.6199878015067204,-0.33308033249795754,-0.48073362702398953,-0.3774383464203373,-1.5677473870138448,0.5111948015174167,-2.770322886596875,0.016666667
1997,1031530.0,2340493,1266.7,98170710.1,319774.3,95.16999999999999,0.31,2.2689529146025804,0,1,0,0,0,0,0,0,0,0,0,0,0,0,0,0,0,0,1,0,0,0,0,0,0,0,0,0,0,0,0,0,0,0,0,0,-1.8179459552641317,0.1572967518872104,0.15962327243128951,-0.428512060948246,-0.07415503320680587,0.26198323457869593,-1.5677473870138452,0.5111948015174167,-0.0596219397340889,2.2335
1997,53889.0,109350,1266.7,5128616.13,16705.59,95.17,0.31,2.0291710738740747,0,0,1,0,0,0,0,0,0,0,0,0,0,0,0,0,0,0,1,0,0,0,0,0,0,0,0,0,0,0,0,0,0,0,0,0,-1.8179459552641317,-0.6005747814450668,-0.5853103745370353,-0.428512060948246,-0.6000829478464719,-0.5651376807482703,-1.5677473870138448,0.5111948015174167,-0.3486224983907666,2.073846154
1997,268044.0,762759,1266.7,25509747.48,83093.64,95.17,0.31,2.8456484756234053,0,0,0,1,0,0,0,0,0,0,0,0,0,0,0,0,0,0,1,0,0,0,0,0,0,0,0,0,0,0,0,0,0,0,0,0,-1.8179459552641317,-0.4345608988227404,-0.36715028827993473,-0.428512060948246,-0.4848769647098627,-0.38395452699157795,-1.5677473870138448,0.5111948015174167,0.635448791241541,2.829444444
1997,1339000.0,2330000,1156.1,127432630.0,415090.0,95.17,0.31,1.7401045556385362,0,1,0,0,0,0,0,0,0,0,0,0,0,0,0,0,0,0,0,0,0,1,0,0,0,0,0,0,0,0,0,0,0,0,0,0,-1.8179459552641317,0.39564882627205644,0.1561198713684089,-0.546442219234301,0.09125032102266911,0.5221143745734204,-1.5677473870138448,0.5111948015174167,-0.6970241329982862,8.778275862
1997,329.0,646,1156.1,31310.93,101.99,95.17,0.31,1.9635258358662615,0,0,0,1,0,0,0,0,0,0,0,0,0,0,0,0,0,0,0,0,0,1,0,0,0,0,0,0,0,0,0,0,0,0,0,0,-1.8179459552641317,-0.6420947251925946,-0.6216044476466678,-0.546442219234301,-0.6288958751972075,-0.6104514474836182,-1.5677473870138448,0.5111948015174167,-0.427742378360698,2.018888889
1997,155.0,348,2053.3,14751.35,48.05,95.17,0.31,2.2451612903225806,0,1,0,0,0,0,0,0,0,0,0,0,0,0,0,0,0,0,0,0,0,0,1,0,0,0,0,0,0,0,0,0,0,0,0,0,-1.8179459552641317,-0.6422296107454711,-0.6217039438361978,0.41022087311875893,-0.6289894795541722,-0.6105986580028855,-1.5677473870138448,0.5111948015174167,-0.08829714169008221,2.075555556
1997,105170.0,150101,3818.2,10009028.9,32602.7,95.17,0.31,1.4272225919939145,0,1,0,0,0,0,0,0,0,0,0,0,0,0,0,0,0,0,0,0,0,0,0,1,0,0,0,0,0,0,0,0,0,0,0,0,-1.8179459552641317,-0.5608215283584915,-0.5717044375587214,2.292091907106627,-0.5724960223895437,-0.5217520334003356,-1.5677473870138448,0.5111948015174167,-1.0741296803248495,1.378571429
1997,68114.0,110573,2644.2,6482409.38,21115.34,95.17,0.31,1.6233520274833368,0,0,0,0,1,0,0,0,0,0,0,0,0,0,0,0,0,0,0,0,0,0,0,0,1,0,0,0,0,0,0,0,0,0,0,0,-1.8179459552641317,-0.5895474998952427,-0.5849020395041654,1.0402835361497695,-0.5924305226865725,-0.5531027977794443,-1.5677473870138448,0.5111948015174167,-0.8377418193706924,1.6
1997,145000.0,188000,1398.5,13799650.0,44950.0,95.17,0.31,1.296551724137931,0,1,0,0,0,0,0,0,0,0,0,0,0,0,0,0,0,0,0,0,0,0,0,0,0,1,0,0,0,0,0,0,0,0,0,0,-1.8179459552641317,-0.5299451400189839,-0.559050725857386,-0.2879768451968715,-0.5510692319418252,-0.4880543610876226,-1.5677473870138448,0.5111948015174167,-1.2316226484987431,1.29
1997,200.0,250,1398.5,19034.0,62.0,95.17,0.31,1.25,0,0,1,0,0,0,0,0,0,0,0,0,0,0,0,0,0,0,0,0,0,0,0,0,0,1,0,0,0,0,0,0,0,0,0,0,-1.8179459552641317,-0.6421947265507617,-0.6217366640596003,-0.2879768451968715,-0.6289652715308192,-0.610560586316868,-1.5677473870138448,0.5111948015174167,-1.2877297925652798,1.3
1997,2281000.0,7904000,690.1,217082770.0,707110.0,95.17,0.31,3.465146865409908,0,1,0,0,0,0,0,0,0,0,0,0,0,0,0,0,0,0,0,0,0,0,0,0,0,0,0,0,1,0,0,0,0,0,0,0,-1.8179459552641317,1.1258913021901134,2.017166047342536,-1.0433269729531214,0.5980049432107375,1.3190816685371578,-1.5677473870138448,0.5111948015174167,1.3821082554914852,3.476470588
1997,15691.0,21447,2804.1,1493312.47,4864.21,95.17,0.31,1.3668344911095534,0,1,0,0,0,0,0,0,0,0,0,0,0,0,0,0,0,0,0,0,0,0,0,0,0,0,0,0,0,1,0,0,0,0,0,0,-1.8179459552641317,-0.6301860363231113,-0.6146594132895745,1.210781115805648,-0.6206317939805905,-0.5974546199147531,-1.5677473870138448,0.5111948015174167,-1.1469133191474263,1.365
1997,5726527.0,12262794,473.9,544993574.6,1775223.37,95.17000000174626,0.31,2.1414015859874582,0,1,0,0,0,0,0,0,0,0,0,0,0,0,0,0,0,0,0,0,0,0,0,0,0,0,0,0,0,0,0,0,0,1,0,0,-1.8179459552641317,3.7968787409613607,3.4724794498468365,-1.2738559080475615,2.451547122804194,4.23412660427919,-1.567747386947385,0.5111948015174167,-0.21335503776676873,2.037
1997,6607.0,18281,473.9,628788.19,2048.17,95.16999999999999,0.31,2.76691387921901,0,0,0,1,0,0,0,0,0,0,0,0,0,0,0,0,0,0,0,0,0,0,0,0,0,0,0,0,0,0,0,0,0,1,0,0,-1.8179459552641317,-0.6372279924284613,-0.6157164768333733,-1.2738559080475615,-0.625518586961436,-0.6051400242654608,-1.5677473870138452,0.5111948015174167,0.5405527712704459,2.202903226
1997,423121.0,751970,1852.9,40268425.57,131167.51,95.17,0.31,1.7771984845942415,1,0,0,0,0,0,0,0,0,0,0,0,0,0,0,0,0,0,0,0,0,0,0,0,0,0,0,0,0,0,0,0,0,0,0,1,-1.8179459552641317,-0.31434453742364854,-0.37075251777268403,0.19653910349375533,-0.4014523505431333,-0.25275357471343085,-1.5677473870138448,0.5111948015174167,-0.6523161344342586,1.837222222
1997,1206829.0,3569520,1852.9,114853915.9,374116.99,95.16999997514147,0.31,2.957767836205461,0,0,0,1,0,0,0,0,0,0,0,0,0,0,0,0,0,0,0,0,0,0,0,0,0,0,0,0,0,0,0,0,0,0,0,1,-1.8179459552641317,0.2931892951844073,0.5699705990403591,0.19653910349375533,0.02014812852907985,0.4102927565155847,-1.5677473879599189,0.5111948015174167,0.770582284862234,2.843888889
1997,4270328.0,8915100,1852.9,406407115.8,1323801.68,95.17000000936696,0.31,2.087685067751236,0,0,0,0,0,1,0,0,0,0,0,0,0,0,0,0,0,0,0,0,0,0,0,0,0,0,0,0,0,0,0,0,0,0,0,1,-1.8179459552641317,2.6680269753675194,2.3547519441002396,0.19653910349375533,1.6681760252289275,3.0021276907943695,-1.5677473866573541,0.5111948015174167,-0.2780976543560585,1.985555556
1998,2812400.0,7005800,1048.3,277865120.0,815596.0,98.8,0.29,2.4910396814108946,0,1,0,0,0,0,1,0,0,0,0,0,0,0,0,0,0,0,0,0,0,0,0,0,0,0,0,0,0,0,0,0,0,0,0,0,-1.664614408727269,1.5378348814925078,1.7172751834638205,-0.6613868038928608,0.9415820621081863,1.6151565738619644,-1.4295956929148677,0.23741396151010144,0.20805137315256073,2.47
1998,1504200.0,4872200,1048.3,148614960.0,436218.0,98.8,0.29,3.2390639542614013,0,0,1,0,0,0,1,0,0,0,0,0,0,0,0,0,0,0,0,0,0,0,0,0,0,0,0,0,0,0,0,0,0,0,0,0,-1.664614408727269,0.5237125810721234,1.0049091768153817,-0.6613868038928608,0.2109851439266042,0.5797759216827479,-1.4295956929148677,0.23741396151010144,1.109618531390043,2.986086957
1998,115481.0,114116,3616.7,11409522.8,33489.49,98.80000000000001,0.29,0.9881798737454647,0,1,0,0,0,0,0,1,0,0,0,0,0,0,0,0,0,0,0,0,0,0,0,0,0,0,0,0,0,0,0,0,0,0,0,0,-1.664614408727269,-0.5528283965440637,-0.5837191032642164,2.0772372335565357,-0.5645796180518461,-0.5193318477054719,-1.4295956929148672,0.23741396151010144,-1.6032923160876345,0.965384615
1998,594979.0,520605,2354.4,58783925.2,172543.91,98.80000000000001,0.29,0.8749972688111681,1,0,0,0,0,0,0,0,1,0,0,0,0,0,0,0,0,0,0,0,0,0,0,0,0,0,0,0,0,0,0,0,0,0,0,0,-1.664614408727269,-0.1811194722152351,-0.4480006247881584,0.7312766657040312,-0.2967920006583036,-0.13983104357871004,-1.4295956929148672,0.23741396151010144,-1.7397073004619752,1.055652174
1998,223913.0,446114,2354.4,22122604.4,64934.77,98.8,0.29,1.992354173272655,0,0,0,1,0,0,0,0,1,0,0,0,0,0,0,0,0,0,0,0,0,0,0,0,0,0,0,0,0,0,0,0,0,0,0,0,-1.664614408727269,-0.4687714409721457,-0.47287166725218577,0.7312766657040312,-0.504023063219049,-0.43351286369912984,-1.4295956929148677,0.23741396151010144,-0.39299660449275853,1.685217391
1998,1635230.0,2288114,2354.4,161560724.0,474216.7,98.8,0.29,1.3992612659992785,0,0,0,0,0,1,0,0,1,0,0,0,0,0,0,0,0,0,0,0,0,0,0,0,0,0,0,0,0,0,0,0,0,0,0,0,-1.664614408727269,0.6252876040228059,0.1421349807823213,0.7312766657040312,0.2841621154824311,0.6834801923256487,-1.4295956929148677,0.23741396151010144,-1.1078304760509983,1.395652174
1998,132836.0,270992,1332.5,13124196.8,38522.44,98.80000000000001,0.29000000000000004,2.0400493842030776,0,0,0,1,0,0,0,0,0,1,0,0,0,0,0,0,0,0,0,0,0,0,0,0,0,0,0,0,0,0,0,0,0,0,0,0,-1.664614408727269,-0.5393747254511148,-0.5313413709531082,-0.3583510807021122,-0.5548872854459439,-0.5055961565125577,-1.4295956929148672,0.23741396151010222,-0.3355112563018289,1.765777778
1998,4234443.0,5722449,1332.5,418362968.4,1227988.47,98.8,0.29,1.351405367837045,0,0,0,0,0,1,0,0,0,1,0,0,0,0,0,0,0,0,0,0,0,0,0,0,0,0,0,0,0,0,0,0,0,0,0,0,-1.664614408727269,2.640208768097541,1.2887901689351926,-0.3583510807021122,1.735757443029828,2.7406387698311505,-1.4295956929148677,0.23741396151010144,-1.1655094948702844,1.242909091
1998,7303.0,10799,784.5,721536.4,2117.87,98.8,0.29,1.47870738052855,0,1,0,0,0,0,0,0,0,0,0,1,0,0,0,0,0,0,0,0,0,0,0,0,0,0,0,0,0,0,0,0,0,0,0,0,-1.664614408727269,-0.6366884502169549,-0.6182145657262039,-0.9426704906547166,-0.6249943202495584,-0.6049498022930299,-1.4295956929148677,0.23741396151010144,-1.012076888488634,1.48
1998,41000.0,104249,2964.9,4050800.0,11890.0,98.8,0.29,2.542658536585366,0,1,0,0,0,0,0,0,0,0,0,0,1,0,0,0,0,0,0,0,0,0,0,0,0,0,0,0,0,0,0,0,0,0,0,0,-1.664614408727269,-0.6105663900141834,-0.5870134955531178,1.3822383441275075,-0.6061753901532698,-0.5782801632191245,-1.4295956929148677,0.23741396151010144,0.27026575076062637,2.54
1998,15439.0,46925,2964.9,1525373.2,4477.31,98.8,0.29000000000000004,3.039380788911199,0,0,1,0,0,0,0,0,0,0,0,0,1,0,0,0,0,0,0,0,0,0,0,0,0,0,0,0,0,0,0,0,0,0,0,0,-1.664614408727269,-0.6303813878134843,-0.606152822964589,1.3822383441275075,-0.62045056812731,-0.5985105292566975,-1.4295956929148677,0.23741396151010222,0.8689474857211469,3.04
1998,622100.0,1015900,775.6,61463480.0,180409.0,98.8,0.29,1.633017199807105,0,1,0,0,0,0,0,0,0,0,0,0,0,1,0,0,0,0,0,0,0,0,0,0,0,0,0,0,0,0,0,0,0,0,0,0,-1.664614408727269,-0.16009515566600624,-0.28263161407249543,-0.9521603496849688,-0.28164560177586767,-0.1183660086698639,-1.4295956929148677,0.23741396151010144,-0.8260927295455596,1.695384615
1998,1086694.0,2432000,687.6,107365367.2,315141.26,98.8,0.29000000000000004,2.237980517054479,0,1,0,0,0,0,0,0,0,0,0,0,0,0,1,0,0,0,0,0,0,0,0,0,0,0,0,0,0,0,0,0,0,0,0,0,-1.664614408727269,0.20006012337504872,0.19017561409344677,-1.0459926636919563,-0.022181494907151843,0.24933895900981115,-1.4295956929148677,0.23741396151010222,-0.0969518733401657,2.286666667
1998,82125.0,116997,1381.6,8113950.0,23816.25,98.8,0.29,1.42462100456621,0,1,0,0,0,0,0,0,0,0,0,0,0,0,0,1,0,0,0,0,0,0,0,0,0,0,0,0,0,0,0,0,0,0,0,0,-1.664614408727269,-0.5786861120713701,-0.5827571954721493,-0.30599691459139533,-0.5832081081931585,-0.5457316008273875,-1.4295956929148677,0.23741396151010144,-1.077265281493464,1.455454545
1998,1079193.0,2599170,1260.8,106624268.4,312965.97,98.80000000000001,0.29,2.408438527677626,0,1,0,0,0,0,0,0,0,0,0,0,0,0,0,0,0,0,1,0,0,0,0,0,0,0,0,0,0,0,0,0,0,0,0,0,-1.664614408727269,0.19424531571914494,0.2459903053811387,-0.4348030910918964,-0.026370615441687867,0.24340225952043917,-1.4295956929148672,0.23741396151010144,0.10849512860095716,2.310740741
1998,51782.0,106072,1260.8,5116061.6,15016.78,98.8,0.29000000000000004,2.0484338187014792,0,0,1,0,0,0,0,0,0,0,0,0,0,0,0,0,0,0,1,0,0,0,0,0,0,0,0,0,0,0,0,0,0,0,0,0,-1.664614408727269,-0.6022081369617964,-0.5864048326218654,-0.4348030910918964,-0.6001539133363963,-0.5697467018280555,-1.4295956929148677,0.23741396151010222,-0.32540579440906625,2.054285714
1998,295830.0,951569,1260.8,29228004.0,85790.7,98.8,0.29,3.2166075110705474,0,0,0,1,0,0,0,0,0,0,0,0,0,0,0,0,0,0,1,0,0,0,0,0,0,0,0,0,0,0,0,0,0,0,0,0,-1.664614408727269,-0.4130210713961383,-0.30411043745724453,-0.4348030910918964,-0.4638592208670654,-0.37659383727903145,-1.4295956929148677,0.23741396151010144,1.0825525759036685,2.99375
1998,120217.0,235849,3151.5,11877439.6,34862.93,98.8,0.29,1.9618606353510735,1,0,0,0,0,0,0,0,0,0,0,0,0,0,0,0,0,0,0,1,0,0,0,0,0,0,0,0,0,0,0,0,0,0,0,0,-1.664614408727269,-0.5491570288519746,-0.5430749098412062,1.5812055008741424,-0.5619346807299473,-0.5155835196449913,-1.4295956929148677,0.23741396151010144,-0.4297493855539976,1.856923077
1998,57700.0,144872,3151.5,5700760.0,16733.0,98.8,0.29,2.5107798960138648,0,0,0,1,0,0,0,0,0,0,0,0,0,0,0,0,0,0,0,1,0,0,0,0,0,0,0,0,0,0,0,0,0,0,0,0,-1.664614408727269,-0.5976204777553389,-0.5734502951931255,1.5812055008741424,-0.5968488586339055,-0.5650628746612641,-1.4295956929148677,0.23741396151010144,0.23184355454097755,2.116153846
1998,174714.0,346022,3151.5,17261743.2,50667.06,98.8,0.29,1.9805052829195142,0,0,0,0,0,1,0,0,0,0,0,0,0,0,0,0,0,0,0,1,0,0,0,0,0,0,0,0,0,0,0,0,0,0,0,0,-1.664614408727269,-0.5069107186501631,-0.506290367260367,1.5812055008741424,-0.5314994718550492,-0.47245162895411014,-1.4295956929148677,0.23741396151010144,-0.40727765230319984,1.937142857
1998,5438800.0,3346300,962.7,537353440.0,1577252.0,98.8,0.29,0.6152643965580643,0,1,0,0,0,0,0,0,0,0,0,0,0,0,0,0,0,0,0,0,1,0,0,0,0,0,0,0,0,0,0,0,0,0,0,0,-1.664614408727269,3.5738315256020456,0.49544194324542823,-0.7526600547905667,2.4083606478841437,3.69383242226702,-1.4295956929148677,0.23741396151010144,-2.0527541306747805,0.586785714
1998,1445700.0,2395100,1314.8,142835160.0,419253.0,98.8,0.29,1.6567060939337346,0,1,0,0,0,0,0,0,0,0,0,0,0,0,0,0,0,0,0,0,0,1,0,0,0,0,0,0,0,0,0,0,0,0,0,0,-1.664614408727269,0.4783631279498236,0.17785544834291836,-0.3772241711330631,0.17831435986176505,0.5334758390100036,-1.4295956929148677,0.23741396151010144,-0.7975413446043355,1.267241379
1998,37400.0,72500,1314.8,3695120.0,10846.0,98.8,0.29,1.9385026737967914,0,0,0,1,0,0,0,0,0,0,0,0,0,0,0,0,0,0,0,0,0,1,0,0,0,0,0,0,0,0,0,0,0,0,0,0,-1.664614408727269,-0.6133571255909404,-0.5976138462960318,-0.3772241711330631,-0.6081858999418752,-0.5811293990759088,-1.4295956929148677,0.23741396151010144,-0.4579019091886458,2.053333333
1998,88370.0,200290,1855.0,8730956.0,25627.3,98.8,0.29,2.266493153785221,1,0,0,0,0,0,0,0,0,0,0,0,0,0,0,0,0,0,0,0,0,0,1,0,0,0,0,0,0,0,0,0,0,0,0,0,-1.664614408727269,-0.5738449610500238,-0.5549473427388496,0.19877828371437653,-0.5797204321848692,-0.5407889680702714,-1.4295956929148677,0.23741396151010144,-0.06258660231328537,2.094444444
1998,78520.0,181900,1855.0,7757776.0,22770.8,98.8,0.29,2.316607233825777,0,0,0,0,0,1,0,0,0,0,0,0,0,0,0,0,0,0,0,0,0,0,1,0,0,0,0,0,0,0,0,0,0,0,0,0,-1.664614408727269,-0.5814807236697614,-0.5610873928242756,0.19877828371437653,-0.5852214103564704,-0.5485847939561951,-1.4295956929148677,0.23741396151010144,-0.0021858768693410317,2.2175
1998,105402.0,149742,6552.7,10413717.6,30566.58,98.8,0.29000000000000004,1.420675129504184,0,1,0,0,0,0,0,0,0,0,0,0,0,0,0,0,0,0,0,0,0,0,0,1,0,0,0,0,0,0,0,0,0,0,0,0,-1.664614408727269,-0.5606416809546562,-0.5718243004179203,5.207824437244212,-0.5702084869850003,-0.5273089166500633,-1.4295956929148677,0.23741396151010222,-1.082021104928009,1.51
1998,62372.0,95115,2640.7,6162353.6,18087.88,98.8,0.29000000000000004,1.5249631244789328,0,1,0,0,0,0,0,0,0,0,0,0,0,0,0,0,0,0,0,0,0,0,0,0,1,0,0,0,0,0,0,0,0,0,0,0,-1.664614408727269,-0.5939987231401699,-0.5900631539261619,1.0365515691154006,-0.5942396637082485,-0.5613651996826818,-1.4295956929148677,0.23741396151010222,-0.9563264788574193,1.5225
1998,6020.0,15698,2640.7,594776.0,1745.8,98.8,0.29,2.6076411960132893,0,0,1,0,0,0,0,0,0,0,0,0,0,0,0,0,0,0,0,0,0,0,0,0,1,0,0,0,0,0,0,0,0,0,0,0,-1.664614408727269,-0.637683037368338,-0.6165788884359102,1.0365515691154006,-0.6257108435992197,-0.6059652382942116,-1.4295956929148677,0.23741396151010144,0.3485870482392386,4.39
1998,141000.0,205000,1498.0,13930800.0,40890.0,98.8,0.29,1.4539007092198581,0,1,0,0,0,0,0,0,0,0,0,0,0,0,0,0,0,0,0,0,0,0,0,0,0,1,0,0,0,0,0,0,0,0,0,0,-1.664614408727269,-0.5330459573264916,-0.5533747687365463,-0.18188235379124348,-0.5503278960253396,-0.4991347227528948,-1.4295956929148677,0.23741396151010144,-1.0419754906715317,1.441428571
1998,819731.0,501365,1357.1,80989422.8,237721.99,98.8,0.29,0.6116213733529657,1,0,0,0,0,0,0,0,0,0,0,0,0,0,0,0,0,0,0,0,0,0,0,0,0,0,1,0,0,0,0,0,0,0,0,0,-1.664614408727269,-0.006890749340994003,-0.4544244727296263,-0.3321206838319771,-0.17127364065589804,0.03804991677795042,-1.4295956929148677,0.23741396151010144,-2.057144937494321,0.837666667
1998,268081.0,506455,1357.1,26486402.8,77743.49,98.8,0.29000000000000004,1.8891864772214368,0,0,0,1,0,0,0,0,0,0,0,0,0,0,0,0,0,0,0,0,0,0,0,0,0,0,1,0,0,0,0,0,0,0,0,0,-1.664614408727269,-0.43453221626264593,-0.45272502439168083,-0.3321206838319771,-0.4793563420126247,-0.39855590555400544,-1.4295956929148677,0.23741396151010222,-0.5173409739560123,1.582666667
1998,3358901.0,4383502,1357.1,331859418.8,974081.29,98.8,0.29000000000000004,1.3050405474885982,0,0,0,0,0,1,0,0,0,0,0,0,0,0,0,0,0,0,0,0,0,0,0,0,0,0,1,0,0,0,0,0,0,0,0,0,-1.664614408727269,1.9614848213350704,0.8417427713424352,-0.3321206838319771,1.246789175992266,2.0476871974643145,-1.4295956929148677,0.23741396151010222,-1.22139137042019,1.342333333
1998,4945.0,11518,1434.5875,488566.0,1434.05,98.8,0.29,2.329221435793731,0,1,0,0,0,0,0,0,0,0,0,0,0,0,0,0,0,0,0,0,0,0,0,0,0,0,0,1,0,0,0,0,0,0,0,0,-1.664614408727269,-0.6385163820197307,-0.6179745061279756,-0.24949759938178998,-0.626311204161095,-0.6068160517792236,-1.4295956929148677,0.23741396151010144,0.013017573920222849,2.46
1998,13961.0,30220,1434.5875,1379346.8,4048.69,98.8,0.29,2.164601389585273,0,0,1,0,0,0,0,0,0,0,0,0,0,0,0,0,0,0,0,0,0,0,0,0,0,0,0,1,0,0,0,0,0,0,0,0,-1.664614408727269,-0.6315271398086084,-0.6117302855353907,-0.24949759938178998,-0.6212759940905208,-0.5996802988667883,-1.4295956929148677,0.23741396151010144,-0.1853931363145015,2.555
1998,5716.0,14863,1434.5875,564740.8,1657.64,98.80000000000001,0.29000000000000004,2.6002449265220435,0,0,0,1,0,0,0,0,0,0,0,0,0,0,0,0,0,0,0,0,0,0,0,0,0,0,0,1,0,0,0,0,0,0,0,0,-1.664614408727269,-0.6379186994837086,-0.6168576780944927,-0.24949759938178998,-0.6258806199813687,-0.6062058404332289,-1.4295956929148672,0.23741396151010222,0.339672586625085,2.55
1998,2519000.0,7940000,588.6,248877200.0,730510.0,98.8,0.29,3.15204446208813,0,1,0,0,0,0,0,0,0,0,0,0,0,0,0,0,0,0,0,0,0,0,0,0,0,0,0,0,1,0,0,0,0,0,0,0,-1.664614408727269,1.31038993198682,2.0291857212454905,-1.1515540169498173,0.7777255143368392,1.3829438515340466,-1.4295956929148677,0.23741396151010144,1.0047370200308468,3.099411765
1998,15874.0,21957,3183.8,1568351.2,4603.46,98.8,0.29,1.3832052412750409,0,1,0,0,0,0,0,0,0,0,0,0,0,0,0,0,0,0,0,0,0,0,0,0,0,0,0,0,0,1,0,0,0,0,0,0,-1.664614408727269,-0.6300441739312929,-0.6144891345759493,1.615646225219889,-0.6202076315278535,-0.5981662465906693,-1.4295956929148677,0.23741396151010144,-1.1271822338864217,1.3775
1998,2386399.0,8215286,1077.1,235776221.2,692055.71,98.8,0.29,3.4425450228566135,0,1,0,0,0,0,0,0,0,0,0,0,0,0,0,0,0,0,0,0,0,0,0,0,0,0,0,0,0,0,1,0,0,0,0,0,-1.664614408727269,1.2075970630386137,2.1210981643024,-0.630678046581483,0.7036711786482627,1.2779962060214214,-1.4295956929148677,0.23741396151010144,1.3548670553041524,3.445
1998,255487.0,491430,2472.9,25242115.6,74091.23,98.80000000000001,0.29,1.9235029570976214,0,1,0,0,0,0,0,0,0,0,0,0,0,0,0,0,0,0,0,0,0,0,0,0,0,0,0,0,0,0,0,0,1,0,0,0,-1.664614408727269,-0.44429513955533384,-0.4577415688470111,0.8576304067248042,-0.4863897754230962,-0.4085234823263224,-1.4295956929148672,0.23741396151010144,-0.47598053637985277,1.8775
1998,5875153.0,11374070,743.4,580465116.4,1703794.37,98.8,0.29000000000000004,1.9359614975133415,0,1,0,0,0,0,0,0,0,0,0,0,0,0,0,0,0,0,0,0,0,0,0,0,0,0,0,0,0,0,0,0,0,1,0,0,-1.664614408727269,3.9120942592477697,3.175752431243243,-0.9864944464011619,2.652052863936191,4.0391859261046275,-1.4295956929148677,0.23741396151010222,-0.46096469894507974,1.865060241
1998,5629.0,12643,743.4,556145.2,1632.41,98.8,0.29000000000000004,2.2460472552851307,0,0,0,1,0,0,0,0,0,0,0,0,0,0,0,0,0,0,0,0,0,0,0,0,0,0,0,0,0,0,0,0,0,1,0,0,-1.664614408727269,-0.6379861422601468,-0.6175988913185082,-0.9864944464011619,-0.6259292073012599,-0.6062746969664345,-1.4295956929148677,0.23741396151010222,-0.08722931950492711,2.015172414
1998,425002.0,740688,2152.5,41990197.6,123250.58,98.8,0.29,1.7427870927666222,1,0,0,0,0,0,0,0,0,0,0,0,0,0,0,0,0,0,0,0,0,0,0,0,0,0,0,0,0,0,0,0,0,0,0,1,-1.664614408727269,-0.312886378084793,-0.37451935002193776,0.5159954816357266,-0.3917198957521354,-0.27436008891999325,-1.4295956929148677,0.23741396151010144,-0.6937909660233446,1.751111111
1998,1450473.0,4921984,2152.5,143306732.4,420637.17,98.8,0.29,3.3933647851425017,0,0,0,1,0,0,0,0,0,0,0,0,0,0,0,0,0,0,0,0,0,0,0,0,0,0,0,0,0,0,0,0,0,0,0,1,-1.664614408727269,0.4820631782020071,1.0215310503038453,0.5159954816357266,0.1809799607564912,0.5372534508834567,-1.4295956929148677,0.23741396151010144,1.2955918569360685,3.22
1998,4028620.0,7653780,2152.5,398027656.0,1168299.8,98.8,0.29000000000000004,1.8998515620733651,0,0,0,0,0,1,0,0,0,0,0,0,0,0,0,0,0,0,0,0,0,0,0,0,0,0,0,0,0,0,0,0,0,0,0,1,-1.664614408727269,2.4806538879267532,1.9336226361203894,0.5159954816357266,1.6208104551908984,2.577739249900343,-1.4295956929148677,0.23741396151010222,-0.5044867249813454,1.781666667
1999,2848794.0,7056175,650.4,302342507.2,769174.38,106.12999999297948,0.27,2.476898996557842,0,1,0,0,0,0,1,0,0,0,0,0,0,0,0,0,0,0,0,0,0,0,0,0,0,0,0,0,0,0,0,0,0,0,0,0,-1.511282862190406,1.5660476677648663,1.7340943799321908,-1.0856581418858193,1.0799424606829913,1.488464864825553,-1.1506282227287505,-0.036366878497213005,0.19100810661534445,2.400869565
1999,1165454.0,3581740,650.4,123689633.0,314672.58,106.12999998283931,0.27,3.073257288575954,0,0,1,0,0,0,1,0,0,0,0,0,0,0,0,0,0,0,0,0,0,0,0,0,0,0,0,0,0,0,0,0,0,0,0,0,-1.511282862190406,0.26111521615987476,0.5740506105707509,-1.0856581418858193,0.07009272962809825,0.24805985952575213,-1.1506282231146683,-0.036366878497213005,0.9097776307342221,2.73
1999,122740.0,134807,2338.6,13026396.2,33139.8,106.13,0.27,1.0983135082287763,0,1,0,0,0,0,0,1,0,0,0,0,0,0,0,0,0,0,0,0,0,0,0,0,0,0,0,0,0,0,0,0,0,0,0,0,-1.511282862190406,-0.5472011883352641,-0.5768107956884932,0.7144295002345945,-0.555440111198394,-0.5202862052598386,-1.1506282224615614,-0.036366878497213005,-1.4705521477918808,1.097692308
1999,557220.0,514156,2201.8,59137758.6,150449.4,106.13000000000001,0.26999999999999996,0.9227163418398479,1,0,0,0,0,0,0,0,1,0,0,0,0,0,0,0,0,0,0,0,0,0,0,0,0,0,0,0,0,0,0,0,0,0,0,0,-1.511282862190406,-0.21039041239378067,-0.45015381581594044,0.5685629030055505,-0.29479192892462286,-0.2001303444695899,-1.1506282224615607,-0.03636687849721377,-1.682193192129301,1.094782609
1999,294654.0,653783,2201.8,31271629.02,79556.58,106.13,0.27,2.21881596720221,0,0,0,1,0,0,0,0,1,0,0,0,0,0,0,0,0,0,0,0,0,0,0,0,0,0,0,0,0,0,0,0,0,0,0,0,-1.511282862190406,-0.4139327116845456,-0.40353517670350064,0.5685629030055505,-0.45230746618041145,-0.39360770532452566,-1.1506282224615614,-0.036366878497213005,-0.12005022639677002,1.990434783
1999,1793994.0,2692709,2201.8,190396583.2,484378.38,106.12999998885168,0.27,1.5009576397691409,0,0,0,0,0,1,0,0,1,0,0,0,0,0,0,0,0,0,0,0,0,0,0,0,0,0,0,0,0,0,0,0,0,0,0,0,-1.511282862190406,0.7483621437750929,0.2772210908591516,0.5685629030055505,0.44715912735953833,0.7112129729972652,-1.1506282228858475,-0.036366878497213005,-0.9852594392137014,1.501304348
1999,744230.0,862282,1402.7,78985129.9,200942.1,106.13000000000001,0.27,1.1586230063286886,0,1,0,0,0,0,0,0,0,1,0,0,0,0,0,0,0,0,0,0,0,0,0,0,0,0,0,0,0,0,0,0,0,0,0,0,-1.511282862190406,-0.0654194512245282,-0.33392156589538624,-0.28349848475562883,-0.18260306737284152,-0.0623280347513418,-1.1506282224615607,-0.036366878497213005,-1.3978632461209943,1.061666667
1999,124874.0,246807,1402.7,13252877.62,33715.98,106.13,0.27,1.9764482598459248,0,0,0,1,0,0,0,0,0,1,0,0,0,0,0,0,0,0,0,0,0,0,0,0,0,0,0,0,0,0,0,0,0,0,0,0,-1.511282862190406,-0.5455469023017088,-0.5394162546570791,-0.28349848475562883,-0.5541599067678743,-0.5187137218154306,-1.1506282224615614,-0.036366878497213005,-0.4121674384988023,1.700666667
1999,8105.0,15279,365.9,860183.65,2188.35,106.13000000000001,0.26999999999999996,1.8851326341764343,0,1,0,0,0,0,0,0,0,0,0,1,0,0,0,0,0,0,0,0,0,0,0,0,0,0,0,0,0,0,0,0,0,0,0,0,-1.511282862190406,-0.6360667363467997,-0.6167187840849474,-1.389013747965228,-0.6242106055248389,-0.6047574515811657,-1.1506282224615607,-0.03636687849721377,-0.5222269273758074,1.89
1999,40500.0,96281,3879.3,4298265.0,10935.0,106.13,0.27,2.3773086419753087,0,1,0,0,0,0,0,0,0,0,0,0,1,0,0,0,0,0,0,0,0,0,0,0,0,0,0,0,0,0,0,0,0,0,0,0,-1.511282862190406,-0.6109539921776218,-0.5896738500436384,2.3572413887637516,-0.604776574350196,-0.580886504448271,-1.1506282224615614,-0.036366878497213005,0.07097538010142587,2.38
1999,16213.0,43642,3879.3,1720685.69,4377.51,106.13,0.27,2.691790538456794,0,0,1,0,0,0,0,0,0,0,0,0,1,0,0,0,0,0,0,0,0,0,0,0,0,0,0,0,0,0,0,0,0,0,0,0,-1.511282862190406,-0.6297813796644816,-0.6072489504485724,2.3572413887637516,-0.6193465485788904,-0.598782898738026,-1.1506282224615614,-0.036366878497213005,0.45000926980063066,2.69
1999,664400.0,984900,458.9,70512772.0,179388.0,106.13,0.27,1.4823901264298616,0,1,0,0,0,0,0,0,0,0,0,0,0,1,0,0,0,0,0,0,0,0,0,0,0,0,0,0,0,0,0,0,0,0,0,0,-1.511282862190406,-0.1273040126391126,-0.29298188882226184,-1.2898500524805707,-0.23049375138802097,-0.12115247400489908,-1.1506282224615614,-0.036366878497213005,-1.0076382053104749,1.510714286
1999,1083052.0,2563000,344.0,114944308.8,292424.04,106.13000003693267,0.26999999999999996,2.366460705487825,0,1,0,0,0,0,0,0,0,0,0,0,0,0,1,0,0,0,0,0,0,0,0,0,0,0,0,0,0,0,0,0,0,0,0,0,-1.511282862190406,0.19723682921656296,0.23391387190697577,-1.4123651988374215,0.020659081661868927,0.18734018717987172,-1.1506282210559657,-0.03636687849721377,0.05790074652771581,2.235
1999,80222.0,120365,1144.9,8513960.86,21659.94,106.13,0.26999999999999996,1.500398893071726,0,1,0,0,0,0,0,0,0,0,0,0,0,0,0,1,0,0,0,0,0,0,0,0,0,0,0,0,0,0,0,0,0,0,0,0,-1.511282862190406,-0.5801613259054169,-0.5816326882025619,-0.558384513744281,-0.5809470146552073,-0.5516165009905508,-1.1506282224615614,-0.03636687849721377,-0.9859328768151889,1.55
1999,250625.0,391529,667.1,26598831.25,67668.75,106.13,0.27,1.5622104738154614,0,1,0,0,0,0,0,0,0,0,0,0,0,0,0,0,1,0,0,0,0,0,0,0,0,0,0,0,0,0,0,0,0,0,0,0,-1.511282862190406,-0.4480641829926094,-0.4910964978075406,-1.0678513277504023,-0.47872083116230213,-0.42605141365341037,-1.1506282224615614,-0.036366878497213005,-0.9114335681431114,1.489166667
1999,1096198.0,2678951,1203.8,116339493.7,295973.46,106.12999996351024,0.27,2.4438568579763875,0,1,0,0,0,0,0,0,0,0,0,0,0,0,0,0,0,0,1,0,0,0,0,0,0,0,0,0,0,0,0,0,0,0,0,0,-1.511282862190406,0.20742766529768694,0.27262757214923916,-0.49558083993733154,0.028545476450343336,0.1970270978453768,-1.1506282238502998,-0.036366878497213005,0.1511835874597684,2.292962963
1999,52778.0,107289,1203.8,5601329.14,14250.06,106.13,0.27,2.032835651218311,0,0,1,0,0,0,0,0,0,0,0,0,0,0,0,0,0,0,1,0,0,0,0,0,0,0,0,0,0,0,0,0,0,0,0,0,-1.511282862190406,-0.6014360334522271,-0.5859985008679794,-0.49558083993733154,-0.5974108995620415,-0.5718391981078579,-1.1506282224615614,-0.036366878497213005,-0.3442057131308521,2.079285714
1999,300820.0,930490,1203.8,31926026.6,81221.4,106.13000000000001,0.26999999999999996,3.093178645036899,0,0,0,1,0,0,0,0,0,0,0,0,0,0,0,0,0,0,1,0,0,0,0,0,0,0,0,0,0,0,0,0,0,0,0,0,-1.511282862190406,-0.4091528018050225,-0.31114829040725506,-0.49558083993733154,-0.4486084312607371,-0.38906415662807775,-1.1506282224615607,-0.03636687849721377,0.9337881359873309,2.7336
1999,121525.0,252876,2914.6,12897448.25,32811.75,106.13,0.27,2.0808557909895082,1,0,0,0,0,0,0,0,0,0,0,0,0,0,0,0,0,0,0,1,0,0,0,0,0,0,0,0,0,0,0,0,0,0,0,0,-1.511282862190406,-0.5481430615924195,-0.5373899379649394,1.3286046464621495,-0.5561689998502598,-0.521181503940699,-1.1506282224615614,-0.036366878497213005,-0.28632873971833633,2.081538462
1999,58021.0,144551,2914.6,6157768.73,15665.67,106.13000000000001,0.27,2.4913565777907998,0,0,0,1,0,0,0,0,0,0,0,0,0,0,0,0,0,0,0,1,0,0,0,0,0,0,0,0,0,0,0,0,0,0,0,0,-1.511282862190406,-0.5973716371664114,-0.5735574706187602,1.3286046464621495,-0.5942655800544431,-0.5679757816603268,-1.1506282224615607,-0.036366878497213005,0.20843331713360044,2.292857143
1999,170228.0,373259,2914.6,18066297.64,45961.56,106.13000000000001,0.26999999999999996,2.1927003783161405,0,0,0,0,0,1,0,0,0,0,0,0,0,0,0,0,0,0,0,1,0,0,0,0,0,0,0,0,0,0,0,0,0,0,0,0,-1.511282862190406,-0.510388285260533,-0.49719648231329006,1.3286046464621495,-0.5269516632150189,-0.4852936589580358,-1.1506282224615607,-0.03636687849721377,-0.15152642056890434,2.097142857
1999,5514025.0,6663769,1222.9,585203473.3,1488786.75,106.13000000906777,0.27,1.208512656362639,0,1,0,0,0,0,0,0,0,0,0,0,0,0,0,0,0,0,0,0,1,0,0,0,0,0,0,0,0,0,0,0,0,0,0,0,-1.511282862190406,3.632146271091362,1.6030779311110026,-0.47521496269263297,2.6788368071698736,3.4523972092599466,-1.150628222116457,-0.036366878497213005,-1.3377330182138578,1.110508475
1999,1457100.0,2466400,1166.5,154642023.0,393417.0,106.13,0.27,1.6926772356049689,0,1,0,0,0,0,0,0,0,0,0,0,0,0,0,0,0,0,0,0,0,1,0,0,0,0,0,0,0,0,0,0,0,0,0,0,-1.511282862190406,0.48720045727622047,0.2016610802673811,-0.5353529457607478,0.24505360197328083,0.46296543901395154,-1.1506282224615614,-0.036366878497213005,-0.7541866017809381,1.211935484
1999,41400.0,82900,1166.5,4393782.0,11178.0,106.13,0.27,2.002415458937198,0,0,0,1,0,0,0,0,0,0,0,0,0,0,0,0,0,0,0,0,0,1,0,0,0,0,0,0,0,0,0,0,0,0,0,0,-1.511282862190406,-0.6102563082834326,-0.5941414960574005,-0.5353529457607478,-0.6042366568302955,-0.5802233202402264,-1.1506282224615614,-0.036366878497213005,-0.38087009328981203,2.081
1999,157050.0,364980,2092.7,16667716.5,42403.5,106.13,0.27,2.323973256924546,0,1,0,0,0,0,0,0,0,0,0,0,0,0,0,0,0,0,0,0,0,0,1,0,0,0,0,0,0,0,0,0,0,0,0,0,-1.511282862190406,-0.520603927880117,-0.4999606734311389,0.4522321591627962,-0.534857255523074,-0.49500414950649346,-1.1506282224615614,-0.036366878497213005,0.006692129839401584,2.171111111
1999,102482.0,156887,6200.3,10876414.66,27670.14,106.13,0.27,1.530873714408384,0,1,0,0,0,0,0,0,0,0,0,0,0,0,0,0,0,0,0,0,0,0,0,1,0,0,0,0,0,0,0,0,0,0,0,0,-1.511282862190406,-0.5629052775891367,-0.5694387290280144,4.832068670698049,-0.5675930546630001,-0.5352137449115807,-1.1506282224615614,-0.036366878497213005,-0.9492026541907467,1.605714286
1999,3929.0,13846,6200.3,416984.77,1060.83,106.13000000000001,0.26999999999999996,3.5240519216085517,0,0,1,0,0,0,0,0,0,0,0,0,0,0,0,0,0,0,0,0,0,0,0,1,0,0,0,0,0,0,0,0,0,0,0,0,-1.511282862190406,-0.6393039896158377,-0.6171972338822511,4.832068670698049,-0.6267158228171775,-0.6078346263064928,-1.1506282224615607,-0.03636687849721377,1.4531044330893796,1.755714286
1999,49713.0,88397,2535.9,5276040.69,13422.51,106.13000000000001,0.27,1.7781465612616418,0,1,0,0,0,0,0,0,0,0,0,0,0,0,0,0,0,0,0,0,0,0,0,0,1,0,0,0,0,0,0,0,0,0,0,0,-1.511282862190406,-0.6038120347141048,-0.5923061586283854,0.924805813343443,-0.5992496186714807,-0.5740977087719209,-1.1506282224615607,-0.036366878497213005,-0.6511734512114774,1.655
1999,148000.0,222000,1782.2,15707240.0,39960.0,106.13,0.27,1.5,0,1,0,0,0,0,0,0,0,0,0,0,0,0,0,0,0,0,0,0,0,0,0,0,0,1,0,0,0,0,0,0,0,0,0,0,-1.511282862190406,-0.5276195270383531,-0.5476988116157067,0.12115336939950505,-0.5402864261398518,-0.5016728351540531,-1.1506282224615614,-0.036366878497213005,-0.9864136485042495,1.484285714
1999,797000.0,743000,1484.3,84585610.0,215190.0,106.13,0.27,0.9322459222082811,1,0,0,0,0,0,0,0,0,0,0,0,0,0,0,0,0,0,0,0,0,0,0,0,0,0,1,0,0,0,0,0,0,0,0,0,-1.511282862190406,-0.024511918895233232,-0.37374741985350357,-0.19649033904005866,-0.15094590345600556,-0.023443334019659277,-1.1506282224615614,-0.036366878497213005,-1.670707526484757,0.971333333
1999,381810.0,912040,1484.3,40521495.3,103088.7,106.13,0.27,2.3887273774914224,0,0,0,1,0,0,0,0,0,0,0,0,0,0,0,0,0,0,0,0,0,0,0,0,0,0,1,0,0,0,0,0,0,0,0,0,-1.511282862190406,-0.3463690033712609,-0.31730837328251926,-0.19649033904005866,-0.4000218535532415,-0.3293849466174852,-1.1506282224615614,-0.036366878497213005,0.08473797752449837,2.073333333
1999,3423000.0,3532000,1484.3,363282990.0,924210.0,106.13,0.27,1.0318434122115103,0,0,0,0,0,1,0,0,0,0,0,0,0,0,0,0,0,0,0,0,0,0,0,0,0,0,1,0,0,0,0,0,0,0,0,0,-1.511282862190406,2.011174643483554,0.5574434277948354,-0.19649033904005866,1.424413437942731,1.9115808107860703,-1.1506282224615614,-0.036366878497213005,-1.550666199901037,1.142666667
1999,25444.0,59433,1434.5875,2700371.72,6869.88,106.13000000000001,0.27,2.335835560446471,0,1,0,0,0,0,0,0,0,0,0,0,0,0,0,0,0,0,0,0,0,0,0,0,0,0,0,1,0,0,0,0,0,0,0,0,-1.511282862190406,-0.6226254685230808,-0.6019766540429736,-0.24949759938178998,-0.613808794549777,-0.5919808393775151,-1.1506282224615607,-0.036366878497213005,0.02098934406703335,2.61
1999,2604000.0,8716000,364.4,276362520.0,703080.0,106.13,0.27,3.3471582181259603,0,1,0,0,0,0,0,0,0,0,0,0,0,0,0,0,0,0,0,0,0,0,0,0,0,0,0,0,1,0,0,0,0,0,0,0,-1.511282862190406,1.376282299771358,2.2882764698202886,-1.390613162408529,0.933088494833224,1.3080831814654714,-1.1506282224615614,-0.036366878497213005,1.239900718521181,3.332352941
1999,15908.0,23439,2678.5,1688316.04,4295.16,106.13,0.27,1.473409605230073,0,1,0,0,0,0,0,0,0,0,0,0,0,0,0,0,0,0,0,0,0,0,0,0,0,0,0,0,0,1,0,0,0,0,0,0,-1.511282862190406,-0.630017816984179,-0.6139943246669444,1.076856813086584,-0.619529520627301,-0.599007644497419,-1.1506282224615614,-0.036366878497213005,-1.0184621093887896,1.465
1999,2204046.0,7225373,922.8,233915402.0,595092.42,106.13000000907422,0.27,3.2782314888164765,0,1,0,0,0,0,0,0,0,0,0,0,0,0,0,0,0,0,0,0,0,0,0,0,0,0,0,0,0,0,1,0,0,0,0,0,-1.511282862190406,1.066236228419627,1.790586179516416,-0.7952044789823715,0.6931527485526008,1.0133685406384987,-1.1506282221162114,-0.036366878497213005,1.1568257733280929,3.499642857
1999,232160.0,505680,2147.4,24639140.8,62683.2,106.13000000000001,0.26999999999999996,2.1781529979324605,0,1,0,0,0,0,0,0,0,0,0,0,0,0,0,0,0,0,0,0,0,0,0,0,0,0,0,0,0,0,0,0,1,0,0,0,-1.511282862190406,-0.4623783308883917,-0.452983781260425,0.5105574725285035,-0.4897981389455952,-0.4396577429884591,-1.1506282224615607,-0.03636687849721377,-0.1690598628225024,2.075
1999,6079822.0,13230539,883.4,645251508.9,1641551.94,106.13000000657914,0.27,2.1761392027595545,0,1,0,0,0,0,0,0,0,0,0,0,0,0,0,0,0,0,0,0,0,0,0,0,0,0,0,0,0,0,0,0,0,1,0,0,-1.511282862190406,4.070754553625342,3.7955899865472458,-0.837215765026409,3.0182631548990986,3.8693168041033004,-1.1506282222111703,-0.036366878497213005,-0.17148701880821743,1.991707317
1999,6052.0,16186,883.4,642298.76,1634.04,106.13,0.27,2.6744877726371445,0,0,0,1,0,0,0,0,0,0,0,0,0,0,0,0,0,0,0,0,0,0,0,0,0,0,0,0,0,0,0,0,0,1,0,0,-1.511282862190406,-0.6376582308298779,-0.6164159550785591,-0.837215765026409,-0.6254422173785675,-0.6062702484468497,-1.1506282224615614,-0.036366878497213005,0.42915485908715967,2.190384615
1999,427155.0,827970,2318.1,45333960.15,115331.85,106.13,0.27,1.9383362011447836,1,0,0,0,0,0,0,0,0,0,0,0,0,0,0,0,0,0,0,0,0,0,0,0,0,0,0,0,0,0,0,0,0,0,0,1,-1.511282862190406,-0.31121736316902704,-0.3453776506442245,0.6925708361761486,-0.3728190091755851,-0.29597151560217067,-1.1506282224615614,-0.036366878497213005,-0.4581025527790243,1.868888889
1999,1474338.0,4468400,2318.1,156471491.9,398071.26,106.12999997286919,0.27,3.030783985761745,0,0,0,1,0,0,0,0,0,0,0,0,0,0,0,0,0,0,0,0,0,0,0,0,0,0,0,0,0,0,0,0,0,0,0,1,-1.511282862190406,0.5005634294629248,0.8700885012039083,0.6925708361761486,0.2553948219783396,0.47566762721203276,-1.1506282234941143,-0.036366878497213005,0.8585860634161663,2.897222222
1999,4248946.0,8463310,2318.1,450940639.0,1147215.42,106.13000000470704,0.26999999999999996,1.991861040361539,0,0,0,0,0,1,0,0,0,0,0,0,0,0,0,0,0,0,0,0,0,0,0,0,0,0,0,0,0,0,0,0,0,0,0,1,-1.511282862190406,2.6514515564502372,2.2039083754164666,0.6925708361761486,1.919905344602211,2.520196748450089,-1.1506282222824191,-0.03636687849721377,-0.39359096012190675,1.906666667
2000,3003673.0,8233806,935.6,294870578.4,780954.98,98.16999999667074,0.26,2.7412458013904977,0,1,0,0,0,0,1,0,0,0,0,0,0,0,0,0,0,0,0,0,0,0,0,0,0,0,0,0,0,0,0,0,0,0,0,0,-1.3579513156535432,1.6861105387072366,2.1272816187658092,-0.7815561423995367,1.0377067825673725,1.5206159260654308,-1.4535724333397433,-0.1732572985008706,0.5096159463234626,2.7
2000,1239053.0,4224208,935.6,121637833.0,322153.78,98.16999999192932,0.26,3.409223011445031,0,0,1,0,0,0,1,0,0,0,0,0,0,0,0,0,0,0,0,0,0,0,0,0,0,0,0,0,0,0,0,0,0,0,0,0,-1.3579513156535432,0.3181694794136891,0.7885577176008453,-0.7815561423995367,0.05849476520991129,0.2684771998435438,-1.4535724335201938,-0.1732572985008706,1.3147052153405698,2.939090909
2000,118601.0,132690,2157.7,11643060.17,30836.26,98.17,0.26,1.1187932648122698,0,1,0,0,0,0,0,1,0,0,0,0,0,0,0,0,0,0,0,0,0,0,0,0,0,0,0,0,0,0,0,0,0,0,0,0,-1.3579513156535432,-0.5504097590442076,-0.577517619289953,0.5215401183725029,-0.563259529296813,-0.5265729186367897,-1.453572433213037,-0.1732572985008706,-1.445868622651694,1.066153846
2000,539665.0,557764,1965.5,52978913.05,140312.9,98.16999999999999,0.26,1.0335374723207915,1,0,0,0,0,0,0,0,1,0,0,0,0,0,0,0,0,0,0,0,0,0,0,0,0,0,0,0,0,0,0,0,0,0,0,0,-1.3579513156535432,-0.22399912435210498,-0.43559398416149486,0.316601814370878,-0.3296052984275028,-0.2277944050656567,-1.4535724332130378,-0.1732572985008706,-1.5486244092612922,1.197826087
2000,329255.0,681027,1965.5,32322963.35,85606.3,98.17,0.26,2.0683877238007016,0,0,0,1,0,0,0,0,1,0,0,0,0,0,0,0,0,0,0,0,0,0,0,0,0,0,0,0,0,0,0,0,0,0,0,0,-1.3579513156535432,-0.3871098667702773,-0.39443895459760914,0.316601814370878,-0.4463647143766496,-0.3770970931142718,-1.453572433213037,-0.1732572985008706,-0.30135605943523663,1.825217391
2000,1777257.0,2759652,1965.5,174473319.7,462086.82,98.17000000562665,0.26,1.5527591113721877,0,0,0,0,0,1,0,0,1,0,0,0,0,0,0,0,0,0,0,0,0,0,0,0,0,0,0,0,0,0,0,0,0,0,0,0,-1.3579513156535432,0.735387548956154,0.2995720083615262,0.316601814370878,0.3571516005565288,0.6503758924841828,-1.4535724329988966,-0.1732572985008706,-0.9228249604932334,1.581304348
2000,2939790.0,4444354,1207.0,288599184.3,764345.4,98.17,0.26,1.5117930192292646,1,0,0,0,0,0,0,0,0,1,0,0,0,0,0,0,0,0,0,0,0,0,0,0,0,0,0,0,0,0,0,0,0,0,0,0,-1.3579513156535432,1.6365881606933583,0.862060026796396,-0.49216875579162284,1.0022572233392668,1.4752858389944283,-1.453572433213037,-0.1732572985008706,-0.9721999401802511,1.399189189
2000,591705.0,786858,1207.0,58087679.85,153843.3,98.17,0.25999999999999995,1.3298146880624635,0,1,0,0,0,0,0,0,0,1,0,0,0,0,0,0,0,0,0,0,0,0,0,0,0,0,0,0,0,0,0,0,0,0,0,0,-1.3579513156535432,-0.18365749118143015,-0.35910411824139854,-0.49216875579162284,-0.3007275834615145,-0.1908678716972335,-1.453572433213037,-0.17325729850087138,-1.191531976379618,1.310645161
2000,125349.0,213158,1207.0,12305511.33,32590.74,98.17,0.26,1.7005161588843947,0,0,0,1,0,0,0,0,0,1,0,0,0,0,0,0,0,0,0,0,0,0,0,0,0,0,0,0,0,0,0,0,0,0,0,0,-1.3579513156535432,-0.5451786802464422,-0.5506509770782047,-0.49216875579162284,-0.5595149708688636,-0.5217846740716452,-1.453572433213037,-0.1732572985008706,-0.7447386252363508,1.590645161
2000,3769746.0,2369295,896.4,370075964.8,980133.96,98.1699999946946,0.26,0.6285025569361967,0,1,0,0,0,0,0,0,0,0,1,0,0,0,0,0,0,0,0,0,0,0,0,0,0,0,0,0,0,0,0,0,0,0,0,0,-1.3579513156535432,2.279973643010818,0.16923967931331443,-0.8233541731844677,1.462811274000846,2.0642058606762705,-1.4535724334149516,-0.1732572985008706,-2.036798644916379,0.6575
2000,6053.0,11420,544.3,594223.01,1573.78,98.17,0.26,1.8866677680489015,0,1,0,0,0,0,0,0,0,0,0,1,0,0,0,0,0,0,0,0,0,0,0,0,0,0,0,0,0,0,0,0,0,0,0,0,-1.3579513156535432,-0.6376574556255511,-0.618007226351378,-1.1987900568419714,-0.6257139694196425,-0.6064347072138323,-1.453572433213037,-0.1732572985008706,-0.5203766848995304,1.89
2000,41000.0,96568,3886.9,4024970.0,10660.0,98.17,0.26,2.3553170731707316,0,1,0,0,0,0,0,0,0,0,0,0,1,0,0,0,0,0,0,0,0,0,0,0,0,0,0,0,0,0,0,0,0,0,0,0,-1.3579513156535432,-0.6105663900141834,-0.5895780265322454,2.365345088609809,-0.606321396304416,-0.5816370215561404,-1.453572433213037,-0.1732572985008706,0.04446972124523385,2.36
2000,16207.0,45555,3886.9,1591041.19,4213.82,98.17,0.26,2.8108224841118035,0,0,1,0,0,0,0,0,0,0,0,0,1,0,0,0,0,0,0,0,0,0,0,0,0,0,0,0,0,0,0,0,0,0,0,0,-1.3579513156535432,-0.6297860308904428,-0.6066102383325627,2.365345088609809,-0.6200793745356179,-0.5992296338121611,-1.453572433213037,-0.1732572985008706,0.5934742573400289,2.81
2000,583500.0,472600,379.7,57282195.0,151710.0,98.17,0.26,0.8099400171379606,0,1,0,0,0,0,0,0,0,0,0,0,0,1,0,0,0,0,0,0,0,0,0,0,0,0,0,0,0,0,0,0,0,0,0,0,-1.3579513156535432,-0.19001804268345526,-0.4640285260579176,-1.3742991350868594,-0.30528065131885374,-0.19668997404711647,-1.453572433213037,-0.1732572985008706,-1.8181185013314907,0.8725
2000,3900.0,10700,379.7,382863.0,1014.0,98.17,0.26,2.7435897435897436,0,0,0,1,0,0,0,0,0,0,0,0,0,1,0,0,0,0,0,0,0,0,0,0,0,0,0,0,0,0,0,0,0,0,0,0,-1.3579513156535432,-0.6393264705413171,-0.6182476198294371,-1.3742991350868594,-0.6269086988647189,-0.60796243254708,-1.453572433213037,-0.1732572985008706,0.5124410168249776,3.53
2000,1054282.0,2695000,383.7,103498863.9,274113.32,98.16999996205949,0.26,2.5562420680614863,0,1,0,0,0,0,0,0,0,0,0,0,0,0,1,0,0,0,0,0,0,0,0,0,0,0,0,0,0,0,0,0,0,0,0,0,-1.3579513156535432,0.17493420073231403,0.2779860095511424,-1.3700340299047236,-0.044037215589578196,0.13736742857112003,-1.4535724346569892,-0.1732572985008706,0.2866375000690915,2.443157895
2000,81519.0,124893,1068.4,8002720.23,21194.94,98.17,0.26,1.5320722776285283,0,1,0,0,0,0,0,0,0,0,0,0,0,0,0,1,0,0,0,0,0,0,0,0,0,0,0,0,0,0,0,0,0,0,0,0,-1.3579513156535432,-0.5791558858934576,-0.5801208803294347,-0.6399546503526282,-0.5838368434084343,-0.55288555719113,-1.453572433213037,-0.1732572985008706,-0.9477580683991176,1.55
2000,244051.0,415342,989.5,23958486.67,63453.26,98.17,0.26,1.7018655936668976,0,1,0,0,0,0,0,0,0,0,0,0,0,0,0,0,1,0,0,0,0,0,0,0,0,0,0,0,0,0,0,0,0,0,0,0,-1.3579513156535432,-0.4531603762374983,-0.48314581740056683,-0.7240838500702569,-0.4936455911245756,-0.4375561313372375,-1.453572433213037,-0.1732572985008706,-0.7431121992950483,1.6
2000,1120549.0,2792657,1213.3,110004295.3,291342.74,98.1699999732274,0.26,2.492222116123436,0,1,0,0,0,0,0,0,0,0,0,0,0,0,0,0,0,0,1,0,0,0,0,0,0,0,0,0,0,0,0,0,0,0,0,0,-1.3579513156535432,0.22630466586146677,0.31059171217172105,-0.48545121512975903,-0.00726474171193124,0.1843891539117292,-1.4535724342319571,-0.1732572985008706,0.20947651982530846,2.357407407
2000,52005.0,106335,1213.3,5105330.85,13521.3,98.16999999999999,0.26,2.0447072396884916,0,0,1,0,0,0,0,0,0,0,0,0,0,0,0,0,0,0,1,0,0,0,0,0,0,0,0,0,0,0,0,0,0,0,0,0,-1.3579513156535432,-0.6020352663969029,-0.5863170222264077,-0.48545121512975903,-0.6002145697632804,-0.5738280957352431,-1.4535724332130378,-0.1732572985008706,-0.32989730808399503,2.064615385
2000,310892.0,947744,1213.3,30520267.64,80831.92,98.17,0.26,3.048466991752763,0,0,0,1,0,0,0,0,0,0,0,0,0,0,0,0,0,0,1,0,0,0,0,0,0,0,0,0,0,0,0,0,0,0,0,0,-1.3579513156535432,-0.4013449438247182,-0.30538752780943346,-0.48545121512975903,-0.45655459677327614,-0.3901271071850703,-1.453572433213037,-0.1732572985008706,0.8798987641386526,2.751304348
2000,129752.0,260306,2412.6,12737753.84,33735.52,98.17,0.25999999999999995,2.0061810222578456,1,0,0,0,0,0,0,0,0,0,0,0,0,0,0,0,0,0,0,1,0,0,0,0,0,0,0,0,0,0,0,0,0,0,0,0,-1.3579513156535432,-0.5417654555952032,-0.5349092108233018,0.7933339461041068,-0.5570716853385936,-0.5186603941634752,-1.453572433213037,-0.17325729850087138,-0.37633159320983145,1.938461538
2000,55258.0,154606,2412.6,5424677.86,14367.08,98.17,0.26,2.7978935176806976,0,0,0,1,0,0,0,0,0,0,0,0,0,0,0,0,0,0,0,1,0,0,0,0,0,0,0,0,0,0,0,0,0,0,0,0,-1.3579513156535432,-0.5995135267215723,-0.5702003089216989,0.7933339461041068,-0.5984094351209982,-0.5715198326098111,-1.453572433213037,-0.1732572985008706,0.5778914320931676,2.23
2000,162445.0,336416,2412.6,15947225.65,42235.7,98.17,0.26,2.070953245713934,0,0,0,0,0,1,0,0,0,0,0,0,0,0,0,0,0,0,0,1,0,0,0,0,0,0,0,0,0,0,0,0,0,0,0,0,-1.3579513156535432,-0.5164217005366161,-0.5094976169134721,0.7933339461041068,-0.5389298879638231,-0.49546210139994984,-1.453572433213037,-0.1732572985008706,-0.2982639267536396,2.042857143
2000,1697346.0,975274,723.3,166628456.8,441309.96,98.1699999882169,0.26,0.5745876209093491,0,1,0,0,0,0,0,0,0,0,0,0,0,0,0,0,0,0,0,0,1,0,0,0,0,0,0,0,0,0,0,0,0,0,0,0,-1.3579513156535432,0.6734401959910926,-0.2961958160719796,-1.0079265999413944,0.31280788246521646,0.5936726602012453,-1.4535724336614821,-0.1732572985008706,-2.1017804074400064,0.613555556
2000,1486400.0,1879200,1057.8,145919888.0,386464.0,98.17,0.26,1.2642626480086114,0,1,0,0,0,0,0,0,0,0,0,0,0,0,0,0,0,0,0,0,0,1,0,0,0,0,0,0,0,0,0,0,0,0,0,0,-1.3579513156535432,0.5099139440537142,0.005606843716967111,-0.6512571790852882,0.1957510328239373,0.4439896373738931,-1.453572433213037,-0.1732572985008706,-1.2705395281570615,0.9865625
2000,25100.0,50500,1057.8,2464067.0,6526.0,98.17,0.26,2.0119521912350598,0,0,0,1,0,0,0,0,0,0,0,0,0,0,0,0,0,0,0,0,0,1,0,0,0,0,0,0,0,0,0,0,0,0,0,0,-1.3579513156535432,-0.6228921388115264,-0.6049592025700595,-0.6512571790852882,-0.6151445259731172,-0.5929193405522574,-1.453572433213037,-0.1732572985008706,-0.36937580767807615,1.987
2000,156890.0,381750,1969.7,15401891.3,40791.4,98.17,0.26,2.4332334756836,0,1,0,0,0,0,0,0,0,0,0,0,0,0,0,0,0,0,0,0,0,0,1,0,0,0,0,0,0,0,0,0,0,0,0,0,-1.3579513156535432,-0.5207279605724173,-0.49436150867134593,0.32108017481212064,-0.5420124342097122,-0.49940381725048,-1.453572433213037,-0.1732572985008706,0.1383796011023726,2.26
2000,102657.0,165907,6258.8,10077837.69,26690.82,98.17,0.26,1.6161294407590325,0,1,0,0,0,0,0,0,0,0,0,0,0,0,0,0,0,0,0,0,0,0,0,1,0,0,0,0,0,0,0,0,0,0,0,0,-1.3579513156535432,-0.5627696168319333,-0.566427132955663,4.894445833986785,-0.5721070751734025,-0.537886459144594,-1.453572433213037,-0.1732572985008706,-0.8464469472983475,1.681428571
2000,4003.0,13135,6258.8,392974.51,1040.78,98.17,0.26,3.281289033225081,0,0,1,0,0,0,0,0,0,0,0,0,0,0,0,0,0,0,0,0,0,0,0,1,0,0,0,0,0,0,0,0,0,0,0,0,-1.3579513156535432,-0.6392466244956487,-0.6174346224418344,4.894445833986785,-0.6268515427417078,-0.6078893458265392,-1.453572433213037,-0.1732572985008706,1.1605109232940771,1.744285714
2000,51839.0,103673,2834.3,5089034.63,13478.14,98.17,0.26,1.9999035475221358,0,1,0,0,0,0,0,0,0,0,0,0,0,0,0,0,0,0,0,0,0,0,0,0,1,0,0,0,0,0,0,0,0,0,0,0,-1.3579513156535432,-0.6021639503151645,-0.5872058103355651,1.2429826599307736,-0.6003066854566768,-0.5739458859838819,-1.453572433213037,-0.1732572985008706,-0.3838976111370498,1.8875
2000,150000.0,230000,1631.8,14725500.0,39000.0,98.17,0.26,1.5333333333333334,0,1,0,0,0,0,0,0,0,0,0,0,0,0,0,0,0,0,0,0,0,0,0,0,0,1,0,0,0,0,0,0,0,0,0,0,-1.3579513156535432,-0.5260691183845994,-0.5450277729706057,-0.039214585448801076,-0.5458357903994827,-0.5042928221487973,-1.453572433213037,-0.1732572985008706,-0.9462381626294454,1.5025
2000,1680.0,3330,1631.8,164925.6,436.8,98.17,0.26,1.9821428571428572,0,0,1,0,0,0,0,0,0,0,0,0,0,0,0,0,0,0,0,0,0,0,0,0,0,1,0,0,0,0,0,0,0,0,0,0,-1.3579513156535432,-0.6410474241469838,-0.6207083141812364,-0.039214585448801076,-0.6281406075354433,-0.60953769972767,-1.453572433213037,-0.1732572985008706,-0.4053039421008341,1.98
2000,854570.0,464250,1066.0,83893136.9,222188.2,98.17,0.26,0.5432556724434511,1,0,0,0,0,0,0,0,0,0,0,0,0,0,0,0,0,0,0,0,0,0,0,0,0,0,1,0,0,0,0,0,0,0,0,0,-1.3579513156535432,0.02011659420307095,-0.4668164226437418,-0.6425137134619098,-0.15486016331288807,-0.004344174658598267,-1.453572433213037,-0.1732572985008706,-2.13954369503066,0.733666667
2000,206730.0,441540,1066.0,20294684.1,53749.8,98.17,0.26,2.1358293426208097,0,0,0,1,0,0,0,0,0,0,0,0,0,0,0,0,0,0,0,0,0,0,0,0,0,0,1,0,0,0,0,0,0,0,0,0,-1.3579513156535432,-0.48209177692087174,-0.4743988335975223,-0.6425137134619098,-0.5143555296381354,-0.4640383594664251,-1.453572433213037,-0.1732572985008706,-0.22007106530680148,1.685333333
2000,3372220.0,3707590,1066.0,331050837.4,876777.2,98.16999999999999,0.26,1.0994508068868578,0,0,0,0,0,1,0,0,0,0,0,0,0,0,0,0,0,0,0,0,0,0,0,0,0,0,1,0,0,0,0,0,0,0,0,0,-1.3579513156535432,1.9718097677647441,0.6160693872564962,-0.6425137134619098,1.242218604637159,1.782129436698257,-1.4535724332130378,-0.1732572985008706,-1.4691814020066853,1.020666667
2000,42779.0,103606,1434.5875,4199614.43,11122.54,98.16999999999999,0.26,2.421889244722878,0,1,0,0,0,0,0,0,0,0,0,0,0,0,0,0,0,0,0,0,0,0,0,0,0,0,0,1,0,0,0,0,0,0,0,0,-1.3579513156535432,-0.6091873015166693,-0.5872281802842177,-0.24949759938178998,-0.6053342046263896,-0.5803746790722352,-1.4535724332130378,-0.1732572985008706,0.12470680138068269,2.605
2000,2611000.0,9154000,405.3,256321870.0,678860.0,98.17,0.26,3.5059364228265033,0,1,0,0,0,0,0,0,0,0,0,0,0,0,0,0,0,0,0,0,0,0,0,0,0,0,0,0,1,0,0,0,0,0,0,0,-1.3579513156535432,1.3817087300594963,2.434515835639569,-1.3470024619211904,0.8198071098944686,1.241983092910572,-1.453572433213037,-0.1732572985008706,1.4312704641263831,3.501764706
2000,15218.0,21358,2504.8,1493951.06,3956.68,98.17,0.26,1.4034695755026942,0,1,0,0,0,0,0,0,0,0,0,0,0,0,0,0,0,0,0,0,0,0,0,0,0,0,0,0,0,1,0,0,0,0,0,0,-1.3579513156535432,-0.6305527079697241,-0.6146891285945013,0.8916446205523373,-0.6206281842992875,-0.5999314082453158,-1.453572433213037,-0.1732572985008706,-1.1027583496806599,1.4225
2000,2113344.0,7217903,971.1,207466980.5,549469.44,98.17000000946368,0.25999999999999995,3.415394275612489,0,1,0,0,0,0,0,0,0,0,0,0,0,0,0,0,0,0,0,0,0,0,0,0,0,0,0,0,0,0,1,0,0,0,0,0,-1.3579513156535432,0.9959236455632368,1.7880920971815528,-0.7437033339080815,0.5436509201705895,0.8888564424494644,-1.4535724328528656,-0.17325729850087138,1.3221432214322513,3.611785714
2000,243070.0,547520,2437.5,23862181.9,63198.2,98.16999999999999,0.26,2.2525198502488997,0,1,0,0,0,0,0,0,0,0,0,0,0,0,0,0,0,0,0,0,0,0,0,0,0,0,0,0,0,0,0,0,1,0,0,0,-1.3579513156535432,-0.45392085168216456,-0.4390142491465467,0.8198842258629022,-0.49418996157772005,-0.43825222913190365,-1.4535724332130378,-0.1732572985008706,-0.0794281300787203,2.185
2000,5904128.0,11672250,874.4,579608245.8,1535073.28,98.17000000677491,0.26,1.9769642528075273,0,1,0,0,0,0,0,0,0,0,0,0,0,0,0,0,0,0,0,0,0,0,0,0,0,0,0,0,0,0,0,0,0,1,0,0,-1.3579513156535432,3.9345558046190283,3.2753087191427706,-0.8468122516862145,2.6472093339967273,3.5787202370014417,-1.4535724329551953,-0.1732572985008706,-0.41154553046059145,1.894782609
2000,3023.0,6899,874.4,296767.91,785.98,98.16999999999999,0.26,2.2821700297717498,0,0,0,1,0,0,0,0,0,0,0,0,0,0,0,0,0,0,0,0,0,0,0,0,0,0,0,0,0,0,0,0,0,1,0,0,-1.3579513156535432,-0.6400063247359882,-0.6195166970656907,-0.8468122516862145,-0.6273953582810367,-0.6085847340413942,-1.4535724332130378,-0.1732572985008706,-0.04369181902055027,2.083181818
2000,285545.0,579074,1413.4,28031952.65,74241.7,98.17,0.26,2.027960566635732,0,1,0,0,0,0,0,0,0,0,0,0,0,0,0,0,0,0,0,0,0,0,0,0,0,0,0,0,0,0,0,0,0,0,1,0,-1.3579513156535432,-0.42099404789806744,-0.42847900497060704,-0.27208932839341554,-0.4706199972583435,-0.4081128266564275,-1.453572433213037,-0.1732572985008706,-0.3500814798844283,1.649230769
2000,3062.0,9578,1413.4,300596.54,796.12,98.16999999999999,0.26,3.1280209013716527,0,0,1,0,0,0,0,0,0,0,0,0,0,0,0,0,0,0,0,0,0,0,0,0,0,0,0,0,0,0,0,0,0,0,1,0,-1.3579513156535432,-0.6399760917672399,-0.6186222329994125,-0.27208932839341554,-0.6273737166422265,-0.6085570604287622,-1.4535724332130378,-0.1732572985008706,0.9757822733040268,3.125
2000,393944.0,683950,1907.7,38673482.48,102425.44,98.16999999999999,0.26,1.7361604695083566,1,0,0,0,0,0,0,0,0,0,0,0,0,0,0,0,0,0,0,0,0,0,0,0,0,0,0,0,0,0,0,0,0,0,0,1,-1.3579513156535432,-0.3369626740689364,-0.39346302385265536,0.25497104448901575,-0.4104678945566108,-0.33119508471554143,-1.4535724332130378,-0.1732572985008706,-0.7017778002966475,1.648333333
2000,1401841.0,4541328,1907.7,137618731.0,364478.66,98.17000002140043,0.26,3.239545711674862,0,0,0,1,0,0,0,0,0,0,0,0,0,0,0,0,0,0,0,0,0,0,0,0,0,0,0,0,0,0,0,0,0,0,0,1,-1.3579513156535432,0.44436344137732886,0.8944376894926491,0.25497104448901575,0.14882807565667755,0.3839882781290717,-1.453572432398573,-0.1732572985008706,1.1101991765348302,3.021111111
2000,3639538.0,7202760,1907.7,357293445.5,946279.88,98.1700000109904,0.26,1.9790314045354107,0,0,0,0,0,1,0,0,0,0,0,0,0,0,0,0,0,0,0,0,0,0,0,0,0,0,0,0,0,0,0,0,0,0,0,1,-1.3579513156535432,2.179035838016828,1.7830361549062073,0.25497104448901575,1.3905570562329408,1.9718128926356162,-1.4535724327947608,-0.1732572985008706,-0.40905406570925174,1.876111111
2001,2426073.0,6500545,928.4,247774835.5,630778.98,102.13000000412188,0.26,2.6794515251602076,0,1,0,0,0,0,1,0,0,0,0,0,0,0,0,0,0,0,0,0,0,0,0,0,0,0,0,0,0,0,0,0,0,0,0,0,-1.2046197691166804,1.2383525195031286,1.5485807296350067,-0.7892333317273813,0.7714943103954841,1.1107626271876203,-1.3028614940390995,-0.1732572985008706,0.4351374941684499,2.627272727
2001,1398674.0,4889246,928.4,142846575.6,363655.24,102.12999998570074,0.26,3.4956294318761914,0,0,1,0,0,0,1,0,0,0,0,0,0,0,0,0,0,0,0,0,0,0,0,0,0,0,0,0,0,0,0,0,0,0,0,0,-1.2046197691166804,0.44190836927410965,1.0106004924084306,-0.7892333317273813,0.17837888745832037,0.38174103886739236,-1.3028614947401773,-0.1732572985008706,1.4188478130463036,3.025909091
2001,119455.0,134621,2128.5,12199939.15,31058.3,102.13000000000001,0.26,1.126959943074798,0,1,0,0,0,0,0,1,0,0,0,0,0,0,0,0,0,0,0,0,0,0,0,0,0,0,0,0,0,0,0,0,0,0,0,0,-1.2046197691166804,-0.5497477345490548,-0.5768728973369919,0.4904048505429118,-0.5601117261019225,-0.5259669374781304,-1.3028614941959709,-0.1732572985008706,-1.4360256146362855,1.135384615
2001,495698.0,487719,1824.7,50625636.74,128881.48,102.13000000000001,0.26,0.98390350576359,1,0,0,0,0,0,0,0,1,0,0,0,0,0,0,0,0,0,0,0,0,0,0,0,0,0,0,0,0,0,0,0,0,0,0,0,-1.2046197691166804,-0.2580825329919024,-0.45898059689850734,0.1664701119596979,-0.34290738191982284,-0.258992500619259,-1.3028614941959709,-0.1732572985008706,-1.6084464709311725,1.120434783
2001,325987.0,653036,1824.7,33293052.31,84756.62,102.13,0.26,2.0032577986238715,0,0,0,1,0,0,0,0,1,0,0,0,0,0,0,0,0,0,0,0,0,0,0,0,0,0,0,0,0,0,0,0,0,0,0,0,-1.2046197691166804,-0.3896432345105111,-0.40378458493698693,0.1664701119596979,-0.440881208557098,-0.37941599993687,-1.3028614941959715,-0.1732572985008706,-0.37985485110429995,1.806521739
2001,1714736.0,2713493,1824.7,175125987.7,445831.36,102.1300000116636,0.26,1.5824552584187888,0,0,0,0,0,1,0,0,1,0,0,0,0,0,0,0,0,0,0,0,0,0,0,0,0,0,0,0,0,0,0,0,0,0,0,0,-1.2046197691166804,0.6869209992354822,0.28416044925912404,0.1664701119596979,0.3608408588862341,0.6060122531158663,-1.3028614937520744,-0.1732572985008706,-0.8870332464070286,1.600434783
2001,2844474.0,4354156,1247.0,290506129.6,739563.24,102.12999999296883,0.26,1.5307420633832476,1,0,0,0,0,0,0,0,0,1,0,0,0,0,0,0,0,0,0,0,0,0,0,0,0,0,0,0,0,0,0,0,0,0,0,0,-1.2046197691166804,1.562698785072758,0.8319447338325434,-0.44951770397026486,1.0130363849226711,1.4076515297218566,-1.3028614944635657,-0.1732572985008706,-0.9493613285077697,1.409189189
2001,126106.0,243661,1247.0,12879205.78,32787.56,102.13,0.26,1.9321919654893502,0,1,0,0,0,0,0,0,0,1,0,0,0,0,0,0,0,0,0,0,0,0,0,0,0,0,0,0,0,0,0,0,0,0,0,0,-1.2046197691166804,-0.5445918505709963,-0.5404666406042651,-0.44951770397026486,-0.5562721168782157,-0.5212475221546602,-1.3028614941959715,-0.1732572985008706,-0.46550798236261415,1.792903226
2001,593959.0,703404,1247.0,60661032.67,154429.34,102.13000000000001,0.26,1.1842635602794132,0,0,0,1,0,0,0,0,0,1,0,0,0,0,0,0,0,0,0,0,0,0,0,0,0,0,0,0,0,0,0,0,0,0,0,0,-1.2046197691166804,-0.18191018062864958,-0.386967725627431,-0.44951770397026486,-0.28618149980725915,-0.18926847880306694,-1.3028614941959709,-0.1732572985008706,-1.36695959472891,1.098275862
2001,3810112.0,5073721,1550.0,389126738.6,990629.12,102.13000001049839,0.26,1.331646156333462,0,1,0,0,0,0,0,0,0,0,1,0,0,0,0,0,0,0,0,0,0,0,0,0,0,0,0,0,0,0,0,0,0,0,0,0,-1.2046197691166804,2.3112655408695315,1.0721929741653067,-0.12643598642347811,1.5704973041555046,2.0928487593301863,-1.30286149379642,-0.1732572985008706,-1.1893245725500683,1.34375
2001,6405.0,12063,611.9,654142.65,1665.3,102.13000000000001,0.26,1.8833723653395784,0,1,0,0,0,0,0,0,0,0,0,1,0,0,0,0,0,0,0,0,0,0,0,0,0,0,0,0,0,0,0,0,0,0,0,0,-1.2046197691166804,-0.6373845837024904,-0.617792541620278,-1.1267097792638765,-0.6253752688383625,-0.6061849351203333,-1.3028614941959709,-0.1732572985008706,-0.5243485170495363,1.88
2001,32746.0,79071,2530.6,3344348.98,8513.96,102.13,0.25999999999999995,2.4146766017223475,0,1,0,0,0,0,0,0,0,0,0,0,1,0,0,0,0,0,0,0,0,0,0,0,0,0,0,0,0,0,0,0,0,0,0,0,-1.2046197691166804,-0.6169649265282254,-0.5954199219289119,0.9191545489771129,-0.6101686613264601,-0.5874938933167662,-1.3028614941959715,-0.17325729850087138,0.11601365827104805,2.41
2001,16637.0,47452,2530.6,1699136.81,4325.62,102.13000000000001,0.26,2.852196910500691,0,0,1,0,0,0,0,0,0,0,0,0,1,0,0,0,0,0,0,0,0,0,0,0,0,0,0,0,0,0,0,0,0,0,0,0,-1.2046197691166804,-0.6294526930298857,-0.605976868293843,0.9191545489771129,-0.6194683553551316,-0.5989245144933982,-1.3028614941959709,-0.1732572985008706,0.643341387828975,2.85
2001,664000.0,1028700,666.5,67814320.0,172640.0,102.13,0.26,1.5492469879518072,0,1,0,0,0,0,0,0,0,0,0,0,0,1,0,0,0,0,0,0,0,0,0,0,0,0,0,0,0,0,0,0,0,0,0,0,-1.2046197691166804,-0.12761409436986335,-0.27835795224033383,-1.0684910935277228,-0.24574696821236322,-0.13956879925545487,-1.3028614941959715,-0.1732572985008706,-0.9270579984392153,1.533571429
2001,3800.0,11500,666.5,388094.0,988.0,102.13,0.26,3.026315789473684,0,0,0,1,0,0,0,0,0,0,0,0,0,1,0,0,0,0,0,0,0,0,0,0,0,0,0,0,0,0,0,0,0,0,0,0,-1.2046197691166804,-0.6394039909740048,-0.617980515964927,-1.0684910935277228,-0.6268791302167651,-0.6080333905281877,-1.3028614941959715,-0.1732572985008706,0.8532007047104608,2.935
2001,1027505.0,2726000,483.8,104939085.6,267151.3,102.12999995133843,0.26,2.65302845241629,0,1,0,0,0,0,0,0,0,0,0,0,0,0,1,0,0,0,0,0,0,0,0,0,0,0,0,0,0,0,0,0,0,0,0,0,-1.2046197691166804,0.1541765544715308,0.2883362843009088,-1.2632997727217754,-0.03589624666916656,0.11836700996992343,-1.3028614960479485,-0.1732572985008706,0.4032907005946847,2.645555556
2001,80579.0,137418,918.1,8229533.27,20950.54,102.13,0.26,1.7053822956353393,0,1,0,0,0,0,0,0,0,0,0,0,0,0,0,1,0,0,0,0,0,0,0,0,0,0,0,0,0,0,0,0,0,0,0,0,-1.2046197691166804,-0.5798845779607219,-0.5759390354506984,-0.8002159775713809,-0.58255476446921,-0.5535525622135419,-1.3028614941959715,-0.1732572985008706,-0.7388736429872775,1.654545455
2001,249830.0,422298,953.8,25515137.9,64955.8,102.13,0.26,1.6903414321738783,0,1,0,0,0,0,0,0,0,0,0,0,0,0,0,0,1,0,0,0,0,0,0,0,0,0,0,0,0,0,0,0,0,0,0,0,-1.2046197691166804,-0.44868047043247655,-0.4808233492986515,-0.762149913820819,-0.4848464949275453,-0.43345546960902614,-1.3028614941959715,-0.1732572985008706,-0.757001862913501,1.634166667
2001,1087967.0,2393946,1002.9,111114069.7,282871.42,102.12999999080854,0.26,2.2003847543169965,0,1,0,0,0,0,0,0,0,0,0,0,0,0,0,0,0,0,1,0,0,0,0,0,0,0,0,0,0,0,0,0,0,0,0,0,-1.2046197691166804,0.20104695848316304,0.17747015101836255,-0.709795747710102,-0.0009916527152381699,0.16126962450723328,-1.3028614945457826,-0.1732572985008706,-0.1422647143845321,2.154814815
2001,53480.0,99699,1002.9,5461912.4,13904.8,102.13000000000001,0.26,1.8642296185489904,0,0,1,0,0,0,0,0,0,0,0,0,0,0,0,0,0,0,1,0,0,0,0,0,0,0,0,0,0,0,0,0,0,0,0,0,-1.2046197691166804,-0.6008918400147595,-0.588532648782519,-0.709795747710102,-0.5981989638908356,-0.5727814655139052,-1.3028614941959709,-0.1732572985008706,-0.5474205916482429,1.840714286
2001,276277.0,740400,1002.9,28216170.01,71832.02,102.13000000000001,0.26,2.679919066733749,0,0,0,1,0,0,0,0,0,0,0,0,0,0,0,0,0,0,1,0,0,0,0,0,0,0,0,0,0,0,0,0,0,0,0,0,-1.2046197691166804,-0.4281786415995627,-0.3746155074131614,-0.709795747710102,-0.4695786938240456,-0.4146892123454849,-1.3028614941959709,-0.1732572985008706,0.435701005464961,2.4368
2001,116540.0,235838,2946.7,11902230.2,30300.4,102.13,0.26,2.023665694182255,1,0,0,0,0,0,0,0,0,0,0,0,0,0,0,0,0,0,0,1,0,0,0,0,0,0,0,0,0,0,0,0,0,0,0,0,-1.2046197691166804,-0.552007455161901,-0.5430785825193433,1.3628321155487892,-0.5617945498708453,-0.5280353626274185,-1.3028614941959715,-0.1732572985008706,-0.35525793751209056,1.886923077
2001,43850.0,105032,2946.7,4478400.5,11401.0,102.13,0.26,2.3952565564424173,0,0,0,1,0,0,0,0,0,0,0,0,0,0,0,0,0,0,0,1,0,0,0,0,0,0,0,0,0,0,0,0,0,0,0,0,-1.2046197691166804,-0.6083570576825842,-0.5867520676457285,1.3628321155487892,-0.6037583439576372,-0.5796147190945723,-1.3028614941959715,-0.1732572985008706,0.09260736562609129,2.151428571
2001,161978.0,362634,2946.7,16542813.14,42114.28,102.13000000000001,0.26,2.238785514082159,0,0,0,0,0,1,0,0,0,0,0,0,0,0,0,0,0,0,0,1,0,0,0,0,0,0,0,0,0,0,0,0,0,0,0,0,-1.2046197691166804,-0.5167837209572675,-0.5007439555138148,1.3628321155487892,-0.5355632818048713,-0.4957934751717225,-1.3028614941959709,-0.1732572985008706,-0.09598163893872118,2.153571429
2001,1766150.0,1685799,955.0,180376899.5,459199.0,102.13,0.26,0.9545049967443309,0,1,0,0,0,0,0,0,0,0,0,0,0,0,0,0,0,0,0,0,1,0,0,0,0,0,0,0,0,0,0,0,0,0,0,0,-1.2046197691166804,0.726777354497532,-0.0589658494081804,-0.7608703822661782,0.3905220598899567,0.6424945895225557,-1.3028614941959715,-0.1732572985008706,-1.6438794524464788,0.849333333
2001,1487200.0,2590400,1035.8,151887736.0,386672.0,102.13,0.26,1.7417966648735879,0,1,0,0,0,0,0,0,0,0,0,0,0,0,0,0,0,0,0,0,0,1,0,0,0,0,0,0,0,0,0,0,0,0,0,0,-1.2046197691166804,0.5105341075152157,0.24306217926644672,-0.6747152575870351,0.22948477332357087,0.44455730122275433,-1.3028614941959715,-0.1732572985008706,-0.694984693678143,1.261875
2001,26800.0,60800,1035.8,2737084.0,6968.0,102.13,0.26,2.2686567164179103,0,0,0,1,0,0,0,0,0,0,0,0,0,0,0,0,0,0,0,0,0,1,0,0,0,0,0,0,0,0,0,0,0,0,0,0,-1.2046197691166804,-0.6215742914558356,-0.601520240314492,-0.6747152575870351,-0.6136012754362422,-0.5917130548734273,-1.3028614941959715,-0.1732572985008706,-0.059978936913619565,2.192
2001,162570.0,387270,2013.1,16603274.1,42268.2,102.13,0.26,2.382173832810482,0,1,0,0,0,0,0,0,0,0,0,0,0,0,0,0,0,0,0,0,0,0,1,0,0,0,0,0,0,0,0,0,0,0,0,0,-1.2046197691166804,-0.5163247999957564,-0.49251849200622627,0.3673565660382939,-0.5352215213687814,-0.49537340392356527,-1.3028614941959715,-0.1732572985008706,0.07683922227172758,2.234444444
2001,107761.0,188971,4241.0,11005630.93,28017.86,102.13,0.26,1.7536121602435017,0,1,0,0,0,0,0,0,0,0,0,0,0,0,0,0,0,0,0,0,0,0,0,1,0,0,0,0,0,0,0,0,0,0,0,0,-1.2046197691166804,-0.5588129739475535,-0.5587265285418369,2.742913524858381,-0.5668626493107676,-0.5342647637888593,-1.3028614941959715,-0.1732572985008706,-0.6807438956580093,1.751428571
2001,55880.0,105713,2406.4,5707024.4,14528.8,102.13000000000001,0.26,1.8917859699355761,0,1,0,0,0,0,0,0,0,0,0,0,0,0,0,0,0,0,0,0,0,0,0,0,1,0,0,0,0,0,0,0,0,0,0,0,-1.2046197691166804,-0.5990313496302548,-0.5865246954810643,0.7867230330717965,-0.5968134486093897,-0.5710784739673215,-1.3028614941959709,-0.1732572985008706,-0.5142078974714556,1.825
2001,155000.0,235000,1532.0,15830150.0,40300.0,102.13,0.26,1.5161290322580645,0,1,0,0,0,0,0,0,0,0,0,0,0,0,0,0,0,0,0,0,0,0,0,0,0,1,0,0,0,0,0,0,0,0,0,0,-1.2046197691166804,-0.5221930967502147,-0.5433583738174176,-0.1456289597430892,-0.5395916674856752,-0.5007449230934147,-1.3028614941959715,-0.1732572985008706,-0.9669738972745057,1.485
2001,1500.0,2000,1532.0,153195.0,390.0,102.13,0.26,1.3333333333333333,0,0,1,0,0,0,0,0,0,0,0,0,0,0,0,0,0,0,0,0,0,0,0,0,0,1,0,0,0,0,0,0,0,0,0,0,-1.2046197691166804,-0.6411869609258216,-0.6211523743559845,-0.1456289597430892,-0.6282069156948175,-0.6096654240936638,-1.3028614941959715,-0.1732572985008706,-1.1872910778782697,1.76
2001,4500000.0,7220000,1672.5,459585000.0,1170000.0,102.13,0.26,1.6044444444444443,0,1,0,0,0,0,0,0,0,0,0,0,0,0,0,0,0,0,0,0,0,0,0,0,0,0,1,0,0,0,0,0,0,0,0,0,-1.2046197691166804,2.846069703529995,1.7887922431863998,0.004182859779430724,1.9687682899652887,2.5823793560341595,-1.3028614941959715,-0.1732572985008706,-0.8605304594298637,1.583666667
2001,26263.0,66868,1434.5875,2682240.19,6828.38,102.13,0.26,2.546091459467692,0,1,0,0,0,0,0,0,0,0,0,0,0,0,0,0,0,0,0,0,0,0,0,0,0,0,0,1,0,0,0,0,0,0,0,0,-1.2046197691166804,-0.6219905761793686,-0.5994942575021829,-0.24949759938178998,-0.6139112844804657,-0.5920940992319754,-1.3028614941959715,-0.1732572985008706,0.27440333110367204,2.415
2001,2487000.0,8816000,479.3,253997310.0,646620.0,102.13,0.26,3.544833132287897,0,1,0,0,0,0,0,0,0,0,0,0,0,0,0,0,0,0,0,0,0,0,0,0,0,0,0,0,1,0,0,0,0,0,0,0,-1.2046197691166804,1.2855833935267584,2.321664452884051,-1.2680980160516782,0.8066673476525636,1.153995196337081,-1.3028614941959715,-0.1732572985008706,1.4781512901726608,3.517058824
2001,14900.0,21372,2372.5,1521737.0,3874.0,102.13,0.26,1.4343624161073825,0,1,0,0,0,0,0,0,0,0,0,0,0,0,0,0,0,0,0,0,0,0,0,0,0,0,0,0,0,1,0,0,0,0,0,0,-1.2046197691166804,-0.6307992229456709,-0.6146844542768723,0.7505762666531955,-0.620471122040078,-0.6001570546252382,-1.3028614941959715,-0.1732572985008706,-1.065524303240273,1.4275
2001,2059878.0,6583630,481.3,210375340.1,535568.28,102.12999998058137,0.26,3.1961261783464847,0,1,0,0,0,0,0,0,0,0,0,0,0,0,0,0,0,0,0,0,0,0,0,0,0,0,0,0,0,0,1,0,0,0,0,0,-1.2046197691166804,0.9544765710224354,1.5763211353635338,-1.2659654634606101,0.5600906565757422,0.8509180482704463,-1.3028614949350115,-0.1732572985008706,1.0578671510970863,3.532857143
2001,246750.0,587390,2284.4,25200577.5,64155.0,102.13,0.26,2.380506585612969,0,1,0,0,0,0,0,0,0,0,0,0,0,0,0,0,0,0,0,0,0,0,0,0,0,0,0,0,0,0,0,0,1,0,0,0,-1.2046197691166804,-0.4510680997592575,-0.42570246029902453,0.6566373250166546,-0.4866245728720674,-0.4356409754271419,-1.3028614941959715,-0.1732572985008706,0.0748297482847229,2.28
2001,6068496.0,12849116,849.9,619775496.5,1577808.96,102.1300000032957,0.26,2.117347692080542,0,1,0,0,0,0,0,0,0,0,0,0,0,0,0,0,0,0,0,0,0,0,0,0,0,0,0,0,0,0,0,0,0,1,0,0,-1.2046197691166804,4.061974589419133,3.6682405399059506,-0.8729360209267963,2.8742579471144754,3.6953524513884703,-1.3028614940705423,-0.1732572985008706,-0.24234634401350932,2.016086957
2001,2829.0,6741,849.9,288925.77,735.54,102.13000000000001,0.26,2.3828207847295864,0,0,0,1,0,0,0,0,0,0,0,0,0,0,0,0,0,0,0,0,0,0,0,0,0,0,0,0,0,0,0,0,0,1,0,0,-1.2046197691166804,-0.6401567143754022,-0.6195694500789315,-0.8729360209267963,-0.6274396866077169,-0.608722392524743,-1.3028614941959709,-0.1732572985008706,0.07761897050235748,2.097777778
2001,280816.0,567662,1541.3,28679738.08,73012.16,102.13,0.26,2.0214731354338786,0,1,0,0,0,0,0,0,0,0,0,0,0,0,0,0,0,0,0,0,0,0,0,0,0,0,0,0,0,0,0,0,0,0,1,0,-1.2046197691166804,-0.42465998915986836,-0.43228924159784365,-0.13571259019462353,-0.4669583380480111,-0.41146842958300844,-1.3028614941959715,-0.1732572985008706,-0.35790055090284284,1.608461538
2001,3761.0,11855,1541.3,384110.93,977.86,102.13,0.26,3.1520872108481788,0,0,1,0,0,0,0,0,0,0,0,0,0,0,0,0,0,0,0,0,0,0,0,0,0,0,0,0,0,0,0,0,0,0,1,0,-1.2046197691166804,-0.639434223942753,-0.6178619886250506,-0.13571259019462353,-0.6269016448400886,-0.6080610641408197,-1.3028614941959715,-0.1732572985008706,1.0047885435970119,2.2625
2001,353048.0,731778,1556.6,36056792.24,91792.48,102.13000000000001,0.26,2.0727436495887246,1,0,0,0,0,0,0,0,0,0,0,0,0,0,0,0,0,0,0,0,0,0,0,0,0,0,0,0,0,0,0,0,0,0,0,1,-1.2046197691166804,-0.3686654302208948,-0.377494219312919,-0.11939856287295414,-0.4252589464607619,-0.36021406066932765,-1.3028614941959709,-0.1732572985008706,-0.2961060163861842,2.094705882
2001,1366273.0,4166145,1556.6,139537461.5,355230.98,102.13000000731918,0.26,3.049277121043891,0,0,0,1,0,0,0,0,0,0,0,0,0,0,0,0,0,0,0,0,0,0,0,0,0,0,0,0,0,0,0,0,0,0,0,1,-1.2046197691166804,0.4167909738789706,0.7691716529945327,-0.11939856287295414,0.15967385403034462,0.3587499434087013,-1.3028614939174155,-0.1732572985008706,0.8808751842754269,2.788823529
2001,3783766.0,8917625,1556.6,386436021.6,983779.16,102.13000000528575,0.26,2.356811969873401,0,0,0,0,0,1,0,0,0,0,0,0,0,0,0,0,0,0,0,0,0,0,0,0,0,0,0,0,0,0,0,0,0,0,0,1,-1.2046197691166804,2.2908420076736324,2.3555949906726,-0.11939856287295414,1.555287810040381,2.0741541696275636,-1.3028614939948044,-0.1732572985008706,0.04627146728610561,2.235294118
2002,2109301.0,5054013,648.1,199687525.7,527325.25,94.67000001422272,0.25,2.396060590688574,0,1,0,0,0,0,1,0,0,0,0,0,0,0,0,0,0,0,0,0,0,0,0,0,0,0,0,0,0,0,0,0,0,0,0,0,-1.0512882225798175,0.9927894944696735,1.0656128704631005,-1.0881105773655473,0.4996769266218548,0.8284215572316067,-1.5867765454393532,-0.3101477185045282,0.093576439621071,2.202727273
2002,712766.0,2272773,648.1,67477557.22,178191.5,94.67,0.25,3.1886664066467816,0,0,1,0,0,0,1,0,0,0,0,0,0,0,0,0,0,0,0,0,0,0,0,0,0,0,0,0,0,0,0,0,0,0,0,0,-1.0512882225798175,-0.08981048016538357,0.13701293030050948,-1.0881105773655473,-0.24765054689440325,-0.12441790571241093,-1.586776545980646,-0.3101477185045282,1.0488761525205657,2.533636364
2002,124584.0,152500,2832.8,11794367.28,31146.0,94.67,0.25,1.2240737173312786,0,1,0,0,0,0,0,1,0,0,0,0,0,0,0,0,0,0,0,0,0,0,0,0,0,0,0,0,0,0,0,0,0,0,0,0,-1.0512882225798175,-0.5457717115565031,-0.5709034598450217,1.2413832454874727,-0.5624042536958779,-0.525727590749548,-1.586776545980646,-0.3101477185045282,-1.3189778226595814,1.182666667
2002,464497.0,444884,1973.6,43973930.99,116124.25,94.67,0.25,0.9577758306296918,1,0,0,0,0,0,0,0,1,0,0,0,0,0,0,0,0,0,0,0,0,0,0,0,0,0,0,0,0,0,0,0,0,0,0,0,-1.0512882225798175,-0.2822696831947892,-0.47328233944387005,0.3252386523647029,-0.38050668331798526,-0.293808934670259,-1.586776545980646,-0.3101477185045282,-1.6399372322296741,1.076521739
2002,327468.0,622358,1973.6,31001395.56,81867.0,94.67,0.25,1.9005154702138836,0,0,0,1,0,0,0,0,1,0,0,0,0,0,0,0,0,0,0,0,0,0,0,0,0,0,0,0,0,0,0,0,0,0,0,0,-1.0512882225798175,-0.3884951569024064,-0.414027350381288,0.3252386523647029,-0.4538349825337029,-0.3873022153741123,-1.586776545980646,-0.3101477185045282,-0.5036865400176984,1.794347826
2002,1748715.0,2670560,1973.6,165550849.1,437178.75,94.67000002859243,0.25,1.5271556542947249,0,0,0,0,0,1,0,0,1,0,0,0,0,0,0,0,0,0,0,0,0,0,0,0,0,0,0,0,0,0,0,0,0,0,0,0,-1.0512882225798175,0.713261667058433,0.2698259864903588,0.3252386523647029,0.3067166183257465,0.5823979555423318,-1.5867765448924664,-0.3101477185045282,-0.953683900338086,1.545652174
2002,583274.0,682933,1105.8,55218549.58,145818.5,94.67,0.25,1.1708613790431255,1,0,0,0,0,0,0,0,0,1,0,0,0,0,0,0,0,0,0,0,0,0,0,0,0,0,0,0,0,0,0,0,0,0,0,0,-1.0512882225798175,-0.19019323886132944,-0.3938025796404138,-0.6000759168996587,-0.3169455729256938,-0.21276877965079896,-1.586776545980646,-0.3101477185045282,-1.3831127690174112,1.060714286
2002,120354.0,197607,1105.8,11393913.18,30088.5,94.67,0.25,1.6418814497233163,0,0,0,1,0,0,0,0,0,1,0,0,0,0,0,0,0,0,0,0,0,0,0,0,0,0,0,0,0,0,0,0,0,0,0,0,-1.0512882225798175,-0.5490508258591924,-0.5558431423244503,-0.6000759168996587,-0.5646678526835556,-0.5286136701734458,-1.586776545980646,-0.3101477185045282,-0.8154089631265752,1.625517241
2002,2881073.0,4205026,1105.8,272751180.9,720268.25,94.66999999652906,0.25,1.4595346941920597,0,0,0,0,0,1,0,0,0,1,0,0,0,0,0,0,0,0,0,0,0,0,0,0,0,0,0,0,0,0,0,0,0,0,0,0,-1.0512882225798175,1.5910704882321263,0.7821532346895542,-0.6000759168996587,0.9126751103007122,1.3549925475721498,-1.5867765461127443,-0.3101477185045282,-1.0351850481614453,1.345945946
2002,3777661.0,2634853,1001.4,357631166.9,944415.25,94.67000000794141,0.25,0.6974826486548158,0,1,0,0,0,0,0,0,0,0,1,0,0,0,0,0,0,0,0,0,0,0,0,0,0,0,0,0,0,0,0,0,0,0,0,0,-1.0512882225798175,2.2861093852580487,0.2579041393777811,-0.7113951621534029,1.392466053591582,1.966724031854356,-1.5867765456784093,-0.3101477185045282,-1.953659383901857,0.710625
2002,6096.0,12907,593.6,577108.32,1524.0,94.66999999999999,0.25,2.117290026246719,0,1,0,0,0,0,0,0,0,0,0,1,0,0,0,0,0,0,0,0,0,0,0,0,0,0,0,0,0,0,0,0,0,0,0,0,-1.0512882225798175,-0.6376241218394954,-0.6175107470432198,-1.1462226354721474,-0.6258107115805006,-0.6065705644561222,-1.5867765459806464,-0.3101477185045282,-0.24241584660027543,2.12
2002,33728.0,90072,2516.3,3193029.76,8432.0,94.66999999999999,0.25,2.6705407969639468,0,1,0,0,0,0,0,0,0,0,0,0,1,0,0,0,0,0,0,0,0,0,0,0,0,0,0,0,0,0,0,0,0,0,0,0,-1.0512882225798175,-0.6162036758792323,-0.5917469099120675,0.9039067979509776,-0.6110240053801436,-0.5877175747064425,-1.5867765459806464,-0.3101477185045282,0.42439770912495706,2.67
2002,16441.0,44695,2516.3,1556469.47,4110.25,94.67,0.25,2.7185086065324495,0,0,1,0,0,0,0,0,0,0,0,0,1,0,0,0,0,0,0,0,0,0,0,0,0,0,0,0,0,0,0,0,0,0,0,0,-1.0512882225798175,-0.6296046330779537,-0.606897374986911,0.9039067979509776,-0.6202747939617002,-0.5995122922007503,-1.586776545980646,-0.3101477185045282,0.48221161079789726,2.72
2002,469000.0,541700,458.4,44400230.0,117250.0,94.67,0.25,1.1550106609808102,0,1,0,0,0,0,0,0,0,0,0,0,0,1,0,0,0,0,0,0,0,0,0,0,0,0,0,0,0,0,0,0,0,0,0,0,-1.0512882225798175,-0.2787789381108624,-0.44095742976085767,-1.2903831906283378,-0.37809699389918794,-0.2907365905459535,-1.586776545980646,-0.3101477185045282,-1.4022170780059526,1.209230769
2002,11800.0,54700,458.4,1117106.0,2950.0,94.67,0.25,4.635593220338983,0,0,0,1,0,0,0,0,0,0,0,0,0,1,0,0,0,0,0,0,0,0,0,0,0,0,0,0,0,0,0,0,0,0,0,0,-1.0512882225798175,-0.6332023563589894,-0.6035569072813816,-1.2903831906283378,-0.6227583312907338,-0.6026787921076794,-1.586776545980646,-0.3101477185045282,2.7928057854815522,4.53
2002,905651.0,2468000,353.9,85737980.17,226412.75,94.67,0.25,2.725111549592503,0,1,0,0,0,0,0,0,0,0,0,0,0,0,1,0,0,0,0,0,0,0,0,0,0,0,0,0,0,0,0,0,0,0,0,0,-1.0512882225798175,0.05971480642427081,0.2021952879964013,-1.4018090635116356,-0.14443203844565364,0.007185269152491719,-1.586776545980646,-0.3101477185045282,0.4901699041671368,2.495
2002,83273.0,85653,890.8,7883454.91,20818.25,94.67,0.25,1.028580692421313,0,1,0,0,0,0,0,0,0,0,0,0,0,0,0,1,0,0,0,0,0,0,0,0,0,0,0,0,0,0,0,0,0,0,0,0,-1.0512882225798175,-0.5777961775041154,-0.5932223248836551,-0.8293253204394578,-0.5845110002159614,-0.5539136018797239,-1.586776545980646,-0.3101477185045282,-1.5545986404863725,1.133636364
2002,236199.0,421457,933.2,22360959.33,59049.75,94.66999999999999,0.25,1.7843301622784178,0,1,0,0,0,0,0,0,0,0,0,0,0,0,0,0,1,0,0,0,0,0,0,0,0,0,0,0,0,0,0,0,0,0,0,0,-1.0512882225798175,-0.4592472806121358,-0.4811041422362177,-0.7841152055088182,-0.5026757428188933,-0.44957398439059776,-1.5867765459806464,-0.3101477185045282,-0.6437205759523302,1.708333333
2002,136359.61,89082,1041.2,12909164.28,34089.9025,94.67000000953362,0.25,0.6532872893960316,1,0,0,0,0,0,0,0,0,0,0,0,0,0,0,0,0,1,0,0,0,0,0,0,0,0,0,0,0,0,0,0,0,0,0,0,-1.0512882225798175,-0.536643207732888,-0.5920774509443987,-0.6689573655911517,-0.5561027740489817,-0.5176932300580951,-1.5867765456178125,-0.3101477185045282,-2.006926484850852,1.516666667
2002,922658.68,974008,1041.2,87348097.24,230664.67,94.67000000476881,0.25,1.0556536464817086,0,0,0,0,0,1,0,0,0,0,0,0,0,0,0,0,0,1,0,0,0,0,0,0,0,0,0,0,0,0,0,0,0,0,0,0,-1.0512882225798175,0.07289923355040888,-0.29661850793756683,-0.6689573655911517,-0.13533072229058232,0.018789409884463176,-1.5867765457991532,-0.3101477185045282,-1.5219685679830932,1.062222222
2002,1030464.0,2103709,860.8,97554026.88,257616.0,94.67,0.25,2.041516248990746,0,1,0,0,0,0,0,0,0,0,0,0,0,0,0,0,0,0,1,0,0,0,0,0,0,0,0,0,0,0,0,0,0,0,0,0,-1.0512882225798175,0.1564703840747596,0.08056587061358988,-0.8613136093054763,-0.0776408846752009,0.09234371622931518,-1.586776545980646,-0.3101477185045282,-0.3337432961351124,2.035185185
2002,50456.0,102312,860.8,4776669.52,12614.0,94.66999999999999,0.25,2.027746947835738,0,0,1,0,0,0,0,0,0,0,0,0,0,0,0,0,0,0,1,0,0,0,0,0,0,0,0,0,0,0,0,0,0,0,0,0,-1.0512882225798175,-0.6032360578992353,-0.5876602207850629,-0.8613136093054763,-0.6020723543480225,-0.5763042563605882,-1.5867765459806464,-0.3101477185045282,-0.35033894705688073,2.000666667
2002,73863.0,184064,860.8,6992610.21,18465.75,94.67,0.25,2.4919648538510484,0,0,0,1,0,0,0,0,0,0,0,0,0,0,0,0,0,0,1,0,0,0,0,0,0,0,0,0,0,0,0,0,0,0,0,0,-1.0512882225798175,-0.5850908502200273,-0.5603648768707757,-0.8613136093054763,-0.5895465714864216,-0.5603339345934069,-1.586776545980646,-0.3101477185045282,0.20916645072159543,2.378
2002,112438.0,233217,2511.2,10644505.46,28109.5,94.67,0.25,2.0741831053558406,1,0,0,0,0,0,0,0,0,0,0,0,0,0,0,0,0,0,0,1,0,0,0,0,0,0,0,0,0,0,0,0,0,0,0,0,-1.0512882225798175,-0.5551873433107501,-0.5439536815554444,0.8984687888437541,-0.5689039400562403,-0.5340146641969861,-1.586776545980646,-0.3101477185045282,-0.294371091341009,2.130769231
2002,41079.0,111850,2511.2,3888948.93,10269.75,94.67,0.25,2.7228024051218385,0,0,0,1,0,0,0,0,0,0,0,0,0,0,0,0,0,0,0,1,0,0,0,0,0,0,0,0,0,0,0,0,0,0,0,0,-1.0512882225798175,-0.6105051488723601,-0.5844756749604412,0.8984687888437541,-0.6070902663356001,-0.5827020735610351,-1.586776545980646,-0.3101477185045282,0.4873867741352147,2.212142857
2002,157004.0,343792,2511.2,14863568.68,39251.0,94.67,0.25,2.1897021731930395,0,0,0,0,0,1,0,0,0,0,0,0,0,0,0,0,0,0,0,1,0,0,0,0,0,0,0,0,0,0,0,0,0,0,0,0,-1.0512882225798175,-0.5206395872791534,-0.507034919282689,0.8984687888437541,-0.5450553460881922,-0.5036078047157966,-1.586776545980646,-0.3101477185045282,-0.15514005099609163,2.123571429
2002,1671107.0,1024930,800.8,158203699.7,417776.75,94.67000000598405,0.25,0.6133239822464989,0,1,0,0,0,0,0,0,0,0,0,0,0,0,0,0,0,0,0,0,1,0,0,0,0,0,0,0,0,0,0,0,0,0,0,0,-1.0512882225798175,0.6530996096581692,-0.27961667920183764,-0.9252901870375133,0.2651862657980617,0.5294469267173045,-1.5867765457529033,-0.3101477185045282,-2.0550928433077473,0.608
2002,1496800.0,1793000,967.4,141702056.0,374200.0,94.67,0.25,1.1978888295029395,0,1,0,0,0,0,0,0,0,0,0,0,0,0,0,0,0,0,0,0,0,1,0,0,0,0,0,0,0,0,0,0,0,0,0,0,-1.0512882225798175,0.5179760690532341,-0.023173597683996253,-0.7476485562015572,0.17190939842590128,0.41051930351603655,-1.586776545980646,-0.3101477185045282,-1.3505375403920044,0.8903125
2002,26500.0,61100,967.4,2508755.0,6625.0,94.67,0.25,2.3056603773584907,0,0,0,1,0,0,0,0,0,0,0,0,0,0,0,0,0,0,0,0,0,1,0,0,0,0,0,0,0,0,0,0,0,0,0,0,-1.0512882225798175,-0.6218068527538987,-0.6014200763653007,-0.7476485562015572,-0.6148919234612156,-0.5926491543934245,-1.586776545980646,-0.3101477185045282,-0.015379735190589829,2.288
2002,153110.0,335700,1743.7,14494923.7,38277.5,94.67,0.25,2.1925413101691595,0,1,0,0,0,0,0,0,0,0,0,0,0,0,0,0,0,0,0,0,0,0,1,0,0,0,0,0,0,0,0,0,0,0,0,0,-1.0512882225798175,-0.5236582329280121,-0.5097366748722086,0.08010173202144799,-0.547139141468338,-0.5062646352776543,-1.586776545980646,-0.3101477185045282,-0.15171813977166929,2.034444444
2002,107742.0,190937,4355.3,10199935.14,26935.5,94.67,0.25,1.77216869930018,0,1,0,0,0,0,0,0,0,0,0,0,0,0,0,0,0,0,0,0,0,0,0,1,0,0,0,0,0,0,0,0,0,0,0,0,-1.0512882225798175,-0.5588277028297641,-0.5580701207948033,2.864788905437911,-0.5714169095234116,-0.5372186899593087,-1.586776545980646,-0.3101477185045282,-0.6583783564753046,1.767142857
2002,57067.0,109205,2627.0,5402532.89,14266.75,94.66999999999999,0.25,1.913627840958873,0,1,0,0,0,0,0,0,0,0,0,0,0,0,0,0,0,0,0,0,0,0,0,0,1,0,0,0,0,0,0,0,0,0,0,0,-1.0512882225798175,-0.598111182094252,-0.5853587871124777,1.0219435838665858,-0.5985346113438765,-0.571793648542293,-1.5867765459806464,-0.3101477185045282,-0.4878826640481829,1.89
2002,150000.0,223400,1536.6,14200500.0,37500.0,94.67,0.25,1.4893333333333334,0,1,0,0,0,0,0,0,0,0,0,0,0,0,0,0,0,0,0,0,0,0,0,0,0,1,0,0,0,0,0,0,0,0,0,0,-1.0512882225798175,-0.5260691183845994,-0.547231379852814,-0.14072408878363313,-0.5488033950975761,-0.5083865518280851,-1.586776545980646,-0.3101477185045282,-0.9992698039841867,1.46375
2002,4273000.0,3278000,1102.8,404524910.0,1068250.0,94.67,0.25,0.7671425228176925,0,1,0,0,0,0,0,0,0,0,0,0,0,0,0,0,0,0,0,0,0,0,0,0,0,0,1,0,0,0,0,0,0,0,0,0,-1.0512882225798175,2.6700983213289344,0.47263795081287835,-0.6032747457862605,1.657536705657768,2.3046880261224745,-1.586776545980646,-0.3101477185045282,-1.8697008051877186,0.753333333
2002,24142.0,57514,1434.5875,2285523.14,6035.5,94.67,0.25,2.382321265843758,0,1,0,0,0,0,0,0,0,0,0,0,0,0,0,0,0,0,0,0,0,0,0,0,0,0,0,1,0,0,0,0,0,0,0,0,-1.0512882225798175,-0.6236347845566745,-0.6026173694379673,-0.24949759938178998,-0.6161537594926444,-0.5942579901573845,-1.586776545980646,-0.3101477185045282,0.0770169180841034,2.56
2002,2530000.0,8880000,301.8,239515100.0,632500.0,94.67,0.25,3.5098814229249014,0,1,0,0,0,0,0,0,0,0,0,0,0,0,0,0,0,0,0,0,0,0,0,0,0,0,0,0,1,0,0,0,0,0,0,0,-1.0512882225798175,1.3189171795824661,2.343032762044859,-1.4573620585089542,0.7248054915863237,1.1154595542893857,-1.586776545980646,-0.3101477185045282,1.436025232998262,3.438823529
2002,14790.0,21220,2496.2,1400169.3,3697.5,94.67,0.25,1.4347532116294794,0,1,0,0,0,0,0,0,0,0,0,0,0,0,0,0,0,0,0,0,0,0,0,0,0,0,0,0,0,1,0,0,0,0,0,0,-1.0512882225798175,-0.6308844954216274,-0.6147352040111292,0.8824746444107449,-0.621158293235614,-0.6006387501508343,-1.586776545980646,-0.3101477185045282,-1.0650532912409347,1.4325
2002,1516537.0,3577108,315.9,143570557.8,379134.25,94.67000000659398,0.25,2.3587344060843884,0,1,0,0,0,0,0,0,0,0,0,0,0,0,0,0,0,0,0,0,0,0,0,0,0,0,0,0,0,0,1,0,0,0,0,0,-1.0512882225798175,0.5332762768528039,0.5725040791952374,-1.4423275627419256,0.18247125503557007,0.42398562729605355,-1.5867765457296903,-0.3101477185045282,0.04858851155129758,2.884642857
2002,255270.0,602410,2579.8,24166410.9,63817.5,94.66999999999999,0.25,2.3598934461550516,0,1,0,0,0,0,0,0,0,0,0,0,0,0,0,0,0,0,0,0,0,0,0,0,0,0,0,0,0,0,0,0,1,0,0,0,-1.0512882225798175,-0.44446335889426614,-0.4206875852428474,0.9716153427173835,-0.49247028270210813,-0.43656206460498165,-1.5867765459806464,-0.3101477185045282,0.049985461490915345,2.255
2002,5209137.0,9586935,664.0,493148999.8,1302284.25,94.6700000019197,0.25,1.8404075377552942,0,1,0,0,0,0,0,0,0,0,0,0,0,0,0,0,0,0,0,0,0,0,0,0,0,0,0,0,0,0,0,0,0,1,0,0,-1.0512882225798175,3.395795774278512,2.5790641001166694,-1.0711567842665575,2.1584914966191704,2.9434033295857054,-1.5867765459075853,-0.3101477185045282,-0.5761325017613104,1.765942029
2002,4292.0,9411,664.0,406323.64,1073.0,94.67,0.25,2.1926840633737186,0,0,0,1,0,0,0,0,0,0,0,0,0,0,0,0,0,0,0,0,0,0,0,0,0,0,0,0,0,0,0,0,0,1,0,0,-1.0512882225798175,-0.6390225904451813,-0.618677990931129,-1.0711567842665575,-0.6267760857114155,-0.6078014125130281,-1.586776545980646,-0.3101477185045282,-0.15154608439106895,1.960952381
2002,271219.0,511526,1610.3,25676302.73,67804.75,94.67,0.25,1.8860256840413099,0,1,0,0,0,0,0,0,0,0,0,0,0,0,0,0,0,0,0,0,0,0,0,0,0,0,0,0,0,0,0,0,0,0,1,0,-1.0512882225798175,-0.4320996250849062,-0.4510319197705174,-0.062139525802780995,-0.4839354977719729,-0.42568024882915495,-1.586776545980646,-0.3101477185045282,-0.5211505660088533,1.461538462
2002,4090.0,11649,1610.3,387200.3,1022.5,94.67,0.25,2.8481662591687043,0,0,1,0,0,0,0,0,0,0,0,0,0,0,0,0,0,0,0,0,0,0,0,0,0,0,0,0,0,0,0,0,0,0,1,0,-1.0512882225798175,-0.6391791817192104,-0.617930767870162,-0.062139525802780995,-0.6268841819278484,-0.6079392347455641,-1.586776545980646,-0.3101477185045282,0.6384833865593402,2.8
2002,384965.0,796652,1629.1,36444636.55,96241.25,94.66999999999999,0.25,2.069414102580754,1,0,0,0,0,0,0,0,0,0,0,0,0,0,0,0,0,0,0,0,0,0,0,0,0,0,0,0,0,0,0,0,0,0,0,1,-1.0512882225798175,-0.34392323371996425,-0.35583409918013365,-0.04209353144674279,-0.4230666253246003,-0.34807268614577774,-1.5867765459806464,-0.3101477185045282,-0.3001190014498305,2.092777778
2002,1406078.0,4198595,1629.1,133113404.3,351519.5,94.67000002844792,0.25,2.986032780542758,0,0,0,1,0,0,0,0,0,0,0,0,0,0,0,0,0,0,0,0,0,0,0,0,0,0,0,0,0,0,0,0,0,0,0,1,-1.0512882225798175,0.4476479821103064,0.7800060534987237,-0.04209353144674279,0.12336135435883777,0.34862074618864614,-1.5867765448979663,-0.3101477185045282,0.8046490210214898,2.747777778
2002,4051084.0,9393991,1629.1,383516122.3,1012771.0,94.67000000493695,0.25,2.318883291484452,0,0,0,0,0,1,0,0,0,0,0,0,0,0,0,0,0,0,0,0,0,0,0,0,0,0,0,0,0,0,0,0,0,0,0,1,-1.0512882225798175,2.4980680779257165,2.514643990074123,-0.04209353144674279,1.538782844553448,2.153277340204338,-1.586776545792754,-0.3101477185045282,0.0005573748001494808,2.221666667
2003,2108904.0,5841539,826.0,208739317.9,506136.96,98.9799999905164,0.24000000000000002,2.769940689571455,0,1,0,0,0,0,1,0,0,0,0,0,0,0,0,0,0,0,0,0,0,0,0,0,0,0,0,0,0,0,0,0,0,0,0,0,-0.8979566760429547,0.9924817383519032,1.3285519179658276,-0.8984200243900576,0.550842909591161,0.7705954694807029,-1.4227451960477489,-0.44703813850818547,0.5442008785672567,2.670909091
2003,865734.0,3111263,826.0,85690351.32,207776.16,98.97999999999999,0.24,3.593786313116962,0,0,1,0,0,0,1,0,0,0,0,0,0,0,0,0,0,0,0,0,0,0,0,0,0,0,0,0,0,0,0,0,0,0,0,0,-0.8979566760429547,0.028770975308324866,0.4169678294918525,-0.8984200243900576,-0.14470126434855804,-0.04367683858331969,-1.4227451956868196,-0.4470381385081858,1.5371528249204052,2.729090909
2003,119205.0,154589,2782.2,11798910.9,28609.2,98.98,0.24000000000000002,1.2968331865274108,0,1,0,0,0,0,0,1,0,0,0,0,0,0,0,0,0,0,0,0,0,0,0,0,0,0,0,0,0,0,0,0,0,0,0,0,-0.8979566760429547,-0.549941535630774,-0.5702059848788197,1.1874296649334546,-0.5623785705186238,-0.5326509063831594,-1.4227451956868191,-0.44703813850818547,-1.231283411851158,1.201333333
2003,441143.0,430374,2213.7,43664334.14,105874.32,98.98,0.24000000000000002,0.9755884146410574,1,0,0,0,0,0,0,0,1,0,0,0,0,0,0,0,0,0,0,0,0,0,0,0,0,0,0,0,0,0,0,0,0,0,0,0,-0.8979566760429547,-0.3003738050446727,-0.478126935786422,0.5812515909224041,-0.3822567043971756,-0.32178256310467346,-1.4227451956868191,-0.44703813850818547,-1.618468355709403,1.118695652
2003,319480.0,573189,2213.7,31622130.4,76675.2,98.97999999999999,0.24,1.7941310880180292,0,0,0,1,0,0,0,0,1,0,0,0,0,0,0,0,0,0,0,0,0,0,0,0,0,0,0,0,0,0,0,0,0,0,0,0,-0.8979566760429547,-0.3946874890654992,-0.43044388777390946,0.5812515909224041,-0.45032622895759955,-0.40147143254006307,-1.4227451956868196,-0.4470381385081858,-0.6319078673439773,1.493913043
2003,1769203.0,2877371,2213.7,175115712.9,424608.72,98.97999997739095,0.24,1.6263656573044472,0,0,0,0,0,1,0,0,1,0,0,0,0,0,0,0,0,0,0,0,0,0,0,0,0,0,0,0,0,0,0,0,0,0,0,0,-0.8979566760429547,0.7291440533074873,0.3388760081443569,0.5812515909224041,0.36078277975337325,0.5480924189553068,-1.4227451965472817,-0.4470381385081858,-0.8341095981013952,1.618695652
2003,553904.0,688189,1353.9,54825417.92,132936.96,98.98,0.24,1.2424337069239435,1,0,0,0,0,0,0,0,0,1,0,0,0,0,0,0,0,0,0,0,0,0,0,0,0,0,0,0,0,0,0,0,0,0,0,0,-0.8979566760429547,-0.21296098994170454,-0.39204770725058247,-0.33553276797768555,-0.3191677812327134,-0.2479244747260871,-1.4227451956868191,-0.4470381385081858,-1.2968491775833317,1.141666667
2003,190236.0,270831,1353.9,18829559.28,45656.64,98.98,0.24,1.423657982716205,0,1,0,0,0,0,0,0,0,1,0,0,0,0,0,0,0,0,0,0,0,0,0,0,0,0,0,0,0,0,0,0,0,0,0,0,-0.8979566760429547,-0.49487799708837965,-0.5313951256058408,-0.33553276797768555,-0.5226372654459931,-0.48612583232724144,-1.4227451956868191,-0.4470381385081858,-1.078425977615424,1.42
2003,116885.0,169902,1353.9,11569277.3,28052.4,98.98,0.24000000000000002,1.4535825811695255,0,0,0,1,0,0,0,0,0,1,0,0,0,0,0,0,0,0,0,0,0,0,0,0,0,0,0,0,0,0,0,0,0,0,0,0,-0.8979566760429547,-0.5517400096691285,-0.5650932830322658,-0.33553276797768555,-0.5636765928999574,-0.534170498840111,-1.4227451956868191,-0.44703813850818547,-1.0423589191413072,1.324642857
2003,2907199.0,4589705,1353.9,287754557.0,697727.76,98.97999999312053,0.24,1.5787378160215382,0,0,0,0,0,1,0,0,0,1,0,0,0,0,0,0,0,0,0,0,0,0,0,0,0,0,0,0,0,0,0,0,0,0,0,0,-0.8979566760429547,1.6113234764761126,0.9105897940594055,-0.33553276797768555,0.9974828996371373,1.293476098973024,-1.4227451959486404,-0.4470381385081858,-0.8915137480426627,1.456315789
2003,3828992.0,5567644,1643.7,378993628.2,918958.08,98.98000001044662,0.24,1.4540756418399412,0,1,0,0,0,0,0,0,0,0,1,0,0,0,0,0,0,0,0,0,0,0,0,0,0,0,0,0,0,0,0,0,0,0,0,0,-0.8979566760429547,2.325901398560968,1.237103901753335,-0.02652589753194698,1.5132190831472385,1.8972475169345735,-1.4227451952892385,-0.4470381385081858,-1.041764650581316,1.4375
2003,6549.0,17909,962.3,648220.02,1571.76,98.98,0.24,2.7346159719041077,0,1,0,0,0,0,0,0,0,0,0,1,0,0,0,0,0,0,0,0,0,0,0,0,0,0,0,0,0,0,0,0,0,0,0,0,-0.8979566760429547,-0.6372729542794201,-0.6158406801303704,-0.7530865653087804,-0.6254087469804827,-0.6064402201031337,-1.4227451956868191,-0.4470381385081858,0.501625247696978,2.73
2003,35471.0,115996,3011.6,3510919.58,8513.04,98.98,0.24000000000000002,3.270164359617716,0,1,0,0,0,0,0,0,0,0,0,0,1,0,0,0,0,0,0,0,0,0,0,0,0,0,0,0,0,0,0,0,0,0,0,0,-0.8979566760429547,-0.6148524947374859,-0.5830914091826176,1.4320334471289426,-0.6092271076214615,-0.5874964041376362,-1.4227451956868191,-0.44703813850818547,1.147102748272842,3.27
2003,17330.0,54665,3011.6,1715323.4,4159.2,98.97999999999999,0.24,3.1543566070398152,0,0,1,0,0,0,0,0,0,0,0,0,1,0,0,0,0,0,0,0,0,0,0,0,0,0,0,0,0,0,0,0,0,0,0,0,-0.8979566760429547,-0.62891547643136,-0.6035685930754539,1.4320334471289426,-0.6193768593541218,-0.5993787001555495,-1.4227451956868196,-0.4470381385081858,1.0075237664362546,3.15
2003,651400.0,1193200,902.5,64475572.0,156336.0,98.98,0.24,1.8317470064476513,0,1,0,0,0,0,0,0,0,0,0,0,0,1,0,0,0,0,0,0,0,0,0,0,0,0,0,0,0,0,0,0,0,0,0,0,-0.8979566760429547,-0.13738166888851253,-0.22343472010044432,-0.8168498877817105,-0.2646195096419825,-0.18406491171619307,-1.4227451956868191,-0.4470381385081858,-0.5865707333578655,1.7125
2003,23900.0,83800,902.5,2365622.0,5736.0,98.98,0.24,3.506276150627615,0,0,0,1,0,0,0,0,0,0,0,0,0,1,0,0,0,0,0,0,0,0,0,0,0,0,0,0,0,0,0,0,0,0,0,0,-0.8979566760429547,-0.6238223840037787,-0.5938410042098267,-0.8168498877817105,-0.6157009942483626,-0.5950753715166823,-1.4227451956868191,-0.4470381385081858,1.4316799260106285,3.565714286
2003,1015191.0,2790000,592.3,100483605.2,243645.84,98.98000001970073,0.24,2.748251314284701,0,1,0,0,0,0,0,0,0,0,0,0,0,0,1,0,0,0,0,0,0,0,0,0,0,0,0,0,0,0,0,0,0,0,0,0,-0.8979566760429547,0.14463068839036844,0.30970459346171686,-1.1476087946563418,-0.06108120774974424,0.05421701048504956,-1.4227451949370427,-0.4470381385081858,0.5180594428532675,2.733333333
2003,81335.0,120624,1112.6,8050538.3,19520.4,98.98,0.24000000000000002,1.4830515768119505,0,1,0,0,0,0,0,0,0,0,0,0,0,0,0,1,0,0,0,0,0,0,0,0,0,0,0,0,0,0,0,0,0,0,0,0,-0.8979566760429547,-0.5792985234896029,-0.5815462133264266,-0.5928252380900279,-0.5835665479242711,-0.5574556332558996,-1.4227451956868191,-0.44703813850818547,-1.0068409825959999,1.469090909
2003,259815.0,504797,1430.3,25716488.7,62355.6,98.98,0.24,1.9429093778265305,0,1,0,0,0,0,0,0,0,0,0,0,0,0,0,0,1,0,0,0,0,0,0,0,0,0,0,0,0,0,0,0,0,0,0,0,-0.8979566760429547,-0.4409400552286105,-0.453278597150878,-0.25406925899889193,-0.48370834334650736,-0.4405518135504155,-1.4227451956868191,-0.4470381385081858,-0.45259066492360905,1.870833333
2003,614160.1,418254,1258.3,60789566.7,147398.424,98.98000000325649,0.24000000000000002,0.6810178648857196,1,0,0,0,0,0,0,0,0,0,0,0,0,0,0,0,0,1,0,0,0,0,0,0,0,0,0,0,0,0,0,0,0,0,0,0,-0.8979566760429547,-0.16625020050097628,-0.48217355933375006,-0.4374687818307313,-0.2854549508714632,-0.2084569251375863,-1.4227451955628825,-0.44703813850818547,-1.9735038045342677,0.74
2003,1437560.59,1525099,1258.3,142289747.2,345014.5416,98.98000000125211,0.24,1.060893718573629,0,0,0,0,0,1,0,0,0,0,0,0,0,0,0,0,0,1,0,0,0,0,0,0,0,0,0,0,0,0,0,0,0,0,0,0,-0.8979566760429547,0.47205342209959844,-0.1126203381916469,-0.4374687818307313,0.17523137017094537,0.3308677186789047,-1.4227451956391661,-0.4470381385081858,-1.5156528947137362,0.998636364
2003,944272.0,2100123,867.6,93464042.56,226625.28,98.98,0.24,2.2240657352966093,0,1,0,0,0,0,0,0,0,0,0,0,0,0,0,0,0,0,1,0,0,0,0,0,0,0,0,0,0,0,0,0,0,0,0,0,-0.8979566760429547,0.08965397273258427,0.07936857754092336,-0.8540629304958454,-0.10075984978598289,0.007765296064984399,-1.4227451956868191,-0.4470381385081858,-0.113722866879094,2.133333333
2003,54629.0,158046,867.6,5407178.42,13110.96,98.98,0.24,2.893078767687492,0,0,1,0,0,0,0,0,0,0,0,0,0,0,0,0,0,0,1,0,0,0,0,0,0,0,0,0,0,0,0,0,0,0,0,0,-0.8979566760429547,-0.6000011302431779,-0.5690517623043054,-0.8540629304958454,-0.5985083521121562,-0.574947976426309,-1.4227451956868191,-0.4470381385081858,0.6926148421072972,2.892
2003,74998.0,292230,867.6,7423302.04,17999.52,98.98,0.24000000000000002,3.8965039067708473,0,0,0,1,0,0,0,0,0,0,0,0,0,0,0,0,0,0,1,0,0,0,0,0,0,0,0,0,0,0,0,0,0,0,0,0,-0.8979566760429547,-0.5842109933090219,-0.5242504311100262,-0.8540629304958454,-0.5871120512994912,-0.5616063476523231,-1.4227451956868191,-0.44703813850818547,1.9020076171572955,3.8768
2003,102770.0,220132,2386.0,10172174.6,24664.8,98.97999999999999,0.24,2.1419869611754403,1,0,0,0,0,0,0,0,0,0,0,0,0,0,0,0,0,0,0,1,0,0,0,0,0,0,0,0,0,0,0,0,0,0,0,0,-0.8979566760429547,-0.5626820187429962,-0.5483224991393378,0.7649709966429038,-0.5715738282070795,-0.5434157779478145,-1.4227451956868196,-0.4470381385081858,-0.2126495057888817,2.140769231
2003,37186.0,83239,2386.0,3680670.28,8924.64,98.97999999999999,0.24,2.2384499542838703,0,0,0,1,0,0,0,0,0,0,0,0,0,0,0,0,0,0,0,1,0,0,0,0,0,0,0,0,0,0,0,0,0,0,0,0,-0.8979566760429547,-0.613523019316892,-0.5940283107948143,0.7649709966429038,-0.6082675781456051,-0.5863730847136396,-1.4227451956868196,-0.4470381385081858,-0.0963860772768103,1.845
2003,147384.0,266674,2386.0,14588068.32,35372.16,98.98,0.24000000000000002,1.8093822938717907,0,0,0,0,0,1,0,0,0,0,0,0,0,0,0,0,0,0,0,1,0,0,0,0,0,0,0,0,0,0,0,0,0,0,0,0,-0.8979566760429547,-0.5280970529037093,-0.5327830640618014,0.7649709966429038,-0.5466126340170729,-0.5141937530019355,-1.4227451956868191,-0.44703813850818547,-0.6135261291834316,1.960714286
2003,1708583.0,1743430,1163.0,169115545.3,410059.92,98.9799999765888,0.24,1.0203952632093378,0,1,0,0,0,0,0,0,0,0,0,0,0,0,0,0,0,0,0,0,1,0,0,0,0,0,0,0,0,0,0,0,0,0,0,0,-0.8979566760429547,0.6821511670122085,-0.039724020888703374,-0.5390849127951166,0.32686635011697684,0.5083865160499592,-1.4227451965778102,-0.4470381385081858,-1.56446424835692,0.997916667
2003,1500400.0,2768600,1037.4,148509592.0,360096.0,98.98,0.24,1.8452412689949347,0,1,0,0,0,0,0,0,0,0,0,0,0,0,0,0,0,0,0,0,0,1,0,0,0,0,0,0,0,0,0,0,0,0,0,0,-0.8979566760429547,0.520766804629991,0.3025595650860717,-0.6730092155141806,0.21038954283740666,0.37202732791825366,-1.4227451956868191,-0.4470381385081858,-0.5703065767270871,1.232258065
2003,29500.0,65500,1037.4,2919910.0,7080.0,98.98,0.24,2.2203389830508473,0,0,0,1,0,0,0,0,0,0,0,0,0,0,0,0,0,0,0,0,0,1,0,0,0,0,0,0,0,0,0,0,0,0,0,0,-0.8979566760429547,-0.619481239773268,-0.5999510051104952,-0.6730092155141806,-0.6125678367761782,-0.5914073897240405,-1.4227451956868191,-0.4470381385081858,-0.11821458934534919,2.217
2003,157830.0,381240,687.7,15622013.4,37879.2,98.98,0.24,2.4155103592472913,0,1,0,0,0,0,0,0,0,0,0,0,0,0,0,0,0,0,0,0,0,0,1,0,0,0,0,0,0,0,0,0,0,0,0,0,-0.8979566760429547,-0.519999268505153,-0.49453178738497117,-1.045886036062403,-0.5407681763466374,-0.5073516569651612,-1.4227451956868191,-0.4470381385081858,0.11701855668103972,2.305555556
2003,109721.0,200703,3321.3,10860184.58,26333.04,98.98,0.24000000000000002,1.829212274769643,0,1,0,0,0,0,0,0,0,0,0,0,0,0,0,0,0,0,0,0,0,0,0,1,0,0,0,0,0,0,0,0,0,0,0,0,-0.8979566760429547,-0.5572935734668747,-0.5548094503687963,1.7622592158558072,-0.5676847964947305,-0.5388628955476977,-1.4227451956868191,-0.44703813850818547,-0.5896257556596526,1.798571429
2003,59196.0,114630,2499.5,5859220.08,14207.04,98.98,0.24000000000000002,1.936448408676262,0,1,0,0,0,0,0,0,0,0,0,0,0,0,0,0,0,0,0,0,0,0,0,0,1,0,0,0,0,0,0,0,0,0,0,0,-0.8979566760429547,-0.596460772082331,-0.5835474890312686,0.8859933561860072,-0.5959531502951088,-0.5719566062750598,-1.4227451956868191,-0.44703813850818547,-0.4603778421686339,1.925
2003,155000.0,220990,1709.8,15341900.0,37200.0,98.98,0.24,1.425741935483871,0,1,0,0,0,0,0,0,0,0,0,0,0,0,0,0,0,0,0,0,0,0,0,0,0,1,0,0,0,0,0,0,0,0,0,0,-0.8979566760429547,-0.5221930967502147,-0.5480360302446508,0.043954965602847,-0.5423515398549021,-0.5092052977639426,-1.4227451956868191,-0.4470381385081858,-1.0759142631659904,1.36
2003,1000.0,2000,1709.8,98980.0,240.0,98.98,0.24,2.0,0,0,1,0,0,0,0,0,0,0,0,0,0,0,0,0,0,0,0,0,0,0,0,0,0,1,0,0,0,0,0,0,0,0,0,0,-0.8979566760429547,-0.6415745630892601,-0.6211523743559845,0.043954965602847,-0.6285133703399739,-0.6100747970615926,-1.4227451956868191,-0.4470381385081858,-0.3837813603821892,1.945
2003,4501000.0,6801000,1648.2,445508980.0,1080240.0,98.98,0.24,1.5109975560986448,0,1,0,0,0,0,0,0,0,0,0,0,0,0,0,0,0,0,0,0,0,0,0,0,0,0,1,0,0,0,0,0,0,0,0,0,-0.8979566760429547,2.846844907856872,1.6488965941492346,-0.021727654202044207,1.8892024555225126,2.337410572025581,-1.4227451956868191,-0.4470381385081858,-0.9731586837132954,1.516333333
2003,25065.0,67003,1434.5875,2480933.7,6015.6,98.98,0.24000000000000002,2.6731697586275684,0,1,0,0,0,0,0,0,0,0,0,0,0,0,0,0,0,0,0,0,0,0,0,0,0,0,0,1,0,0,0,0,0,0,0,0,-0.8979566760429547,-0.6229192709629671,-0.5994491837250469,-0.24949759938178998,-0.615049185595667,-0.594312300304463,-1.4227451956868191,-0.44703813850818547,0.4275663034904241,2.993333333
2003,2614000.0,9656000,451.7,258733720.0,627360.0,98.98,0.24,3.693955623565417,0,1,0,0,0,0,0,0,0,0,0,0,0,0,0,0,0,0,0,0,0,0,0,0,0,0,0,0,1,0,0,0,0,0,0,0,-0.8979566760429547,1.3840343430401272,2.602123510619657,-1.297527241808415,0.83344028587751,1.1014317072550264,-1.4227451956868191,-0.4470381385081858,1.6578833464307283,3.678235294
2003,14740.0,21190,2838.1,1458965.2,3537.6,98.97999999999999,0.24,1.437584803256445,0,1,0,0,0,0,0,0,0,0,0,0,0,0,0,0,0,0,0,0,0,0,0,0,0,0,0,0,0,1,0,0,0,0,0,0,-0.8979566760429547,-0.6309232556379712,-0.6147452204060484,1.2470345098538025,-0.6208259446850071,-0.6010751417346464,-1.4227451956868196,-0.4470381385081858,-1.0616404741585637,1.4275
2003,1396651.0,3222776,345.6,138240516.0,335196.24,98.98000001431997,0.24,2.3075027333242164,0,1,0,0,0,0,0,0,0,0,0,0,0,0,0,0,0,0,0,0,0,0,0,0,0,0,0,0,0,0,1,0,0,0,0,0,-0.8979566760429547,0.4403401309208376,0.4541997710457461,-1.410659156764567,0.15234276534659,0.3040720702388258,-1.4227451951418253,-0.4470381385081858,-0.013159208808268635,2.728214286
2003,257440.0,616820,2487.9,25481411.2,61785.6,98.98,0.24,2.3959757613424486,0,1,0,0,0,0,0,0,0,0,0,0,0,0,0,0,0,0,0,0,0,0,0,0,0,0,0,0,0,0,0,0,1,0,0,0,-0.8979566760429547,-0.44278116550494323,-0.4158763768833592,0.8736245511578133,-0.485037137810157,-0.4421074308285448,-1.4227451956868191,-0.4470381385081858,0.09347419781516021,2.31
2003,5719933.0,12476923,1075.6,566158968.3,1372783.92,98.9799999930069,0.24,2.1813057950154313,0,1,0,0,0,0,0,0,0,0,0,0,0,0,0,0,0,0,0,0,0,0,0,0,0,0,0,0,0,0,0,0,0,1,0,0,-0.8979566760429547,3.7917670436299344,3.5439728041014407,-0.632277461024784,2.571186211911084,3.1358077238916997,-1.422745195952965,-0.4470381385081858,-0.16525990818231193,2.066285714
2003,7839.0,18016,1075.6,775904.22,1881.36,98.97999999999999,0.24,2.2982523281030742,0,0,0,1,0,0,0,0,0,0,0,0,0,0,0,0,0,0,0,0,0,0,0,0,0,0,0,0,0,0,0,0,0,1,0,0,-0.8979566760429547,-0.6362729406977489,-0.6158049549884922,-0.632277461024784,-0.6246870017770687,-0.6055952742973288,-1.4227451956868196,-0.4470381385081858,-0.024308394537214964,2.1595
2003,271671.0,520831,1734.3,26889995.58,65201.04,98.97999999999999,0.24,1.917138745026153,0,1,0,0,0,0,0,0,0,0,0,0,0,0,0,0,0,0,0,0,0,0,0,0,0,0,0,0,0,0,0,0,0,0,1,0,-0.8979566760429547,-0.4317492327291578,-0.4479251679464343,0.07007873484342876,-0.47707500138396836,-0.4327861720979938,-1.4227451956868196,-0.4470381385081858,-0.4836510957452989,1.640769231
2003,5655.0,21126,1734.3,559731.9,1357.2,98.98,0.24000000000000002,3.735809018567639,0,0,0,1,0,0,0,0,0,0,0,0,0,0,0,0,0,0,0,0,0,0,0,0,0,0,0,0,0,0,0,0,0,0,1,0,-0.8979566760429547,-0.6379659869476481,-0.6147665887152092,0.07007873484342876,-0.6259089331912205,-0.607025787196459,-1.4227451956868191,-0.44703813850818547,1.7083277608224594,3.66
2003,339753.0,719205,1526.7,33628751.94,81540.72,98.97999999999999,0.24,2.1168466503607033,1,0,0,0,0,0,0,0,0,0,0,0,0,0,0,0,0,0,0,0,0,0,0,0,0,0,0,0,0,0,0,0,0,0,0,1,-0.8979566760429547,-0.3789717717467235,-0.38169209042352586,-0.1512802241094191,-0.43898363941588614,-0.38819268345395097,-1.4227451956868196,-0.4470381385081858,-0.24295023184965117,2.131666667
2003,1390148.0,4289454,1526.7,137596849.0,333635.52,98.97999997122608,0.24000000000000002,3.0856095897702978,0,0,0,1,0,0,0,0,0,0,0,0,0,0,0,0,0,0,0,0,0,0,0,0,0,0,0,0,0,0,0,0,0,0,0,1,-0.8979566760429547,0.4352989771831571,0.8103420410306278,-0.1512802241094191,0.14870438589286103,0.2998126263821206,-1.4227451967819063,-0.44703813850818547,0.9246654217988625,2.879444444
2003,4126706.0,9653580,1526.7,408461359.9,990409.44,98.98000000484647,0.24,2.339294342751822,0,0,0,0,0,1,0,0,0,0,0,0,0,0,0,0,0,0,0,0,0,0,0,0,0,0,0,0,0,0,0,0,0,0,0,1,-0.8979566760429547,2.5566905795328028,2.601315521429514,-0.1512802241094191,1.6797878051188144,2.092249218972889,-1.4227451955023707,-0.4470381385081858,0.02515809185661277,2.283333333
2004,2215067.0,6392717,781.8,239980358.8,465164.07,108.34000000902908,0.21,2.8860151859966314,0,1,0,0,0,0,1,0,0,0,0,0,0,0,0,0,0,0,0,0,0,0,0,0,0,0,0,0,0,0,0,0,0,0,0,0,-0.7446251295060918,1.0747797553061376,1.5125791352570128,-0.9455494366526583,0.7274354043495797,0.6587741789212417,-1.066519339484668,-0.8577093985191583,0.6841013573138965,2.720454545
2004,871135.0,3208328,781.8,94378765.9,182938.35,108.34,0.21000000000000002,3.682928593157203,0,0,1,0,0,0,1,0,0,0,0,0,0,0,0,0,0,0,0,0,0,0,0,0,0,0,0,0,0,0,0,0,0,0,0,0,-0.7446251295060918,0.0329578538777871,0.4493758752526937,-0.9455494366526583,-0.09558930258362147,-0.11146302522699292,-1.0665193398282995,-0.8577093985191578,1.644592857298541,2.83
2004,121642.0,134950,2939.5,13178694.28,25544.82,108.33999999999999,0.21,1.1094030022525114,0,1,0,0,0,0,0,1,0,0,0,0,0,0,0,0,0,0,0,0,0,0,0,0,0,0,0,0,0,0,0,0,0,0,0,0,-0.7446251295060918,-0.548052362686175,-0.5767630508727121,1.355154926220945,-0.5545792340598824,-0.5410140686195699,-1.0665193398283,-0.8577093985191583,-1.457186373476602,1.080625
2004,436244.0,286330,2536.9,47262674.96,91611.24,108.34,0.21000000000000002,0.656352866744299,1,0,0,0,0,0,0,0,1,0,0,0,0,0,0,0,0,0,0,0,0,0,0,0,0,0,0,0,0,0,0,0,0,0,0,0,-0.7446251295060918,-0.30417153104204275,-0.5262203221107882,0.9258720896389769,-0.3619167936871309,-0.36070869238071035,-1.0665193398282995,-0.8577093985191578,-2.003231653067249,0.802173913
2004,311437.0,610136,2536.9,33741084.58,65401.77,108.33999999999999,0.21,1.9590992720839207,0,0,0,1,0,0,0,0,1,0,0,0,0,0,0,0,0,0,0,0,0,0,0,0,0,0,0,0,0,0,0,0,0,0,0,0,-0.7446251295060918,-0.4009224574665703,-0.4181080296713411,0.9258720896389769,-0.4383486701392895,-0.4322383491923116,-1.0665193398283,-0.8577093985191583,-0.43307755888203864,1.764347826
2004,1636050.0,2574284,2536.9,177249657.0,343570.5,108.34,0.21,1.5734751382903946,0,0,0,0,0,1,0,0,1,0,0,0,0,0,0,0,0,0,0,0,0,0,0,0,0,0,0,0,0,0,0,0,0,0,0,0,-0.7446251295060918,0.625923271570845,0.23768137191589075,0.9258720896389769,0.37284507029933284,0.3269267080415406,-1.0665193398282995,-0.8577093985191583,-0.8978566670881988,1.551304348
2004,534477.0,477325,1147.8,57905238.18,112240.17,108.34,0.21,0.89306929952084,1,0,0,0,0,0,0,0,0,1,0,0,0,0,0,0,0,0,0,0,0,0,0,0,0,0,0,0,0,0,0,0,0,0,0,0,-0.7446251295060918,-0.22802088439994242,-0.46245094385815483,-0.5552923124872328,-0.30175884966536215,-0.30440918371874426,-1.0665193398282995,-0.8577093985191583,-1.7179257220268116,0.788148148
2004,116220.0,166198,1147.8,12591274.8,24406.2,108.34,0.21000000000000002,1.4300292548614697,0,0,0,1,0,0,0,0,0,1,0,0,0,0,0,0,0,0,0,0,0,0,0,0,0,0,0,0,0,0,0,0,0,0,0,0,-0.7446251295060918,-0.5522555205465016,-0.5663299739249475,-0.5552923124872328,-0.5578996698857864,-0.5441215369445236,-1.0665193398282995,-0.8577093985191578,-1.0707469089931256,1.437407407
2004,2489419.0,1828633,1147.8,269703654.5,522777.99,108.340000016068,0.21,0.7345621608897498,0,0,0,0,0,1,0,0,0,1,0,0,0,0,0,0,0,0,0,0,0,0,0,0,0,0,0,0,0,0,0,0,0,0,0,0,-0.7446251295060918,1.2874586127934737,-0.011276457678885724,-0.5552923124872328,0.8954487223727051,0.8160113884173147,-1.0665193392167784,-0.8577093985191583,-1.9089687613006805,0.647105263
2004,3843825.0,4586818,1122.8,416440000.5,807203.25,108.34,0.21,1.1932952202558649,0,1,0,0,0,0,0,0,0,0,1,0,0,0,0,0,0,0,0,0,0,0,0,0,0,0,0,0,0,0,0,0,0,0,0,0,-0.7446251295060918,2.337400004341533,0.9096258829883548,-0.5819492198755815,1.7248877124120703,1.5922514740180695,-1.0665193398282995,-0.8577093985191583,-1.3560740548946109,1.160625
2004,8431.0,28216,651.9,913414.54,1770.51,108.34,0.21,3.3466967145059896,0,1,0,0,0,0,0,0,0,0,0,1,0,0,0,0,0,0,0,0,0,0,0,0,0,0,0,0,0,0,0,0,0,0,0,0,-0.7446251295060918,-0.6358140197362377,-0.6123993807159884,-1.0840587274425184,-0.6239097136405576,-0.6058978009206281,-1.0665193398282995,-0.8577093985191583,1.239344484556222,3.35
2004,52442.0,145174,2518.0,5681566.28,11012.82,108.34,0.21,2.7682773349605276,0,1,0,0,0,0,0,0,0,0,0,0,1,0,0,0,0,0,0,0,0,0,0,0,0,0,0,0,0,0,0,0,0,0,0,0,-0.7446251295060918,-0.6016965021060577,-0.573349463484273,0.9057194676533852,-0.5969573526789452,-0.5806741217525095,-1.0665193398282995,-0.8577093985191583,0.5421960961769735,2.75
2004,665600.0,1157300,719.8,72111104.0,139776.0,108.34,0.21,1.7387319711538463,0,1,0,0,0,0,0,0,0,0,0,0,0,1,0,0,0,0,0,0,0,0,0,0,0,0,0,0,0,0,0,0,0,0,0,0,-0.7446251295060918,-0.1263737674468603,-0.2354210060203351,-1.0116585669757632,-0.22145905128837695,-0.22925968737552974,-1.0665193398282995,-0.8577093985191583,-0.6986784604555853,1.730666667
2004,13800.0,39200,719.8,1495092.0,2898.0,108.34,0.21,2.8405797101449277,0,0,0,1,0,0,0,0,0,0,0,0,0,1,0,0,0,0,0,0,0,0,0,0,0,0,0,0,0,0,0,0,0,0,0,0,-0.7446251295060918,-0.6316519477052356,-0.6087320446562647,-1.0116585669757632,-0.6206217350442317,-0.6028207080698947,-1.0665193398282995,-0.8577093985191583,0.629339587765043,2.68625
2004,1024236.0,3010000,484.6,110965728.2,215089.56,108.3399999609465,0.21,2.9387758290081583,0,1,0,0,0,0,0,0,0,0,0,0,0,0,1,0,0,0,0,0,0,0,0,0,0,0,0,0,0,0,0,0,0,0,0,0,-0.7446251295060918,0.15164241152697017,0.3831581562019946,-1.262446751685348,-0.001830164967280513,-0.023717450158984393,-1.0665193413146101,-0.8577093985191583,0.7476918913555518,2.832777778
2004,79519.0,109129,939.2,8615088.46,16698.99,108.34000000000002,0.21000000000000002,1.3723638375734102,0,1,0,0,0,0,0,0,0,0,0,0,0,0,0,1,0,0,0,0,0,0,0,0,0,0,0,0,0,0,0,0,0,0,0,0,-0.7446251295060918,-0.5807062945472113,-0.5853841619796062,-0.7777175477356145,-0.5803753827678417,-0.5651556931588592,-1.0665193398282988,-0.8577093985191578,-1.140248993724759,1.454545455
2004,250044.0,492732,1032.1,27089766.96,52509.24,108.34,0.21,1.9705811777127225,0,1,0,0,0,0,0,0,0,0,0,0,0,0,0,0,1,0,0,0,0,0,0,0,0,0,0,0,0,0,0,0,0,0,0,0,-0.7446251295060918,-0.4485145767065249,-0.45730685730752096,-0.6786604798805107,-0.47594577760143003,-0.46742403766038326,-1.0665193398282995,-0.8577093985191583,-0.41923882475986585,1.838333333
2004,153608.9,105328,1149.2,16641988.23,32257.869,108.34000002604016,0.21,0.6856894359636714,1,0,0,0,0,0,0,0,0,0,0,0,0,0,0,0,0,1,0,0,0,0,0,0,0,0,0,0,0,0,0,0,0,0,0,0,-0.7446251295060918,-0.5232714834893332,-0.5866532392158598,-0.5537995256734851,-0.5350026866372183,-0.5226931299996946,-1.066519338837255,-0.8577093985191583,-1.967873325398606,0.714
2004,980642.41,901045,1149.2,106242798.7,205934.9061,108.34000000061184,0.21,0.9188313607607487,0,0,0,0,0,1,0,0,0,0,0,0,0,0,0,0,0,1,0,0,0,0,0,0,0,0,0,0,0,0,0,0,0,0,0,0,-0.7446251295060918,0.11784847193487183,-0.32097938202037996,-0.5537995256734851,-0.028526903582450358,-0.04870190240834258,-1.0665193398050141,-0.8577093985191583,-1.6868756222033179,0.85
2004,1055061.0,2627561,1117.7,114305308.7,221562.81,108.3399999620875,0.21,2.490435150195107,0,1,0,0,0,0,0,0,0,0,0,0,0,0,0,0,0,0,1,0,0,0,0,0,0,0,0,0,0,0,0,0,0,0,0,0,-0.7446251295060918,0.17553808490295117,0.25546948765277155,-0.5873872289828045,0.017047082235502893,-0.006050959728018145,-1.0665193412711855,-0.8577093985191583,0.20732275309293838,2.37
2004,43861.0,144235,1117.7,4751900.74,9210.81,108.34,0.21,3.2884567155331617,0,0,1,0,0,0,0,0,0,0,0,0,0,0,0,0,0,0,1,0,0,0,0,0,0,0,0,0,0,0,0,0,0,0,0,0,-0.7446251295060918,-0.6083485304349885,-0.5736629766452417,-0.5873872289828045,-0.6022123618678207,-0.5855920829654251,-1.0665193398282995,-0.8577093985191583,1.1691498768737785,3.388666667
2004,209257.0,935326,1117.7,22670903.38,43943.97,108.33999999999999,0.21,4.469747726479879,0,0,0,1,0,0,0,0,0,0,0,0,0,0,0,0,0,0,1,0,0,0,0,0,0,0,0,0,0,0,0,0,0,0,0,0,-0.7446251295060918,-0.48013283558685377,-0.3095336475462915,-0.5873872289828045,-0.5009237591637958,-0.4907999710004585,-1.0665193398283,-0.8577093985191583,2.5929180866034622,4.251666667
2004,105349.0,241824,2880.2,11413510.66,22123.29,108.34,0.21000000000000002,2.295456055586669,1,0,0,0,0,0,0,0,0,0,0,0,0,0,0,0,0,0,0,1,0,0,0,0,0,0,0,0,0,0,0,0,0,0,0,0,-0.7446251295060918,-0.5606827667839805,-0.5410799778531464,1.2919247418957815,-0.5645570763526626,-0.5503519478926188,-1.0665193398282995,-0.8577093985191578,-0.027678642746762936,2.271538462
2004,35732.0,89752,2880.2,3871204.88,7503.72,108.34,0.21000000000000002,2.511810142169484,0,0,0,1,0,0,0,0,0,0,0,0,0,0,0,0,0,0,0,1,0,0,0,0,0,0,0,0,0,0,0,0,0,0,0,0,-0.7446251295060918,-0.614650166408171,-0.5918537514578714,1.2919247418957815,-0.6071905660044444,-0.5902509929642352,-1.0665193398282995,-0.8577093985191578,0.23308527373715693,2.256923077
2004,148893.0,335529,2880.2,16131067.62,31267.53,108.33999999999999,0.21,2.253490761822248,0,0,0,0,0,1,0,0,0,0,0,0,0,0,0,0,0,0,0,1,0,0,0,0,0,0,0,0,0,0,0,0,0,0,0,0,-0.7446251295060918,-0.526927269574452,-0.5097937683232476,1.2919247418957815,-0.5378907064516731,-0.5253959167709321,-1.0665193398283,-0.8577093985191583,-0.0782579247526979,2.175714286
2004,1675513.0,1302615,895.7,181525078.4,351857.73,108.33999998806335,0.21,0.7774424907476098,0,1,0,0,0,0,0,0,0,0,0,0,0,0,0,0,0,0,0,0,1,0,0,0,0,0,0,0,0,0,0,0,0,0,0,0,-0.7446251295060918,0.6565151599223888,-0.1869032584312285,-0.8241005665913413,0.3970122334097506,0.3495438276482631,-1.0665193402825883,-0.8577093985191583,-1.8572866187053387,0.803541667
2004,1488200.0,2098200,1052.0,161231588.0,312522.0,108.34,0.21,1.409891143663486,0,1,0,0,0,0,0,0,0,0,0,0,0,0,0,0,0,0,0,0,0,1,0,0,0,0,0,0,0,0,0,0,0,0,0,0,-0.7446251295060918,0.5113093118420926,0.0787265266266072,-0.657441581599385,0.2823016477873612,0.24219059740996365,-1.0665193398282995,-0.8577093985191583,-1.0950186610525203,1.022903226
2004,20500.0,49000,1052.0,2220970.0,4305.0,108.34,0.21,2.3902439024390243,0,0,0,1,0,0,0,0,0,0,0,0,0,0,0,0,0,0,0,0,0,1,0,0,0,0,0,0,0,0,0,0,0,0,0,0,-0.7446251295060918,-0.6264580787151602,-0.605460022316016,-0.657441581599385,-0.6165186513051029,-0.5989807896307228,-1.0665193398282995,-0.8577093985191583,0.08656579132283342,2.463
2004,176310.0,435930,1613.3,19101425.4,37025.1,108.33999999999999,0.21,2.4725199931938064,0,1,0,0,0,0,0,0,0,0,0,0,0,0,0,0,0,0,0,0,0,0,1,0,0,0,0,0,0,0,0,0,0,0,0,0,-0.7446251295060918,-0.5056734925444676,-0.4762718994473994,-0.05894069691617915,-0.5211005203508228,-0.5096826266445476,-1.0665193398283,-0.8577093985191583,0.18573024898141874,2.327777778
2004,32667.0,37766,4767.9,3539142.78,6860.07,108.33999999999999,0.21,1.1560902439771024,1,0,0,0,0,0,0,0,0,0,0,0,0,0,0,0,0,0,0,0,0,0,0,1,0,0,0,0,0,0,0,0,0,0,0,0,-0.7446251295060918,-0.6170261676700488,-0.6092108283333991,3.3047345049752184,-0.6090675737149563,-0.5920076123696176,-1.0665193398283,-0.8577093985191583,-1.4009158948634062,1.492857143
2004,9224.0,37439,4767.9,999328.16,1937.04,108.34,0.21,4.058868169991327,0,0,0,1,0,0,0,0,0,0,0,0,0,0,0,0,0,0,0,0,0,0,0,1,0,0,0,0,0,0,0,0,0,0,0,0,-0.7446251295060918,-0.6351992827050243,-0.6093200070380176,3.3047345049752184,-0.623424079998001,-0.6054433150516336,-1.0665193398282995,-0.8577093985191583,2.097699512064916,2.078333333
2004,69659.0,118514,4767.9,7546856.06,14628.39,108.33999999999999,0.21,1.7013451241045665,0,0,0,0,0,1,0,0,0,0,0,0,0,0,0,0,0,0,0,0,0,0,0,1,0,0,0,0,0,0,0,0,0,0,0,0,-0.7446251295060918,-0.5883498092102178,-0.5822506997690721,3.3047345049752184,-0.5864136522705,-0.570806677608148,-1.0665193398283,-0.8577093985191583,-0.7437395028215392,1.792857143
2004,57085.0,107660,2640.8,6184588.9,11987.85,108.34,0.21000000000000002,1.8859595340282036,0,1,0,0,0,0,0,0,0,0,0,0,0,0,0,0,0,0,0,0,0,0,0,0,1,0,0,0,0,0,0,0,0,0,0,0,-0.7446251295060918,-0.5980972284163681,-0.5858746314508129,1.0366581967449544,-0.5941139768877847,-0.5780131155863789,-1.0665193398282995,-0.8577093985191578,-0.5212302942763684,1.9225
2004,153000.0,259750,1711.5,16576020.0,32130.0,108.34,0.21,1.6977124183006536,0,1,0,0,0,0,0,0,0,0,0,0,0,0,0,0,0,0,0,0,0,0,0,0,0,1,0,0,0,0,0,0,0,0,0,0,-0.7446251295060918,-0.5237435054039685,-0.5350948480091363,0.04576763530525476,-0.5353755773596429,-0.5230421040799352,-1.0665193398282995,-0.8577093985191583,-0.748117874442912,1.65625
2004,1000.0,2000,1711.5,108340.0,210.0,108.34,0.21,2.0,0,0,1,0,0,0,0,0,0,0,0,0,0,0,0,0,0,0,0,0,0,0,0,0,0,1,0,0,0,0,0,0,0,0,0,0,-0.7446251295060918,-0.6415745630892601,-0.6211523743559845,0.04576763530525476,-0.6284604621876422,-0.6101566716551783,-1.0665193398282995,-0.8577093985191583,-0.3837813603821892,1.99
2004,824000.0,677000,1290.4,89272160.0,173040.0,108.34,0.21,0.8216019417475728,1,0,0,0,0,0,0,0,0,0,0,0,0,0,0,0,0,0,0,0,0,0,0,0,0,0,1,0,0,0,0,0,0,0,0,0,-0.7446251295060918,-0.0035814020695564396,-0.3957834886755869,-0.40324131274409136,-0.12445480288867246,-0.1384771380076448,-1.0665193398282995,-0.8577093985191583,-1.8040627967086953,0.98
2004,293000.0,652000,1290.4,31743620.0,61530.0,108.34,0.21,2.2252559726962455,0,0,0,1,0,0,0,0,0,0,0,0,0,0,0,0,0,0,0,0,0,0,0,0,0,0,1,0,0,0,0,0,0,0,0,0,-0.7446251295060918,-0.4152148996412,-0.40413048444152755,-0.40324131274409136,-0.449639499228591,-0.4428050023658955,-1.0665193398282995,-0.8577093985191583,-0.11228831590399158,1.938148148
2004,3375000.0,5207000,1290.4,365647500.0,708750.0,108.34,0.21,1.5428148148148149,0,0,0,0,0,1,0,0,0,0,0,0,0,0,0,0,0,0,0,0,0,0,0,0,0,0,1,0,0,0,0,0,0,0,0,0,-0.7446251295060918,1.9739648357934618,1.116692144112859,-0.40324131274409136,1.43777902077071,1.323557479653179,-1.0665193398282995,-0.8577093985191583,-0.9348104688695011,1.511333333
2004,6237.0,17257,1434.5875,675716.58,1309.77,108.33999999999999,0.21,2.7668751002084337,1,0,0,0,0,0,0,0,0,0,0,0,0,0,0,0,0,0,0,0,0,0,0,0,0,0,0,1,0,0,0,0,0,0,0,0,-0.7446251295060918,-0.6375148180294057,-0.6160583697799462,-0.24949759938178998,-0.6252533204649828,-0.6071552309289182,-1.0665193398283,-0.8577093985191583,0.5405060323026963,2.76
2004,5689.0,15537,1434.5875,616346.26,1194.69,108.34,0.21000000000000002,2.7310599402355424,0,0,0,1,0,0,0,0,0,0,0,0,0,0,0,0,0,0,0,0,0,0,0,0,0,0,0,1,0,0,0,0,0,0,0,0,-0.7446251295060918,-0.6379396300005342,-0.6166326430886429,-0.24949759938178998,-0.62558891597081,-0.6074693018699131,-1.0665193398282995,-0.8577093985191578,0.49733928869485405,2.73
2004,12896.0,28242,1434.5875,1397152.64,2708.16,108.33999999999999,0.21,2.189981389578164,0,0,0,0,0,1,0,0,0,0,0,0,0,0,0,0,0,0,0,0,0,0,0,0,0,0,0,1,0,0,0,0,0,0,0,0,-0.7446251295060918,-0.6323527324167323,-0.6123906998403919,-0.24949759938178998,-0.6211753451487351,-0.6033388104981053,-1.0665193398283,-0.8577093985191583,-0.15480352137799425,2.803333333
2004,2800000.0,10437000,366.4,303352000.0,588000.0,108.34,0.21,3.7275,0,1,0,0,0,0,0,0,0,0,0,0,0,0,0,0,0,0,0,0,0,0,0,0,0,0,0,0,1,0,0,0,0,0,0,0,-0.7446251295060918,1.528222347839234,2.8628836583476427,-1.3884806098174611,1.0856486998753179,0.994012240470516,-1.0665193398282995,-0.8577093985191583,1.6983131950795294,3.788823529
2004,9070.0,21610,1650.5,982643.8,1904.7,108.34,0.21,2.38257993384785,0,1,0,0,0,0,0,0,0,0,0,0,0,0,0,0,0,0,0,0,0,0,0,0,0,0,0,0,0,1,0,0,0,0,0,0,-0.7446251295060918,-0.6353186641713634,-0.6146049908771806,-0.01927521872231617,-0.6235183896839451,-0.605531575863519,-1.0665193398282995,-0.8577093985191583,0.07732868146644341,4.7875
2004,1872822.0,5061622,1034.0,202901535.5,393292.62,108.34000001067908,0.21,2.702671156148315,0,1,0,0,0,0,0,0,0,0,0,0,0,0,0,0,0,0,0,0,0,0,0,0,0,0,0,0,0,0,1,0,0,0,0,0,-0.7446251295060918,0.8094699504541467,1.0681533620944221,-0.6766345549189962,0.5178443753498518,0.46262598694894497,-1.066519339421872,-0.8577093985191583,0.4631232928718763,3.015172414
2004,256076.0,602221,2706.3,27743273.84,53775.96,108.34,0.21,2.351727612115153,0,1,0,0,0,0,0,0,0,0,0,0,0,0,0,0,0,0,0,0,0,0,0,0,0,0,0,0,0,0,0,0,1,0,0,0,-0.7446251295060918,-0.44383854420680335,-0.4207506885308379,1.106499294102428,-0.47225177743509783,-0.4639669648208184,-1.0665193398282995,-0.8577093985191583,0.04014347098713732,2.24
2004,5934405.0,10749989,704.0,642933437.7,1246225.05,108.34,0.21000000000000002,1.811468715060735,0,1,0,0,0,0,0,0,0,0,0,0,0,0,0,0,0,0,0,0,0,0,0,0,0,0,0,0,0,0,0,0,0,1,0,0,-0.7446251295060918,3.9580266660238808,2.9673843726590827,-1.0285057324451996,3.0051600711207462,2.790409189027621,-1.0665193398282995,-0.8577093985191578,-0.6110114396332721,1.827714286
2004,281464.0,537876,1219.6,30493809.76,59107.44,108.34,0.21000000000000002,1.9109939459398004,0,1,0,0,0,0,0,0,0,0,0,0,0,0,0,0,0,0,0,0,0,0,0,0,0,0,0,0,0,0,0,0,0,0,1,0,-0.7446251295060918,-0.42415765675605216,-0.442234186233216,-0.47873367446789516,-0.4567041520665896,-0.44941653954713234,-1.0665193398282995,-0.8577093985191578,-0.4910572044122169,1.592307692
2004,7511.0,22367,1219.6,813741.74,1577.31,108.34,0.21,2.977899081347357,0,0,0,1,0,0,0,0,0,0,0,0,0,0,0,0,0,0,0,0,0,0,0,0,0,0,0,0,0,0,0,0,0,0,1,0,-0.7446251295060918,-0.6365272077169645,-0.6143522438453879,-0.47873367446789516,-0.6244731221539902,-0.6064250733033204,-1.0665193398282995,-0.8577093985191583,0.7948457615074481,2.975
2004,320822.0,653044,1612.9,34757855.48,67372.62,108.33999999999999,0.21,2.035533722749687,1,0,0,0,0,0,0,0,0,0,0,0,0,0,0,0,0,0,0,0,0,0,0,0,0,0,0,0,0,0,0,0,0,0,0,1,-0.7446251295060918,-0.3936471648588304,-0.40378191389834184,-0.05936720743439258,-0.4326012909017186,-0.4268595977666954,-1.0665193398283,-0.8577093985191583,-0.34095382308991184,2.037222222
2004,1376387.0,4257111,1612.9,149117767.6,289041.27,108.34000001453079,0.21000000000000002,3.092960773387136,0,0,0,1,0,0,0,0,0,0,0,0,0,0,0,0,0,0,0,0,0,0,0,0,0,0,0,0,0,0,0,0,0,0,0,1,-0.7446251295060918,0.4246313904410038,0.799543365668315,-0.05936720743439258,0.21382730429993196,0.17810808988173568,-1.0665193392752823,-0.8577093985191578,0.9335255430057035,2.857777778
2004,4086404.0,9974734,1612.9,442721009.4,858144.84,108.34000000978855,0.21,2.4409564007866082,0,0,0,0,0,1,0,0,0,0,0,0,0,0,0,0,0,0,0,0,0,0,0,0,0,0,0,0,0,0,0,0,0,0,0,1,-0.7446251295060918,2.525448294751009,2.70854236455811,-0.05936720743439258,1.873443227616405,1.7312788732801412,-1.0665193394557637,-0.8577093985191583,0.14768776915401485,2.336111111
2005,2526108.0,6376990,1075.5,302930871.4,530482.68,119.92000001583463,0.21000000000000002,2.5244328429346647,0,1,0,0,0,0,1,0,0,0,0,0,0,0,0,0,0,0,0,0,0,0,0,0,0,0,0,0,0,0,0,0,0,0,0,0,-0.591293582969229,1.315900084342261,1.507328207160575,-0.6323840886543373,1.0832682366146291,0.8370386671657892,-0.625804017554543,-0.8577093985191578,0.24829896782595903,2.549090909
2005,1455643.0,5326634,1075.5,174560708.6,305685.03,119.92000002747926,0.21000000000000002,3.6592997046665974,0,0,1,0,0,0,1,0,0,0,0,0,0,0,0,0,0,0,0,0,0,0,0,0,0,0,0,0,0,0,0,0,0,0,0,0,-0.591293582969229,0.4860709845719608,1.1566355237713606,-0.6323840886543373,0.35764557333786445,0.2235314594063638,-0.6258040171113679,-0.8577093985191578,1.616113795024792,3.132272727
2005,122267.0,146191,2767.0,14662258.64,25676.07,119.92,0.21,1.1956701317608185,0,1,0,0,0,0,0,1,0,0,0,0,0,0,0,0,0,0,0,0,0,0,0,0,0,0,0,0,0,0,0,0,0,0,0,0,-0.591293582969229,-0.5475678599818768,-0.5730099076965145,1.1712222652413387,-0.5461932672700538,-0.5406558672726322,-0.6258040181571823,-0.8577093985191583,-1.3532116581859757,1.16125
2005,398316.0,398077,2184.6,47766054.72,83646.36,119.92,0.21,0.9993999738900772,1,0,0,0,0,0,0,0,1,0,0,0,0,0,0,0,0,0,0,0,0,0,0,0,0,0,0,0,0,0,0,0,0,0,0,0,-0.591293582969229,-0.33357348075183046,-0.48891025267652544,0.5502229507223663,-0.3590713991334144,-0.38244606947935395,-0.6258040181571823,-0.8577093985191583,-1.5897691268414214,1.132222222
2005,314671.0,559969,2184.6,37735346.32,66080.91,119.92,0.21000000000000002,1.7795379936505111,0,0,0,1,0,0,0,0,1,0,0,0,0,0,0,0,0,0,0,0,0,0,0,0,0,0,0,0,0,0,0,0,0,0,0,0,-0.591293582969229,-0.3984154466734503,-0.4348577791349389,0.5502229507223663,-0.41577078460588196,-0.4303848721427172,-0.6258040181571823,-0.8577093985191578,-0.6494964070429345,1.637692308
2005,1707340.0,2594392,2184.6,204744212.8,358541.4,119.92,0.21000000000000002,1.519552051729591,0,0,0,0,0,1,0,0,1,0,0,0,0,0,0,0,0,0,0,0,0,0,0,0,0,0,0,0,0,0,0,0,0,0,0,0,-0.591293582969229,0.6811875880339004,0.24439502755035214,0.5502229507223663,0.5282602568975665,0.36778458647863993,-0.6258040181571823,-0.8577093985191578,-0.9628482531616808,1.502592593
2005,533233.0,503448,907.8,63945301.36,111978.93,119.92,0.21,0.9441426168297911,1,0,0,0,0,0,0,0,0,1,0,0,0,0,0,0,0,0,0,0,0,0,0,0,0,0,0,0,0,0,0,0,0,0,0,0,-0.591293582969229,-0.22898523858257733,-0.45372900104240815,-0.8111986234153806,-0.26761690705631586,-0.30512214767968904,-0.6258040181571823,-0.8577093985191583,-1.6563688618830572,0.962666667
2005,113251.0,182827,907.8,13581059.92,23782.71,119.92,0.21,1.61435219115063,0,0,0,1,0,0,0,0,0,1,0,0,0,0,0,0,0,0,0,0,0,0,0,0,0,0,0,0,0,0,0,0,0,0,0,0,-0.591293582969229,-0.5545571021929991,-0.5607778862212744,-0.8111986234153806,-0.5523048299387102,-0.5458231366230164,-0.6258040181571823,-0.8577093985191583,-0.8485890032944987,1.304583333
2005,2604752.0,3023010,907.8,312361859.8,546997.92,119.91999998464345,0.21000000000000002,1.1605749798829217,0,0,0,0,0,1,0,0,0,1,0,0,0,0,0,0,0,0,0,0,0,0,0,0,0,0,0,0,0,0,0,0,0,0,0,0,-0.591293582969229,1.3768652534251695,0.38750193279859013,-0.8111986234153806,1.1365776565832102,0.8821112859314959,-0.6258040187416267,-0.8577093985191578,-1.395510601542312,1.035263158
2005,3854352.0,5267537,1292.7,462213891.8,809413.92,119.91999998962213,0.21000000000000002,1.3666465854701386,0,1,0,0,0,0,0,0,0,0,1,0,0,0,0,0,0,0,0,0,0,0,0,0,0,0,0,0,0,0,0,0,0,0,0,0,-0.591293582969229,2.3455605802905666,1.1369042274201688,-0.4007888772643633,1.9836283121680685,1.5982847309448105,-0.6258040185521467,-0.8577093985191578,-1.1471397951582893,1.30375
2005,7506.0,21092,653.1,900119.52,1576.26,119.92,0.21,2.8100186517452705,0,1,0,0,0,0,0,0,0,0,0,1,0,0,0,0,0,0,0,0,0,0,0,0,0,0,0,0,0,0,0,0,0,0,0,0,-0.591293582969229,-0.6365310837385989,-0.6147779406294509,-1.0827791958878776,-0.6239848648097257,-0.6064279389140959,-0.6258040181571823,-0.8577093985191583,0.5925054266634083,2.81
2005,52177.0,147236,3392.8,6257065.84,10957.17,119.92,0.21,2.8218563734979014,0,1,0,0,0,0,0,0,0,0,0,0,1,0,0,0,0,0,0,0,0,0,0,0,0,0,0,0,0,0,0,0,0,0,0,0,-0.591293582969229,-0.6019019312526801,-0.5726610032734982,1.8384979709864846,-0.5937042951589324,-0.5808259991236111,-0.6258040181571823,-0.8577093985191583,0.6067730133552888,2.81
2005,648300.0,1209300,942.4,77744136.0,136143.0,119.92,0.21,1.8653401203146691,0,1,0,0,0,0,0,0,0,0,0,0,0,1,0,0,0,0,0,0,0,0,0,0,0,0,0,0,0,0,0,0,0,0,0,0,-0.591293582969229,-0.13978480230183096,-0.21805925482717856,-0.7743054635899059,-0.18961788514035646,-0.23917470065876464,-0.6258040181571823,-0.8577093985191583,-0.5460821432082138,1.843125
2005,24600.0,74300,942.4,2950032.0,5166.0,119.92,0.21,3.0203252032520327,0,0,0,1,0,0,0,0,0,0,0,0,0,1,0,0,0,0,0,0,0,0,0,0,0,0,0,0,0,0,0,0,0,0,0,0,-0.591293582969229,-0.6232797409749649,-0.597012862600884,-0.7743054635899059,-0.6123975697500526,-0.5966309887948116,-0.6258040181571823,-0.8577093985191583,0.8459804633465683,3.054444444
2005,1046588.0,3194000,516.9,125506833.0,219783.48,119.92000003821943,0.21000000000000002,3.051821729276468,0,1,0,0,0,0,0,0,0,0,0,0,0,0,1,0,0,0,0,0,0,0,0,0,0,0,0,0,0,0,0,0,0,0,0,0,-0.591293582969229,0.16896977864132304,0.44459204503931776,-1.2280060273396016,0.08036459868976571,-0.010907023748182814,-0.6258040167026153,-0.8577093985191578,0.8839421104385713,2.940526316
2005,79366.0,112139,1248.1,9517570.72,16666.86,119.92,0.21000000000000002,1.4129350099538844,0,1,0,0,0,0,0,0,0,0,0,0,0,0,0,1,0,0,0,0,0,0,0,0,0,0,0,0,0,0,0,0,0,0,0,0,-0.591293582969229,-0.5808249008092236,-0.5843791836893869,-0.4483448000451776,-0.5752740292540856,-0.5652433808485895,-0.6258040181571823,-0.8577093985191578,-1.0913499968378795,1.396363636
2005,259014.0,556774,1721.8,31060958.88,54392.94,119.92,0.21000000000000002,2.1495903696325294,0,1,0,0,0,0,0,0,0,0,0,0,0,0,0,0,1,0,0,0,0,0,0,0,0,0,0,0,0,0,0,0,0,0,0,0,-0.591293582969229,-0.4415609938944389,-0.4359245251938261,0.05675028114925439,-0.45349829607986286,-0.46228313192913373,-0.6258040181571823,-0.8577093985191578,-0.2034853869168373,2.040833333
2005,149362.86,77860,965.2,17911594.17,31366.2006,119.9199999919659,0.21000000000000002,0.5212808592443932,1,0,0,0,0,0,0,0,0,0,0,0,0,0,0,0,0,1,0,0,0,0,0,0,0,0,0,0,0,0,0,0,0,0,0,0,-0.591293582969229,-0.5265630320694257,-0.5958242504038141,-0.7499943640517318,-0.5278261370138443,-0.5251266295951366,-0.625804018462947,-0.8577093985191578,-2.166029158949066,0.557857143
2005,954735.25,536165,965.2,114491851.2,200494.4025,119.92000002094822,0.21,0.5615850048482027,0,0,0,0,0,1,0,0,0,0,0,0,0,0,0,0,0,1,0,0,0,0,0,0,0,0,0,0,0,0,0,0,0,0,0,0,-0.591293582969229,0.09776512940577918,-0.44280545462343696,-0.7499943640517318,0.01810152871053927,-0.06354986978007043,-0.6258040173599283,-0.8577093985191583,-2.117451999977009,0.531363636
2005,1075993.0,2770413,1316.2,129033080.6,225958.53,119.92000003717496,0.21,2.5747500216079473,0,1,0,0,0,0,0,0,0,0,0,0,0,0,0,0,0,0,1,0,0,0,0,0,0,0,0,0,0,0,0,0,0,0,0,0,-0.591293582969229,0.19176466187313881,0.3031648892190177,-0.3757313843193155,0.10029699667910048,0.005945633222540997,-0.6258040167423661,-0.8577093985191583,0.30894448085741266,2.50962963
2005,44944.0,97483,1316.2,5389684.48,9438.24,119.92000000000002,0.21,2.1689880740477037,0,0,1,0,0,0,0,0,0,0,0,0,0,0,0,0,0,0,1,0,0,0,0,0,0,0,0,0,0,0,0,0,0,0,0,0,-0.591293582969229,-0.6075089841489808,-0.589272526487212,-0.3757313843193155,-0.5986072380141223,-0.5849713916714515,-0.6258040181571818,-0.8577093985191583,-0.1801060209247735,2.2675
2005,364244.0,1131350,1316.2,43680140.48,76491.24,119.91999999999999,0.21000000000000002,3.1060223366754154,0,0,0,1,0,0,0,0,0,0,0,0,0,0,0,0,0,0,1,0,0,0,0,0,0,0,0,0,0,0,0,0,0,0,0,0,-0.591293582969229,-0.35998624257718087,-0.2440851876253815,-0.3757313843193155,-0.3821673577898543,-0.4019734875479308,-0.6258040181571829,-0.8577093985191578,0.9492681825474375,3.0144
2005,98256.0,212520,3030.9,11782859.52,20633.76,119.92,0.21,2.162921348314607,1,0,0,0,0,0,0,0,0,0,0,0,0,0,0,0,0,0,0,1,0,0,0,0,0,0,0,0,0,0,0,0,0,0,0,0,-0.591293582969229,-0.5661812910745185,-0.5508639924101514,1.452612579632748,-0.5624693022342409,-0.554417103338745,-0.6258040181571823,-0.8577093985191583,-0.1874180305446638,2.096923077
2005,21857.0,59733,3030.9,2621091.44,4589.97,119.92,0.21000000000000002,2.732900215034085,0,0,0,1,0,0,0,0,0,0,0,0,0,0,0,0,0,0,0,1,0,0,0,0,0,0,0,0,0,0,0,0,0,0,0,0,-0.591293582969229,-0.6254061264435883,-0.6018764900937824,1.452612579632748,-0.6142569327048134,-0.5982030628662517,-0.6258040181571823,-0.8577093985191578,0.4995573067200923,2.345714286
2005,155629.0,357734,3030.9,18663029.68,32682.09,119.92,0.21,2.298633288140385,0,0,0,0,0,1,0,0,0,0,0,0,0,0,0,0,0,0,0,1,0,0,0,0,0,0,0,0,0,0,0,0,0,0,0,0,-0.591293582969229,-0.5217054932286092,-0.5023799666839391,1.452612579632748,-0.5235785873951962,-0.5215353659341766,-0.6258040181571823,-0.8577093985191583,-0.02384923689927961,2.189285714
2005,1700446.0,1687475,1032.7,203917484.3,357093.66,119.91999998823839,0.21,0.9923720012279131,0,1,0,0,0,0,0,0,0,0,0,0,0,0,0,0,0,0,0,0,1,0,0,0,0,0,0,0,0,0,0,0,0,0,0,0,-0.591293582969229,0.675843329404411,-0.05840626681203174,-0.6780207141031902,0.5235871076010946,0.3638334823413784,-0.6258040186048096,-0.8577093985191583,-1.5982396933339398,0.881041667
2005,1473700.0,2596800,1387.2,176726104.0,309477.0,119.92,0.21,1.7620954061206486,0,1,0,0,0,0,0,0,0,0,0,0,0,0,0,0,0,0,0,0,0,1,0,0,0,0,0,0,0,0,0,0,0,0,0,0,-0.591293582969229,0.5000688491023774,0.24519901018252754,-0.30002576733640507,0.3698856448850454,0.23388032616100954,-0.6258040181571823,-0.8577093985191583,-0.6705193399107152,1.215666667
2005,38800.0,72200,1387.2,4652896.0,8148.0,119.92,0.21,1.8608247422680413,0,0,0,1,0,0,0,0,0,0,0,0,0,0,0,0,0,0,0,0,0,1,0,0,0,0,0,0,0,0,0,0,0,0,0,0,-0.591293582969229,-0.6122718395333127,-0.5977140102452231,-0.30002576733640507,-0.6027719941184064,-0.5884926541923876,-0.6258040181571823,-0.8577093985191583,-0.5515243684161647,2.007
2005,166260.0,386070,1585.4,19937899.2,34914.6,119.92,0.21,2.3220858895705523,0,1,0,0,0,0,0,0,0,0,0,0,0,0,0,0,0,0,0,0,0,0,1,0,0,0,0,0,0,0,0,0,0,0,0,0,-0.591293582969229,-0.5134642960295807,-0.4929191478029914,-0.0886898055615762,-0.5163722849627997,-0.5154425043033054,-0.6258040181571823,-0.8577093985191583,0.004417352825273183,2.238888889
2005,32678.0,43762,3374.4,3918745.76,6862.38,119.91999999999999,0.21,1.3391884448252647,1,0,0,0,0,0,0,0,0,0,0,0,0,0,0,0,0,0,0,0,0,0,0,1,0,0,0,0,0,0,0,0,0,0,0,0,-0.591293582969229,-0.6170176404224531,-0.6072088848688959,1.8188784871486599,-0.6069218373590357,-0.5920013080259116,-0.6258040181571829,-0.8577093985191583,-1.180234119407085,1.597142857
2005,9791.0,39910,3374.4,1174136.72,2056.11,119.92,0.21000000000000002,4.076192421611684,0,0,0,1,0,0,0,0,0,0,0,0,0,0,0,0,0,0,0,0,0,0,0,1,0,0,0,0,0,0,0,0,0,0,0,0,-0.591293582969229,-0.6347597418516852,-0.6084949899765121,1.8188784871486599,-0.6224359605619573,-0.6051183547896918,-0.6258040181571823,-0.8577093985191578,2.1185798188528717,2.245
2005,63602.0,124605,3374.4,7627151.84,13356.42,119.92,0.21,1.9591365051413479,0,0,0,0,0,1,0,0,0,0,0,0,0,0,0,0,0,0,0,0,0,0,0,1,0,0,0,0,0,0,0,0,0,0,0,0,-0.591293582969229,-0.5930452218181113,-0.5802170377206582,1.8188784871486599,-0.5859597739200904,-0.5742780785015903,-0.6258040181571823,-0.8577093985191583,-0.43303268319685634,1.971428571
2005,56460.0,107740,2075.4,6770683.2,11856.6,119.92,0.21000000000000002,1.9082536308891251,0,0,0,0,1,0,0,0,0,0,0,0,0,0,0,0,0,0,0,0,0,0,0,0,1,0,0,0,0,0,0,0,0,0,0,0,-0.591293582969229,-0.5985817311206663,-0.5858479210643619,0.4337855792500592,-0.5908010317483451,-0.5783713169333166,-0.6258040181571823,-0.8577093985191578,-0.49436000907054445,1.9425
2005,155500.0,261300,1568.6,18647560.0,32655.0,119.92,0.21,1.680385852090032,0,1,0,0,0,0,0,0,0,0,0,0,0,0,0,0,0,0,0,0,0,0,0,0,0,1,0,0,0,0,0,0,0,0,0,0,-0.591293582969229,-0.5218054945867763,-0.534577334271648,-0.10660324732654675,-0.5236660310048077,-0.5216092986921845,-0.6258040181571823,-0.8577093985191583,-0.7690009709245224,1.6425
2005,900.0,1800,1568.6,107928.0,189.0,119.92,0.21,2.0,0,0,1,0,0,0,0,0,0,0,0,0,0,0,0,0,0,0,0,0,0,0,0,0,0,1,0,0,0,0,0,0,0,0,0,0,-0.591293582969229,-0.6416520835219478,-0.621219150322112,-0.10660324732654675,-0.6284627910507576,-0.6102139838706884,-0.6258040181571823,-0.8577093985191583,-0.3837813603821892,2.06
2005,781000.0,681000,1503.4,93657520.0,164010.0,119.92,0.21,0.8719590268886044,1,0,0,0,0,0,0,0,0,0,0,0,0,0,0,0,0,0,0,0,0,0,0,0,0,0,1,0,0,0,0,0,0,0,0,0,-0.591293582969229,-0.036915188125263926,-0.3944479693530364,-0.17612446179536007,-0.09966620300518463,-0.163121390676957,-0.6258040181571823,-0.8577093985191583,-1.7433691858253009,1.016428571
2005,325000.0,702000,1503.4,38974000.0,68250.0,119.92,0.21,2.16,0,0,0,1,0,0,0,0,0,0,0,0,0,0,0,0,0,0,0,0,0,0,0,0,0,0,1,0,0,0,0,0,0,0,0,0,-0.591293582969229,-0.39040836118113864,-0.3874364929096462,-0.17612446179536007,-0.40876919512001775,-0.4244650934026864,-0.6258040181571823,-0.8577093985191583,-0.1909390281831297,2.04
2005,3373000.0,5475000,1503.4,404490160.0,708330.0,119.92,0.21,1.6231841091016899,0,0,0,0,0,1,0,0,0,0,0,0,0,0,0,0,0,0,0,0,0,0,0,0,0,0,1,0,0,0,0,0,0,0,0,0,-0.591293582969229,1.9724144271397082,1.2061719387237426,-0.17612446179536007,1.657340278489656,1.3224112353429784,-0.6258040181571823,-0.8577093985191583,-0.8379442054477917,1.639666667
2005,5348.0,15278,1434.5875,641332.16,1123.08,119.92,0.21,2.856768885564697,1,0,0,0,0,0,0,0,0,0,0,0,0,0,0,0,0,0,0,0,0,0,0,0,0,0,0,1,0,0,0,0,0,0,0,0,-0.591293582969229,-0.6382039746759993,-0.6167191179647781,-0.24949759938178998,-0.6254476811627604,-0.6076647365248024,-0.6258040181571823,-0.8577093985191583,0.6488518274170927,2.57
2005,5167.0,13013,1434.5875,619626.64,1085.07,119.92,0.21,2.5184826785368686,0,0,0,1,0,0,0,0,0,0,0,0,0,0,0,0,0,0,0,0,0,0,0,0,0,0,0,1,0,0,0,0,0,0,0,0,-0.591293582969229,-0.638344286659164,-0.6174753557811723,-0.24949759938178998,-0.6255703733591919,-0.6077684716348755,-0.6258040181571823,-0.8577093985191583,0.24112744545446638,1.845
2005,12410.0,25326,1434.5875,1488207.2,2606.1,119.92,0.21,2.0407735697018534,0,0,0,0,0,1,0,0,0,0,0,0,0,0,0,0,0,0,0,0,0,0,0,0,0,0,0,1,0,0,0,0,0,0,0,0,-0.591293582969229,-0.6327294817195945,-0.6133642934265312,-0.24949759938178998,-0.6206606519296135,-0.603617347865484,-0.6258040181571823,-0.8577093985191583,-0.33463842117352466,2.89
2005,2642000.0,10193000,566.7,316828640.0,554820.0,119.92,0.21,3.8580620741862224,0,1,0,0,0,0,0,0,0,0,0,0,0,0,0,0,0,0,0,0,0,0,0,0,0,0,0,0,1,0,0,0,0,0,0,0,-0.591293582969229,1.405740064192681,2.7814169796720623,-1.1749054678220108,1.1618264906915354,0.9034589399646711,-0.6258040181571823,-0.8577093985191583,1.85567503809714,3.820588235
2005,9790.0,23690,2041.6,1174016.8,2055.9,119.92,0.21000000000000002,2.4198161389172625,0,1,0,0,0,0,0,0,0,0,0,0,0,0,0,0,0,0,0,0,0,0,0,0,0,0,0,0,0,1,0,0,0,0,0,0,-0.591293582969229,-0.634760517056012,-0.6139105208294543,0.39774544046101146,-0.6224366384193961,-0.6051189279118468,-0.6258040181571823,-0.8577093985191578,0.12220816039036818,5.3425
2005,2050455.0,5209433,1364.1,245890563.6,430595.55,119.92,0.21,2.540622934909569,0,1,0,0,0,0,0,0,0,0,0,0,0,0,0,0,0,0,0,0,0,0,0,0,0,0,0,0,0,0,1,0,0,0,0,0,-0.591293582969229,0.9471718206502743,1.1175044737408002,-0.32465674976323944,0.7608433120280071,0.5644313947258737,-0.6258040181571823,-0.8577093985191583,0.2678123121694451,2.895517241
2005,253067.0,602947,1765.9,30347794.64,53144.07,119.92,0.21,2.3825587690216423,0,1,0,0,0,0,0,0,0,0,0,0,0,0,0,0,0,0,0,0,0,0,0,0,0,0,0,0,0,0,0,0,1,0,0,0,-0.591293582969229,-0.446171134026376,-0.420508291773795,0.10377306578230172,-0.4575295142686938,-0.4656914893855151,-0.6258040181571823,-0.8577093985191583,0.077303172251153,2.305
2005,5571524.0,11119095,751.9,668137158.1,1170020.04,119.92000000358969,0.21000000000000002,1.995700817227028,0,1,0,0,0,0,0,0,0,0,0,0,0,0,0,0,0,0,0,0,0,0,0,0,0,0,0,0,0,0,0,0,0,1,0,0,-0.591293582969229,3.6767197446824578,3.0906214214264143,-0.9774310978891234,3.1476261264892678,2.582434048262675,-0.6258040180205647,-0.8577093985191578,-0.38896301308525116,1.951714286
2005,275459.0,526520,1353.3,33033043.28,57846.39,119.92,0.21,1.9114278349954077,0,1,0,0,0,0,0,0,0,0,0,0,0,0,0,0,0,0,0,0,0,0,0,0,0,0,0,0,0,0,0,0,0,0,1,0,-0.591293582969229,-0.42881275873894803,-0.44602572558993686,-0.33617253375500605,-0.4423509304980022,-0.4528581380885096,-0.6258040181571823,-0.8577093985191583,-0.49053425330347344,1.62
2005,8971.0,42646,1353.3,1075802.32,1883.91,119.92,0.21000000000000002,4.753762122394382,0,0,0,1,0,0,0,0,0,0,0,0,0,0,0,0,0,0,0,0,0,0,0,0,0,0,0,0,0,0,0,0,0,0,1,0,-0.591293582969229,-0.6353954093997242,-0.6075814947598874,-0.33617253375500605,-0.622991803661813,-0.6055883149568739,-0.6258040181571823,-0.8577093985191578,2.9352305771425855,3.89
2005,288129.0,605612,1650.1,34552429.68,60507.09,119.92,0.21,2.101877978266679,1,0,0,0,0,0,0,0,0,0,0,0,0,0,0,0,0,0,0,0,0,0,0,0,0,0,0,0,0,0,0,0,0,0,0,1,-0.591293582969229,-0.4189909199174175,-0.4196185020251457,-0.019701729240529847,-0.4337624767477941,-0.44559668038338895,-0.6258040181571823,-0.8577093985191583,-0.2609914420779923,2.116111111
2005,1381957.0,4047038,1650.1,165724283.4,290210.97,119.91999997105555,0.21,2.928483303026071,0,0,0,1,0,0,0,0,0,0,0,0,0,0,0,0,0,0,0,0,0,0,0,0,0,0,0,0,0,0,0,0,0,0,0,1,-0.591293582969229,0.4289492785417082,0.729404228006777,-0.019701729240529847,0.3076969696466809,0.18130038028564413,-0.6258040192587596,-0.8577093985191583,0.7352866743892696,2.767222222
2005,4112863.0,9858092,1650.1,493214531.0,863701.23,119.92000000972558,0.21,2.396892870003207,0,0,0,0,0,1,0,0,0,0,0,0,0,0,0,0,0,0,0,0,0,0,0,0,0,0,0,0,0,0,0,0,0,0,0,1,-0.591293582969229,2.5459594260358456,2.669597953352876,-0.019701729240529847,2.1588619169943923,1.7464431123819397,-0.6258040177870431,-0.8577093985191583,0.09457955639653906,2.317222222
2006,2640870.0,6949186,845.2,337265507.7,580991.4,127.71,0.22,2.6314002582482288,0,1,0,0,0,0,1,0,0,0,0,0,0,0,0,0,0,0,0,0,0,0,0,0,0,0,0,0,0,0,0,0,0,0,0,0,-0.43796203643236614,1.40486408330331,1.698372910732102,-0.8779475195158059,1.277347528026458,0.9748846979170119,-0.329329721454419,-0.7208189785155007,0.37722300431579064,2.689090909
2006,1337020.0,4922944,845.2,170750824.2,294144.4,127.71,0.22000000000000003,3.6820271948063605,0,0,1,0,0,0,1,0,0,0,0,0,0,0,0,0,0,0,0,0,0,0,0,0,0,0,0,0,0,0,0,0,0,0,0,0,-0.43796203643236614,0.39411392170484016,1.0218515749412576,-0.8779475195158059,0.3361098955385636,0.19203531304057814,-0.329329721454419,-0.7208189785155003,1.6435064337971859,3.036818182
2006,123038.0,144635,1940.0,15713182.98,27068.36,127.71000000000001,0.22,1.1755311367219883,0,1,0,0,0,0,0,1,0,0,0,0,0,0,0,0,0,0,0,0,0,0,0,0,0,0,0,0,0,0,0,0,0,0,0,0,-0.43796203643236614,-0.5469701774458547,-0.5735294247129866,0.2894117688347623,-0.5402528329677209,-0.5368560946758485,-0.32932972145441847,-0.7208189785155007,-1.3774844755074338,1.151875
2006,379441.0,335708,1774.9,48458410.11,83477.02,127.71,0.22,0.884743609678448,1,0,0,0,0,0,0,0,1,0,0,0,0,0,0,0,0,0,0,0,0,0,0,0,0,0,0,0,0,0,0,0,0,0,0,0,-0.43796203643236614,-0.3482054624216323,-0.5097340038335635,0.11336955244210727,-0.3551578046417681,-0.3829082242686144,-0.329329721454419,-0.7208189785155007,-1.7279603810666422,1.028148148
2006,312471.0,630162,1774.9,39905671.41,68743.62,127.71,0.21999999999999997,2.0167055502750655,0,0,0,1,0,0,0,0,1,0,0,0,0,0,0,0,0,0,0,0,0,0,0,0,0,0,0,0,0,0,0,0,0,0,0,0,-0.43796203643236614,-0.4001208961925795,-0.411421752182992,0.11336955244210727,-0.40350284758974087,-0.4231179288398264,-0.329329721454419,-0.720818978515501,-0.36364675240898753,1.837037037
2006,1504647.0,1950144,1774.9,192158468.4,331022.34,127.71000001993824,0.22000000000000003,1.2960807418617124,0,0,0,0,0,1,0,0,1,0,0,0,0,0,0,0,0,0,0,0,0,0,0,0,0,0,0,0,0,0,0,0,0,0,0,0,-0.43796203643236614,0.5240590974062374,0.02929361442172285,0.11336955244210727,0.45711832506815053,0.29268085803323984,-0.32932972069560307,-0.7208189785155003,-1.2321903067523081,1.269259259
2006,517983.0,530242,1052.8,66151608.93,113956.26,127.71,0.22,1.0236667998756717,1,0,0,0,0,0,0,0,0,1,0,0,0,0,0,0,0,0,0,0,0,0,0,0,0,0,0,0,0,0,0,0,0,0,0,0,-0.43796203643236614,-0.24080710456745033,-0.4447830248603036,-0.656588560562958,-0.2551455761797994,-0.2997257113418583,-0.329329721454419,-0.7208189785155007,-1.560521181103104,0.962413793
2006,109436.0,163989,1052.8,13976071.56,24075.92,127.71000000000001,0.21999999999999997,1.4984922694542928,0,0,0,1,0,0,0,0,0,1,0,0,0,0,0,0,0,0,0,0,0,0,0,0,0,0,0,0,0,0,0,0,0,0,0,0,-0.43796203643236614,-0.5575145067000347,-0.567067514470826,-0.656588560562958,-0.5500719948936329,-0.5450229216368404,-0.32932972145441847,-0.720818978515501,-0.9882308627215116,1.45173913
2006,2736591.0,4333716,1052.8,349490036.6,602050.02,127.70999999634583,0.22,1.5836184508390183,0,0,0,0,0,1,0,0,0,1,0,0,0,0,0,0,0,0,0,0,0,0,0,0,0,0,0,0,0,0,0,0,0,0,0,0,-0.43796203643236614,1.4790674166762954,0.8251202300943103,-0.656588560562958,1.34644766020859,1.0323568963829068,-0.3293297215934904,-0.7208189785155007,-0.8856312917875703,1.482702703
2006,3905319.0,5441525,1317.2,498748289.5,859170.18,127.7100000025606,0.22,1.3933624884420452,0,1,0,0,0,0,0,0,0,0,1,0,0,0,0,0,0,0,0,0,0,0,0,0,0,0,0,0,0,0,0,0,0,0,0,0,-0.43796203643236614,2.3850704192185024,1.1949953113931482,-0.37466510802378156,2.190141931704325,1.7340771831397155,-0.3293297213569664,-0.7208189785155007,-1.1149400636838753,1.247222222
2006,7381.0,20815,462.7,942627.51,1623.82,127.71000000000001,0.22,2.8200785801381927,0,1,0,0,0,0,0,0,0,0,0,1,0,0,0,0,0,0,0,0,0,0,0,0,0,0,0,0,0,0,0,0,0,0,0,0,-0.43796203643236614,-0.6366279842794585,-0.6148704253425376,-1.2857982025575416,-0.6237445849795723,-0.6062981403917312,-0.32932972145441847,-0.7208189785155007,0.6046303019949498,2.82
2006,52985.0,128945,2928.8,6766714.35,11656.7,127.71,0.22,2.433613286779277,0,1,0,0,0,0,0,0,0,0,0,0,1,0,0,0,0,0,0,0,0,0,0,0,0,0,0,0,0,0,0,0,0,0,0,0,-0.43796203643236614,-0.6012755661565635,-0.578767999255691,1.3437457698587318,-0.5908234659919757,-0.5789168746419097,-0.329329721454419,-0.7208189785155007,0.13883737396165652,2.41
2006,655600.0,1045200,1056.2,83726676.0,144232.0,127.71,0.22,1.5942647956070775,0,1,0,0,0,0,0,0,0,0,0,0,0,1,0,0,0,0,0,0,0,0,0,0,0,0,0,0,0,0,0,0,0,0,0,0,-0.43796203643236614,-0.13412581071562946,-0.272848935034813,-0.6529632211581424,-0.15580109692981928,-0.21709858107492563,-0.329329721454419,-0.7208189785155007,-0.8727996295721466,1.601875
2006,33700.0,96000,1056.2,4303827.0,7414.0,127.71,0.22,2.8486646884273,0,0,0,1,0,0,0,0,0,0,0,0,0,1,0,0,0,0,0,0,0,0,0,0,0,0,0,0,0,0,0,0,0,0,0,0,-0.43796203643236614,-0.6162253816003849,-0.5897676702760476,-0.6529632211581424,-0.6047451346981374,-0.5904958525821191,-0.329329721454419,-0.7208189785155007,0.6390841256884892,2.855555556
2006,1042036.0,3371000,329.3,133078417.6,229247.92,127.71000003838638,0.22,3.2350129937929206,0,1,0,0,0,0,0,0,0,0,0,0,0,0,1,0,0,0,0,0,0,0,0,0,0,0,0,0,0,0,0,0,0,0,0,0,-0.43796203643236614,0.1654410485453793,0.5036887750621776,-1.4280394603817705,0.12316358922495053,0.014922882202375904,-0.3293297199934976,-0.7208189785155007,1.1047360522376182,2.8545
2006,79206.0,123485,1207.0,10115398.26,17425.32,127.71,0.22,1.5590359316213418,0,1,0,0,0,0,0,0,0,0,0,0,0,0,0,1,0,0,0,0,0,0,0,0,0,0,0,0,0,0,0,0,0,0,0,0,-0.43796203643236614,-0.5809489335015239,-0.5805909831309725,-0.49216875579162284,-0.5718947610324595,-0.5631734273735545,-0.329329721454419,-0.7208189785155007,-0.9152597313954761,1.750909091
2006,252516.0,554258,1786.5,32248818.36,55553.52,127.71,0.22,2.194942102678642,0,1,0,0,0,0,0,0,0,0,0,0,0,0,0,0,1,0,0,0,0,0,0,0,0,0,0,0,0,0,0,0,0,0,0,0,-0.43796203643236614,-0.44659827161048515,-0.43676456684771037,0.125738357470301,-0.44678382489220025,-0.4591157314016752,-0.329329721454419,-0.7208189785155007,-0.1488245496050776,2.060833333
2006,183635.05,254351,1465.1,23452032.24,40399.711,127.71000002450512,0.22000000000000003,1.3850896111608324,1,0,0,0,0,0,0,0,0,0,0,0,0,0,0,0,0,1,0,0,0,0,0,0,0,0,0,0,0,0,0,0,0,0,0,0,-0.43796203643236614,-0.4999950820898778,-0.5368974652147489,-0.21696284391431053,-0.49650836549760086,-0.5004727965067136,-0.3293297205217951,-0.7208189785155003,-1.124911069614536,1.274545455
2006,995583.37,1175595,1465.1,127145952.2,219028.3414,127.71000001737676,0.22,1.1808102017614055,0,0,0,0,0,1,0,0,0,0,0,0,0,0,0,0,0,1,0,0,0,0,0,0,0,0,0,0,0,0,0,0,0,0,0,0,-0.43796203643236614,0.12943076877456675,-0.22931267451881973,-0.21696284391431053,0.08962985171577562,-0.012967912614046692,-0.32932972079308864,-0.7208189785155007,-1.3711218054197354,1.208181818
2006,1066981.0,2723038,1146.3,136264143.5,234735.82,127.70999999062776,0.22,2.55209605419403,0,1,0,0,0,0,0,0,0,0,0,0,0,0,0,0,0,0,1,0,0,0,0,0,0,0,0,0,0,0,0,0,0,0,0,0,-0.43796203643236614,0.18477852047932403,0.28734733224256015,-0.5568917269305337,0.14117116093481344,0.029900201607018017,-0.32932972181111025,-0.7208189785155007,0.2816404564220293,2.428148148
2006,44063.0,99796,1146.3,5627285.73,9693.86,127.71000000000001,0.22,2.264848058461748,0,0,1,0,0,0,0,0,0,0,0,0,0,0,0,0,0,0,1,0,0,0,0,0,0,0,0,0,0,0,0,0,0,0,0,0,-0.43796203643236614,-0.6081919391609594,-0.5885002624389472,-0.5568917269305337,-0.5972641778507454,-0.5842737655510384,-0.32932972145441847,-0.7208189785155007,-0.06456937743121226,2.335333333
2006,284632.0,822692,1146.3,36350352.72,62619.04,127.71,0.22,2.8903707243036623,0,0,0,1,0,0,0,0,0,0,0,0,0,0,0,0,0,0,1,0,0,0,0,0,0,0,0,0,0,0,0,0,0,0,0,0,-0.43796203643236614,-0.42170180944850605,-0.34713986839032984,-0.5568917269305337,-0.423599572251957,-0.43983284545260776,-0.329329721454419,-0.7208189785155007,0.6893509333458351,2.6825
2006,83859.0,191241,3429.7,10709632.89,18448.98,127.71000000000001,0.22,2.2805065645905627,1,0,0,0,0,0,0,0,0,0,0,0,0,0,0,0,0,0,0,1,0,0,0,0,0,0,0,0,0,0,0,0,0,0,0,0,-0.43796203643236614,-0.5773419077685655,-0.5579686213262894,1.877843566291687,-0.5685358020233969,-0.5603797024912213,-0.32932972145441847,-0.7208189785155007,-0.045696734677250585,2.270769231
2006,35946.0,103571,3429.7,4590663.66,7908.12,127.71000000000001,0.22,2.881294163467423,0,0,0,1,0,0,0,0,0,0,0,0,0,0,0,0,0,0,0,1,0,0,0,0,0,0,0,0,0,0,0,0,0,0,0,0,-0.43796203643236614,-0.6144842726822194,-0.5872398660782902,1.877843566291687,-0.6031237674223252,-0.5891473234426993,-0.32932972145441847,-0.7208189785155007,0.6784112760957914,2.497857143
2006,143724.0,346763,3429.7,18354992.04,31619.28,127.71,0.22,2.412700731958476,0,0,0,0,0,1,0,0,0,0,0,0,0,0,0,0,0,0,0,1,0,0,0,0,0,0,0,0,0,0,0,0,0,0,0,0,-0.43796203643236614,-0.5309343007400789,-0.5060429623058645,1.877843566291687,-0.5253197949145364,-0.5244359371611391,-0.329329721454419,-0.7208189785155007,0.11363221243738199,2.286428571
2006,1674013.0,1389269,1072.3,213788200.2,368282.86,127.70999998207898,0.22,0.8299033520050322,0,1,0,0,0,0,0,0,0,0,0,0,0,0,0,0,0,0,0,0,1,0,0,0,0,0,0,0,0,0,0,0,0,0,0,0,-0.43796203643236614,0.6553523534320734,-0.15797123558715565,-0.635796172800046,0.5793821226075435,0.3943705224263694,-0.3293297221364625,-0.7208189785155007,-1.79405740099251,0.856666667
2006,1491300.0,2488600,1439.4,190453923.0,328086.0,127.71,0.22,1.6687453899282505,0,1,0,0,0,0,0,0,0,0,0,0,0,0,0,0,0,0,0,0,0,1,0,0,0,0,0,0,0,0,0,0,0,0,0,0,-0.43796203643236614,0.513712445255411,0.2090732125075364,-0.24436614470953286,0.4474832451878579,0.2846671365622533,-0.329329721454419,-0.7208189785155007,-0.7830308076192277,1.166333333
2006,38000.0,81100,1439.4,4852980.0,8360.0,127.71,0.22,2.1342105263157896,0,0,0,1,0,0,0,0,0,0,0,0,0,0,0,0,0,0,0,0,0,1,0,0,0,0,0,0,0,0,0,0,0,0,0,0,-0.43796203643236614,-0.6128920029948142,-0.5947424797525482,-0.24436614470953286,-0.6016410032261905,-0.5879140737310483,-0.329329721454419,-0.7208189785155007,-0.22202216725468865,2.176
2006,165370.0,389170,1533.561905,21119402.7,36381.4,127.71,0.22,2.35332889883292,0,1,0,0,0,0,0,0,0,0,0,0,0,0,0,0,0,0,0,0,0,0,1,0,0,0,0,0,0,0,0,0,0,0,0,0,-0.43796203643236614,-0.514154227880501,-0.49188412032801476,-0.14396353746571322,-0.5096937414629638,-0.5114393825075859,-0.329329721454419,-0.7208189785155007,0.042073445144471894,2.276666667
2006,32679.0,44736,2454.7,4173435.09,7189.38,127.71,0.22,1.3689525383273662,1,0,0,0,0,0,0,0,0,0,0,0,0,0,0,0,0,0,0,0,0,0,0,1,0,0,0,0,0,0,0,0,0,0,0,0,-0.43796203643236614,-0.6170168652181263,-0.6068836859138549,0.838224178146086,-0.6054821854499648,-0.5911088749558268,-0.329329721454419,-0.7208189785155007,-1.1443605118649842,1.641428571
2006,9854.0,39940,2454.7,1258454.34,2167.88,127.71000000000001,0.22,4.053176375076111,0,0,1,0,0,0,0,0,0,0,0,0,0,0,0,0,0,0,0,0,0,0,0,1,0,0,0,0,0,0,0,0,0,0,0,0,-0.43796203643236614,-0.6347109039790919,-0.6084849735815929,0.838224178146086,-0.6219593484376829,-0.6048133173455223,-0.32932972145441847,-0.7208189785155007,2.0908393932783595,2.077142857
2006,61752.0,115533,2454.7,7886347.92,13585.44,127.71,0.22,1.8709191605130198,0,0,0,0,0,1,0,0,0,0,0,0,0,0,0,0,0,0,0,0,0,0,0,1,0,0,0,0,0,0,0,0,0,0,0,0,-0.43796203643236614,-0.5944793498228336,-0.5832459955442029,0.838224178146086,-0.5844946472444039,-0.5736530478541567,-0.329329721454419,-0.7208189785155007,-0.5393579236876997,1.852857143
2006,50619.0,25789,2353.0,6464552.49,11136.18,127.71000000000001,0.22,0.5094727276319169,0,1,0,0,0,0,0,0,0,0,0,0,0,0,0,0,0,0,0,0,0,0,0,0,1,0,0,0,0,0,0,0,0,0,0,0,-0.43796203643236614,-0.6031096995939543,-0.6132097070649459,0.7297838788902835,-0.5925314601925864,-0.5803374534236849,-0.32932972145441847,-0.7208189785155007,-2.180261081693212,0.4525
2006,2232.0,3675,2353.0,285048.72,491.04,127.71,0.22,1.646505376344086,0,0,1,0,0,0,0,0,0,0,0,0,0,0,0,0,0,0,0,0,0,0,0,0,1,0,0,0,0,0,0,0,0,0,0,0,-0.43796203643236614,-0.6406195113585478,-0.6205931256396664,0.7297838788902835,-0.6274616019444688,-0.609389670462467,-0.329329721454419,-0.7208189785155007,-0.8098359081674092,1.58
2006,163680.0,261920,1362.5,20903572.8,36009.6,127.71000000000001,0.22,1.6001955034213098,0,1,0,0,0,0,0,0,0,0,0,0,0,0,0,0,0,0,0,0,0,0,0,0,0,1,0,0,0,0,0,0,0,0,0,0,-0.43796203643236614,-0.5154643231929231,-0.5343703287766527,-0.3263627918360937,-0.510913737320543,-0.5124540816374253,-0.32932972145441847,-0.7208189785155007,-0.8656515575315982,1.595
2006,1000.0,1600,1362.5,127710.0,220.0,127.71,0.22,1.6,0,0,1,0,0,0,0,0,0,0,0,0,0,0,0,0,0,0,0,0,0,0,0,0,0,1,0,0,0,0,0,0,0,0,0,0,-0.43796203643236614,-0.6415745630892601,-0.6212859262882395,-0.3263627918360937,-0.6283509717057335,-0.6101293801239831,-0.329329721454419,-0.7208189785155007,-0.8658871908798373,1.605
2006,757000.0,765000,1716.9,96676470.0,166540.0,127.71,0.22,1.010568031704095,1,0,0,0,0,0,0,0,0,0,0,0,0,0,0,0,0,0,0,0,0,0,0,0,0,0,1,0,0,0,0,0,0,0,0,0,-0.43796203643236614,-0.05552009197030996,-0.3664020635794758,0.051525527301138185,-0.0826013454750718,-0.15621663328455834,-0.329329721454419,-0.7208189785155007,-1.5763086623727394,1.056785714
2006,315000.0,720000,1716.9,40228650.0,69300.0,127.71,0.22,2.2857142857142856,0,0,0,1,0,0,0,0,0,0,0,0,0,0,0,0,0,0,0,0,0,0,0,0,0,0,1,0,0,0,0,0,0,0,0,0,-0.43796203643236614,-0.3981604044499078,-0.38142665595816894,0.051525527301138185,-0.4016771851496121,-0.421599482627185,-0.329329721454419,-0.7208189785155007,-0.03942005288386912,2.012
2006,3379000.0,5338000,1716.9,431532090.0,743380.0,127.71,0.22,1.579757324652264,0,0,0,0,0,1,0,0,0,0,0,0,0,0,0,0,0,0,0,0,0,0,0,0,0,0,1,0,0,0,0,0,0,0,0,0,-0.43796203643236614,1.9770656531009696,1.160430401926388,0.051525527301138185,1.8101969613725404,1.4180680521823354,-0.329329721454419,-0.7208189785155007,-0.8902849704048738,1.580333333
2006,5010.0,13285,1434.5875,639827.1,1102.2,127.71,0.22,2.651696606786427,0,1,0,0,0,0,0,0,0,0,0,0,0,0,0,0,0,0,0,0,0,0,0,0,0,0,0,1,0,0,0,0,0,0,0,0,-0.43796203643236614,-0.6384659937384837,-0.6173845404672388,-0.24949759938178998,-0.6254561886353831,-0.6077217212419379,-0.329329721454419,-0.7208189785155007,0.4016854742359853,2.64
2006,12061.0,33581,1434.5875,1540310.31,2653.42,127.71000000000001,0.22,2.7842633280822486,0,0,1,0,0,0,0,0,0,0,0,0,0,0,0,0,0,0,0,0,0,0,0,0,0,0,0,1,0,0,0,0,0,0,0,0,-0.43796203643236614,-0.6330000280296746,-0.6106081154246176,-0.24949759938178998,-0.6203661349124301,-0.6034882043398682,-0.32932972145441847,-0.7208189785155007,0.561463447402666,4.05
2006,4574.0,13942,1434.5875,584145.54,1006.28,127.71000000000001,0.22,3.04809794490599,0,0,0,1,0,0,0,0,0,0,0,0,0,0,0,0,0,0,0,0,0,0,0,0,0,0,0,1,0,0,0,0,0,0,0,0,-0.43796203643236614,-0.6388039828250021,-0.61716518141851,-0.24949759938178998,-0.6257709331288176,-0.6079835016091628,-0.32932972145441847,-0.7208189785155007,0.8794539650472628,3.05
2006,2621000.0,10138000,569.6,334727910.0,576620.0,127.71,0.22,3.867989317054559,0,1,0,0,0,0,0,0,0,0,0,0,0,0,0,0,0,0,0,0,0,0,0,0,0,0,0,0,1,0,0,0,0,0,0,0,-0.43796203643236614,1.3894607733282656,2.7630535889869927,-1.1718132665649623,1.2630035530619035,0.9629544779703196,-0.329329721454419,-0.7208189785155007,1.8676399922661184,3.75
2006,9200.0,21450,2270.2,1174932.0,2024.0,127.71,0.22,2.3315217391304346,0,1,0,0,0,0,0,0,0,0,0,0,0,0,0,0,0,0,0,0,0,0,0,0,0,0,0,0,0,1,0,0,0,0,0,0,-0.43796203643236614,-0.6352178876088694,-0.6146584116500826,0.6414962016200723,-0.6224314651778348,-0.6052059878963597,-0.329329721454419,-0.7208189785155007,0.015790048046568,4.84
2006,1931397.0,6610607,927.9,246658710.9,424907.34,127.7100000155328,0.22,3.4227075013578254,0,1,0,0,0,0,0,0,0,0,0,0,0,0,0,0,0,0,0,0,0,0,0,0,0,0,0,0,0,0,1,0,0,0,0,0,-0.43796203643236614,0.8548775439009622,1.5853282115546452,-0.7897664698751482,0.7651853263828793,0.5489073986598596,-0.32932972086326656,-0.7208189785155007,1.330957593361182,3.584827586
2006,250939.0,628200,1764.3,32047419.69,55206.58,127.71000000000001,0.22,2.5033972399666853,0,1,0,0,0,0,0,0,0,0,0,0,0,0,0,0,0,0,0,0,0,0,0,0,0,0,0,0,0,0,0,0,1,0,0,0,-0.43796203643236614,-0.44782076883397004,-0.41207682441070304,0.10206702370944726,-0.4479222470622608,-0.4600625837849633,-0.32932972145441847,-0.7208189785155007,0.2229455007287177,2.4225
2006,5902577.0,11082993,590.5,753818108.7,1298566.94,127.71000000508253,0.22,1.8776532690721357,0,1,0,0,0,0,0,0,0,0,0,0,0,0,0,0,0,0,0,0,0,0,0,0,0,0,0,0,0,0,0,0,0,1,0,0,-0.43796203643236614,3.9333534627080424,3.0785676917807345,-1.1495280919883029,3.6319445865610263,2.933258221402963,-0.32932972126098603,-0.7208189785155007,-0.531241541188815,1.846
2006,18175.0,40620,590.5,2321129.25,3998.5,127.71,0.22,2.2349381017881704,0,0,0,1,0,0,0,0,0,0,0,0,0,0,0,0,0,0,0,0,0,0,0,0,0,0,0,0,0,0,0,0,0,1,0,0,-0.43796203643236614,-0.6282604287751491,-0.6082579352967593,-1.1495280919883029,-0.6159524930939456,-0.5998172750618572,-0.329329721454419,-0.7208189785155007,-0.10061878868687184,1.995
2006,273662.0,540128,1178.9,34949374.02,60205.64,127.71000000000001,0.22,1.9737047891194246,0,1,0,0,0,0,0,0,0,0,0,0,0,0,0,0,0,0,0,0,0,0,0,0,0,0,0,0,0,0,0,0,0,0,1,0,-0.43796203643236614,-0.43020580091434585,-0.44148228885462004,-0.5221311196961268,-0.4315187169606215,-0.44641938359126987,-0.32932972145441847,-0.7208189785155007,-0.4154740465814157,1.645384615
2006,9923.0,31208,1178.9,1267266.33,2183.06,127.71000000000001,0.22,3.1450166280358762,0,0,1,0,0,0,0,0,0,0,0,0,0,0,0,0,0,0,0,0,0,0,0,0,0,0,0,0,0,0,0,0,0,0,1,0,-0.43796203643236614,-0.6346574148805374,-0.6114004122627207,-0.5221311196961268,-0.6219095379559237,-0.6047718888011681,-0.32932972145441847,-0.7208189785155007,0.9962666205999431,3.145
2006,283859.0,575294,1631.4,36251632.89,62448.98,127.71000000000001,0.22,2.0266893070151024,1,0,0,0,0,0,0,0,0,0,0,0,0,0,0,0,0,0,0,0,0,0,0,0,0,0,0,0,0,0,0,0,0,0,0,1,-0.43796203643236614,-0.4223010423931819,-0.4297410707304173,-0.03964109596701451,-0.42415759402586745,-0.4402969652321142,-0.32932972145441847,-0.7208189785155007,-0.3516136840723825,2.001111111
2006,1401233.0,4520656,1631.4,178951466.4,308271.26,127.70999997859029,0.22,3.2261986407685233,0,0,0,1,0,0,0,0,0,0,0,0,0,0,0,0,0,0,0,0,0,0,0,0,0,0,0,0,0,0,0,0,0,0,0,1,-0.43796203643236614,0.44389211714658766,0.8875357256337082,-0.03964109596701451,0.38246468471971307,0.2305896770786733,-0.32932972226923635,-0.7208189785155007,1.0941124247748018,3.028888889
2006,4001936.0,9649942,1631.4,511087246.6,880425.92,127.71000000999517,0.22,2.4113184218838084,0,0,0,0,0,1,0,0,0,0,0,0,0,0,0,0,0,0,0,0,0,0,0,0,0,0,0,0,0,0,0,0,0,0,0,1,-0.43796203643236614,2.4599683356683695,2.600100866605654,-0.03964109596701451,2.2598888784843894,1.7920873522685312,-0.3293297210740194,-0.7208189785155007,0.11196616307099962,2.291666667
2007,2578000.0,8191000,1004.2,343905200.0,412480.0,133.4,0.16,3.1772692009309544,0,1,0,0,0,0,1,0,0,0,0,0,0,0,0,0,0,0,0,0,0,0,0,0,0,0,0,0,0,0,0,0,0,0,0,0,-0.28463048989550327,1.356126987272558,2.112989558735535,-0.7084095885259079,1.3148789224328865,0.5149912849314596,-0.1127778924122202,-1.5421614985374454,1.0351395042031122,3.094545455
2007,1406000.0,5133000,1004.2,187560400.0,224960.0,133.4,0.16,3.650782361308677,0,0,1,0,0,0,1,0,0,0,0,0,0,0,0,0,0,0,0,0,0,0,0,0,0,0,0,0,0,0,0,0,0,0,0,0,-0.28463048989550327,0.44758751617280995,1.0919850366456747,-0.7084095885259079,0.43112737385673133,0.003220491958101542,-0.1127778924122202,-1.5421614985374454,1.6058481427917826,3.159090909
2007,124029.0,158146,3223.9,16545468.6,19844.64,133.4,0.16,1.2750727652403873,0,1,0,0,0,0,0,1,0,0,0,0,0,0,0,0,0,0,0,0,0,0,0,0,0,0,0,0,0,0,0,0,0,0,0,0,-0.28463048989550327,-0.5462019499579197,-0.5690183743212417,1.6584039046708003,-0.5355482716037826,-0.5565707326484248,-0.1127778924122202,-1.5421614985374454,-1.257510476792556,1.225625
2007,354115.0,347992,2154.1,47238941.0,56658.4,133.4,0.16,0.9827090069610155,1,0,0,0,0,0,0,0,1,0,0,0,0,0,0,0,0,0,0,0,0,0,0,0,0,0,0,0,0,0,0,0,0,0,0,0,-0.28463048989550327,-0.36783828720411715,-0.505632623994011,0.5177015237085808,-0.362050951803703,-0.4561003447029743,-0.1127778924122202,-1.5421614985374454,-1.6098861580242814,1.082592593
2007,322889.0,731851,2154.1,43073392.6,51662.24,133.4,0.16,2.26657148431814,0,0,0,1,0,0,0,0,1,0,0,0,0,0,0,0,0,0,0,0,0,0,0,0,0,0,0,0,0,0,0,0,0,0,0,0,-0.28463048989550327,-0.3920448175151758,-0.37746984608528245,0.5177015237085808,-0.3855970489503233,-0.4697356303526211,-0.1127778924122202,-1.5421614985374454,-0.06249219329671971,2.085925926
2007,1646992.0,2238765,2154.1,219708732.8,263518.72,133.4,0.15999999999999998,1.3593053275304312,0,0,0,0,0,1,0,0,1,0,0,0,0,0,0,0,0,0,0,0,0,0,0,0,0,0,0,0,0,0,0,0,0,0,0,0,-0.28463048989550327,0.6344055573155323,0.1256583450201851,0.5177015237085808,0.6128484090055921,0.10845314293099867,-0.1127778924122202,-1.5421614985374459,-1.1559879532980897,1.36962963
2007,524266.0,318517,1600.2,69937084.4,83882.56,133.4,0.16,0.6075484582254047,1,0,0,0,0,0,0,0,0,1,0,0,0,0,0,0,0,0,0,0,0,0,0,0,0,0,0,0,0,0,0,0,0,0,0,0,-0.28463048989550327,-0.23593649578168263,-0.5154737320020549,-0.07290891638767379,-0.2337478718192479,-0.38180144351252215,-0.1127778924122202,-1.5421614985374454,-2.0620538778196194,0.617
2007,110440.0,172291,1600.2,14732696.0,17670.4,133.4,0.16,1.5600416515755162,0,0,0,1,0,0,0,0,0,1,0,0,0,0,0,0,0,0,0,0,0,0,0,0,0,0,0,0,0,0,0,0,0,0,0,0,-0.28463048989550327,-0.5567362015558502,-0.5642956441168725,-0.07290891638767379,-0.5457951144310875,-0.5625045665270212,-0.1127778924122202,-1.5421614985374454,-0.9140475727610878,1.416666667
2007,2842665.0,3967956,1600.2,379211511.0,454826.4,133.4,0.16,1.3958577602355535,0,0,0,0,0,1,0,0,0,1,0,0,0,0,0,0,0,0,0,0,0,0,0,0,0,0,0,0,0,0,0,0,0,0,0,0,-0.28463048989550327,1.5612964404454377,0.7030003432402923,-0.07290891638767379,1.5144506831870743,0.63056109459212,-0.1127778924122202,-1.5421614985374454,-1.1119326009830586,1.260789474
2007,3902881.0,5634972,1246.2,520644325.4,624460.96,133.4,0.16,1.4437980558464376,0,1,0,0,0,0,0,0,0,0,1,0,0,0,0,0,0,0,0,0,0,0,0,0,0,0,0,0,0,0,0,0,0,0,0,0,-0.28463048989550327,2.3831804710695765,1.259583362990505,-0.450370725006692,2.313911034573778,1.093519783195398,-0.1127778924122202,-1.5421614985374454,-1.0541518609085887,1.393888889
2007,7419.0,20946,677.5,989694.6,1187.04,133.4,0.16,2.8232915487262433,0,1,0,0,0,0,0,0,0,0,0,1,0,0,0,0,0,0,0,0,0,0,0,0,0,0,0,0,0,0,0,0,0,0,0,0,-0.28463048989550327,-0.6365985265150372,-0.614826687084724,-1.0567620542768492,-0.6234785344702207,-0.6074901798912774,-0.1127778924122202,-1.5421614985374454,0.6085027792187123,2.82
2007,52191.0,121679,3674.7,6962279.4,8350.56,133.4,0.16,2.331417294169493,0,1,0,0,0,0,0,0,0,0,0,0,1,0,0,0,0,0,0,0,0,0,0,0,0,0,0,0,0,0,0,0,0,0,0,0,-0.28463048989550327,-0.6018910783921038,-0.581193970105104,2.1390812586975048,-0.5897180188278558,-0.5879398369364965,-0.1127778924122202,-1.5421614985374454,0.015664164234977705,2.32
2007,726000.0,1376300,1021.6,96848400.0,116160.0,133.4,0.16,1.8957300275482094,0,1,0,0,0,0,0,0,0,0,0,0,0,1,0,0,0,0,0,0,0,0,0,0,0,0,0,0,0,0,0,0,0,0,0,0,-0.28463048989550327,-0.07955142610349443,-0.162301323110695,-0.6898563809836171,-0.08162949733079902,-0.29371136744623594,-0.1127778924122202,-1.5421614985374454,-0.5094542645442827,1.8325
2007,32600.0,97900,1021.6,4348840.0,5216.0,133.4,0.16,3.003067484662577,0,0,0,1,0,0,0,0,0,0,0,0,0,1,0,0,0,0,0,0,0,0,0,0,0,0,0,0,0,0,0,0,0,0,0,0,-0.28463048989550327,-0.6170781063599495,-0.5891332985978361,-0.6898563809836171,-0.6044906950976131,-0.5964945311388353,-0.1127778924122202,-1.5421614985374454,0.8251803464639076,3.043333333
2007,1072545.0,3606000,443.8,143077503.0,171607.2,133.4,0.16,3.3620966952435563,0,1,0,0,0,0,0,0,0,0,0,0,0,0,1,0,0,0,0,0,0,0,0,0,0,0,0,0,0,0,0,0,0,0,0,0,-0.28463048989550327,0.1890917573540672,0.5821505352620197,-1.3059508245431333,0.17968422314814614,-0.14238746859730042,-0.1127778924122202,-1.5421614985374454,1.2579055358140527,3.191578947
2007,78571.0,121453,1095.4,10481371.4,12571.36,133.4,0.16,1.5457738860393784,0,1,0,0,0,0,0,0,0,0,0,0,0,0,0,1,0,0,0,0,0,0,0,0,0,0,0,0,0,0,0,0,0,0,0,0,-0.28463048989550327,-0.5814411882490907,-0.581269426946828,-0.6111651903732116,-0.5698260684426689,-0.5764206274496048,-0.1127778924122202,-1.5421614985374454,-0.9312440051439514,1.686363636
2007,263246.0,561355,1042.2,35117016.4,42119.36,133.4,0.16,2.132435060741664,0,1,0,0,0,0,0,0,0,0,0,0,0,0,0,0,1,0,0,0,0,0,0,0,0,0,0,0,0,0,0,0,0,0,0,0,-0.28463048989550327,-0.43828032918309584,-0.43439502168967514,-0.6678910892956177,-0.43057110493302614,-0.4957796110738753,-0.1127778924122202,-1.5421614985374454,-0.2241620730175234,1.9745
2007,183323.17,163692,1444.7,24455310.88,29331.7072,133.40000001090968,0.16,0.8929149545035687,1,0,0,0,0,0,0,0,0,0,0,0,0,0,0,0,0,1,0,0,0,0,0,0,0,0,0,0,0,0,0,0,0,0,0,0,-0.28463048989550327,-0.5002368528153441,-0.5671666767805255,-0.23871488034320296,-0.4908372523441517,-0.5306790736044,-0.11277789199701639,-1.5421614985374454,-1.7181117486086483,0.899047619
2007,1014731.14,1306932,1444.7,135365134.1,162356.9824,133.4000000236516,0.16,1.2879588971715208,0,0,0,0,0,1,0,0,0,0,0,0,0,0,0,0,0,1,0,0,0,0,0,0,0,0,0,0,0,0,0,0,0,0,0,0,-0.28463048989550327,0.14427420292861082,-0.18546189920236586,-0.23871488034320296,0.13608943804134638,-0.16763272881662697,-0.11277789151208084,-1.5421614985374454,-1.2419792784511525,1.306363636
2007,1051466.0,2791181,1323.3,140265564.4,168234.56,133.4,0.16,2.65456134577818,0,1,0,0,0,0,0,0,0,0,0,0,0,0,0,0,0,0,1,0,0,0,0,0,0,0,0,0,0,0,0,0,0,0,0,0,-0.28463048989550327,0.17275122534782864,0.31009890554169994,-0.36816082262102456,0.16378951419555507,-0.1515919195743358,-0.1127778924122202,-1.5421614985374454,0.40513824266293036,2.567586207
2007,40325.0,86756,1323.3,5379355.0,6452.0,133.4,0.16,2.151419714817111,0,0,1,0,0,0,0,0,0,0,0,0,0,0,0,0,0,0,1,0,0,0,0,0,0,0,0,0,0,0,0,0,0,0,0,0,-0.28463048989550327,-0.6110896529348253,-0.5928540554304618,-0.36816082262102456,-0.5986656262300782,-0.5931212978831023,-0.1127778924122202,-1.5421614985374454,-0.20128054196813824,2.255333333
2007,324525.0,990578,1323.3,43291635.0,51924.0,133.4,0.16,3.052393498189662,0,0,0,1,0,0,0,0,0,0,0,0,0,0,0,0,0,0,1,0,0,0,0,0,0,0,0,0,0,0,0,0,0,0,0,0,-0.28463048989550327,-0.3907765832364052,-0.29108611914390137,-0.36816082262102456,-0.38436341624258397,-0.4690212472320542,-0.1127778924122202,-1.5421614985374454,0.8846312432554414,2.846923077
2007,77533.0,168108,3489.6,10342902.2,12405.28,133.39999999999998,0.16,2.1682122451085344,1,0,0,0,0,0,0,0,0,0,0,0,0,0,0,0,0,0,0,1,0,0,0,0,0,0,0,0,0,0,0,0,0,0,0,0,-0.28463048989550327,-0.5822458503403889,-0.5656922634484296,1.9417135163941706,-0.5706087767254523,-0.5768738851996955,-0.11277789241222128,-1.5421614985374454,-0.1810411000623793,2.07
2007,45447.0,109277,3489.6,6062629.8,7271.52,133.4,0.16,2.404493145862213,0,0,0,1,0,0,0,0,0,0,0,0,0,0,0,0,0,0,0,1,0,0,0,0,0,0,0,0,0,0,0,0,0,0,0,0,-0.28463048989550327,-0.6071190563725617,-0.5853347477646719,1.9417135163941706,-0.5948033605032804,-0.590884702318589,-0.1127778924122202,-1.5421614985374454,0.10373989965908224,2.335714286
2007,105958.0,251103,3489.6,14134797.2,16953.28,133.4,0.15999999999999998,2.369835217727779,0,0,0,0,0,1,0,0,0,0,0,0,0,0,0,0,0,0,0,1,0,0,0,0,0,0,0,0,0,0,0,0,0,0,0,0,-0.28463048989550327,-0.5602106673489126,-0.5379819069046599,1.9417135163941706,-0.5491747854555912,-0.5644616968120951,-0.1127778924122202,-1.5421614985374459,0.06196792659263456,2.252857143
2007,1634912.0,1325175,740.4,218097260.8,261585.92,133.4,0.16,0.8105482129925036,0,1,0,0,0,0,0,0,0,0,0,0,0,0,0,0,0,0,0,0,1,0,0,0,0,0,0,0,0,0,0,0,0,0,0,0,-0.28463048989550327,0.6250410890468591,-0.17937092945204364,-0.9896932752877639,0.6037394339997901,0.10317823578158056,-0.1127778924122202,-1.5421614985374454,-1.8173854644125915,0.875
2007,1535300.0,2912800,1257.2,204809020.0,245648.0,133.4,0.16,1.8972187846023578,0,1,0,0,0,0,0,0,0,0,0,0,0,0,0,0,0,0,0,0,0,1,0,0,0,0,0,0,0,0,0,0,0,0,0,0,-0.28463048989550327,0.5478214356379955,0.35070503666401737,-0.4386416857558185,0.5286265848045956,0.05968121169483807,-0.1127778924122202,-1.5421614985374454,-0.507659918404284,1.377241379
2007,41400.0,98700,1257.2,5522760.0,6624.0,133.4,0.16,2.3840579710144927,0,0,0,1,0,0,0,0,0,0,0,0,0,0,0,0,0,0,0,0,0,1,0,0,0,0,0,0,0,0,0,0,0,0,0,0,-0.28463048989550327,-0.6102563082834326,-0.588866194733326,-0.4386416857558185,-0.5978550179410685,-0.592651883546544,-0.1127778924122202,-1.5421614985374454,0.07911010730577014,2.486
2007,166150.0,406150,1435.7,22164410.0,26584.0,133.4,0.16,2.4444778814324404,0,1,0,0,0,0,0,0,0,0,0,0,0,0,0,0,0,0,0,0,0,0,1,0,0,0,0,0,0,0,0,0,0,0,0,0,-0.28463048989550327,-0.5135495685055371,-0.4862148408037879,-0.24831136700300852,-0.5037867537048267,-0.5381779872808218,-0.1127778924122202,-1.5421614985374454,0.1519320850323656,2.378888889
2007,32604.0,37918,4702.0,4349373.6,5216.64,133.39999999999998,0.16,1.1629861366703471,1,0,0,0,0,0,0,0,0,0,0,0,0,0,0,0,0,0,0,0,0,0,0,1,0,0,0,0,0,0,0,0,0,0,0,0,-0.28463048989550327,-0.617075005542642,-0.6091600785991422,3.2344668970995314,-0.6044876788807237,-0.5964927844808389,-0.11277789241222128,-1.5421614985374454,-1.3926045196786576,1.498571429
2007,11546.0,48132,4702.0,1540236.4,1847.36,133.4,0.16,4.168716438593452,0,0,0,1,0,0,0,0,0,0,0,0,0,0,0,0,0,0,0,0,0,0,0,1,0,0,0,0,0,0,0,0,0,0,0,0,-0.28463048989550327,-0.6333992582580161,-0.6057498300090095,3.2344668970995314,-0.6203665526946458,-0.6056880655033926,-0.1127778924122202,-1.5421614985374454,2.2300957389728064,2.022857143
2007,62170.0,114027,4702.0,8293478.0,9947.2,133.4,0.16,1.8341161331832074,0,0,0,0,0,1,0,0,0,0,0,0,0,0,0,0,0,0,0,0,0,0,0,1,0,0,0,0,0,0,0,0,0,0,0,0,-0.28463048989550327,-0.594155314414199,-0.5837488185691431,3.2344668970995314,-0.5821933117431788,-0.5835823618997379,-0.1127778924122202,-1.5421614985374454,-0.5837153088268668,1.812857143
2007,54393.0,15501,3095.2,7256026.2,8702.88,133.4,0.15999999999999998,0.284981523357785,0,1,0,0,0,0,0,0,0,0,0,0,0,0,0,0,0,0,0,0,0,0,0,0,1,0,0,0,0,0,0,0,0,0,0,0,-0.28463048989550327,-0.6001840784643209,-0.6166446627625458,1.5211741454355807,-0.588057591430275,-0.5869783017094254,-0.1127778924122202,-1.5421614985374459,-2.450832377883206,0.2625
2007,148.0,187,3095.2,19743.2,23.68,133.4,0.16,1.2635135135135136,0,0,1,0,0,0,0,0,0,0,0,0,0,0,0,0,0,0,0,0,0,0,0,0,1,0,0,0,0,0,0,0,0,0,0,0,-0.28463048989550327,-0.6422350371757592,-0.6217576984889305,1.5211741454355807,-0.6289612627208155,-0.6106651674644082,-0.1127778924122202,-1.5421614985374454,-1.2714424334268455,1.264
2007,166000.0,308800,1769.0,22144400.0,26560.0,133.4,0.16,1.8602409638554216,0,1,0,0,0,0,0,0,0,0,0,0,0,0,0,0,0,0,0,0,0,0,0,0,0,1,0,0,0,0,0,0,0,0,0,0,-0.28463048989550327,-0.5136658491545686,-0.5187180423163608,0.10707852229845687,-0.5038998618381769,-0.5382434869556904,-0.1127778924122202,-1.5421614985374454,-0.5522279758572712,1.8275
2007,1500.0,2500,1769.0,200100.0,240.0,133.4,0.16,1.6666666666666667,0,0,1,0,0,0,0,0,0,0,0,0,0,0,0,0,0,0,0,0,0,0,0,0,0,1,0,0,0,0,0,0,0,0,0,0,-0.28463048989550327,-0.6411869609258216,-0.6209854344406657,0.10707852229845687,-0.6279417814122192,-0.6100747970615926,-0.1127778924122202,-1.5421614985374454,-0.7855362191302293,1.66
2007,742000.0,814000,1633.8,98982800.0,118720.0,133.4,0.16,1.0970350404312668,1,0,0,0,0,0,0,0,0,0,0,0,0,0,0,0,0,0,0,0,0,0,0,0,0,0,1,0,0,0,0,0,0,0,0,0,-0.28463048989550327,-0.06714815687346373,-0.3500419518782321,-0.03708203285773318,-0.06956462977344537,-0.2867247354602515,-0.1127778924122202,-1.5421614985374454,-1.472093039740088,1.082857143
2007,334000.0,816000,1633.8,44555600.0,53440.0,133.4,0.16,2.44311377245509,0,0,0,1,0,0,0,0,0,0,0,0,0,0,0,0,0,0,0,0,0,0,0,0,0,0,1,0,0,0,0,0,0,0,0,0,-0.28463048989550327,-0.38343152223924637,-0.34937419221695687,-0.03708203285773318,-0.3772187524859636,-0.464883851102854,-0.1127778924122202,-1.5421614985374454,0.15028797280382858,2.108928571
2007,3376000.0,5910000,1633.8,450358400.0,540160.0,133.4,0.16,1.7505924170616114,0,0,0,0,0,1,0,0,0,0,0,0,0,0,0,0,0,0,0,0,0,0,0,0,0,0,1,0,0,0,0,0,0,0,0,0,-0.28463048989550327,1.9747400401203388,1.35140966505111,-0.03708203285773318,1.9166141918559,0.8634495552324323,-0.1127778924122202,-1.5421614985374454,-0.6843834851444964,1.747
2007,4379.0,12878,1434.5875,584158.6,700.64,133.4,0.16,2.940854076273122,0,1,0,0,0,0,0,0,0,0,0,0,0,0,0,0,0,0,0,0,0,0,0,0,0,0,0,1,0,0,0,0,0,0,0,0,-0.28463048989550327,-0.6389551476687431,-0.6175204295583083,-0.24949759938178998,-0.625770859306118,-0.6088176399686145,-0.1127778924122202,-1.5421614985374454,0.7501967291646887,2.986666667
2007,11411.0,28051,1434.5875,1522227.4,1825.76,133.4,0.16,2.4582420471474893,0,0,1,0,0,0,0,0,0,0,0,0,0,0,0,0,0,0,0,0,0,0,0,0,0,0,0,1,0,0,0,0,0,0,0,0,-0.28463048989550327,-0.6335039108421445,-0.6124544708880436,-0.24949759938178998,-0.6204683500146609,-0.6057470152107743,-0.1127778924122202,-1.5421614985374454,0.16852154639026787,3.02
2007,4647.0,12395,1434.5875,619909.8,743.52,133.4,0.16,2.6673122444587904,0,0,0,1,0,0,0,0,0,0,0,0,0,0,0,0,0,0,0,0,0,0,0,0,0,0,0,1,0,0,0,0,0,0,0,0,-0.28463048989550327,-0.63874739290914,-0.6176816935165063,-0.24949759938178998,-0.6255687727745323,-0.6087006138828492,-0.1127778924122202,-1.5421614985374454,0.42050644915794794,2.21
2007,2610000.0,10489000,527.2,348174000.0,417600.0,133.4,0.16,4.018773946360153,0,1,0,0,0,0,0,0,0,0,0,0,0,0,0,0,0,0,0,0,0,0,0,0,0,0,0,0,1,0,0,0,0,0,0,0,-0.28463048989550327,1.3809335257326194,2.8802454095407994,-1.2170233814956017,1.339008657547594,0.5289645489034285,-0.1127778924122202,-1.5421614985374454,2.049375364610252,3.968
2007,11860.0,19480,2003.4,1582124.0,1897.6,133.4,0.16,1.642495784148398,0,1,0,0,0,0,0,0,0,0,0,0,0,0,0,0,0,0,0,0,0,0,0,0,0,0,0,0,0,1,0,0,0,0,0,0,-0.28463048989550327,-0.6331558440993768,-0.6153161549164388,0.35701368597161476,-0.6201297796688328,-0.6055509528506676,-0.1127778924122202,-1.5421614985374454,-0.8146685276060569,1.5475
2007,1789170.0,5039954,1067.2,238675278.0,286267.2,133.4,0.16,2.8169229307444232,0,1,0,0,0,0,0,0,0,0,0,0,0,0,0,0,0,0,0,0,0,0,0,0,0,0,0,0,0,0,1,0,0,0,0,0,-0.28463048989550327,0.7446225581022388,1.060918853924166,-0.641234181907269,0.7200583302286814,0.1705372280874545,-0.1127778924122202,-1.5421614985374454,0.6008269095655933,3.213793103
2007,252897.0,640424,2831.8,33736459.8,40463.52,133.39999999999998,0.15999999999999998,2.5323511152761795,0,1,0,0,0,0,0,0,0,0,0,0,0,0,0,0,0,0,0,0,0,0,0,0,0,0,0,0,0,0,0,0,1,0,0,0,-0.28463048989550327,-0.44630291876194506,-0.4079954773609887,1.240316969191939,-0.4383748120799669,-0.5002986519753099,-0.11277789241222128,-1.5421614985374459,0.25784258098424034,2.4375
2007,5690539.0,11731754,672.9,759117902.6,910486.24,133.4,0.16,2.061624390940823,0,1,0,0,0,0,0,0,0,0,0,0,0,0,0,0,0,0,0,0,0,0,0,0,0,0,0,0,0,0,0,0,0,1,0,0,-0.28463048989550327,3.768980687645714,3.2951759045850317,-1.0616669252363053,3.661902097564011,1.8741265683704555,-0.1127778924122202,-1.5421614985374454,-0.30950766494859616,1.962
2007,18849.0,48358,672.9,2514456.6,3015.84,133.4,0.16,2.565547243885617,0,0,0,1,0,0,0,0,0,0,0,0,0,0,0,0,0,0,0,0,0,0,0,0,0,0,0,0,0,0,0,0,0,1,0,0,-0.28463048989550327,-0.627737941058834,-0.6056743731672853,-1.0616669252363053,-0.6148596947089362,-0.6024991046662899,-0.1127778924122202,-1.5421614985374454,0.2978526988656394,2.152142857
2007,259805.0,523203,1924.3,34657987.0,41568.8,133.4,0.16,2.0138296029714593,0,1,0,0,0,0,0,0,0,0,0,0,0,0,0,0,0,0,0,0,0,0,0,0,0,0,0,0,0,0,0,0,0,0,1,0,-0.28463048989550327,-0.4409478072718793,-0.44713320498816184,0.2726712309948792,-0.4331658055120795,-0.49728217361536103,-0.1127778924122202,-1.5421614985374454,-0.3671130298171688,1.709230769
2007,12364.0,41864,1924.3,1649357.6,1978.24,133.4,0.16,3.3859592364930444,0,0,0,1,0,0,0,0,0,0,0,0,0,0,0,0,0,0,0,0,0,0,0,0,0,0,0,0,0,0,0,0,0,0,1,0,-0.28463048989550327,-0.6327651411186308,-0.6078425887874461,0.2726712309948792,-0.6197497363407761,-0.6053308739431091,-0.1127778924122202,-1.5421614985374454,1.286666211481225,3.423333333
2007,281618.0,565825,2007.5,37567841.2,45058.88,133.4,0.16,2.009193304405258,1,0,0,0,0,0,0,0,0,0,0,0,0,0,0,0,0,0,0,0,0,0,0,0,0,0,0,0,0,0,0,0,0,0,0,1,-0.28463048989550327,-0.4240382752897131,-0.43290257884672495,0.3613854187833039,-0.4167176207602948,-0.48775721089596874,-0.1127778924122202,-1.5421614985374454,-0.3727009962439025,1.956111111
2007,1511593.0,4926105,2007.5,201646506.2,241854.88,133.4,0.16,3.2588831782100076,0,0,0,1,0,0,0,0,0,0,0,0,0,0,0,0,0,0,0,0,0,0,0,0,0,0,0,0,0,0,0,0,0,0,0,1,-0.28463048989550327,0.5294436666607244,1.022906969085903,0.3613854187833039,0.510750221355709,0.0493292064141048,-0.1127778924122202,-1.5421614985374454,1.1335059399439475,3.048888889
2007,3926544.0,9227590,2007.5,523800969.6,628247.04,133.4,0.16,2.35005388962915,0,0,0,0,0,1,0,0,0,0,0,0,0,0,0,0,0,0,0,0,0,0,0,0,0,0,0,0,0,0,0,0,0,0,0,1,-0.28463048989550327,2.401524131056465,2.4590860523761915,0.3613854187833039,2.331754219636882,1.10385257523817,-0.1127778924122202,-1.5421614985374454,0.038126192564294316,2.261666667
2008,2803076.0,8379635,944.6,400951991.0,252276.84,143.03999998572996,0.09,2.989442669410319,0,1,0,0,0,0,1,0,0,0,0,0,0,0,0,0,0,0,0,0,0,0,0,0,0,0,0,0,0,0,0,0,0,0,0,0,-0.13129894335864045,1.5306068763487073,2.1759709805878633,-0.7719596557397312,1.6373404938286111,0.07777233105967123,0.2541042919246143,-2.500394438563048,0.8087588392824907,2.913636364
2008,1584140.0,5861498,944.6,226595385.6,142572.6,143.04,0.09000000000000001,3.700113626320906,0,0,1,0,0,0,1,0,0,0,0,0,0,0,0,0,0,0,0,0,0,0,0,0,0,0,0,0,0,0,0,0,0,0,0,0,-0.13129894335864045,0.5856824149626642,1.335215825505524,-0.7719596557397312,0.6517757674882938,-0.22162733776146568,0.2541042924677076,-2.5003944385630477,1.6653053690123327,3.236818182
2008,126799.0,164538,2244.4,18137328.96,11411.91,143.04000000000002,0.09,1.2976285301934558,0,1,0,0,0,0,0,1,0,0,0,0,0,0,0,0,0,0,0,0,0,0,0,0,0,0,0,0,0,0,0,0,0,0,0,0,-0.13129894335864045,-0.5440546339724707,-0.566884214443806,0.6139862731952966,-0.5265501529694117,-0.5795849440340383,0.25410429246770866,-2.500394438563048,-1.2303248123045338,1.183125
2008,350649.0,374010,2109.9,50156832.96,31558.41,143.04,0.09,1.066622177733289,1,0,0,0,0,0,0,0,1,0,0,0,0,0,0,0,0,0,0,0,0,0,0,0,0,0,0,0,0,0,0,0,0,0,0,0,-0.13129894335864045,-0.37052514540107256,-0.4969457385604812,0.47057211144598043,-0.3455573329674647,-0.5246020607115246,0.2541042924677076,-2.500394438563048,-1.5087485858121368,1.117777778
2008,360266.0,768582,2109.9,51532448.64,32423.94,143.04,0.09,2.13337367389651,0,0,0,1,0,0,0,0,1,0,0,0,0,0,0,0,0,0,0,0,0,0,0,0,0,0,0,0,0,0,0,0,0,0,0,0,-0.13129894335864045,-0.36307000538949724,-0.3652061060261318,0.47057211144598043,-0.3377815547679618,-0.522239896811982,0.2541042924677076,-2.500394438563048,-0.22303079583119062,1.951153846
2008,1773211.0,2865843,2109.9,253640101.4,159588.99,143.03999997744205,0.09,1.6161883723933588,0,0,0,0,0,1,0,0,1,0,0,0,0,0,0,0,0,0,0,0,0,0,0,0,0,0,0,0,0,0,0,0,0,0,0,0,-0.13129894335864045,0.73225107224961,0.3350270414567664,0.47057211144598043,0.8046481973295936,-0.17518700390990896,0.2541042916091903,-2.500394438563048,-0.8463759190870739,1.607407407
2008,546872.0,727414,1197.7,78224570.88,49218.48,143.04,0.09000000000000001,1.3301357538875642,1,0,0,0,0,0,0,0,0,1,0,0,0,0,0,0,0,0,0,0,0,0,0,0,0,0,0,0,0,0,0,0,0,0,0,0,-0.13129894335864045,-0.21841222676830302,-0.3789512708938216,-0.5020851253400885,-0.18690218836508798,-0.47640502557999187,0.2541042924677076,-2.5003944385630477,-1.1911450071139813,1.230344828
2008,105526.0,178240,1197.7,15094439.04,9497.34,143.04,0.09,1.689062411159335,0,0,0,1,0,0,0,0,0,1,0,0,0,0,0,0,0,0,0,0,0,0,0,0,0,0,0,0,0,0,0,0,0,0,0,0,-0.13129894335864045,-0.5605455556181234,-0.5623093930044092,-0.5020851253400885,-0.543750332821551,-0.5848100987220876,0.2541042924677076,-2.500394438563048,-0.7585434216346018,1.641
2008,2842875.0,4684328,1197.7,406644840.0,255858.75,143.04,0.09,1.6477432176933562,0,0,0,0,0,1,0,0,0,1,0,0,0,0,0,0,0,0,0,0,0,0,0,0,0,0,0,0,0,0,0,0,0,0,0,0,-0.13129894335864045,1.5614592333540818,0.9421825052738296,-0.5020851253400885,1.6695197803770618,0.0875479119100296,0.2541042924677076,-2.500394438563048,-0.8083439818381236,1.545789474
2008,3928815.0,4707499,1117.9,561977697.6,353593.35,143.04,0.09,1.1981981844398375,0,1,0,0,0,0,0,0,0,0,1,0,0,0,0,0,0,0,0,0,0,0,0,0,0,0,0,0,0,0,0,0,0,0,0,0,-0.13129894335864045,2.403284620082802,0.9499188348295341,-0.5871739737236977,2.5475512431999983,0.3542806003855733,0.2541042924677076,-2.500394438563048,-1.350164685845075,1.198333333
2008,7039.0,19873,614.6,1006858.56,633.51,143.04000000000002,0.09,2.8232703509021166,0,1,0,0,0,0,0,0,0,0,0,1,0,0,0,0,0,0,0,0,0,0,0,0,0,0,0,0,0,0,0,0,0,0,0,0,-0.13129894335864045,-0.6368931041592504,-0.6151849401429982,-1.1238308332659346,-0.6233815138067276,-0.6090008480175282,0.25410429246770866,-2.500394438563048,0.608477230232199,2.82
2008,33638.0,78705,3271.6,4811579.52,3027.42,143.04,0.09,2.339764551994768,0,1,0,0,0,0,0,0,0,0,0,0,1,0,0,0,0,0,0,0,0,0,0,0,0,0,0,0,0,0,0,0,0,0,0,0,-0.13129894335864045,-0.6162734442686513,-0.5955421219469254,1.7092652839677696,-0.6018750227670502,-0.6024675010731657,0.2541042924677076,-2.500394438563048,0.02572481840055821,2.325
2008,15688.0,43162,3271.6,2244011.52,1411.92,143.04,0.09000000000000001,2.751274859765426,0,0,1,0,0,0,0,0,0,0,0,0,1,0,0,0,0,0,0,0,0,0,0,0,0,0,0,0,0,0,0,0,0,0,0,0,-0.13129894335864045,-0.630188361936092,-0.6074092127672784,1.7092652839677696,-0.6163884072612872,-0.6068764479377586,0.2541042924677076,-2.5003944385630477,0.5217036151158482,2.755
2008,722100.0,1225500,746.1,103289184.0,64989.0,143.04,0.09,1.6971333610303283,0,1,0,0,0,0,0,0,0,0,0,0,0,1,0,0,0,0,0,0,0,0,0,0,0,0,0,0,0,0,0,0,0,0,0,0,-0.13129894335864045,-0.0825747229783144,-0.21265040157084902,-0.9836155004032202,-0.04522244807783683,-0.43336486172545796,0.2541042924677076,-2.500394438563048,-0.7488157916584516,1.615294118
2008,25200.0,77400,746.1,3604608.0,2268.0,143.04,0.09,3.0714285714285716,0,0,0,1,0,0,0,0,0,0,0,0,0,1,0,0,0,0,0,0,0,0,0,0,0,0,0,0,0,0,0,0,0,0,0,0,-0.13129894335864045,-0.6228146183788387,-0.5959778351259074,-0.9836155004032202,-0.6086975262969874,-0.6045400745351955,0.2541042924677076,-2.500394438563048,0.9075735427365118,2.921111111
2008,1211149.0,3299000,715.6,173242753.0,109003.41,143.0400000330265,0.09,2.7238597398008007,0,1,0,0,0,0,0,0,0,0,0,0,0,0,1,0,0,0,0,0,0,0,0,0,0,0,0,0,0,0,0,0,0,0,0,0,-0.13129894335864045,0.29653817787651554,0.4796494272562685,-1.0161369274170058,0.3501957233751244,-0.3132427973698985,0.254104293724641,-2.500394438563048,0.48866114216900225,2.569
2008,77709.0,118277,1357.1,11115495.36,6993.81,143.04,0.09000000000000001,1.522050212974044,0,1,0,0,0,0,0,0,0,0,0,0,0,0,0,1,0,0,0,0,0,0,0,0,0,0,0,0,0,0,0,0,0,0,0,0,-0.13129894335864045,-0.5821094143788587,-0.5823298292889332,-0.3321206838319771,-0.566241631789584,-0.5916426154314124,0.2541042924677076,-2.5003944385630477,-0.9598373079079956,1.6
2008,188422.33,162674,1295.2,26951930.08,16958.0097,143.03999998301688,0.09,0.8633477783657596,1,0,0,0,0,0,0,0,0,0,0,0,0,0,0,0,0,1,0,0,0,0,0,0,0,0,0,0,0,0,0,0,0,0,0,0,-0.13129894335864045,-0.49628396191990654,-0.5675065664481145,-0.39812318652552847,-0.47672491164458913,-0.5644487887365857,0.2541042918213591,-2.500394438563048,-1.7537480186271204,0.868695652
2008,1008437.16,1333906,1295.2,144246851.4,90759.3444,143.04000003331888,0.09,1.3227457821962847,0,0,0,0,0,1,0,0,0,0,0,0,0,0,0,0,0,1,0,0,0,0,0,0,0,0,0,0,0,0,0,0,0,0,0,0,-0.13129894335864045,0.13939508239933404,-0.17645582465074652,-0.39812318652552847,0.18629405896823772,-0.3630336459149602,0.25410429373576826,-2.500394438563048,-1.2000518782129275,1.39125
2008,1129883.0,2906761,1164.1,161618464.3,101689.47,143.03999998229907,0.09,2.572621236004082,0,1,0,0,0,0,0,0,0,0,0,0,0,0,0,0,0,0,1,0,0,0,0,0,0,0,0,0,0,0,0,0,0,0,0,0,-0.13129894335864045,0.23354042304853592,0.3486887363667967,-0.5379120088700294,0.2844884971691918,-0.3332036595369184,0.2541042917940401,-2.500394438563048,0.3063787309786552,2.513448276
2008,40982.0,89072,1164.1,5862065.28,3688.38,143.04000000000002,0.09,2.173441998926358,0,0,1,0,0,0,0,0,0,0,0,0,0,0,0,0,0,0,1,0,0,0,0,0,0,0,0,0,0,0,0,0,0,0,0,0,-0.13129894335864045,-0.6105803436920672,-0.5920807897427051,-0.5379120088700294,-0.5959370675734191,-0.6006636400272843,0.25410429246770866,-2.500394438563048,-0.174737863043279,2.514166667
2008,343122.0,1035706,1164.1,49080170.88,30880.98,143.04000000000002,0.09,3.0184773928806665,0,0,0,1,0,0,0,0,0,0,0,0,0,0,0,0,0,0,1,0,0,0,0,0,0,0,0,0,0,0,0,0,0,0,0,0,-0.13129894335864045,-0.3763601083694751,-0.27601879014688663,-0.5379120088700294,-0.3516432519138782,-0.5264508709092844,0.25410429246770866,-2.500394438563048,0.8437533629623442,2.786923077
2008,79381.0,192770,2524.8,11354658.24,7144.29,143.04,0.09,2.428414859979088,1,0,0,0,0,0,0,0,0,0,0,0,0,0,0,0,0,0,0,1,0,0,0,0,0,0,0,0,0,0,0,0,0,0,0,0,-0.13129894335864045,-0.5808132727443204,-0.5574581190652446,0.9129701464630162,-0.5648897443871125,-0.5912319324699862,0.2541042924677076,-2.500394438563048,0.13257189428719063,2.295384615
2008,49762.0,148370,2524.8,7117956.48,4478.58,143.04000000000002,0.09,2.981592379727503,0,0,0,1,0,0,0,0,0,0,0,0,0,0,0,0,0,0,0,1,0,0,0,0,0,0,0,0,0,0,0,0,0,0,0,0,-0.13129894335864045,-0.6037740497020878,-0.5722823835455552,0.9129701464630162,-0.5888380416202492,-0.5985070632322357,0.25410429246770866,-2.500394438563048,0.7992971632145375,2.446428571
2008,105122.0,249101,2524.8,15036650.88,9460.98,143.04000000000002,0.09,2.369637183463024,0,0,0,0,0,1,0,0,0,0,0,0,0,0,0,0,0,0,0,1,0,0,0,0,0,0,0,0,0,0,0,0,0,0,0,0,-0.13129894335864045,-0.5608587381661817,-0.5386503343255964,0.9129701464630162,-0.5440769850408086,-0.5849093307295135,0.25410429246770866,-2.500394438563048,0.061729242908442596,2.260714286
2008,1706557.0,1571103,895.0,244105913.3,153590.13,143.0400000117195,0.09,0.9206273215603112,0,1,0,0,0,0,0,0,0,0,0,0,0,0,0,0,0,0,0,0,1,0,0,0,0,0,0,0,0,0,0,0,0,0,0,0,-0.13129894335864045,0.6805806030459559,-0.09726053046299354,-0.8248469599982151,0.7507554327618474,-0.19155881139250364,0.2541042929137329,-2.500394438563048,-1.684711014271282,0.911020408
2008,1499500.0,2234300,1052.8,214488480.0,134955.0,143.04,0.09,1.4900300100033343,0,1,0,0,0,0,0,0,0,0,0,0,0,0,0,0,0,0,0,0,0,1,0,0,0,0,0,0,0,0,0,0,0,0,0,0,-0.13129894335864045,0.5200691207358018,0.12416757157638811,-0.656588560562958,0.5833405104636578,-0.24241693456476054,0.2541042924677076,-2.500394438563048,-0.9984301242727388,1.170740741
2008,22000.0,53200,1052.8,3146880.0,1980.0,143.04,0.09,2.418181818181818,0,0,0,1,0,0,0,0,0,0,0,0,0,0,0,0,0,0,0,0,0,1,0,0,0,0,0,0,0,0,0,0,0,0,0,0,-0.13129894335864045,-0.6252952722248448,-0.604057727027338,-0.656588560562958,-0.6112848706079377,-0.6053260706336188,0.2541042924677076,-2.500394438563048,0.12023837150171561,2.421111111
2008,210990.0,518250,1134.8,30180009.6,18989.1,143.04000000000002,0.09,2.4562775486989903,0,1,0,0,0,0,0,0,0,0,0,0,0,0,0,0,0,0,0,0,0,0,1,0,0,0,0,0,0,0,0,0,0,0,0,0,-0.13129894335864045,-0.4787894064883761,-0.44878691178931,-0.5691539043291741,-0.45847793269340575,-0.5589056323083034,0.25410429246770866,-2.500394438563048,0.1661538060002055,2.134444444
2008,32570.0,41908,3114.3,4658812.8,2931.3,143.04,0.09000000000000001,1.2867055572612833,1,0,0,0,0,0,0,0,0,0,0,0,0,0,0,0,0,0,0,0,0,0,0,1,0,0,0,0,0,0,0,0,0,0,0,0,-0.13129894335864045,-0.6171013624897558,-0.607827898074898,1.5415400226802796,-0.6027385489308299,-0.6027298272710145,0.2541042924677076,-2.5003944385630477,-1.2434898846469546,1.53
2008,12752.0,46600,3114.3,1824046.08,1147.68,143.04,0.09000000000000001,3.6543287327478042,0,0,0,1,0,0,0,0,0,0,0,0,0,0,0,0,0,0,0,0,0,0,0,1,0,0,0,0,0,0,0,0,0,0,0,0,-0.13129894335864045,-0.6324643618398026,-0.6062613339095463,1.5415400226802796,-0.6187622956665841,-0.607597599358062,0.2541042924677076,-2.5003944385630477,1.6101224586615663,2.154285714
2008,62723.0,115354,3114.3,8971897.92,5645.07,143.04,0.09,1.839102083765126,0,0,0,0,0,1,0,0,0,0,0,0,0,0,0,0,0,0,0,0,0,0,0,1,0,0,0,0,0,0,0,0,0,0,0,0,-0.13129894335864045,-0.5937266264214361,-0.583305760033887,1.5415400226802796,-0.5783584886158032,-0.5953235334098407,0.2541042924677076,-2.500394438563048,-0.5777059192115767,1.802857143
2008,51859.0,68637,1912.1,7417911.36,4667.31,143.04000000000002,0.09000000000000001,1.3235311132108216,0,1,0,0,0,0,0,0,0,0,0,0,0,0,0,0,0,0,0,0,0,0,0,0,1,0,0,0,0,0,0,0,0,0,0,0,-0.13129894335864045,-0.602148446228627,-0.598903624081785,0.25966266018936496,-0.5871425225514796,-0.5979919901639876,0.25410429246770866,-2.5003944385630477,-1.1991053465604802,1.20625
2008,131.0,280,1912.1,18738.24,11.79,143.04000000000002,0.09,2.1374045801526718,0,0,1,0,0,0,0,0,0,0,0,0,0,0,0,0,0,0,0,0,0,0,0,0,1,0,0,0,0,0,0,0,0,0,0,0,-0.13129894335864045,-0.6422482156493161,-0.6217266476646811,0.25966266018936496,-0.6289669433379916,-0.6106976170949994,0.25410429246770866,-2.500394438563048,-0.21817248731047792,2.555
2008,173100.0,345090,1540.9,24760224.0,15579.0,143.04,0.09,1.9935875216637782,0,1,0,0,0,0,0,0,0,0,0,0,0,0,0,0,0,0,0,0,0,0,0,0,0,1,0,0,0,0,0,0,0,0,0,0,-0.13129894335864045,-0.5081618984337425,-0.5066015432625213,-0.13613910071283697,-0.489113706425252,-0.5682123173611962,0.2541042924677076,-2.500394438563048,-0.3915100933667702,1.964545455
2008,707000.0,735000,1539.0,101129280.0,63630.0,143.04,0.09,1.0396039603960396,1,0,0,0,0,0,0,0,0,0,0,0,0,0,0,0,0,0,0,0,0,0,0,0,0,0,1,0,0,0,0,0,0,0,0,0,-0.13129894335864045,-0.09428030831415588,-0.37641845849860456,-0.13816502567435157,-0.057431479045133675,-0.4370737808148926,0.2541042924677076,-2.500394438563048,-1.5413126860819881,1.062142857
2008,331000.0,811000,1539.0,47346240.0,29790.0,143.04,0.09,2.4501510574018126,0,0,0,1,0,0,0,0,0,0,0,0,0,0,0,0,0,0,0,0,0,0,0,0,0,0,1,0,0,0,0,0,0,0,0,0,-0.13129894335864045,-0.3857571352198771,-0.351043591370145,-0.13816502567435157,-0.3614444355817969,-0.5294283223796241,0.2541042924677076,-2.500394438563048,0.15876976306304935,2.051538462
2008,3417000.0,5266000,1539.0,488767680.0,307530.0,143.04,0.09,1.5411179397131987,0,0,0,0,0,1,0,0,0,0,0,0,0,0,0,0,0,0,0,0,0,0,0,0,0,0,1,0,0,0,0,0,0,0,0,0,-0.13129894335864045,2.0065234175222924,1.136391054120479,-0.13816502567435157,2.133725734290923,0.22856666503729406,0.2541042924677076,-2.500394438563048,-0.9368556523197898,1.545333333
2008,4493.0,12290,1434.5875,642678.72,404.37,143.04,0.09,2.735366125083463,0,1,0,0,0,0,0,0,0,0,0,0,0,0,0,0,0,0,0,0,0,0,0,0,0,0,0,1,0,0,0,0,0,0,0,0,-0.13129894335864045,-0.638866774375479,-0.6177167508987232,-0.24949759938178998,-0.6254400696241275,-0.6096262061633362,0.2541042924677076,-2.500394438563048,0.502529380750812,3.0
2008,11306.0,24163,1434.5875,1617210.24,1017.54,143.04,0.09,2.1371837962143996,0,0,1,0,0,0,0,0,0,0,0,0,0,0,0,0,0,0,0,0,0,0,0,0,0,0,0,1,0,0,0,0,0,0,0,0,-0.13129894335864045,-0.6335853072964666,-0.6137525956695628,-0.24949759938178998,-0.6199314518770948,-0.607952771345037,0.2541042924677076,-2.500394438563048,-0.21843859037028104,2.82
2008,4981.0,14263,1434.5875,712482.24,448.29,143.04,0.09000000000000001,2.863481228668942,0,0,0,1,0,0,0,0,0,0,0,0,0,0,0,0,0,0,0,0,0,0,0,0,0,0,0,1,0,0,0,0,0,0,0,0,-0.13129894335864045,-0.6384884746639631,-0.6170580059928752,-0.24949759938178998,-0.6250454996167075,-0.6095063417583266,0.2541042924677076,-2.5003944385630477,0.656941976784236,2.125
2008,2735000.0,11000000,691.3,391214400.0,246150.0,143.04,0.09,4.021937842778794,0,1,0,0,0,0,0,0,0,0,0,0,0,0,0,0,0,0,0,0,0,0,0,0,0,0,0,0,1,0,0,0,0,0,0,0,-0.13129894335864045,1.4778340665922343,3.0508580029966264,-1.0420474413984808,1.5822979780196347,0.0610512465608397,0.2541042924677076,-2.500394438563048,2.053188696886545,3.9855
2008,13000.0,22230,2247.5,1859520.0,1170.0,143.04,0.09,1.71,0,1,0,0,0,0,0,0,0,0,0,0,0,0,0,0,0,0,0,0,0,0,0,0,0,0,0,0,0,1,0,0,0,0,0,0,-0.13129894335864045,-0.6322721111667371,-0.6143979853821853,0.6172917297114517,-0.6185617764824854,-0.6075366846604342,0.2541042924677076,-2.500394438563048,-0.7333080874929842,1.5925
2008,1931603.0,5183385,1201.9,276296493.1,173844.27,143.0399999896459,0.09,2.6834629061975988,0,1,0,0,0,0,0,0,0,0,0,0,0,0,0,0,0,0,0,0,0,0,0,0,0,0,0,0,0,0,1,0,0,0,0,0,-0.13129894335864045,0.8550372359922987,1.1088075719123514,-0.4976067648988459,0.9327152724739088,-0.13628216202820434,0.2541042920736485,-2.500394438563048,0.43997226963463487,3.562580645
2008,242966.0,627175,1827.8,34753856.64,21866.94,143.04,0.09,2.581328251689537,0,1,0,0,0,0,0,0,0,0,0,0,0,0,0,0,0,0,0,0,0,0,0,0,0,0,0,0,0,0,0,0,1,0,0,0,-0.13129894335864045,-0.45400147293215976,-0.4124190512371066,0.16977556847585307,-0.4326238946662347,-0.5510515662948091,0.2541042924677076,-2.500394438563048,0.316872988549136,2.525
2008,6011761.0,13051365,891.6,859922293.4,541058.49,143.03999999334638,0.09,2.1709720329866737,0,1,0,0,0,0,0,0,0,0,0,0,0,0,0,0,0,0,0,0,0,0,0,0,0,0,0,0,0,0,0,0,0,1,0,0,-0.13129894335864045,4.0179933719337715,3.7357674017725797,-0.8284722994030306,4.2317070189478745,0.8659016720187944,0.2541042922144825,-2.500394438563048,-0.17771482549491002,2.124428571
2008,21621.0,45666,891.6,3092667.84,1945.89,143.04,0.09000000000000001,2.1121132232551685,0,0,0,1,0,0,0,0,0,0,0,0,0,0,0,0,0,0,0,0,0,0,0,0,0,0,0,0,0,0,0,0,0,1,0,0,-0.13129894335864045,-0.6255890746647312,-0.6065731776713619,-0.8284722994030306,-0.6115913091997658,-0.6054191620465258,0.2541042924677076,-2.5003944385630477,-0.24865526386418602,2.095
2008,275711.0,528524,1363.7,39437701.44,24813.99,143.04,0.09000000000000001,1.9169492693436243,0,1,0,0,0,0,0,0,0,0,0,0,0,0,0,0,0,0,0,0,0,0,0,0,0,0,0,0,0,0,0,0,0,0,1,0,-0.13129894335864045,-0.42861740724857506,-0.44535663040933904,-0.3250832602814529,-0.4061480854593383,-0.5430086155939124,0.2541042924677076,-2.5003944385630477,-0.4838794640735104,1.627692308
2008,12654.0,39797,1363.7,1810028.16,1138.86,143.04,0.09,3.145013434487119,0,0,0,1,0,0,0,0,0,0,0,0,0,0,0,0,0,0,0,0,0,0,0,0,0,0,0,0,0,0,0,0,0,0,1,0,-0.13129894335864045,-0.6325403318638365,-0.6085327183973741,-0.3250832602814529,-0.618841533086107,-0.6076216704885762,0.2541042924677076,-2.500394438563048,0.9962627715287533,3.1
2008,292444.0,604968,1560.1,41831189.76,26319.96,143.04,0.09,2.0686627183323987,1,0,0,0,0,0,0,0,0,0,0,0,0,0,0,0,0,0,0,0,0,0,0,0,0,0,0,0,0,0,0,0,0,0,0,1,-0.13129894335864045,-0.41564591324694355,-0.4198335206360764,-0.11566659583858532,-0.39261870034835955,-0.5388985928705012,0.2541042924677076,-2.500394438563048,-0.30102461826752125,2.04
2008,1556662.0,4358011,1560.1,222664932.5,140099.58,143.040000012848,0.09,2.7995871936232786,0,0,0,1,0,0,0,0,0,0,0,0,0,0,0,0,0,0,0,0,0,0,0,0,0,0,0,0,0,0,0,0,0,0,0,1,-0.13129894335864045,0.5643813504687402,0.8332318405796515,-0.11566659583858532,0.6295585654212539,-0.22837658800911384,0.2541042929566811,-2.500394438563048,0.5799327597103974,2.646666667
2008,4086590.0,10074261,1560.1,584545833.6,367793.1,143.04,0.09,2.465199836538532,0,0,0,0,0,1,0,0,0,0,0,0,0,0,0,0,0,0,0,0,0,0,0,0,0,0,0,0,0,0,0,0,0,0,0,1,-0.13129894335864045,2.5255924827558083,2.741772422461981,-0.11566659583858532,2.6751194459063066,0.3930338923945507,0.2541042924677076,-2.500394438563048,0.17690752347225872,2.393888889
2009,2062870.0,5956396,711.0,321436403.4,350687.9,155.82,0.17,2.8874315880302683,0,1,0,0,0,0,1,0,0,0,0,0,0,0,0,0,0,0,0,0,0,0,0,0,0,0,0,0,0,0,0,0,0,0,0,0,0.022032603178222403,0.9567959823684512,1.3669003536733733,-1.021041798376462,1.1878722436697127,0.34635118245444907,0.7404895956591478,-1.4052710785337879,0.6858084965107593,2.790909091
2009,1377866.0,4881871,711.0,214699080.1,234237.22,155.8199999854848,0.17,3.5430665971872446,0,0,1,0,0,0,1,0,0,0,0,0,0,0,0,0,0,0,0,0,0,0,0,0,0,0,0,0,0,0,0,0,0,0,0,0,0.022032603178222403,0.42577791764045475,1.0081381286574782,-1.021041798376462,0.5845309444563795,0.028539445861622756,0.740489595106724,-1.4052710785337879,1.4760221479931523,3.098636364
2009,121468.0,143893,1701.9,18927143.76,20649.56,155.82000000000002,0.17,1.1846165245167453,0,1,0,0,0,0,0,1,0,0,0,0,0,0,0,0,0,0,0,0,0,0,0,0,0,0,0,0,0,0,0,0,0,0,0,0,0.022032603178222403,-0.5481872482390515,-0.5737771635473198,0.035531382868128944,-0.5220856613292141,-0.5543739827194566,0.740489595659149,-1.4052710785337879,-1.3665341794369725,1.12
2009,340830.0,334655,1727.1,53108130.6,57941.1,155.82,0.16999999999999998,0.9818824633981751,1,0,0,0,0,0,0,0,1,0,0,0,0,0,0,0,0,0,0,0,0,0,0,0,0,0,0,0,0,0,0,0,0,0,0,0,0.022032603178222403,-0.378136876686677,-0.5100855792952249,0.06240154551558428,-0.3288748858399673,-0.4525996599965593,0.7404895956591478,-1.4052710785337883,-1.6108823617012957,1.070740741
2009,394442.0,859790,1727.1,61461952.44,67055.14,155.82,0.17,2.1797628041638566,0,0,0,1,0,0,0,0,1,0,0,0,0,0,0,0,0,0,0,0,0,0,0,0,0,0,0,0,0,0,0,0,0,0,0,0,0.022032603178222403,-0.3365766223141517,-0.33475359443333524,0.06240154551558428,-0.28165423643154885,-0.42772604929908226,0.7404895956591478,-1.4052710785337879,-0.1671196203971837,1.903703704
2009,1762324.0,3213979,1727.1,274605325.7,299595.08,155.82000001134864,0.17,1.8237162973437349,0,0,0,0,0,1,0,0,1,0,0,0,0,0,0,0,0,0,0,0,0,0,0,0,0,0,0,0,0,0,0,0,0,0,0,0,0.022032603178222403,0.723811422742901,0.4512626301756269,0.06240154551558428,0.9231558128139039,0.2069110533661115,0.7404895960910582,-1.4052710785337879,-0.5962498625629371,1.780740741
2009,525890.0,471321,889.3,81944179.8,89401.3,155.82,0.17,0.896234954077849,1,0,0,0,0,0,0,0,0,1,0,0,0,0,0,0,0,0,0,0,0,0,0,0,0,0,0,0,0,0,0,0,0,0,0,0,0.022032603178222403,-0.23467756395483452,-0.46445555836130314,-0.8309247348827588,-0.1658767999725883,-0.3667399570256738,0.7404895956591478,-1.4052710785337879,-1.7141102707286229,0.905666667
2009,95682.0,176656,889.3,14909169.24,16265.94,155.82,0.17,1.8462824773729647,0,0,0,1,0,0,0,0,0,1,0,0,0,0,0,0,0,0,0,0,0,0,0,0,0,0,0,0,0,0,0,0,0,0,0,0,0.022032603178222403,-0.5681766670118997,-0.5628382586561392,-0.8309247348827588,-0.5447975852575413,-0.5663375529172695,0.7404895956591478,-1.4052710785337879,-0.5690516451525589,1.492083333
2009,2502458.0,2992233,889.3,389933005.6,425417.86,155.8200000159843,0.16999999999999998,1.1957175704846994,0,0,0,0,0,1,0,0,0,1,0,0,0,0,0,0,0,0,0,0,0,0,0,0,0,0,0,0,0,0,0,0,0,0,0,0,0.022032603178222403,1.297566502011622,0.3772261132510559,-0.8309247348827588,1.575054793178586,0.5503006859104395,0.7404895962674839,-1.4052710785337883,-1.3531544819725398,1.105526316
2009,3837610.0,4347316,956.9,597976390.2,652393.7,155.82000000000002,0.16999999999999998,1.132818603245249,0,1,0,0,0,0,0,0,0,0,1,0,0,0,0,0,0,0,0,0,0,0,0,0,0,0,0,0,0,0,0,0,0,0,0,0,0.022032603178222403,2.332582109449993,0.8296609957909821,-0.7588444573046637,2.751036746599964,1.169752507703283,0.740489595659149,-1.4052710785337883,-1.4289643790685889,1.106666667
2009,6821.0,19008,528.4,1062848.22,1159.57,155.82,0.16999999999999998,2.786688168890192,0,1,0,0,0,0,0,0,0,0,0,1,0,0,0,0,0,0,0,0,0,0,0,0,0,0,0,0,0,0,0,0,0,0,0,0,0.022032603178222403,-0.6370620987025096,-0.6154737461964996,-1.2157438499409612,-0.6230650277532788,-0.6075651497274708,0.7404895956591478,-1.4052710785337883,0.5643860221315112,2.79
2009,31166.0,59267,3334.9,4856286.12,5298.22,155.82,0.17,1.9016556503882436,0,1,0,0,0,0,0,0,0,0,0,0,1,0,0,0,0,0,0,0,0,0,0,0,0,0,0,0,0,0,0,0,0,0,0,0,0.022032603178222403,-0.6181897493646911,-0.6020320780948595,1.7767605734750689,-0.6016223151171535,-0.596270140169348,0.7404895956591478,-1.4052710785337879,-0.5023123212430064,1.895
2009,15938.0,41338,3334.9,2483459.16,2709.46,155.82000000000002,0.17,2.5936754925335674,0,0,1,0,0,0,0,0,0,0,0,0,1,0,0,0,0,0,0,0,0,0,0,0,0,0,0,0,0,0,0,0,0,0,0,0,0.022032603178222403,-0.6299945608543728,-0.6080182095783615,1.7767605734750689,-0.6150349102300274,-0.60333526259905,0.740489595659149,-1.4052710785337879,0.3317546805528006,2.57
2009,658500.0,1228400,618.0,102607470.0,111945.0,155.82,0.17,1.8654517843583902,0,1,0,0,0,0,0,0,0,0,0,0,0,1,0,0,0,0,0,0,0,0,0,0,0,0,0,0,0,0,0,0,0,0,0,0,0.022032603178222403,-0.1318777181676864,-0.2116821500619999,-1.1202054938611192,-0.049075891257181745,-0.3052147478450345,0.7404895956591478,-1.4052710785337879,-0.5459475584918766,1.693529412
2009,21000.0,64600,618.0,3272220.0,3570.0,155.82,0.17,3.0761904761904764,0,0,0,1,0,0,0,0,0,0,0,0,0,1,0,0,0,0,0,0,0,0,0,0,0,0,0,0,0,0,0,0,0,0,0,0,0.022032603178222403,-0.6260704765517218,-0.600251496958069,-1.1202054938611192,-0.6105763761834443,-0.6009867171735738,0.7404895956591478,-1.4052710785337879,0.9133128978614837,3.034444444
2009,1206435.0,3628000,393.0,187986701.7,205093.95,155.82,0.17,3.0072071848048174,0,1,0,0,0,0,0,0,0,0,0,0,0,0,1,0,0,0,0,0,0,0,0,0,0,0,0,0,0,0,0,0,0,0,0,0,0.022032603178222403,0.2928838646796178,0.5894958915360474,-1.360117660356258,0.4335370784809698,-0.050997000372041246,0.7404895956591478,-1.4052710785337879,0.8301697804016228,2.673809524
2009,76186.0,105787,969.9,11871302.52,12951.62,155.82,0.17,1.3885359514871498,0,1,0,0,0,0,0,0,0,0,0,0,0,0,0,1,0,0,0,0,0,0,0,0,0,0,0,0,0,0,0,0,0,0,0,0,0.022032603178222403,-0.5832900505686921,-0.5864999883735972,-0.7449828654627224,-0.5619693710679294,-0.5753828396843742,0.7404895956591478,-1.4052710785337879,-1.120757317701544,1.484545455
2009,259892.0,500880,751.7,40496371.44,44181.64,155.82,0.16999999999999998,1.927262093484986,0,1,0,0,0,0,0,0,0,0,0,0,0,0,0,0,1,0,0,0,0,0,0,0,0,0,0,0,0,0,0,0,0,0,0,0,0.022032603178222403,-0.440880364495441,-0.45458640444748555,-0.9776443531482301,-0.40016386819128,-0.49015133317854104,0.7404895956591478,-1.4052710785337883,-0.47144978245489194,1.859
2009,157262.0,87970,996.1,24504564.84,26734.54,155.82,0.17,0.5593849753913851,1,0,0,0,0,0,0,0,0,0,0,0,0,0,0,0,0,1,0,0,0,0,0,0,0,0,0,0,0,0,0,0,0,0,0,0,0.022032603178222403,-0.5204395845628191,-0.5924487253160677,-0.7170464265197328,-0.4905588403763503,-0.5377671405702084,0.7404895956591478,-1.4052710785337879,-2.120103617548005,0.515217391
2009,825787.0,504508,996.1,128674130.3,140383.79,155.81999995156136,0.17,0.610942046798993,0,0,0,0,0,1,0,0,0,0,0,0,0,0,0,0,0,1,0,0,0,0,0,0,0,0,0,0,0,0,0,0,0,0,0,0,0.022032603178222403,-0.0021961119374273867,-0.45337508842193225,-0.7170464265197328,0.09826800125688706,-0.22760093540101353,0.7404895938156548,-1.4052710785337879,-2.0579637057255264,0.58625
2009,1102221.0,2734838,1321.0,171748076.2,187377.57,155.8199999818548,0.17,2.481206581983105,0,1,0,0,0,0,0,0,0,0,0,0,0,0,0,0,0,0,1,0,0,0,0,0,0,0,0,0,0,0,0,0,0,0,0,0,0.022032603178222403,0.21209672095846663,0.29128711424408416,-0.3706132581007526,0.34174694262500754,-0.09934771411573443,0.7404895949685726,-1.4052710785337879,0.19619988673755967,2.397931034
2009,37747.0,84636,1321.0,5881737.54,6416.99,155.82,0.16999999999999998,2.2421914324317163,0,0,1,0,0,0,0,0,0,0,0,0,0,0,0,0,0,0,1,0,0,0,0,0,0,0,0,0,0,0,0,0,0,0,0,0,0.022032603178222403,-0.613088129689514,-0.5935618806714136,-0.3706132581007526,-0.5958258685425656,-0.5932168455338169,0.7404895956591478,-1.4052710785337883,-0.09187660620242008,2.416666667
2009,346510.0,1057933,1321.0,53993188.2,58906.7,155.82000000000002,0.16999999999999998,3.0531095783671467,0,0,0,1,0,0,0,0,0,0,0,0,0,0,0,0,0,0,1,0,0,0,0,0,0,0,0,0,0,0,0,0,0,0,0,0,0.022032603178222403,-0.3737337161100161,-0.2685976431513041,-0.3706132581007526,-0.3238720266174086,-0.4499643897443459,0.740489595659149,-1.4052710785337883,0.8854943093271145,2.806923077
2009,77249.0,192050,2821.5,12036939.18,13132.33,155.82,0.17,2.4861163251304226,1,0,0,0,0,0,0,0,0,0,0,0,0,0,0,0,0,0,0,1,0,0,0,0,0,0,0,0,0,0,0,0,0,0,0,0,0.022032603178222403,-0.582466008369222,-0.5576985125433036,1.229334323347939,-0.5610330965338485,-0.5748896544241447,0.7404895956591478,-1.4052710785337879,0.2021174262314788,2.303076923
2009,49279.0,134005,2821.5,7678653.78,8377.43,155.82,0.17,2.7193124860488243,0,0,0,1,0,0,0,0,0,0,0,0,0,0,0,0,0,0,0,1,0,0,0,0,0,0,0,0,0,0,0,0,0,0,0,0,0.022032603178222403,-0.6041484733919694,-0.5770785673126646,1.229334323347939,-0.5856686550646525,-0.5878665045921749,0.7404895956591478,-1.4052710785337879,0.48318049830255194,2.385
2009,107485.0,272284,2821.5,16748312.7,18272.45,155.82,0.17,2.533227892264037,0,0,0,0,0,1,0,0,0,0,0,0,0,0,0,0,0,0,0,1,0,0,0,0,0,0,0,0,0,0,0,0,0,0,0,0,0.022032603178222403,-0.5590269303417715,-0.5309099982119243,1.229334323347939,-0.5344016790244672,-0.5608614798914111,0.7404895956591478,-1.4052710785337879,0.258899329228971,2.286428571
2009,1593071.0,1355660,904.1,248232323.2,270822.07,155.8199999874456,0.17,0.8509727438387868,0,0,0,0,1,0,0,0,0,0,0,0,0,0,0,0,0,0,0,0,1,0,0,0,0,0,0,0,0,0,0,0,0,0,0,0,0.022032603178222403,0.5926057648060019,-0.1691926028150556,-0.8151438457088562,0.7740802963913698,0.12838510336648284,0.7404895951813493,-1.4052710785337879,-1.7686632093722785,0.906041667
2009,1450000.0,2138100,1002.4,225939000.0,246500.0,155.82,0.17,1.4745517241379311,0,1,0,0,0,0,0,0,0,0,0,0,0,0,0,0,0,0,0,0,0,1,0,0,0,0,0,0,0,0,0,0,0,0,0,0,0.022032603178222403,0.48169650655539437,0.09204833186904848,-0.710328885857869,0.6480654951257779,0.0620064501526735,0.7404895956591478,-1.4052710785337879,-1.0170855539272894,1.106071429
2009,20600.0,47700,1002.4,3209892.0,3502.0,155.82,0.17,2.3155339805825244,0,0,0,1,0,0,0,0,0,0,0,0,0,0,0,0,0,0,0,0,0,1,0,0,0,0,0,0,0,0,0,0,0,0,0,0,0.022032603178222403,-0.6263805582824725,-0.605894066095845,-0.710328885857869,-0.610928690213202,-0.6011722995857015,0.7404895956591478,-1.4052710785337879,-0.0034794309847723482,2.251111111
2009,113890.0,265090,992.5,17746339.8,19361.3,155.82,0.16999999999999998,2.3275968039336203,0,1,0,0,0,0,0,0,0,0,0,0,0,0,0,0,0,0,0,0,0,0,1,0,0,0,0,0,0,0,0,0,0,0,0,0,0.022032603178222403,-0.5540617466281248,-0.5333119297135314,-0.720885021183655,-0.5287602506229728,-0.5578898415172161,0.7404895956591478,-1.4052710785337883,0.011059462689794039,1.923333333
2009,32560.0,41798,2995.9,5073499.2,5535.2,155.82,0.16999999999999998,1.2837223587223587,1,0,0,0,0,0,0,0,0,0,0,0,0,0,0,0,0,0,0,0,0,0,0,1,0,0,0,0,0,0,0,0,0,0,0,0,0.022032603178222403,-0.6171091145330246,-0.6078646248562682,1.4152929092890598,-0.600394500723448,-0.5956233854630829,0.7404895956591478,-1.4052710785337883,-1.2470854281698238,1.542857143
2009,12777.0,46943,2995.9,1990912.14,2172.09,155.82,0.17,3.674023636221335,0,0,0,1,0,0,0,0,0,0,0,0,0,0,0,0,0,0,0,0,0,0,0,1,0,0,0,0,0,0,0,0,0,0,0,0,0.022032603178222403,-0.6324449817316307,-0.6061468131276376,1.4152929092890598,-0.6178190718501873,-0.6048018276108892,0.7404895956591478,-1.4052710785337879,1.6338600281507605,2.171428571
2009,62825.0,115388,2995.9,9789391.5,10680.25,155.82,0.17,1.8366573816155989,0,0,0,0,0,1,0,0,0,0,0,0,0,0,0,0,0,0,0,0,0,0,0,1,0,0,0,0,0,0,0,0,0,0,0,0,0.022032603178222403,-0.5936475555800946,-0.5832944081196453,1.4152929092890598,-0.5737375404469095,-0.58158175620547,0.7404895956591478,-1.4052710785337879,-0.5806524321118695,1.802857143
2009,47085.0,65893,2086.3,7336784.7,8004.45,155.82,0.16999999999999998,1.3994478071572687,0,1,0,0,0,0,0,0,0,0,0,0,0,0,0,0,0,0,0,0,0,0,0,0,1,0,0,0,0,0,0,0,0,0,0,0,0.022032603178222403,-0.6058492716851374,-0.5998197903370546,0.4454079908713793,-0.5876010975178731,-0.5888844241226954,0.7404895956591478,-1.4052710785337883,-1.1076056446012612,1.3175
2009,119.0,238,2086.3,18542.58,20.23,155.82000000000002,0.17,2.0,0,0,1,0,0,0,0,0,0,0,0,0,0,0,0,0,0,0,0,0,0,0,0,0,1,0,0,0,0,0,0,0,0,0,0,0,0.022032603178222403,-0.6422575181012387,-0.6217406706175679,0.4454079908713793,-0.6289680493218682,-0.6106745830426706,0.740489595659149,-1.4052710785337879,-0.3837813603821892,2.0
2009,168570.0,240310,1225.9,26266577.4,28656.9,155.82,0.17,1.4255798777955746,0,1,0,0,0,0,0,0,0,0,0,0,0,0,0,0,0,0,0,0,0,0,0,0,0,1,0,0,0,0,0,0,0,0,0,0,0.022032603178222403,-0.511673574034495,-0.5415854719167318,-0.47201613380603114,-0.48059892275510147,-0.532520725779358,0.7404895956591478,-1.4052710785337879,-1.076109585557002,1.393636364
2009,687000.0,618000,1330.3,107048340.0,116790.0,155.82,0.17,0.8995633187772926,1,0,0,0,0,0,0,0,0,0,0,0,0,0,0,0,0,0,0,0,0,0,0,0,0,0,1,0,0,0,0,0,0,0,0,0,0.022032603178222403,-0.10978439485169424,-0.4154823986832068,-0.36069688855228693,-0.023973516636948834,-0.2919920009809351,0.7404895956591478,-1.4052710785337879,-1.710098710659562,1.024074074
2009,265000.0,714000,1330.3,41292300.0,45050.0,155.82,0.17,2.6943396226415093,0,0,0,1,0,0,0,0,0,0,0,0,0,0,0,0,0,0,0,0,0,0,0,0,0,0,1,0,0,0,0,0,0,0,0,0,0.022032603178222403,-0.4369206207937537,-0.38342993494199473,-0.36069688855228693,-0.39566481803127473,-0.4877814457756701,0.7404895956591478,-1.4052710785337879,0.45308159067033216,2.163636364
2009,3413000.0,5581000,1330.3,531813660.0,580210.0,155.82,0.17,1.6352182830354527,0,0,0,0,0,1,0,0,0,0,0,0,0,0,0,0,0,0,0,0,0,0,0,0,0,0,1,0,0,0,0,0,0,0,0,0,0.022032603178222403,2.003422600214785,1.241563200771331,-0.36069688855228693,2.377046596161469,0.9727521376694149,0.7404895956591478,-1.4052710785337879,-0.823439841901067,1.575666667
2009,4650.0,13501,1434.5875,724563.0,790.5,155.82,0.17,2.9034408602150537,0,1,0,0,0,0,0,0,0,0,0,0,0,0,0,0,0,0,0,0,0,0,0,0,0,0,0,1,0,0,0,0,0,0,0,0,0.022032603178222403,-0.6387450672961593,-0.6173124224238211,-0.24949759938178998,-0.6249772121497884,-0.608572398269294,0.7404895956591478,-1.4052710785337879,0.7051039051665313,2.893333333
2009,11178.0,25378,1434.5875,1741755.96,1900.26,155.82,0.17,2.270352478081947,0,0,1,0,0,0,0,0,0,0,0,0,0,0,0,0,0,0,0,0,0,0,0,0,0,0,0,1,0,0,0,0,0,0,0,0,0.022032603178222403,-0.6336845334503068,-0.613346931675338,-0.24949759938178998,-0.6192274471841435,-0.6055436933033697,0.7404895956591478,-1.4052710785337879,-0.057935095450203575,2.903333333
2009,5098.0,13451,1434.5875,794370.36,866.66,155.82,0.16999999999999998,2.638485680659082,0,0,0,1,0,0,0,0,0,0,0,0,0,0,0,0,0,0,0,0,0,0,0,0,0,0,0,1,0,0,0,0,0,0,0,0,0.022032603178222403,-0.6383977757577185,-0.6173291164153529,-0.24949759938178998,-0.6245826204364598,-0.608364545967711,0.7404895956591478,-1.4052710785337883,0.38576281295531845,1.965
2009,2802000.0,11236000,371.3,436607640.0,476340.0,155.82,0.17,4.009992862241257,0,1,0,0,0,0,0,0,0,0,0,0,0,0,0,0,0,0,0,0,0,0,0,0,0,0,0,0,1,0,0,0,0,0,0,0,0.022032603178222403,1.5297727564929877,3.129653643027106,-1.3832558559693446,1.8388869157066514,0.6892750031443364,0.7404895956591478,-1.4052710785337879,2.038791834980726,3.9775
2009,12270.0,20930,2176.6,1911911.4,2085.9,155.82,0.17,1.7057864710676447,0,1,0,0,0,0,0,0,0,0,0,0,0,0,0,0,0,0,0,0,0,0,0,0,0,0,0,0,0,1,0,0,0,0,0,0,0.022032603178222403,-0.6328380103253572,-0.6148320291620142,0.5416927403580947,-0.618265629882905,-0.6050370533182611,0.7404895956591478,-1.4052710785337879,-0.7383865046561318,1.595
2009,1845553.0,5665258,928.5,287574068.5,313744.01,155.8200000216737,0.17,3.069680469756219,0,1,0,0,0,0,0,0,0,0,0,0,0,0,0,0,0,0,0,0,0,0,0,0,0,0,0,0,0,0,1,0,0,0,0,0,0.022032603178222403,0.78833090366454,1.2696952475411962,-0.7891267040978278,0.9964626738837052,0.24552564981355463,0.7404895964840129,-1.4052710785337879,0.9054666177151524,3.539677419
2009,245538.0,640010,2004.2,38259731.16,41741.46,155.82,0.16999999999999998,2.6065619170963354,0,1,0,0,0,0,0,0,0,0,0,0,0,0,0,0,0,0,0,0,0,0,0,0,0,0,0,0,0,0,0,0,1,0,0,0,0.022032603178222403,-0.4520076474034323,-0.40813370361087264,0.3578667070080419,-0.4128066571491335,-0.49681095803774394,0.7404895956591478,-1.4052710785337883,0.347286231592747,2.5225
2009,5148046.0,10714990,585.8,802168527.7,875167.82,155.81999999611503,0.16999999999999998,2.0813702907860576,0,1,0,0,0,0,0,0,0,0,0,0,0,0,0,0,0,0,0,0,0,0,0,0,0,0,0,0,0,0,0,0,0,1,0,0,0.022032603178222403,3.348437766745274,2.9556989124665964,-1.1545395905773124,3.905249216235668,1.7777371922507557,0.7404895955112927,-1.4052710785337883,-0.28570863133907054,2.00971831
2009,24695.0,61514,585.8,3847974.9,4198.15,155.82,0.16999999999999998,2.4909495849362218,0,0,0,1,0,0,0,0,0,0,0,0,0,0,0,0,0,0,0,0,0,0,0,0,0,0,0,0,0,0,0,0,0,1,0,0,0.022032603178222403,-0.6232060965639116,-0.6012818501154168,-1.1545395905773124,-0.6073218753335579,-0.5992723996415441,0.7404895956591478,-1.4052710785337883,0.20794278306319308,2.13
2009,270608.0,551716,847.8,42166138.56,46003.36,155.82000000000002,0.17,2.0388015136285698,0,1,0,0,0,0,0,0,0,0,0,0,0,0,0,0,0,0,0,0,0,0,0,0,0,0,0,0,0,0,0,0,0,0,1,0,0.022032603178222403,-0.43257327492862796,-0.43761328937719124,-0.8751752011474176,-0.3907253753340724,-0.4851795803576396,0.740489595659149,-1.4052710785337879,-0.33701527050102054,1.613846154
2009,13775.0,39300,847.8,2146420.5,2341.75,155.82,0.17,2.852994555353902,0,0,1,0,0,0,0,0,0,0,0,0,0,0,0,0,0,0,0,0,0,0,0,0,0,0,0,0,0,0,0,0,0,0,1,0,0.022032603178222403,-0.6316713278134075,-0.608698656673201,-0.8751752011474176,-0.6169400483459418,-0.6043387994926306,0.7404895956591478,-1.4052710785337879,0.6443027609149734,2.85
2009,214062.0,466766,1317.2,33355140.84,36390.54,155.82,0.17,2.1805177939101754,1,0,0,0,0,0,0,0,0,0,0,0,0,0,0,0,0,0,0,0,0,0,0,0,0,0,0,0,0,0,0,0,0,0,0,1,0.022032603178222403,-0.47640797879621016,-0.46597638098985755,-0.37466510802378156,-0.4405302481507633,-0.5114144380480734,0.7404895956591478,-1.4052710785337879,-0.16620965800051807,2.095
2009,1429703.0,4275871,1317.2,222776321.5,243049.51,155.82000002797784,0.17,2.990740734264389,0,0,0,1,0,0,0,0,0,0,0,0,0,0,0,0,0,0,0,0,0,0,0,0,0,0,0,0,0,0,0,0,0,0,0,1,0.022032603178222403,0.46596218433277353,0.8058069512910768,-0.37466510802378156,0.6301882006969033,0.05258953460528316,0.7404895967239377,-1.4052710785337879,0.8103233508687686,2.79
2009,3986330.0,9597968,1317.2,621149940.6,677676.1,155.82,0.16999999999999998,2.407720384413734,0,0,0,0,0,1,0,0,0,0,0,0,0,0,0,0,0,0,0,0,0,0,0,0,0,0,0,0,0,0,0,0,0,0,0,1,0.022032603178222403,2.4478704969431284,2.582747796288094,-0.37466510802378156,2.88202710286386,1.2387520485323662,0.7404895956591478,-1.4052710785337883,0.10762957596431998,2.346111111
2010,2921793.0,7509866,1297.0,485339035.2,701230.32,166.10999998973233,0.24,2.5702936518774604,0,1,0,0,0,0,1,0,0,0,0,0,0,0,0,0,0,0,0,0,0,0,0,0,0,0,0,0,0,0,0,0,0,0,0,0,0.17536414971508524,1.6226368084225544,1.885572654174006,-0.39620388919356736,2.1143450439736395,1.303035121523348,1.132109686805148,-0.4470381385081858,0.3035733762826102,2.666818182
2010,1829516.0,6909447,1297.0,303900902.8,439083.84,166.11000002186373,0.24000000000000002,3.7766529508350843,0,0,1,0,0,0,1,0,0,0,0,0,0,0,0,0,0,0,0,0,0,0,0,0,0,0,0,0,0,0,0,0,0,0,0,0,0.17536414971508524,0.7758989518744148,1.6851048601423932,-0.39620388919356736,1.0887514170716546,0.587597237858808,1.1321096880280148,-0.44703813850818547,1.7575555055389254,3.325909091
2010,121570.0,155993,2574.1,20193992.7,29176.8,166.10999999999999,0.24,1.2831537385868224,0,1,0,0,0,0,0,1,0,0,0,0,0,0,0,0,0,0,0,0,0,0,0,0,0,0,0,0,0,0,0,0,0,0,0,0,0.17536414971508524,-0.5481081773977101,-0.5697372175966045,0.9655375678328396,-0.5149246958699403,-0.531101839072517,1.1321096871959175,-0.4470381385081858,-1.247770765876525,1.219375
2010,307988.0,355825,2578.5,51159886.68,73917.12,166.10999999999999,0.24,1.1553209865319427,1,0,0,0,0,0,0,0,1,0,0,0,0,0,0,0,0,0,0,0,0,0,0,0,0,0,0,0,0,0,0,0,0,0,0,0,0.17536414971508524,-0.4035961371899688,-0.5030173432806264,0.9702291835331891,-0.33988749119239403,-0.40899865517596296,1.1321096871959175,-0.4470381385081858,-1.4018430536120692,1.272592593
2010,398785.0,1027575,2578.5,66242176.35,95708.4,166.11,0.24,2.5767644219316175,0,0,0,1,0,0,0,0,1,0,0,0,0,0,0,0,0,0,0,0,0,0,0,0,0,0,0,0,0,0,0,0,0,0,0,0,0.17536414971508524,-0.3332099099225252,-0.2787335670498011,0.9702291835331891,-0.2546336365586828,-0.3495269153855167,1.1321096871959186,-0.4470381385081858,0.311372366209907,2.342222222
2010,1830682.0,3649129,2578.5,304094587.0,439363.68,166.1099999890751,0.24,1.9933166983670567,0,0,0,0,0,1,0,0,1,0,0,0,0,0,0,0,0,0,0,0,0,0,0,0,0,0,0,0,0,0,0,0,0,0,0,0,0.17536414971508524,0.7768028401195534,0.5965504384775899,0.9702291835331891,1.0898462325799716,0.5883609640677758,1.132109686780135,-0.4470381385081858,-0.39183650709273016,1.958888889
2010,495218.0,444042,629.2,82260661.98,118852.32,166.11,0.24000000000000002,0.896659652920532,1,0,0,0,0,0,0,0,0,1,0,0,0,0,0,0,0,0,0,0,0,0,0,0,0,0,0,0,0,0,0,0,0,0,0,0,0.17536414971508524,-0.25845463106880334,-0.47356346626126694,-1.108263199351139,-0.16408785901214853,-0.28636361391947596,1.1321096871959186,-0.44703813850818547,-1.7135983962579653,0.919642857
2010,84465.0,163031,629.2,14030481.15,20271.6,166.11,0.24,1.9301604214763513,0,0,0,1,0,0,0,0,0,1,0,0,0,0,0,0,0,0,0,0,0,0,0,0,0,0,0,0,0,0,0,0,0,0,0,0,0.17536414971508524,-0.5768721339464782,-0.5673873713485769,-1.108263199351139,-0.5497644403128608,-0.5554054934325123,1.1321096871959186,-0.4470381385081858,-0.46795653039656265,1.827916667
2010,2265685.0,2505545,629.2,376352935.3,543764.4,166.10999997793164,0.24000000000000002,1.1058664377439935,0,0,0,0,0,1,0,0,0,1,0,0,0,0,0,0,0,0,0,0,0,0,0,0,0,0,0,0,0,0,0,0,0,0,0,0,0.17536414971508524,1.1140190479239933,0.21473080623769097,-1.108263199351139,1.498292354278168,0.8732865147364488,1.1321096863560332,-0.44703813850818547,-1.461448869400321,0.979210526
2010,3937796.0,6637737,1283.1,654107293.6,945071.04,166.11000001015796,0.24000000000000002,1.6856477582891547,0,1,0,0,0,0,0,0,0,0,1,0,0,0,0,0,0,0,0,0,0,0,0,0,0,0,0,0,0,0,0,0,0,0,0,0,0.17536414971508524,2.410246730142484,1.5943863713598438,-0.4110251297014894,3.068321189720097,1.9685137831786095,1.132109687582513,-0.44703813850818547,-0.7626589817792006,1.702222222
2010,6848.0,19083,989.5,1137521.28,1643.52,166.11,0.24,2.7866530373831777,0,1,0,0,0,0,0,0,0,0,0,1,0,0,0,0,0,0,0,0,0,0,0,0,0,0,0,0,0,0,0,0,0,0,0,0,0.17536414971508524,-0.6370411681856839,-0.6154487052092019,-0.7240838500702569,-0.6226429322796082,-0.6062443760752766,1.1321096871959186,-0.4470381385081858,0.5643436793705969,2.79
2010,30632.0,72221,4193.3,5088281.52,7351.68,166.10999999999999,0.24000000000000002,2.3576978323322018,0,1,0,0,0,0,0,0,0,0,0,0,1,0,0,0,0,0,0,0,0,0,0,0,0,0,0,0,0,0,0,0,0,0,0,0,0.17536414971508524,-0.6186037084752433,-0.5977069987687798,2.6920521455614117,-0.6003109424714848,-0.5906659334045279,1.1321096871959175,-0.44703813850818547,0.04733916592712251,2.35
2010,15980.0,42773,4193.3,2654437.8,3835.2,166.10999999999999,0.24,2.6766583229036294,0,0,1,0,0,0,0,0,0,0,0,0,1,0,0,0,0,0,0,0,0,0,0,0,0,0,0,0,0,0,0,0,0,0,0,0,0.17536414971508524,-0.6299620022726439,-0.6075390920213966,2.6920521455614117,-0.6140684397246223,-0.6002629457662757,1.1321096871959175,-0.4470381385081858,0.4317709464343111,2.68
2010,728300.0,1423800,1107.5,120977913.0,174792.0,166.11,0.24,1.9549636138953728,0,1,0,0,0,0,0,0,0,0,0,0,0,1,0,0,0,0,0,0,0,0,0,0,0,0,0,0,0,0,0,0,0,0,0,0,0.17536414971508524,-0.07776845615167752,-0.14644203115540777,-0.5982632471972509,0.054764514367309704,-0.1336956617422367,1.1321096871959186,-0.4470381385081858,-0.4380621211961493,1.8275
2010,79800.0,242000,1107.5,13255578.0,19152.0,166.11,0.24,3.0325814536340854,0,0,0,1,0,0,0,0,0,0,0,0,0,1,0,0,0,0,0,0,0,0,0,0,0,0,0,0,0,0,0,0,0,0,0,0,0.17536414971508524,-0.580488462131359,-0.5410212150029542,-0.5982632471972509,-0.554144642652875,-0.5584610532651327,1.1321096871959186,-0.4470381385081858,0.8607524877696349,2.987777778
2010,1243281.0,3465000,639.2,206521406.9,298387.44,166.10999999195678,0.24,2.786980578002881,0,1,0,0,0,0,0,0,0,0,0,0,0,0,1,0,0,0,0,0,0,0,0,0,0,0,0,0,0,0,0,0,0,0,0,0,0.17536414971508524,0.3214470433077247,0.5350734791421144,-1.0976004363957994,0.5383059893939169,0.20361521889284812,1.1321096868898068,-0.4470381385081858,0.5647384524768062,2.561428571
2010,75426.0,110238,1319.8,12529012.86,18102.24,166.10999999999999,0.24000000000000002,1.4615384615384615,0,1,0,0,0,0,0,0,0,0,0,0,0,0,0,1,0,0,0,0,0,0,0,0,0,0,0,0,0,0,0,0,0,0,0,0,0.17536414971508524,-0.5838792058571186,-0.585013889247429,-0.3718927896553934,-0.5582516105060844,-0.5613260090438855,1.1321096871959175,-0.44703813850818547,-1.0327699783597928,1.561818182
2010,261347.0,507404,1352.0,43412350.17,62723.28,166.11,0.24,1.941495406490222,0,1,0,0,0,0,0,0,0,0,0,0,0,0,0,0,1,0,0,0,0,0,0,0,0,0,0,0,0,0,0,0,0,0,0,0,0.17536414971508524,-0.4397524421998351,-0.4524081724324057,-0.33755869293920016,-0.38368106404139696,-0.4395483585314285,1.1321096871959186,-0.4470381385081858,-0.4542948744870864,1.874
2010,1129304.0,3192746,1317.7,187588687.4,271032.96,166.10999996457997,0.24000000000000002,2.8271802809518074,0,1,0,0,0,0,0,0,0,0,0,0,0,0,0,0,0,0,1,0,0,0,0,0,0,0,0,0,0,0,0,0,0,0,0,0,0.17536414971508524,0.23309157974327419,0.4441733597316982,-0.3741319698760146,0.43128727065889677,0.12896065446785954,1.1321096858478914,-0.44703813850818547,0.6131897304166837,2.654
2010,49700.0,117501,1317.7,8255667.0,11928.0,166.11,0.24,2.36420523138833,0,0,1,0,0,0,0,0,0,0,0,0,0,0,0,0,0,0,1,0,0,0,0,0,0,0,0,0,0,0,0,0,0,0,0,0,0.17536414971508524,-0.6038221123703542,-0.582588920037508,-0.3741319698760146,-0.5824070414598257,-0.5781764554005825,1.1321096871959186,-0.4470381385081858,0.05518230349295824,2.668333333
2010,360062.0,1163725,1317.7,59809898.82,86414.88,166.11,0.24000000000000002,3.2320128200143308,0,0,0,1,0,0,0,0,0,0,0,0,0,0,0,0,0,0,1,0,0,0,0,0,0,0,0,0,0,0,0,0,0,0,0,0,0.17536414971508524,-0.3632281470721801,-0.23327582810848835,-0.3741319698760146,-0.29099260230624274,-0.37489035448488617,1.1321096871959186,-0.44703813850818547,1.1011200490597073,2.935714286
2010,70498.28,170262,3131.8,11710469.29,16919.5872,166.1099999886522,0.24000000000000002,2.4151227519309693,1,0,0,0,0,0,0,0,0,0,0,0,0,0,0,0,0,0,0,1,0,0,0,0,0,0,0,0,0,0,0,0,0,0,0,0,0.17536414971508524,-0.5876991957227565,-0.5649730862932362,1.5601998578521237,-0.5628784938278485,-0.5645536496223206,1.1321096867640394,-0.44703813850818547,0.11655138731318372,2.236923077
2010,51132.63,137465,3131.8,8493641.169,12271.8312,166.10999999413292,0.24000000000000002,2.6884007335433364,0,0,0,1,0,0,0,0,0,0,0,0,0,0,0,0,0,0,0,1,0,0,0,0,0,0,0,0,0,0,0,0,0,0,0,0,0.17536414971508524,-0.6027115313955406,-0.5759233430986584,1.5601998578521237,-0.5810618733418271,-0.5772380874085125,1.1321096869726268,-0.44703813850818547,0.44592365801806205,2.48
2010,91555.59,215011,3131.8,15208299.05,21973.3416,166.10999994648063,0.24000000000000002,2.3484202329972423,0,0,0,0,0,1,0,0,0,0,0,0,0,0,0,0,0,0,0,1,0,0,0,0,0,0,0,0,0,0,0,0,0,0,0,0,0.17536414971508524,-0.571375477898368,-0.5500322977520331,1.5601998578521237,-0.5431067299632636,-0.5507611800362466,1.1321096851590609,-0.44703813850818547,0.03615720409610992,2.202142857
2010,1573535.0,1766596,856.3,261379898.8,377648.4,166.10999996822443,0.24000000000000002,1.1226925362321143,0,1,0,0,0,0,0,0,0,0,0,0,0,0,0,0,0,0,0,0,1,0,0,0,0,0,0,0,0,0,0,0,0,0,0,0,0.17536414971508524,0.5774613730761344,-0.031989360732152125,-0.866111852635379,0.8483980242372725,0.4199305151334072,1.1321096859865933,-0.44703813850818547,-1.4411689689361942,1.211666667
2010,1486200.0,2625100,1389.0,246872682.0,356688.0,166.11,0.24,1.7663167810523484,0,1,0,0,0,0,0,0,0,0,0,0,0,0,0,0,0,0,0,0,0,1,0,0,0,0,0,0,0,0,0,0,0,0,0,0,0.17536414971508524,0.5097589031883388,0.2546478093895724,-0.298106470004444,0.7663948152240528,0.3627263740869119,1.1321096871959186,-0.4470381385081858,-0.6654314662424926,1.3116
2010,29500.0,65800,1389.0,4900245.0,7080.0,166.11,0.24,2.230508474576271,0,0,0,1,0,0,0,0,0,0,0,0,0,0,0,0,0,0,0,0,0,1,0,0,0,0,0,0,0,0,0,0,0,0,0,0,0.17536414971508524,-0.619481239773268,-0.5998508411613039,-0.298106470004444,-0.6013738340146565,-0.5914073897240405,1.1321096871959186,-0.4470381385081858,-0.10595766145134111,2.388888889
2010,212680.0,480240,2160.5,35328274.8,51043.2,166.10999999999999,0.24,2.258040248260297,0,1,0,0,0,0,0,0,0,0,0,0,0,0,0,0,0,0,0,0,0,0,1,0,0,0,0,0,0,0,0,0,0,0,0,0,0.17536414971508524,-0.4774793111759541,-0.46147768415184615,0.5245256919999982,-0.42937694984664193,-0.471425085299732,1.1321096871959175,-0.4470381385081858,-0.07277458990881457,1.945555556
2010,32596.0,42492,3119.7,5414521.56,7823.04,166.10999999999999,0.24,1.303595533194257,1,0,0,0,0,0,0,0,0,0,0,0,0,0,0,0,0,0,0,0,0,0,0,1,0,0,0,0,0,0,0,0,0,0,0,0,0.17536414971508524,-0.617081207177257,-0.6076329122538057,1.5472979146761625,-0.5984668444230844,-0.5893795197901085,1.1321096871959175,-0.4470381385081858,-1.2231329949613257,1.53
2010,12797.0,47413,3119.7,2125709.67,3071.28,166.10999999999999,0.24000000000000002,3.7050089864812064,0,0,1,0,0,0,0,0,0,0,0,0,0,0,0,0,0,0,0,0,0,0,0,1,0,0,0,0,0,0,0,0,0,0,0,0,0.17536414971508524,-0.6324294776450932,-0.6059898896072379,1.5472979146761625,-0.6170571179771979,-0.6023478004173434,1.1321096871959175,-0.44703813850818547,1.6712055732014997,2.077142857
2010,62892.0,117116,3119.7,10446990.12,15094.08,166.10999999999999,0.24,1.8621764294345862,0,0,0,0,0,1,0,0,0,0,0,0,0,0,0,0,0,0,0,0,0,0,0,1,0,0,0,0,0,0,0,0,0,0,0,0,0.17536414971508524,-0.5935956168901939,-0.5827174637723035,1.5472979146761625,-0.5700204113913442,-0.5695357382919163,1.1321096871959175,-0.4470381385081858,-0.5498952277561643,1.828571429
2010,28562.0,26499,2738.7,4744433.82,6854.88,166.11,0.24,0.9277711644842798,1,0,0,0,0,0,0,0,0,0,0,0,0,0,0,0,0,0,0,0,0,0,0,0,1,0,0,0,0,0,0,0,0,0,0,0,0.17536414971508524,-0.6202083814318785,-0.6129726523851933,1.1410466460777278,-0.6022545692332916,-0.592021776674308,1.1321096871959186,-0.4470381385081858,-1.6761007934567704,0.92625
2010,12123.0,20697,2738.7,2013751.53,2909.52,166.11,0.24,1.7072506805246226,0,1,0,0,0,0,0,0,0,0,0,0,0,0,0,0,0,0,0,0,0,0,0,0,1,0,0,0,0,0,0,0,0,0,0,0,0.17536414971508524,-0.6329519653614082,-0.6149098231625527,1.1410466460777278,-0.6176899703624432,-0.6027892682259578,1.1321096871959186,-0.4470381385081858,-0.7366217448654346,1.495
2010,7.0,6,2738.7,1162.77,1.68,166.10999999999999,0.24,0.8571428571428571,0,0,1,0,0,0,0,0,0,0,0,0,0,0,0,0,0,0,0,0,0,0,0,0,1,0,0,0,0,0,0,0,0,0,0,0,0.17536414971508524,-0.6423443409858489,-0.6218181307382759,1.1410466460777278,-0.6290662900948358,-0.6107252088330378,1.1321096871959175,-0.4470381385081858,-1.7612265903754698,0.86
2010,180060.0,378210,1771.8,29909766.6,43214.4,166.11,0.24000000000000002,2.1004665111629457,0,1,0,0,0,0,0,0,0,0,0,0,0,0,0,0,0,0,0,0,0,0,0,0,0,1,0,0,0,0,0,0,0,0,0,0,0.17536414971508524,-0.5027664763186791,-0.49554344327180316,0.11006409592595189,-0.4600055029723141,-0.49279107924187054,1.1321096871959186,-0.44703813850818547,-0.2626926333786562,2.051818182
2010,1330.0,3150,1771.8,220926.3,319.2,166.10999999999999,0.24,2.3684210526315788,0,0,1,0,0,0,0,0,0,0,0,0,0,0,0,0,0,0,0,0,0,0,0,0,0,1,0,0,0,0,0,0,0,0,0,0,0.17536414971508524,-0.6413187456613907,-0.6207684125507512,0.11006409592595189,-0.627824059077507,-0.6098586481345262,1.1321096871959175,-0.4470381385081858,0.06026348349722349,2.38
2010,678000.0,563000,1291.9,112622580.0,162720.0,166.11,0.24,0.8303834808259587,1,0,0,0,0,0,0,0,0,0,0,0,0,0,0,0,0,0,0,0,0,0,0,0,0,0,1,0,0,0,0,0,0,0,0,0,0.17536414971508524,-0.1167612337935865,-0.4338457893682762,-0.40164189830079045,0.0075353230055282255,-0.16664199820114445,1.1321096871959186,-0.4470381385081858,-1.7934787187326136,0.939642857
2010,293000.0,863000,1291.9,48670230.0,70320.0,166.11,0.24,2.945392491467577,0,0,0,1,0,0,0,0,0,0,0,0,0,0,0,0,0,0,0,0,0,0,0,0,0,0,1,0,0,0,0,0,0,0,0,0,0.17536414971508524,-0.4152148996412,-0.33368184017698843,-0.40164189830079045,-0.3539604756880278,-0.4188157464452693,1.1321096871959186,-0.4470381385081858,0.7556667202308534,2.1024
2010,3255000.0,5398000,1291.9,540688050.0,781200.0,166.11,0.24,1.6583717357910905,0,0,0,0,0,1,0,0,0,0,0,0,0,0,0,0,0,0,0,0,0,0,0,0,0,0,1,0,0,0,0,0,0,0,0,0,0.17536414971508524,1.8809403165682317,1.1804631917646455,-0.40164189830079045,2.4272097989361616,1.521284623162777,1.1321096871959186,-0.4470381385081858,-0.795533805476955,1.633
2010,4384.0,12602,1434.5875,728226.24,1052.16,166.10999999999999,0.24000000000000002,2.874543795620438,0,1,0,0,0,0,0,0,0,0,0,0,0,0,0,0,0,0,0,0,0,0,0,0,0,0,0,1,0,0,0,0,0,0,0,0,0.17536414971508524,-0.6389512716471086,-0.6176125803915643,-0.24949759938178998,-0.624956505391247,-0.607858288064039,1.1321096871959175,-0.44703813850818547,0.670275296853203,2.673333333
2010,10920.0,26585,1434.5875,1813921.2,2620.8,166.10999999999999,0.24000000000000002,2.4345238095238093,0,0,1,0,0,0,0,0,0,0,0,0,0,0,0,0,0,0,0,0,0,0,0,0,0,0,0,1,0,0,0,0,0,0,0,0,0.17536414971508524,-0.6338845361666411,-0.6129439387197584,-0.24949759938178998,-0.6188195273645948,-0.6035772293146271,1.1321096871959175,-0.44703813850818547,0.13993479477150586,3.446666667
2010,4710.0,12773,1434.5875,782378.1,1130.4,166.10999999999999,0.24000000000000002,2.7118895966029726,0,0,0,1,0,0,0,0,0,0,0,0,0,0,0,0,0,0,0,0,0,0,0,0,0,0,0,1,0,0,0,0,0,0,0,0,0.17536414971508524,-0.6386985550365467,-0.6175554869405253,-0.24949759938178998,-0.6246504076500156,-0.6076447591239674,1.1321096871959175,-0.44703813850818547,0.4742339526000906,2.7
2010,2831000.0,10837000,392.7,470257410.0,679440.0,166.11,0.24,3.827975980219004,0,1,0,0,0,0,0,0,0,0,0,0,0,0,0,0,0,0,0,0,0,0,0,0,0,0,0,0,1,0,0,0,0,0,0,0,0.17536414971508524,1.5522536819724184,2.9964355906026934,-1.360437543244918,2.0290949453100118,1.2435660017198966,1.1321096871959186,-0.4470381385081858,1.8194133348008998,3.834
2010,12140.0,20973,2527.0,2016575.4,2913.6,166.10999999999999,0.24,1.7275947281713344,0,1,0,0,0,0,0,0,0,0,0,0,0,0,0,0,0,0,0,0,0,0,0,0,0,0,0,0,0,1,0,0,0,0,0,0,0.17536414971508524,-0.6329387868878512,-0.6148176723292967,0.9153159543131907,-0.6176740082102932,-0.6027781332812301,1.1321096871959175,-0.4470381385081858,-0.7121017848994303,1.6225
2010,1905726.0,5792415,1095.2,316560145.9,457374.24,166.11000002098936,0.24,3.0394794424801885,0,1,0,0,0,0,0,0,0,0,0,0,0,0,0,0,0,0,0,0,0,0,0,0,0,0,0,0,0,0,1,0,0,0,0,0,0.17536414971508524,0.8349772736257048,1.3121504051655848,-0.6113784456323184,1.160308806210449,0.6375145400761709,1.1321096879947379,-0.4470381385081858,0.86906638937317,3.597419355
2010,264558.0,702473,2348.3,43945729.38,63493.92,166.11,0.24,2.655270299896431,0,1,0,0,0,0,0,0,0,0,0,0,0,0,0,0,0,0,0,0,0,0,0,0,0,0,0,0,0,0,0,0,1,0,0,0,0.17536414971508524,-0.4372632611062333,-0.3872785677497546,0.7247723803012741,-0.38066609518528005,-0.4374451639713976,1.1321096871959186,-0.4470381385081858,0.40599271994784064,2.5725
2010,5631949.0,11938078,742.6,935523048.4,1351667.76,166.11000000177557,0.24,2.1197063396703344,0,1,0,0,0,0,0,0,0,0,0,0,0,0,0,0,0,0,0,0,0,0,0,0,0,0,0,0,0,0,0,0,0,1,0,0,0.17536414971508524,3.7235614661339955,3.364063326761509,-0.987347467437589,4.659046363171517,3.0781784899553073,1.1321096872634935,-0.4470381385081858,-0.23950354962568882,2.052916667
2010,25121.0,54221,742.6,4172849.31,6029.04,166.11,0.24,2.15839337605987,0,0,0,1,0,0,0,0,0,0,0,0,0,0,0,0,0,0,0,0,0,0,0,0,0,0,0,0,0,0,0,0,0,1,0,0,0.17536414971508524,-0.6228758595206619,-0.6037168357202569,-0.987347467437589,-0.6054854966184982,-0.5942756204865366,1.1321096871959186,-0.4470381385081858,-0.19287543510551414,2.032222222
2010,270416.0,495083,1419.0,44918801.76,64899.84,166.10999999999999,0.24,1.8308199218981125,0,1,0,0,0,0,0,0,0,0,0,0,0,0,0,0,0,0,0,0,0,0,0,0,0,0,0,0,0,0,0,0,0,0,1,0,0.17536414971508524,-0.4327221141593883,-0.4565219058256919,-0.2661181811384255,-0.3751657253443792,-0.4336081930175948,1.1321096871959175,-0.4470381385081858,-0.5876881155246079,1.540769231
2010,15277.0,50503,1419.0,2537662.47,3666.48,166.11,0.24,3.3058192053413626,0,0,1,0,0,0,0,0,0,0,0,0,0,0,0,0,0,0,0,0,0,0,0,0,0,0,0,0,0,0,0,0,0,0,1,0,0.17536414971508524,-0.6305069709144384,-0.6049582009305676,-0.2661181811384255,-0.6147285216635355,-0.600723408480602,1.1321096871959186,-0.4470381385081858,1.1900762707950026,2.25
2010,212132.0,453439,1096.0,35237246.52,50911.68,166.11,0.24,2.137532291214904,1,0,0,0,0,0,0,0,0,0,0,0,0,0,0,0,0,0,0,0,0,0,0,0,0,0,0,0,0,0,0,0,0,0,0,1,0.17536414971508524,-0.47790412314708264,-0.4704259974927652,-0.6105254245958913,-0.4298914945159512,-0.4717840235180119,1.1321096871959186,-0.4470381385081858,-0.21801856169117495,2.081666667
2010,1369892.0,4506848,1096.0,227552760.1,328774.08,166.1099999854003,0.24000000000000002,3.289929425093365,0,0,0,1,0,0,0,0,0,0,0,0,0,0,0,0,0,0,0,0,0,0,0,0,0,0,0,0,0,0,0,0,0,0,0,1,0.17536414971508524,0.4195964383379382,0.8829255129322638,-0.6105254245958913,0.6571874038007413,0.2865450122407362,1.1321096866402778,-0.44703813850818547,1.1709248815377873,3.123888889
2010,3362122.0,8429323,1096.0,558482085.4,806909.28,166.10999999405138,0.24000000000000002,2.5071437026972845,0,0,0,0,0,1,0,0,0,0,0,0,0,0,0,0,0,0,0,0,0,0,0,0,0,0,0,0,0,0,0,0,0,0,0,1,0.17536414971508524,1.963981754471941,2.192560801612586,-0.6105254245958913,2.5277920142715544,1.591449184875523,1.1321096869695235,-0.44703813850818547,0.22746097954412772,2.487222222
2011,2873949.0,8563334,861.9,481443936.5,948403.17,167.52000000695907,0.33,2.9796402093426155,0,1,0,0,0,0,1,0,0,0,0,0,0,0,0,0,0,0,0,0,0,0,0,0,0,0,0,0,0,0,0,0,0,0,0,0,0.3286956962519481,1.585547932607455,2.2373043715961645,-0.8601407053803889,2.0923276854942916,1.9776076761627728,1.185771915747148,0.7849756415247319,0.79694428140284,2.909090909
2011,1221899.0,4328458,861.9,204692520.5,403226.67,167.52000001636796,0.32999999999999996,3.5424024407909327,0,0,1,0,0,0,1,0,0,0,0,0,0,0,0,0,0,0,0,0,0,0,0,0,0,0,0,0,0,0,0,0,0,0,0,0,0.3286956962519481,0.30487162439044246,0.8233646899448177,-0.8601407053803889,0.5279680620169278,0.48973753049596386,1.1857719161052347,0.7849756415247311,1.4752216638155917,3.031818182
2011,123500.0,159543,2193.7,20688720.0,40755.0,167.52,0.33,1.2918461538461539,0,1,0,0,0,0,0,1,0,0,0,0,0,0,0,0,0,0,0,0,0,0,0,0,0,0,0,0,0,0,0,0,0,0,0,0,0.3286956962519481,-0.5466120330468377,-0.5685519441978409,0.5599260650117251,-0.5121282100418354,-0.4995031584240307,1.185771915482298,0.7849756415247319,-1.2372941056824487,1.21875
2011,276486.0,338015,1743.4,46316934.72,91240.38,167.51999999999998,0.33,1.2225392967455857,1,0,0,0,0,0,0,0,1,0,0,0,0,0,0,0,0,0,0,0,0,0,0,0,0,0,0,0,0,0,0,0,0,0,0,0,0.3286956962519481,-0.4280166238952454,-0.5089637430642825,0.07978184913278785,-0.36726266640979766,-0.3617208261066175,1.185771915482297,0.7849756415247319,-1.3208272054365768,1.268518519
2011,393619.0,1080072,1743.4,65939054.88,129894.27,167.52,0.33,2.7439529087772696,0,0,0,1,0,0,0,0,1,0,0,0,0,0,0,0,0,0,0,0,0,0,0,0,0,0,0,0,0,0,0,0,0,0,0,0,0.3286956962519481,-0.3372146154751714,-0.2612058775808177,0.07978184913278785,-0.25634705503194943,-0.2562284416313351,1.185771915482298,0.7849756415247319,0.5128787269608276,2.489615385
2011,1875601.0,3297591,1743.4,314200679.5,618948.33,167.51999998933675,0.32999999999999996,1.7581516537899051,0,0,0,0,0,1,0,0,1,0,0,0,0,0,0,0,0,0,0,0,0,0,0,0,0,0,0,0,0,0,0,0,0,0,0,0,0.3286956962519481,0.8116242432785377,0.4791789905749001,0.07978184913278785,1.1469717327368611,1.07847497183411,1.1857719150764723,0.7849756415247311,-0.6752726048924406,1.797037037
2011,570397.0,914228,1097.1,95552905.44,188231.01,167.51999999999998,0.33,1.6027924410542131,1,0,0,0,0,0,0,0,0,1,0,0,0,0,0,0,0,0,0,0,0,0,0,0,0,0,0,0,0,0,0,0,0,0,0,0,0.3286956962519481,-0.20017554497852352,-0.31657784421308416,-0.609352520670804,-0.08895238445958097,-0.09701854567740686,1.185771915482297,0.7849756415247319,-0.8625215605959445,1.546774194
2011,96160.0,182628,1097.1,16108723.2,31732.8,167.51999999999998,0.33,1.8992096505823628,0,0,0,1,0,0,0,0,0,1,0,0,0,0,0,0,0,0,0,0,0,0,0,0,0,0,0,0,0,0,0,0,0,0,0,0,0.3286956962519481,-0.5678061193436525,-0.5608443283075714,-0.609352520670804,-0.5380170100817078,-0.5241261236990106,1.185771915482297,0.7849756415247319,-0.5052603981625345,1.736190476
2011,2684379.0,7141115,1097.1,449687170.1,885845.07,167.52000000745053,0.32999999999999996,2.660248422447054,0,0,0,0,0,1,0,0,0,1,0,0,0,0,0,0,0,0,0,0,0,0,0,0,0,0,0,0,0,0,0,0,0,0,0,0,0.3286956962519481,1.4385924483613979,1.7624541327465508,-0.609352520670804,1.912820010894489,1.8068770423962057,1.1857719157658524,0.7849756415247311,0.4119926747143085,2.491578947
2011,3939826.0,6300825,1302.7,659999651.5,1300142.58,167.51999999492364,0.33,1.5992647898663546,0,1,0,0,0,0,0,0,0,0,1,0,0,0,0,0,0,0,0,0,0,0,0,0,0,0,0,0,0,0,0,0,0,0,0,0,0.3286956962519481,2.411820394926044,1.4818982498600601,-0.39012611430902383,3.1016282163617883,2.937558384224212,1.1857719152890998,0.7849756415247319,-0.866773313610016,1.527777778
2011,7248.0,20198,641.3954545,1214184.96,2391.84,167.51999999999998,0.33,2.786699779249448,0,1,0,0,0,0,0,0,0,0,0,1,0,0,0,0,0,0,0,0,0,0,0,0,0,0,0,0,0,0,0,0,0,0,0,0,0.3286956962519481,-0.6367310864549331,-0.615076429198041,-1.0952594753045262,-0.6222095846663871,-0.6042020962128736,1.185771915482297,0.7849756415247319,0.5644000156862402,2.79
2011,31247.0,78770,3340.395455,5234497.44,10311.51,167.52,0.33,2.5208820046724485,0,1,0,0,0,0,0,0,0,0,0,0,1,0,0,0,0,0,0,0,0,0,0,0,0,0,0,0,0,0,0,0,0,0,0,0,0.3286956962519481,-0.618126957814214,-0.5955204197579339,1.782620246874742,-0.5994844452312409,-0.5825881041267637,1.185771915482298,0.7849756415247319,0.24401926825253756,2.495
2011,15990.0,43221,3340.395455,2678644.8,5276.7,167.51999999999998,0.33,2.703001876172608,0,0,1,0,0,0,0,0,0,0,0,0,1,0,0,0,0,0,0,0,0,0,0,0,0,0,0,0,0,0,0,0,0,0,0,0,0.3286956962519481,-0.6299542502293751,-0.6073895138572708,1.782620246874742,-0.6139316077114286,-0.5963288715444801,1.185771915482297,0.7849756415247319,0.46352189800181076,2.7
2011,751300.0,1521800,890.5,125857776.0,247929.0,167.52,0.33,2.025555703447358,0,1,0,0,0,0,0,0,0,0,0,0,0,1,0,0,0,0,0,0,0,0,0,0,0,0,0,0,0,0,0,0,0,0,0,0,0.3286956962519481,-0.059938756633508394,-0.11372180775292043,-0.829645203328118,0.08234833220512383,0.06590640996047496,1.185771915482298,0.7849756415247319,-0.3529799762960889,1.951666667
2011,84200.0,267900,890.5,14105184.0,27786.0,167.52,0.33,3.181710213776722,0,0,0,1,0,0,0,0,0,0,0,0,0,1,0,0,0,0,0,0,0,0,0,0,0,0,0,0,0,0,0,0,0,0,0,0,0.3286956962519481,-0.5770775630931005,-0.5323737273894397,-0.829645203328118,-0.5493421764488209,-0.5348975452311525,1.185771915482298,0.7849756415247319,1.0404920996687608,3.122222222
2011,1234094.0,3574300,471.5409091,206735426.9,407251.02,167.52000001620624,0.33,2.896294771711069,0,1,0,0,0,0,0,0,0,0,0,0,0,0,1,0,0,0,0,0,0,0,0,0,0,0,0,0,0,0,0,0,0,0,0,0,0.3286956962519481,0.31432524115670646,0.5715665446308069,-1.2763713507532413,0.5395157546462711,0.5007205978525251,1.1857719160990798,0.7849756415247319,0.6964909778339733,2.63047619
2011,75043.0,108648,1108.3,12571203.36,24764.19,167.51999999999998,0.32999999999999996,1.4478099223112082,0,1,0,0,0,0,0,0,0,0,0,0,0,0,0,1,0,0,0,0,0,0,0,0,0,0,0,0,0,0,0,0,0,0,0,0,0.3286956962519481,-0.5841761091143125,-0.5855447581781429,-0.5974102261608237,-0.558013125313675,-0.5431445274192648,1.185771915482297,0.7849756415247311,-1.0493165003739788,1.545454545
2011,262169.0,544396,887.6,43918550.88,86515.77,167.52,0.33,2.0765079013918504,0,1,0,0,0,0,0,0,0,0,0,0,0,0,0,0,1,0,0,0,0,0,0,0,0,0,0,0,0,0,0,0,0,0,0,0,0.3286956962519481,-0.43911522424314225,-0.4400572897374586,-0.8327374045851663,-0.38081972384106505,-0.37461501022665733,1.185771915482298,0.7849756415247319,-0.29156909703181366,2.0225
2011,150654.0,126012,1374.7,25237558.08,49715.82,167.51999999999998,0.33,0.836433151459636,1,0,0,0,0,0,0,0,0,0,0,0,0,0,0,0,0,1,0,0,0,0,0,0,0,0,0,0,0,0,0,0,0,0,0,0,0.3286956962519481,-0.5255621347548218,-0.5797472687989511,-0.31335422103057947,-0.4864155371712175,-0.4750477085675272,1.185771915482297,0.7849756415247319,-1.786187265019898,0.79173913
2011,832047.0,1250312,1374.7,139384513.4,274575.51,167.5199999519258,0.33,1.5026939583941772,0,0,0,0,0,1,0,0,0,0,0,0,0,0,0,0,0,1,0,0,0,0,0,0,0,0,0,0,0,0,0,0,0,0,0,0,0.3286956962519481,0.0026566671488221214,-0.20436617521306824,-0.31335422103057947,0.15880930260153614,0.13862881585143338,1.1857719136526743,0.7849756415247319,-0.9831667158818722,1.554166667
2011,1117720.0,3218289,1178.986364,187240454.4,368847.6,167.52,0.32999999999999996,2.8793338224242206,0,1,0,0,0,0,0,0,0,0,0,0,0,0,0,0,0,0,1,0,0,0,0,0,0,0,0,0,0,0,0,0,0,0,0,0,0.3286956962519481,0.22411161282073197,0.4527016522456751,-0.5220390318101392,0.4293188556363612,0.39591178435908997,1.185771915482298,0.7849756415247311,0.676048546479062,2.702666667
2011,43192.0,94196,1178.986364,7235523.84,14253.36,167.52,0.33,2.1808668271902203,0,0,1,0,0,0,0,0,0,0,0,0,0,0,0,0,0,0,1,0,0,0,0,0,0,0,0,0,0,0,0,0,0,0,0,0,0.3286956962519481,-0.6088671421296692,-0.5903699894905179,-0.5220390318101392,-0.5881734826680998,-0.5718301919025635,1.185771915482298,0.7849756415247319,-0.1657889805521497,2.378181818
2011,255223.0,869134,1178.986364,42754956.96,84223.59,167.52,0.32999999999999996,3.405390580002586,0,0,0,1,0,0,0,0,0,0,0,0,0,0,0,0,0,0,1,0,0,0,0,0,0,0,0,0,0,0,0,0,0,0,0,0,0.3286956962519481,-0.44449979349762936,-0.3316338212958572,-0.5220390318101392,-0.387397032000427,-0.3808707204241705,1.185771915482298,0.7849756415247311,1.3100861214821067,2.931428571
2011,68134.83,171662,3035.1,11413946.72,22484.4939,167.51999997651714,0.33,2.519445634486796,1,0,0,0,0,0,0,0,0,0,0,0,0,0,0,0,0,0,0,1,0,0,0,0,0,0,0,0,0,0,0,0,0,0,0,0,0.3286956962519481,-0.5895313523891138,-0.5645056545303435,1.4570909400739904,-0.5645546114884633,-0.5493661671421491,1.1857719145885794,0.7849756415247319,0.24228806214939758,2.301538462
2011,47290.01,149217,3035.1,7922022.475,15605.7033,167.51999999577077,0.32999999999999996,3.155359874104488,0,0,0,1,0,0,0,0,0,0,0,0,0,0,0,0,0,0,0,1,0,0,0,0,0,0,0,0,0,0,0,0,0,0,0,0,0.3286956962519481,-0.6056903470460843,-0.571999587329005,1.4570909400739904,-0.5842929939548412,-0.5681394399666996,1.1857719153213404,0.7849756415247311,1.0087329686898174,2.7
2011,92734.9,248114,3035.1,15534950.45,30602.517,167.52000002156686,0.33,2.6755191411216277,0,0,0,0,0,1,0,0,0,0,0,0,0,0,0,0,0,0,0,1,0,0,0,0,0,0,0,0,0,0,0,0,0,0,0,0,0.3286956962519481,-0.5704612716836387,-0.5389798737184357,1.4570909400739904,-0.5412603066693992,-0.5272108390744069,1.185771916303096,0.7849756415247319,0.43039793098656176,2.426428571
2011,1693231.0,2273045,852.6,283650057.1,558766.23,167.5199999881883,0.33,1.3424305366485731,0,1,0,0,0,0,0,0,0,0,0,0,0,0,0,0,0,0,0,0,1,0,0,0,0,0,0,0,0,0,0,0,0,0,0,0,0.3286956962519481,0.6702502301859941,0.1371037456144429,-0.8700570749288546,0.974281884043682,0.9142288058795348,1.1857719150327637,0.7849756415247319,-1.1763265409795205,1.400416667
2011,1516400.0,2784600,1174.095455,254027328.0,500412.0,167.52,0.33,1.836322869955157,0,1,0,0,0,0,0,0,0,0,0,0,0,0,0,0,0,0,0,0,0,1,0,0,0,0,0,0,0,0,0,0,0,0,0,0,0.3286956962519481,0.5331700738600217,0.3079016423762737,-0.5272540921404532,0.80683702681033,0.7549711770375462,1.185771915482298,0.7849756415247319,-0.5810556071665407,1.319642857
2011,27800.0,64300,1174.095455,4657056.0,9174.0,167.52,0.33,2.3129496402877696,0,0,0,1,0,0,0,0,0,0,0,0,0,0,0,0,0,0,0,0,0,1,0,0,0,0,0,0,0,0,0,0,0,0,0,0,0.3286956962519481,-0.6207990871289587,-0.6003516609072603,-0.5272540921404532,-0.6027484793840368,-0.5856925430917548,1.185771915482298,0.7849756415247319,-0.006594244795000525,2.427777778
2011,223670.0,591000,1533.561905,37469198.4,73811.1,167.51999999999998,0.33,2.6422855099029823,0,1,0,0,0,0,0,0,0,0,0,0,0,0,0,0,0,0,0,0,0,0,1,0,0,0,0,0,0,0,0,0,0,0,0,0,0.3286956962519481,-0.46895981562357675,-0.4244971541104227,-0.14396353746571322,-0.4172752071159388,-0.409287999989695,1.185771915482297,0.7849756415247319,0.39034261253876773,2.34
2011,32605.0,43401,4083.104545,5461989.6,10759.65,167.51999999999998,0.33,1.3311148596840976,1,0,0,0,0,0,0,0,0,0,0,0,0,0,0,0,0,0,0,0,0,0,0,1,0,0,0,0,0,0,0,0,0,0,0,0,0.3286956962519481,-0.6170742303383151,-0.6073294154877561,2.5745533440193333,-0.5981985275116305,-0.5813650614477798,1.185771915482297,0.7849756415247319,-1.1899649255810245,1.511428571
2011,12836.0,54206,4083.104545,2150286.72,4235.88,167.52,0.33,4.2229666562792145,0,0,1,0,0,0,0,0,0,0,0,0,0,0,0,0,0,0,0,0,0,0,0,1,0,0,0,0,0,0,0,0,0,0,0,0,0.3286956962519481,-0.6323992446763449,-0.6037218439177165,2.5745533440193333,-0.6169181942266355,-0.5991694286943443,1.185771915482298,0.7849756415247319,2.2954816046029882,2.07
2011,63434.0,125124,4083.104545,10626463.68,20933.22,167.51999999999998,0.33,1.9725068575212032,0,0,0,0,0,1,0,0,0,0,0,0,0,0,0,0,0,0,0,0,0,0,0,1,0,0,0,0,0,0,0,0,0,0,0,0,0.3286956962519481,-0.5931754561450266,-0.5800437540885574,2.5745533440193333,-0.5690059226678403,-0.5535998311455721,1.185771915482297,0.7849756415247319,-0.41691787110151535,1.91
2011,25826.0,26644,2439.340909,4326371.52,8522.58,167.51999999999998,0.33,1.0316735073182064,1,0,0,0,0,0,0,0,0,0,0,0,0,0,0,0,0,0,0,0,0,0,0,0,1,0,0,0,0,0,0,0,0,0,0,0,0.3286956962519481,-0.6223293404702137,-0.6129242398097507,0.8218471434918374,-0.6046176999867693,-0.5874703680168759,1.185771915482297,0.7849756415247319,-1.5508709802502667,1.04125
2011,12700.0,25304,2439.340909,2127504.0,4191.0,167.52,0.33,1.9924409448818898,0,1,0,0,0,0,0,0,0,0,0,0,0,0,0,0,0,0,0,0,0,0,0,0,1,0,0,0,0,0,0,0,0,0,0,0,0.3286956962519481,-0.6325046724648001,-0.6133716387828052,0.8218471434918374,-0.6170469753826495,-0.5992919130863487,1.185771915482298,0.7849756415247319,-0.39289202174592414,2.03125
2011,450.0,947,2439.340909,75384.0,148.5,167.52,0.33,2.1044444444444443,0,0,1,0,0,0,0,0,0,0,0,0,0,0,0,0,0,0,0,0,0,0,0,0,1,0,0,0,0,0,0,0,0,0,0,0,0.3286956962519481,-0.6420009254690424,-0.6215039498176459,0.8218471434918374,-0.6286467486265572,-0.6103245145720291,1.185771915482298,0.7849756415247319,-0.25789817130780335,2.3775
2011,179050.0,376390,1544.354545,29994456.0,59086.5,167.52,0.33,2.102150237363865,0,1,0,0,0,0,0,0,0,0,0,0,0,0,0,0,0,0,0,0,0,0,0,0,0,1,0,0,0,0,0,0,0,0,0,0,0.3286956962519481,-0.5035494326888248,-0.49615110456356365,-0.13245560126748182,-0.45952678933170704,-0.4494736880134552,1.185771915482298,0.7849756415247319,-0.2606632978325941,2.049090909
2011,2530.0,5990,1544.354545,423825.6,834.9,167.51999999999998,0.33,2.367588932806324,0,0,1,0,0,0,0,0,0,0,0,0,0,0,0,0,0,0,0,0,0,0,0,0,0,1,0,0,0,0,0,0,0,0,0,0,0.3286956962519481,-0.6403885004691384,-0.6198201938317403,-0.13245560126748182,-0.6266771544757549,-0.6084512238707871,1.185771915482297,0.7849756415247319,0.05926055894865373,2.34
2011,536000.0,418000,1346.2,89790720.0,176880.0,167.52,0.33,0.7798507462686567,1,0,0,0,0,0,0,0,0,0,0,0,0,0,0,0,0,0,0,0,0,0,0,0,0,0,1,0,0,0,0,0,0,0,0,0,0.3286956962519481,-0.2268402482101089,-0.48225836481073203,-0.343743095453297,-0.12152360080820895,-0.1279971900286682,1.185771915482298,0.7849756415247319,-1.8543840336352766,0.8
2011,236000.0,755000,1346.2,39534720.0,77880.0,167.52,0.33,3.1991525423728815,0,0,0,1,0,0,0,0,0,0,0,0,0,0,0,0,0,0,0,0,0,0,0,0,0,0,1,0,0,0,0,0,0,0,0,0,0.3286956962519481,-0.45940154627318436,-0.36974086188585203,-0.343743095453297,-0.40559968025084636,-0.39818334886165907,1.185771915482298,0.7849756415247319,1.0615147204529218,2.363913043
2011,3233000.0,4633000,1346.2,541592160.0,1066890.0,167.52,0.33,1.4330343334364368,0,0,0,0,0,1,0,0,0,0,0,0,0,0,0,0,0,0,0,0,0,0,0,0,0,0,1,0,0,0,0,0,0,0,0,0,0.3286956962519481,1.8638858213769396,0.9250451213268616,-0.343743095453297,2.4323203533811015,2.30097637787992,1.185771915482298,0.7849756415247319,-1.0671249942378875,1.405333333
2011,4237.0,12794,1434.5875,709782.24,1398.21,167.52,0.33,3.019589332074581,0,1,0,0,0,0,0,0,0,0,0,0,0,0,0,0,0,0,0,0,0,0,0,0,0,0,0,1,0,0,0,0,0,0,0,0,0.3286956962519481,-0.6390652266831596,-0.6175484754640819,-0.24949759938178998,-0.6250607615837264,-0.6069138646270273,1.185771915482298,0.7849756415247319,0.8450935438837067,3.046666667
2011,10324.0,23489,1434.5875,1729476.48,3406.92,167.52,0.33,2.2751840371948857,0,0,1,0,0,0,0,0,0,0,0,0,0,0,0,0,0,0,0,0,0,0,0,0,0,0,0,1,0,0,0,0,0,0,0,0,0.3286956962519481,-0.6343465579454597,-0.6139776306754124,-0.24949759938178998,-0.6192968579318352,-0.6014317874643059,1.185771915482298,0.7849756415247319,-0.052111788403348895,2.856666667
2011,2015.0,5831,1434.5875,337552.8,664.95,167.51999999999998,0.33,2.8937965260545906,0,0,0,1,0,0,0,0,0,0,0,0,0,0,0,0,0,0,0,0,0,0,0,0,0,0,0,1,0,0,0,0,0,0,0,0,0.3286956962519481,-0.6407877306974801,-0.6198732807248117,-0.24949759938178998,-0.6271648184121315,-0.6089150434434503,1.185771915482297,0.7849756415247319,0.6934799308414641,2.49
2011,2818000.0,10542000,705.2,472071360.0,929940.0,167.52,0.33,3.7409510290986514,0,1,0,0,0,0,0,0,0,0,0,0,0,0,0,0,0,0,0,0,0,0,0,0,0,0,0,0,1,0,0,0,0,0,0,0,0.3286956962519481,1.5421760257230184,2.8979410405645933,-1.0272262008905588,2.0393484434854527,1.9272188581609495,1.185771915482298,0.7849756415247319,1.7145252439661627,3.7495
2011,12070.0,20880,2585.486364,2021966.4,3983.1,167.51999999999998,0.33,1.7299088649544325,0,1,0,0,0,0,0,0,0,0,0,0,0,0,0,0,0,0,0,0,0,0,0,0,0,0,0,0,0,1,0,0,0,0,0,0,0.3286956962519481,-0.6329930511907327,-0.6148487231535461,0.9776785778583608,-0.617643535149479,-0.599859304019898,1.185771915482297,0.7849756415247319,-0.7093126378101786,1.6225
2011,1903772.0,7458657,926.5,318919885.4,628244.76,167.51999997898906,0.33,3.9178310217820203,0,1,0,0,0,0,0,0,0,0,0,0,0,0,0,0,0,0,0,0,0,0,0,0,0,0,0,0,0,0,1,0,0,0,0,0,0.3286956962519481,0.8334625243709873,1.8684750019268839,-0.7912592566888957,1.1736474234037377,1.1038463527690574,1.1857719146826566,0.7849756415247319,1.9277124333937463,4.226451613
2011,265999.0,718304,2295.609091,44560152.48,87779.67,167.51999999999998,0.33,2.700401129327554,0,1,0,0,0,0,0,0,0,0,0,0,0,0,0,0,0,0,0,0,0,0,0,0,0,0,0,0,0,0,0,0,1,0,0,0,0.3286956962519481,-0.43614619167120366,-0.3819929161509304,0.6685893130444373,-0.37719301922684745,-0.37116563359888943,1.185771915482297,0.7849756415247319,0.46038730995768856,2.63
2011,5922643.0,13962896,777.4,992161155.4,1954472.19,167.52000000675375,0.33,2.3575447650651915,0,1,0,0,0,0,0,0,0,0,0,0,0,0,0,0,0,0,0,0,0,0,0,0,0,0,0,0,0,0,0,0,0,1,0,0,0.3286956962519481,3.9489087127311544,4.040109217673526,-0.9502410523530077,4.979197815408316,4.723324080553393,1.1857719157393338,0.7849756415247319,0.04715467937241256,2.294444444
2011,23642.0,59496,777.4,3960507.84,7801.86,167.51999999999998,0.32999999999999996,2.5165383639286016,0,0,0,1,0,0,0,0,0,0,0,0,0,0,0,0,0,0,0,0,0,0,0,0,0,0,0,0,0,0,0,0,0,1,0,0,0.3286956962519481,-0.6240223867201129,-0.6019556196136435,-0.9502410523530077,-0.6066857738451117,-0.5894373232531801,1.185771915482297,0.7849756415247311,0.23878403193204828,2.335909091
2011,261319.0,544497,1564.7,43776158.88,86235.27,167.52,0.33,2.0836487205293146,0,1,0,0,0,0,0,0,0,0,0,0,0,0,0,0,0,0,0,0,0,0,0,0,0,0,0,0,0,0,0,0,0,0,1,0,0.3286956962519481,-0.4397741479209877,-0.44002356787456426,-0.11076172487912901,-0.3816246060661525,-0.3753805376766841,1.185771915482298,0.7849756415247319,-0.2829625206800619,1.684615385
2011,13680.0,45267,1564.7,2291673.6,4514.4,167.52,0.32999999999999996,3.3089912280701754,0,0,0,1,0,0,0,0,0,0,0,0,0,0,0,0,0,0,0,0,0,0,0,0,0,0,0,0,0,0,0,0,0,0,1,0,0.3286956962519481,-0.6317449722244608,-0.6067063957237863,-0.11076172487912901,-0.6161189935231369,-0.5984093049674942,1.185771915482298,0.7849756415247311,1.193899397425082,3.31
2011,212971.0,471282,1686.5,35676901.92,70280.43,167.52,0.32999999999999996,2.212892835174742,1,0,0,0,0,0,0,0,0,0,0,0,0,0,0,0,0,0,0,0,0,0,0,0,0,0,0,0,0,0,0,0,0,0,0,1,0.3286956962519481,-0.4772537267168329,-0.464468579674698,0.01911072791690602,-0.427406307029128,-0.41892373903420893,1.185771915482298,0.7849756415247311,-0.12718916760989446,2.072222222
2011,1221076.0,3875100,1686.5,204554651.5,402955.08,167.519999983621,0.33,3.1735125413979146,0,0,0,1,0,0,0,0,0,0,0,0,0,0,0,0,0,0,0,0,0,0,0,0,0,0,0,0,0,0,0,0,0,0,0,1,0.3286956962519481,0.30423363122942276,0.6719975976866048,0.01911072791690602,0.527188746412887,0.4889963198002321,1.1857719148589407,0.7849756415247319,1.0306117355429294,3.035
2011,3999653.0,10259384,1686.5,670021870.6,1319885.49,167.52000001000087,0.33,2.5650685196940834,0,0,0,0,0,1,0,0,0,0,0,0,0,0,0,0,0,0,0,0,0,0,0,0,0,0,0,0,0,0,0,0,0,0,0,1,0.3286956962519481,2.4581985441901093,2.8035812583491104,0.01911072791690602,3.158279615383659,2.991439808639216,1.1857719158629139,0.7849756415247319,0.29727570955579286,2.475555556
2012,2487000.0,7167000,968.7,375039600.0,770970.0,150.8,0.31,2.881785283474065,0,1,0,0,0,0,1,0,0,0,0,0,0,0,0,0,0,0,0,0,0,0,0,0,0,0,0,0,0,0,0,0,0,0,0,0,0.48202724278881093,1.2855833935267584,1.7710966121626057,-0.7462623970173631,1.4908686209325452,1.4933653867500347,0.5494368396324639,0.5111948015174167,0.6790032056424815,2.969545455
2012,1141000.0,4344000,968.7,172062800.0,353710.0,150.8,0.31,3.8071866783523225,0,0,1,0,0,0,1,0,0,0,0,0,0,0,0,0,0,0,0,0,0,0,0,0,0,0,0,0,0,0,0,0,0,0,0,0,0.48202724278881093,0.24215836955042663,0.8285538502725877,-0.7462623970173631,0.3435259442011635,0.35459895609696596,0.5494368396324639,0.5111948015174167,1.7943567256961428,3.243636364
2012,126085.0,174662,2760.7,19013618.0,39086.35,150.8,0.31,1.38527184042511,0,1,0,0,0,0,0,1,0,0,0,0,0,0,0,0,0,0,0,0,0,0,0,0,0,0,0,0,0,0,0,0,0,0,0,0,0.48202724278881093,-0.5446081298618608,-0.5635040150384306,1.1645047245794746,-0.5215968587370463,-0.5040571597769263,0.5494368396324639,0.5111948015174167,-1.124691435137547,1.308125
2012,238178.0,308745,2167.5,35917242.4,73835.18,150.79999999999998,0.31,1.2962784136234244,1,0,0,0,0,0,0,0,1,0,0,0,0,0,0,0,0,0,0,0,0,0,0,0,0,0,0,0,0,0,0,0,0,0,0,0,0.48202724278881093,-0.45771315124924644,-0.5187364057070458,0.5319896260687358,-0.4260477631480042,-0.4092222819825769,0.5494368396324628,0.5111948015174167,-1.2319520599801927,1.291481481
2012,389140.0,1155877,2167.5,58682312.0,120633.4,150.8,0.31,2.9703371537235954,0,0,0,1,0,0,0,0,1,0,0,0,0,0,0,0,0,0,0,0,0,0,0,0,0,0,0,0,0,0,0,0,0,0,0,0,0.48202724278881093,-0.3406867556552531,-0.23589611701933244,0.5319896260687358,-0.29736637743870037,-0.2815027738813521,0.5494368396324639,0.5111948015174167,0.7857316380144063,2.7724
2012,1857410.0,3655430,2167.5,280097428.0,575797.1,150.8,0.31,1.9680253686585083,0,0,0,0,0,1,0,0,1,0,0,0,0,0,0,0,0,0,0,0,0,0,0,0,0,0,0,0,0,0,0,0,0,0,0,0,0.48202724278881093,0.7975225013683196,0.5986542152904376,0.5319896260687358,0.9542003625051227,0.9607086578682623,0.5494368396324639,0.5111948015174167,-0.42231925087655414,1.968888889
2012,540424.0,960007,924.1,81495939.2,167531.44,150.8,0.31,1.776395940964872,1,0,0,0,0,0,0,0,0,1,0,0,0,0,0,0,0,0,0,0,0,0,0,0,0,0,0,0,0,0,0,0,0,0,0,0,0.48202724278881093,-0.2234107442680054,-0.30129315944632423,-0.7938183197981772,-0.1684105159924668,-0.1535108417157363,0.5494368396324639,0.5111948015174167,-0.6532834118416281,1.743793103
2012,105117.0,285835,924.1,15851643.6,32586.27,150.79999999999998,0.31,2.71920812047528,0,0,0,1,0,0,0,0,0,1,0,0,0,0,0,0,0,0,0,0,0,0,0,0,0,0,0,0,0,0,0,0,0,0,0,0,0.48202724278881093,-0.560862614187816,-0.5263855926269538,-0.7938183197981772,-0.5394701731840773,-0.5217968733860895,0.5494368396324628,0.5111948015174167,0.4830547101737797,2.396086957
2012,2653346.0,7076168,924.1,400124576.8,822537.26,150.8,0.31,2.6668847560777977,0,0,0,0,0,1,0,0,0,1,0,0,0,0,0,0,0,0,0,0,0,0,0,0,0,0,0,0,0,0,0,0,0,0,0,0,0.48202724278881093,1.4145355324854263,1.740769639386129,-0.7938183197981772,1.6326634685577746,1.6341003352443997,0.5494368396324639,0.5111948015174167,0.4199912125555815,2.567894737
2012,3982172.0,7848401,1366.8,600511537.6,1234473.32,150.8,0.31,1.970884482136884,0,1,0,0,0,0,0,0,0,0,1,0,0,0,0,0,0,0,0,0,0,0,0,0,0,0,0,0,0,0,0,0,0,0,0,0,0.48202724278881093,2.444647197351974,1.9986026626389148,-0.32177780376529774,2.76536687104682,2.7583369184383035,0.5494368396324639,0.5111948015174167,-0.41887326268160574,1.91962963
2012,6068.0,19768,451.9,915054.4,1881.08,150.8,0.31,3.2577455504284774,0,1,0,0,0,0,0,0,0,0,0,1,0,0,0,0,0,0,0,0,0,0,0,0,0,0,0,0,0,0,0,0,0,0,0,0,0.48202724278881093,-0.6376458275606479,-0.6152199975252151,-1.2973139865493084,-0.6239004442000999,-0.6055960384602023,0.5494368396324639,0.5111948015174167,1.132134797477918,3.26
2012,31255.0,81229,3048.9,4713254.0,9689.05,150.8,0.31,2.5989121740521517,0,1,0,0,0,0,0,0,0,0,0,0,1,0,0,0,0,0,0,0,0,0,0,0,0,0,0,0,0,0,0,0,0,0,0,0,0.48202724278881093,-0.6181207561795989,-0.594699409254396,1.4718055529523593,-0.6024308156719921,-0.5842868927775434,0.5494368396324639,0.5111948015174167,0.3380662672842225,2.59
2012,14575.0,41592,3048.9,2197910.0,4518.25,150.8,0.31,2.853653516295026,0,0,1,0,0,0,0,0,0,0,0,0,1,0,0,0,0,0,0,0,0,0,0,0,0,0,0,0,0,0,0,0,0,0,0,0,0.48202724278881093,-0.631051164351906,-0.6079334041013795,1.4718055529523593,-0.6166489998086039,-0.5983987977279841,0.5494368396324639,0.5111948015174167,0.6450969831944388,2.85
2012,672000.0,1408100,460.6,101337600.0,208320.0,150.8,0.31,2.095386904761905,0,1,0,0,0,0,0,0,0,0,0,0,0,1,0,0,0,0,0,0,0,0,0,0,0,0,0,0,0,0,0,0,0,0,0,0,0.48202724278881093,-0.121412459754848,-0.1516839444964185,-1.2880373827781628,-0.05625393350093019,-0.04219261595079713,0.5494368396324639,0.5111948015174167,-0.26881490303509353,1.98
2012,29100.0,89200,460.6,4388280.0,9021.0,150.8,0.31,3.0652920962199315,0,0,0,1,0,0,0,0,0,0,0,0,0,1,0,0,0,0,0,0,0,0,0,0,0,0,0,0,0,0,0,0,0,0,0,0,0.48202724278881093,-0.6197913215040187,-0.5920380531243834,-1.2880373827781628,-0.6042677573275316,-0.5861101035190421,0.5494368396324639,0.5111948015174167,0.9001774665445376,2.943
2012,1206255.0,3941000,307.9,181903254.0,373939.05,150.8,0.31,3.267136716531745,0,1,0,0,0,0,0,0,0,0,0,0,0,0,1,0,0,0,0,0,0,0,0,0,0,0,0,0,0,0,0,0,0,0,0,0,0.48202724278881093,0.2927443279007799,0.6940002785256244,-1.4508577731061971,0.3991499013854921,0.4098071310094964,0.5494368396324639,0.5111948015174167,1.1434536373118107,3.041
2012,75380.0,111252,1035.0,11367304.0,23367.8,150.8,0.31,1.475882196869196,0,1,0,0,0,0,0,0,0,0,0,0,0,0,0,1,0,0,0,0,0,0,0,0,0,0,0,0,0,0,0,0,0,0,0,0,0.48202724278881093,-0.583914865256155,-0.5846753350991625,-0.6755682786234622,-0.5648182632122801,-0.5469554895438385,0.5494368396324639,0.5111948015174167,-1.015481982274637,1.577272727
2012,261663.0,545186,1116.7,39458780.4,81115.53,150.79999999999998,0.31,2.083542571934129,0,1,0,0,0,0,0,0,0,0,0,0,0,0,0,0,1,0,0,0,0,0,0,0,0,0,0,0,0,0,0,0,0,0,0,0,0.48202724278881093,-0.439507477632542,-0.43979352467125493,-0.5884535052783385,-0.406028934943668,-0.38935309206884183,0.5494368396324628,0.5111948015174167,-0.28309045782165726,1.8875
2012,148761.0,129693,1102.0,22433158.8,46115.91,150.8,0.31,0.871821243471071,1,0,0,0,0,0,0,0,0,0,0,0,0,0,0,0,0,1,0,0,0,0,0,0,0,0,0,0,0,0,0,0,0,0,0,0,0.48202724278881093,-0.5270295965455998,-0.578518257142374,-0.6041277668226875,-0.5022676295115183,-0.48487241417403704,0.5494368396324639,0.5111948015174167,-1.7435352512976476,0.761304348
2012,942310.0,1292796,1102.0,142100348.0,292116.1,150.8,0.31,1.371943415648778,0,0,0,0,0,1,0,0,0,0,0,0,0,0,0,0,0,1,0,0,0,0,0,0,0,0,0,0,0,0,0,0,0,0,0,0,0.48202724278881093,0.08813302184325175,-0.19018162448825934,-0.6041277668226875,0.17416077596954516,0.18649977176824512,0.5494368396324639,0.5111948015174167,-1.1407557133775945,1.338333333
2012,1048427.0,2667359,956.2,158102791.6,325012.37,150.79999999999998,0.31,2.5441532886886735,0,1,0,0,0,0,0,0,0,0,0,0,0,0,0,0,0,0,1,0,0,0,0,0,0,0,0,0,0,0,0,0,0,0,0,0,0.48202724278881093,0.17039537939844968,0.2687572371524878,-0.7595908507115374,0.26461587465208897,0.27627872965948713,0.5494368396324628,0.5111948015174167,0.27206732252100957,2.418333333
2012,45326.0,109309,956.2,6835160.8,14051.06,150.79999999999998,0.31,2.4116180558619775,0,0,1,0,0,0,0,0,0,0,0,0,0,0,0,0,0,0,1,0,0,0,0,0,0,0,0,0,0,0,0,0,0,0,0,0,0.48202724278881093,-0.6072128560961139,-0.5853240636100914,-0.7595908507115374,-0.5904365669318083,-0.5723822995786434,0.5494368396324628,0.5111948015174167,0.11232730129072598,2.394615385
2012,185162.0,587711,956.2,27922429.6,57400.22,150.8,0.31,3.1740367894060335,0,0,0,1,0,0,0,0,0,0,0,0,0,0,0,0,0,0,1,0,0,0,0,0,0,0,0,0,0,0,0,0,0,0,0,0,0.48202724278881093,-0.4988113838429531,-0.4255952848733899,-0.7595908507115374,-0.47123908510163776,-0.4540758043358481,0.5494368396324639,0.5111948015174167,1.0312435930962818,2.747777778
2012,63232.0,161083,2187.6,9535385.6,19601.92,150.79999999999998,0.31,2.5474917763157894,1,0,0,0,0,0,0,0,0,0,0,0,0,0,0,0,0,0,0,1,0,0,0,0,0,0,0,0,0,0,0,0,0,0,0,0,0.48202724278881093,-0.5933320474190558,-0.568037769258659,0.5534217796089681,-0.5751733292129733,-0.557233152693596,0.5494368396324628,0.5111948015174167,0.27609108339620164,2.41
2012,47294.0,134609,2187.6,7131935.2,14661.14,150.8,0.31,2.8462172791474605,0,0,0,1,0,0,0,0,0,0,0,0,0,0,0,0,0,0,0,1,0,0,0,0,0,0,0,0,0,0,0,0,0,0,0,0,0.48202724278881093,-0.6056872539808201,-0.5768769038949595,0.5534217796089681,-0.5887590257818771,-0.5707172978434836,0.5494368396324639,0.5111948015174167,0.6361343499799276,2.482142857
2012,86751.0,212607,2187.6,13082050.8,26892.81,150.8,0.31,2.450772901753294,0,0,0,0,0,1,0,0,0,0,0,0,0,0,0,0,0,0,0,1,0,0,0,0,0,0,0,0,0,0,0,0,0,0,0,0,0.48202724278881093,-0.5751000168552375,-0.5508349448648859,0.5534217796089681,-0.5551255190985264,-0.5373351975059811,0.5494368396324639,0.5111948015174167,0.15951925003182735,2.355
2012,1791157.0,3106146,1049.5,270106475.6,555258.67,150.8,0.31,1.7341561906633534,0,1,0,0,0,0,0,0,0,0,0,0,0,0,0,0,0,0,0,0,1,0,0,0,0,0,0,0,0,0,0,0,0,0,0,0,0.48202724278881093,0.7461628890997432,0.41525936639847977,-0.66010727233822,0.8977257010181361,0.9046561375636133,0.5494368396324639,0.5111948015174167,-0.7041934865894454,1.631041667
2012,1528100.0,3001640,1003.4,230437480.0,473711.0,150.8,0.31,1.9642955303972254,0,1,0,0,0,0,0,0,0,0,0,0,0,0,0,0,0,0,0,0,0,1,0,0,0,0,0,0,0,0,0,0,0,0,0,0,0.48202724278881093,0.5422399644844816,0.38036692081786405,-0.709262609562335,0.6734935149015483,0.6821000595931048,0.5494368396324639,0.5111948015174167,-0.4268146928079984,1.316153846
2012,30900.0,76400,1003.4,4659720.0,9579.0,150.8,0.31,2.472491909385113,0,0,0,1,0,0,0,0,0,0,0,0,0,0,0,0,0,0,0,0,0,1,0,0,0,0,0,0,0,0,0,0,0,0,0,0,0.48202724278881093,-0.6183959537156403,-0.596311714956545,-0.709262609562335,-0.6027334209099116,-0.5845872360783471,0.5494368396324639,0.5111948015174167,0.18569640056163478,2.38
2012,122690.0,257580,1176.7,18501652.0,38033.9,150.8,0.31,2.0994376069769336,0,1,0,0,0,0,0,0,0,0,0,0,0,0,0,0,0,0,0,0,0,0,1,0,0,0,0,0,0,0,0,0,0,0,0,0,0.48202724278881093,-0.547239948551608,-0.5358193672416199,-0.5244769275463015,-0.5244907877025018,-0.5069294569775706,0.5494368396324639,0.5111948015174167,-0.26393273514640586,1.937777778
2012,33000.0,66000,2945.3,4976400.0,10230.0,150.8,0.31,2.0,1,0,0,0,0,0,0,0,0,0,0,0,0,0,0,0,0,0,0,0,0,0,0,1,0,0,0,0,0,0,0,0,0,0,0,0,0.48202724278881093,-0.6167680246291988,-0.5997840651951764,1.3613393287350422,-0.6009433617560216,-0.5828105573975362,0.5494368396324639,0.5111948015174167,-0.3837813603821892,2.232857143
2012,13267.0,56786,2945.3,2000663.6,4112.77,150.8,0.31000000000000005,4.280244214969473,0,0,1,0,0,0,0,0,0,0,0,0,0,0,0,0,0,0,0,0,0,0,0,1,0,0,0,0,0,0,0,0,0,0,0,0,0.48202724278881093,-0.6320651316114609,-0.6028604339546715,1.3613393287350422,-0.617763950938741,-0.5995054147348892,0.5494368396324639,0.5111948015174174,2.3645162171061003,2.13
2012,63484.0,142867,2945.3,9573387.2,19680.04,150.79999999999998,0.31,2.2504410560141137,0,0,0,0,0,1,0,0,0,0,0,0,0,0,0,0,0,0,0,0,0,0,0,1,0,0,0,0,0,0,0,0,0,0,0,0,0.48202724278881093,-0.5931366959286828,-0.574119724253554,1.3613393287350422,-0.5749585221145064,-0.5570199512518986,0.5494368396324628,0.5111948015174167,-0.08193362713120832,2.118571429
2012,24706.0,27128,2050.2,3725664.8,7658.86,150.79999999999998,0.31,1.0980328665101595,1,0,0,0,0,0,0,0,0,0,0,0,0,0,0,0,0,0,0,0,0,0,0,0,1,0,0,0,0,0,0,0,0,0,0,0,0.48202724278881093,-0.6231975693163159,-0.6127626419717221,0.40691541660260333,-0.6080132430047661,-0.5898275921492722,0.5494368396324628,0.5111948015174167,-1.470890395313946,1.095
2012,14330.0,29983,2050.2,2160964.0,4442.3,150.8,0.31,2.092323796231682,0,1,0,0,0,0,0,0,0,0,0,0,0,0,0,0,0,0,0,0,0,0,0,0,1,0,0,0,0,0,0,0,0,0,0,0,0.48202724278881093,-0.6312410894119908,-0.6118094150552518,0.40691541660260333,-0.6168578400432243,-0.598606076907412,0.5494368396324639,0.5111948015174167,-0.2725067592397626,2.2925
2012,306.0,589,2050.2,46144.8,94.86,150.8,0.31,1.9248366013071896,0,0,1,0,0,0,0,0,0,0,0,0,0,0,0,0,0,0,0,0,0,0,0,0,1,0,0,0,0,0,0,0,0,0,0,0,0.48202724278881093,-0.6421125548921127,-0.6216234787970141,0.40691541660260333,-0.6288120255547257,-0.6104709063453605,0.5494368396324639,0.5111948015174167,-0.4743731422567472,2.3525
2012,179780.0,396230,1296.6,27110824.0,55731.8,150.8,0.31,2.2039715207475803,0,1,0,0,0,0,0,0,0,0,0,0,0,0,0,0,0,0,0,0,0,0,0,0,0,1,0,0,0,0,0,0,0,0,0,0,0.48202724278881093,-0.5029835335302046,-0.4895269287237131,-0.39663039971178105,-0.47582675099032157,-0.4586291779835262,0.5494368396324639,0.5111948015174167,-0.13794171186248794,2.15
2012,3550.0,8950,1296.6,535340.0,1100.5,150.8,0.31,2.5211267605633805,0,0,1,0,0,0,0,0,0,0,0,0,0,0,0,0,0,0,0,0,0,0,0,0,0,1,0,0,0,0,0,0,0,0,0,0,0.48202724278881093,-0.639597792055724,-0.6188319095330529,-0.39663039971178105,-0.6260468103665262,-0.6077263608022412,0.5494368396324639,0.5111948015174167,0.24431426385770494,2.52
2012,561000.0,970000,1430.2,84598800.0,173910.0,150.8,0.31,1.7290552584670231,1,0,0,0,0,0,0,0,0,0,0,0,0,0,0,0,0,0,0,0,0,0,0,0,0,0,1,0,0,0,0,0,0,0,0,0,0.48202724278881093,-0.20746014003818594,-0.2979566982987625,-0.25417588662844526,-0.1508713459208287,-0.1361027747936579,0.5494368396324639,0.5111948015174167,-0.7103414594715053,1.56
2012,8629000.0,868000,1430.2,1301253200.0,2674990.0,150.8,0.31,0.10059103024684204,0,0,0,1,0,0,0,0,0,0,0,0,0,0,0,0,0,0,0,0,0,0,0,0,0,0,1,0,0,0,0,0,0,0,0,0,0.48202724278881093,6.04688836920479,-0.3320124410238003,-0.25417588662844526,6.7263654415002625,6.689727509388331,0.5494368396324639,0.5111948015174167,-2.673071707426011,0.077333333
2012,3188000.0,7658000,1430.2,480750400.0,988280.0,150.8,0.31,2.402132998745295,0,0,0,0,0,1,0,0,0,0,0,0,0,0,0,0,0,0,0,0,0,0,0,0,0,0,1,0,0,0,0,0,0,0,0,0,0.48202724278881093,1.8290016266674782,1.93503160900568,-0.25417588662844526,2.0884074146834357,2.0864376511540472,0.5494368396324639,0.5111948015174167,0.10089529794433613,2.490666667
2012,3559.0,11637,1098.3,536697.2,1103.29,150.79999999999998,0.31,3.269738690643439,0,1,0,0,0,0,0,0,0,0,0,0,0,0,0,0,0,0,0,0,0,0,0,0,0,0,0,1,0,0,0,0,0,0,0,0,0.48202724278881093,-0.6395908152167821,-0.6179347744281296,-0.6080729891161633,-0.6260391386844381,-0.6077187464650377,0.5494368396324628,0.5111948015174167,1.1465897045369402,3.076666667
2012,8979.0,23373,1098.3,1354033.2,2783.49,150.79999999999998,0.31,2.6030738389575676,0,0,1,0,0,0,0,0,0,0,0,0,0,0,0,0,0,0,0,0,0,0,0,0,0,0,0,1,0,0,0,0,0,0,0,0,0.48202724278881093,-0.6353892077651092,-0.6140163607357665,-0.6080729891161633,-0.6214190812491601,-0.6031332233936115,0.5494368396324628,0.5111948015174167,0.3430821745729186,3.233333333
2012,3743.0,11509,1098.3,564444.4,1160.33,150.8,0.31,3.0748063051028587,0,0,0,1,0,0,0,0,0,0,0,0,0,0,0,0,0,0,0,0,0,0,0,0,0,0,0,1,0,0,0,0,0,0,0,0,0.48202724278881093,-0.6394481776206368,-0.6179775110464513,-0.6080729891161633,-0.6258822954061924,-0.6075630755711,0.5494368396324639,0.5111948015174167,0.9116446054821169,2.54
2012,2849000.0,11390000,338.9,429629200.0,883190.0,150.8,0.31,3.997893997893998,0,1,0,0,0,0,0,0,0,0,0,0,0,0,0,0,0,0,0,0,0,0,0,0,0,0,0,0,1,0,0,0,0,0,0,0,0.48202724278881093,1.566207359856203,3.1810711369453,-1.4178032079446448,1.7994407226983404,1.7996309498231482,0.5494368396324639,0.5111948015174167,2.0242095023701925,3.923636364
2012,11920.0,21340,3006.9,1797536.0,3695.2,150.8,0.31,1.7902684563758389,0,1,0,0,0,0,0,0,0,0,0,0,0,0,0,0,0,0,0,0,0,0,0,0,0,0,0,0,0,1,0,0,0,0,0,0,0.48202724278881093,-0.6331093318397641,-0.6146951384314527,1.4270219485399334,-0.6189121460245933,-0.6006450272030092,0.5494368396324639,0.5111948015174167,-0.636563360433389,1.7175
2012,1493276.0,4050334,706.8,225186020.8,462915.56,150.8,0.31,2.712381368213244,0,1,0,0,0,0,0,0,0,0,0,0,0,0,0,0,0,0,0,0,0,0,0,0,0,0,0,0,0,0,1,0,0,0,0,0,0.48202724278881093,0.5152442490053198,0.7305046959285586,-1.0255201588177045,0.6438092196753272,0.6526376508404581,0.5494368396324639,0.5111948015174167,0.47482666750155333,3.293225806
2012,254743.0,713222,1882.2,38415244.4,78970.33,150.79999999999998,0.31,2.799770749343456,0,1,0,0,0,0,0,0,0,0,0,0,0,0,0,0,0,0,0,0,0,0,0,0,0,0,0,0,0,0,0,0,1,0,0,0,0.48202724278881093,-0.4448718915745303,-0.3836896934502308,0.22778099895290002,-0.41192760606029594,-0.3952076713408473,0.5494368396324628,0.5111948015174167,0.580153992917694,2.78
2012,5837298.0,14353736,746.3,880264538.4,1809562.38,150.79999999999998,0.31,2.458969201161222,0,1,0,0,0,0,0,0,0,0,0,0,0,0,0,0,0,0,0,0,0,0,0,0,0,0,0,0,0,0,0,0,0,1,0,0,0.48202724278881093,3.8827488994538437,4.170602810679935,-0.9834022451441136,4.346693193865528,4.327843020542095,0.5494368396324628,0.5111948015174167,0.16939795936449376,2.4092
2012,23984.0,62203,746.3,3616787.2,7435.04,150.8,0.31,2.593520680453636,0,0,0,1,0,0,0,0,0,0,0,0,0,0,0,0,0,0,0,0,0,0,0,0,0,0,0,0,0,0,0,0,0,1,0,0,0.48202724278881093,-0.6237572668403211,-0.6010518069121075,-0.9834022451441136,-0.6086286823900559,-0.5904384312004842,0.5494368396324639,0.5111948015174167,0.3315680910368845,2.434761905
2012,255037.0,561339,1309.8,38459579.6,79061.47,150.8,0.31,2.201010049522226,0,1,0,0,0,0,0,0,0,0,0,0,0,0,0,0,0,0,0,0,0,0,0,0,0,0,0,0,0,0,0,0,0,0,1,0,0.48202724278881093,-0.44464398150242845,-0.43440036376696534,-0.3825555526107329,-0.4116769977787512,-0.3949589363255337,0.5494368396324639,0.5111948015174167,-0.14151106822397372,1.750769231
2012,14200.0,45552,1309.8,2141360.0,4402.0,150.8,0.31,3.207887323943662,0,0,0,1,0,0,0,0,0,0,0,0,0,0,0,0,0,0,0,0,0,0,0,0,0,0,0,0,0,0,0,0,0,0,1,0,0.48202724278881093,-0.6313418659744848,-0.6066112399720546,-0.3825555526107329,-0.6169686532289413,-0.5987160617781289,0.5494368396324639,0.5111948015174167,1.0720424432614135,3.21
2012,205082.0,471150,1566.0,30926365.6,63575.42,150.8,0.31,2.297373733433456,1,0,0,0,0,0,0,0,0,0,0,0,0,0,0,0,0,0,0,0,0,0,0,0,0,0,0,0,0,0,0,0,0,0,0,1,0.48202724278881093,-0.4833693136515649,-0.4645126518123422,-0.10937556569493492,-0.45425909541331005,-0.4372227379921563,0.5494368396324639,0.5111948015174167,-0.025367333569382623,2.259444444
2012,1228263.0,4065052,1566.0,185222060.4,380761.53,150.8,0.31,3.3095941178721495,0,0,0,1,0,0,0,0,0,0,0,0,0,0,0,0,0,0,0,0,0,0,0,0,0,0,0,0,0,0,0,0,0,0,0,1,0.48202724278881093,0.30980502472668714,0.7354187392758832,-0.10937556569493492,0.41790972131825904,0.42842672358439454,0.5494368396324639,0.5111948015174167,1.1946260391467802,3.206111111
2012,4010973.0,10410533,1566.0,604854728.4,1243401.63,150.79999999999998,0.31,2.595513108664656,0,0,0,0,0,1,0,0,0,0,0,0,0,0,0,0,0,0,0,0,0,0,0,0,0,0,0,0,0,0,0,0,0,0,0,1,0.48202724278881093,2.4669738571703563,2.854046860870157,-0.10937556569493492,2.7899171061378603,2.7827036435268906,0.5494368396324628,0.5111948015174167,0.33396949418033633,2.53
2013,1705555.0,4356822,1062.3,246435642.0,460499.85,144.49000002931598,0.26999999999999996,2.5544893011365803,0,1,0,0,0,0,1,0,0,0,0,0,0,0,0,0,0,0,0,0,0,0,0,0,0,0,0,0,0,0,0,0,0,0,0,0,0.6353587893256738,0.6798038483104252,0.8328348574610234,-0.6464589357553854,0.7639244114959485,0.6460448083580899,0.3092888545871484,-0.03636687849721377,0.28452495218408996,2.715384615
2013,877885.0,3636603,1062.3,126845603.7,237028.95,144.49000005695507,0.27,4.1424594337527125,0,0,1,0,0,0,1,0,0,0,0,0,0,0,0,0,0,0,0,0,0,0,0,0,0,0,0,0,0,0,0,0,0,0,0,0,0.6353587893256738,0.0381904830842063,0.592368259719023,-0.6464589357553854,0.08793210767831786,0.03615850449999476,0.3092888556390457,-0.036366878497213005,2.1984491011599925,3.408461538
2013,131989.0,184104,2042.9,19071090.61,35637.03,144.49,0.27,1.3948435096864134,0,1,0,0,0,0,0,1,0,0,0,0,0,0,0,0,0,0,0,0,0,0,0,0,0,0,0,0,0,0,0,0,0,0,0,0,0.6353587893256738,-0.5400313235159795,-0.5603515216775502,0.3991315996452058,-0.521271990189527,-0.5134708822151669,0.3092888534714319,-0.036366878497213005,-1.1131550412413735,1.300588235
2013,223332.0,294440,1797.7,32269240.68,60299.64,144.49,0.27,1.3183959307219744,1,0,0,0,0,0,0,0,1,0,0,0,0,0,0,0,0,0,0,0,0,0,0,0,0,0,0,0,0,0,0,0,0,0,0,0,0.6353587893256738,-0.46922183468606116,-0.5235125566843171,0.13768065198028126,-0.44666838608690895,-0.4461628431980345,0.3092888534714319,-0.036366878497213005,-1.205294600106837,1.386296296
2013,399132.0,1189858,1797.7,57670582.68,107765.64,144.49,0.27,2.981114017417797,0,0,0,1,0,0,0,0,1,0,0,0,0,0,0,0,0,0,0,0,0,0,0,0,0,0,0,0,0,0,0,0,0,0,0,0,0.6353587893256738,-0.33294091402109893,-0.2245505464944353,0.13768065198028126,-0.30308525874009257,-0.31662086122665317,0.3092888534714319,-0.036366878497213005,0.7987206100680385,2.655925926
2013,1880737.0,3709081,1797.7,271747689.1,507798.99,144.4899999840488,0.27,1.9721423037883552,0,0,0,0,0,1,0,0,1,0,0,0,0,0,0,0,0,0,0,0,0,0,0,0,0,0,0,0,0,0,0,0,0,0,0,0,0.6353587893256738,0.8156056927013775,0.6165672020839769,0.13768065198028126,0.9070027922432301,0.7751314038399473,0.30928885286435603,-0.036366878497213005,-0.41735725480185465,1.982592593
2013,549404.0,798676,1069.9,79383383.96,148339.08,144.48999999999998,0.26999999999999996,1.4537134786059074,1,0,0,0,0,0,0,0,0,1,0,0,0,0,0,0,0,0,0,0,0,0,0,0,0,0,0,0,0,0,0,0,0,0,0,0,0.6353587893256738,-0.21644940941265067,-0.3551583264029231,-0.6383552359093273,-0.18035190428809722,-0.20588973088078627,0.3092888534714308,-0.03636687849721377,-1.042201153098115,1.413
2013,92207.0,215952,1069.9,13322989.43,24895.89,144.49,0.27,2.342034769594499,0,0,0,1,0,0,0,0,0,1,0,0,0,0,0,0,0,0,0,0,0,0,0,0,0,0,0,0,0,0,0,0,0,0,0,0,0.6353587893256738,-0.5708705020477971,-0.549718116831403,-0.6383552359093273,-0.5537635941264498,-0.5427850979534234,0.3092888534714319,-0.036366878497213005,0.02846103125388035,2.233157895
2013,2509203.0,5634961,1069.9,362554741.5,677484.81,144.490000011956,0.27,2.245717464868327,0,0,0,0,0,1,0,0,0,1,0,0,0,0,0,0,0,0,0,0,0,0,0,0,0,0,0,0,0,0,0,0,0,0,0,0,0.6353587893256738,1.3027952551964068,1.259579690312368,-0.6383552359093273,1.4202969547618176,1.2382299888321324,0.3092888539264568,-0.036366878497213005,-0.08762680421188553,2.066842105
2013,3987721.0,7102729,1418.3,576185807.3,1076684.67,144.49000000250768,0.26999999999999996,1.7811499350130062,0,1,0,0,0,0,0,0,0,0,1,0,0,0,0,0,0,0,0,0,0,0,0,0,0,0,0,0,0,0,0,0,0,0,0,0,0.6353587893256738,2.4489488061618143,1.7496378215676949,-0.2668645745452993,2.62786372528904,2.3277075320651393,0.3092888535668698,-0.03636687849721377,-0.6475535912197364,1.75037037
2013,6068.0,19768,706.8,876765.32,1638.36,144.48999999999998,0.26999999999999996,3.2577455504284774,0,1,0,0,0,0,0,0,0,0,0,1,0,0,0,0,0,0,0,0,0,0,0,0,0,0,0,0,0,0,0,0,0,0,0,0,0.6353587893256738,-0.6376458275606479,-0.6152199975252151,-1.0255201588177045,-0.6241168763023737,-0.6062584585053734,0.3092888534714308,-0.03636687849721377,1.132134797477918,3.26
2013,28330.0,80114,3642.6,4093401.7,7649.1,144.49,0.27,2.8278856336039535,0,1,0,0,0,0,0,0,0,0,0,0,1,0,0,0,0,0,0,0,0,0,0,0,0,0,0,0,0,0,0,0,0,0,0,0,0.6353587893256738,-0.620388228835714,-0.5950716852655569,2.104853789610865,-0.6059345806198092,-0.5898542286837187,0.3092888534714319,-0.036366878497213005,0.6140398669820752,2.82
2013,14490.0,46397,3642.6,2093660.1,3912.3,144.49,0.27,3.20200138026225,0,0,1,0,0,0,0,0,0,0,0,0,1,0,0,0,0,0,0,0,0,0,0,0,0,0,0,0,0,0,0,0,0,0,0,0,0.6353587893256738,-0.6311170567196905,-0.6063291115151658,2.104853789610865,-0.6172382807476815,-0.6000525280607604,0.3092888534714319,-0.036366878497213005,1.0649483238444395,3.205
2013,787300.0,1672585,1006.5,113756977.0,212571.0,144.49,0.27,2.124457004953639,0,1,0,0,0,0,0,0,0,0,0,0,0,1,0,0,0,0,0,0,0,0,0,0,0,0,0,0,0,0,0,0,0,0,0,0,0.6353587893256738,-0.032031400865939336,-0.06337773749022599,-0.7059571530461798,0.013947593227819884,-0.030590986039695674,0.3092888534714319,-0.036366878497213005,-0.23377774104612917,1.939411765
2013,33099.0,105505,1006.5,4782474.51,8936.73,144.48999999999998,0.26999999999999996,3.187558536511677,0,0,0,1,0,0,0,0,0,0,0,0,0,1,0,0,0,0,0,0,0,0,0,0,0,0,0,0,0,0,0,0,0,0,0,0,0.6353587893256738,-0.6166912794008379,-0.586594142485837,-0.7059571530461798,-0.6020395411754579,-0.5863400892524245,0.3092888534714308,-0.03636687849721377,1.0475408758916454,3.133636364
2013,1244000.0,4041000,452.2,179745560.0,335880.0,144.49,0.27,3.2483922829581995,0,1,0,0,0,0,0,0,0,0,0,0,0,0,1,0,0,0,0,0,0,0,0,0,0,0,0,0,0,0,0,0,0,0,0,0,0.6353587893256738,0.32200441521874923,0.727388261589387,-1.296994103660648,0.38695336262082913,0.30593815597583235,0.3092888534714319,-0.036366878497213005,1.1208616355238554,3.112
2013,73139.0,106899,1216.9,10567854.11,19747.53,144.48999999999998,0.26999999999999996,1.4615868414935944,0,1,0,0,0,0,0,0,0,0,0,0,0,0,0,1,0,0,0,0,0,0,0,0,0,0,0,0,0,0,0,0,0,0,0,0,0.6353587893256738,-0.5856520981526862,-0.5861287140019281,-0.48161262046583664,-0.5693372179731455,-0.5568357607078619,0.3092888534714308,-0.03636687849721377,-1.0327116677136707,1.565454545
2013,154068.0,131682,1253.6,22261285.32,41598.36,144.49,0.27,0.8547005218474959,1,0,0,0,0,0,0,0,0,0,0,0,0,0,0,0,0,1,0,0,0,0,0,0,0,0,0,0,0,0,0,0,0,0,0,0,0.6353587893256738,-0.522915587182864,-0.5778541701592358,-0.4424802804197409,-0.5032391581719481,-0.4972014998491479,0.3092888534714319,-0.036366878497213005,-1.7641702505902794,0.854782609
2013,933073.0,1366639,1253.6,134819717.8,251929.71,144.49000003215184,0.27,1.4646646082353685,0,0,0,0,0,1,0,0,0,0,0,0,0,0,0,0,0,1,0,0,0,0,0,0,0,0,0,0,0,0,0,0,0,0,0,0,0.6353587893256738,0.08097245947588966,-0.1655269361544851,-0.4424802804197409,0.13300642856649553,0.07682496013729044,0.3092888546950765,-0.036366878497213005,-1.0290021444858681,1.422083333
2013,1035111.0,3057894,1235.6,149563188.4,279479.97,144.4900000096608,0.26999999999999996,2.954170132478546,0,1,0,0,0,0,0,0,0,0,0,0,0,0,0,0,0,0,1,0,0,0,0,0,0,0,0,0,0,0,0,0,0,0,0,0,0.6353587893256738,0.16007275858175665,0.39914899681055305,-0.461673253739352,0.21634508117366258,0.15201383816001965,0.3092888538391055,-0.03636687849721377,0.7662461000043619,2.792666667
2013,40896.0,102639,1235.6,5909063.04,11041.92,144.49,0.27,2.509756455399061,0,0,1,0,0,0,0,0,0,0,0,0,0,0,0,0,0,0,1,0,0,0,0,0,0,0,0,0,0,0,0,0,0,0,0,0,0.6353587893256738,-0.6106470112641786,-0.5875510420804444,-0.461673253739352,-0.5956714089574651,-0.5805947033967314,0.3092888534714319,-0.036366878497213005,0.2306100378220651,2.545833333
2013,264028.0,892066,1235.6,38149405.72,71287.56,144.49,0.27,3.3786795339888194,0,0,0,1,0,0,0,0,0,0,0,0,0,0,0,0,0,0,1,0,0,0,0,0,0,0,0,0,0,0,0,0,0,0,0,0,0.6353587893256738,-0.4376741193994781,-0.3239772890196752,-0.461673253739352,-0.41343028056639675,-0.4161751270529416,0.3092888534714319,-0.036366878497213005,1.277892243927287,3.022962963
2013,51922.0,141234,3255.4,7502209.78,14018.94,144.49,0.27,2.720118639497708,1,0,0,0,0,0,0,0,0,0,0,0,0,0,0,0,0,0,0,1,0,0,0,0,0,0,0,0,0,0,0,0,0,0,0,0,0.6353587893256738,-0.6020996083560337,-0.5746649500169853,1.6919916079801198,-0.5866660189567484,-0.5724699599768426,0.3092888534714319,-0.036366878497213005,0.4841521264975085,2.416923077
2013,46865.0,137477,3255.4,6771523.85,12653.55,144.48999999999998,0.26999999999999996,2.9334684732742984,0,0,0,1,0,0,0,0,0,0,0,0,0,0,0,0,0,0,0,1,0,0,0,0,0,0,0,0,0,0,0,0,0,0,0,0,0.6353587893256738,-0.6060198166370503,-0.5759193365406907,1.6919916079801198,-0.590796279906651,-0.5761963183547111,0.3092888534714308,-0.03636687849721377,0.7412951234960043,2.673571429
2013,100824.0,285614,3255.4,14568059.76,27222.48,144.49,0.27,2.832797746568277,0,0,0,0,0,1,0,0,0,0,0,0,0,0,0,0,0,0,0,1,0,0,0,0,0,0,0,0,0,0,0,0,0,0,0,0,0.6353587893256738,-0.5641905663630986,-0.5264593800695248,1.6919916079801198,-0.5467257340107073,-0.5364354775970673,0.3092888534714319,-0.036366878497213005,0.6199602627324841,2.506428571
2013,1881546.0,3321724,1451.4,271864581.5,508017.42,144.48999997874088,0.27,1.7654226896392646,0,1,0,0,0,0,0,0,0,0,0,0,0,0,0,0,0,0,0,0,1,0,0,0,0,0,0,0,0,0,0,0,0,0,0,0,0.6353587893256738,0.8162328330018209,0.4872365125276779,-0.23157082916312546,0.9076635359297279,0.775727532755845,0.3092888526623453,-0.036366878497213005,-0.6665090829506064,1.410204082
2013,1567500.0,3016600,1409.8,226488075.0,423225.0,144.49,0.27,1.9244657097288675,0,1,0,0,0,0,0,0,0,0,0,0,0,0,0,0,0,0,0,0,0,1,0,0,0,0,0,0,0,0,0,0,0,0,0,0,0.6353587893256738,0.5727830149634322,0.38536176308420295,-0.27592792305733793,0.6511691856964553,0.5443160352007576,0.3092888534714319,-0.036366878497213005,-0.47482016473772604,1.436
2013,37400.0,91690,1409.8,5403926.0,10098.0,144.49,0.27,2.4516042780748664,0,0,0,1,0,0,0,0,0,0,0,0,0,0,0,0,0,0,0,0,0,1,0,0,0,0,0,0,0,0,0,0,0,0,0,0,0.6353587893256738,-0.6133571255909404,-0.5912066923460958,-0.27592792305733793,-0.5985267366776271,-0.5831708056093136,0.3092888534714319,-0.036366878497213005,0.16052127846174669,2.423333333
2013,222800.0,597670,1428.8,32192372.0,60156.0,144.49,0.27,2.68254039497307,0,1,0,0,0,0,0,0,0,0,0,0,0,0,0,0,0,0,0,0,0,0,1,0,0,0,0,0,0,0,0,0,0,0,0,0,0.6353587893256738,-0.46963424338795967,-0.42227017564006974,-0.25566867344219285,-0.44710289247910745,-0.44655485875212303,0.3092888534714319,-0.036366878497213005,0.438860399534523,2.354444444
2013,22569.0,48727,2448.4,3260994.81,6093.63,144.49,0.27,2.159023439230803,1,0,0,0,0,0,0,0,0,0,0,0,0,0,0,0,0,0,0,0,0,0,0,1,0,0,0,0,0,0,0,0,0,0,0,0,0.6353587893256738,-0.6248541809628518,-0.6055511715097801,0.8315066374842224,-0.6106398274721699,-0.5940993444865464,0.3092888534714319,-0.036366878497213005,-0.19211604228479248,2.448571429
2013,13444.0,58685,2448.4,1942523.56,3629.88,144.49,0.27,4.365144302290985,0,0,1,0,0,0,0,0,0,0,0,0,0,0,0,0,0,0,0,0,0,0,0,1,0,0,0,0,0,0,0,0,0,0,0,0,0.6353587893256738,-0.6319279204456038,-0.6022263961562906,0.8315066374842224,-0.6180925921879816,-0.6008232954847766,0.3092888534714319,-0.036366878497213005,2.4668432848747512,2.396363636
2013,46424.0,111289,2448.4,6707803.76,12534.48,144.49,0.27,2.397229881095985,0,0,0,0,0,1,0,0,0,0,0,0,0,0,0,0,0,0,0,0,0,0,0,1,0,0,0,0,0,0,0,0,0,0,0,0,0.6353587893256738,-0.606361681745203,-0.584662981545429,0.8315066374842224,-0.5911564628370259,-0.5765212786166528,0.3092888534714319,-0.036366878497213005,0.09498574392846551,2.238571429
2013,22633.0,25671,1848.8,3270242.17,6110.91,144.49,0.27,1.1342287809835196,1,0,0,0,0,0,0,0,0,0,0,0,0,0,0,0,0,0,0,0,0,0,0,0,1,0,0,0,0,0,0,0,0,0,0,0,0.6353587893256738,-0.6248045678859317,-0.6132491048849612,0.19216737068206602,-0.610587556026492,-0.5940521847206411,0.3092888534714319,-0.036366878497213005,-1.427264741794443,1.10625
2013,15620.0,32440,1848.8,2256933.8,4217.4,144.48999999999998,0.26999999999999996,2.0768245838668373,0,1,0,0,0,0,0,0,0,0,0,0,0,0,0,0,0,0,0,0,0,0,0,0,1,0,0,0,0,0,0,0,0,0,0,0,0.6353587893256738,-0.6302410758303196,-0.6109890723113751,0.19216737068206602,-0.616315363034929,-0.5992198634439933,0.3092888534714308,-0.03636687849721377,-0.29118741086279454,2.1475
2013,550.0,883,1848.8,79469.5,148.5,144.49,0.27,1.6054545454545455,0,0,1,0,0,0,0,0,0,0,0,0,0,0,0,0,0,0,0,0,0,0,0,0,1,0,0,0,0,0,0,0,0,0,0,0,0.6353587893256738,-0.6419234050363547,-0.6215253181268067,0.19216737068206602,-0.6286236550094256,-0.6103245145720291,0.3092888534714319,-0.036366878497213005,-0.8593130204639604,1.666666667
2013,185670.0,419640,1350.9,26827458.3,50130.9,144.49,0.27,2.2601389562126353,0,1,0,0,0,0,0,0,0,0,0,0,0,0,0,0,0,0,0,0,0,0,0,0,0,1,0,0,0,0,0,0,0,0,0,0,0.6353587893256738,-0.49841758004489967,-0.4817108018884863,-0.3387315968642874,-0.47742849838574736,-0.47391489169067474,0.3092888534714319,-0.036366878497213005,-0.07024509155797945,2.203636364
2013,3810.0,10000,1350.9,550506.9,1028.7,144.49,0.27,2.6246719160104988,0,0,1,0,0,0,0,0,0,0,0,0,0,0,0,0,0,0,0,0,0,0,0,0,0,1,0,0,0,0,0,0,0,0,0,0,0.6353587893256738,-0.6393962389307359,-0.6184813357108834,-0.3387315968642874,-0.6259610782452013,-0.6079223139962231,0.3092888534714319,-0.036366878497213005,0.3691135717598076,2.633333333
2013,582000.0,851000,1632.4,84093180.0,157140.0,144.49,0.27,1.4621993127147765,1,0,0,0,0,0,0,0,0,0,0,0,0,0,0,0,0,0,0,0,0,0,0,0,0,0,1,0,0,0,0,0,0,0,0,0,0.6353587893256738,-0.19118084917377065,-0.33768839814463997,-0.03857481967148056,-0.15372940361120968,-0.18187067260809486,0.3092888534714319,-0.036366878497213005,-1.0319734778468108,1.2972
2013,300000.0,1025000,1632.4,43347000.0,81000.0,144.49,0.27,3.4166666666666665,0,0,0,1,0,0,0,0,0,0,0,0,0,0,0,0,0,0,0,0,0,0,0,0,0,0,1,0,0,0,0,0,0,0,0,0,0.6353587893256738,-0.40978846935306157,-0.279593307613693,-0.03857481967148056,-0.3840504611299936,-0.3896683911287406,0.3092888534714319,-0.036366878497213005,1.3236767892969816,2.857307692
2013,3298000.0,5734000,1632.4,476528020.0,890460.0,144.49,0.27,1.7386294724075197,0,0,0,0,0,1,0,0,0,0,0,0,0,0,0,0,0,0,0,0,0,0,0,0,0,0,1,0,0,0,0,0,0,0,0,0,0.6353587893256738,1.9142741026239392,1.2926468148588879,-0.03857481967148056,2.0645400723498435,1.819471893002096,0.3092888534714319,-0.036366878497213005,-0.6988019985636421,1.853
2013,3671.0,12091,1083.2,530422.79,991.17,144.49,0.26999999999999996,3.29365295559793,0,1,0,0,0,0,0,0,0,0,0,0,0,0,0,0,0,0,0,0,0,0,0,0,0,0,0,1,0,0,0,0,0,0,0,0,0.6353587893256738,-0.6395039923321719,-0.6177831929850202,-0.6241737611787258,-0.6260746052912833,-0.6080247391127989,0.3092888534714319,-0.03636687849721377,1.1754127209535041,2.696666667
2013,8382.0,24736,1083.2,1211115.18,2263.14,144.48999999999998,0.26999999999999996,2.951085659747077,0,0,1,0,0,0,0,0,0,0,0,0,0,0,0,0,0,0,0,0,0,0,0,0,0,0,0,1,0,0,0,0,0,0,0,0,0.6353587893256738,-0.6358520047482548,-0.6135612825266074,-0.6241737611787258,-0.6222269368445776,-0.6045533382193564,0.3092888534714308,-0.03636687849721377,0.7625284942847315,3.78
2013,3769.0,12965,1083.2,544582.81,1017.63,144.49,0.27,3.4399044839479966,0,0,0,1,0,0,0,0,0,0,0,0,0,0,0,0,0,0,0,0,0,0,0,0,0,0,0,1,0,0,0,0,0,0,0,0,0.6353587893256738,-0.6394280223081379,-0.6174913820130429,-0.6241737611787258,-0.6259945646400888,-0.6079525257212562,0.3092888534714319,-0.036366878497213005,1.3516845072954022,3.41
2013,2851000.0,11267000,586.6,411940990.0,769770.0,144.49,0.27,3.951946685373553,0,1,0,0,0,0,0,0,0,0,0,0,0,0,0,0,0,0,0,0,0,0,0,0,0,0,0,0,1,0,0,0,0,0,0,0,0.6353587893256738,1.5677577685099569,3.1400039177768724,-1.153686569540885,1.6994566939424096,1.4900904030066044,0.3092888534714319,-0.036366878497213005,1.9688308342156822,3.834090909
2013,11158.0,20260,2567.6,1612219.42,3012.66,144.48999999999998,0.26999999999999996,1.8157375873812511,0,1,0,0,0,0,0,0,0,0,0,0,0,0,0,0,0,0,0,0,0,0,0,0,0,0,0,0,0,1,0,0,0,0,0,0,0.6353587893256738,-0.6337000375368443,-0.6150557286485414,0.958606771911869,-0.6199596628882935,-0.60250778337321,0.3092888534714308,-0.03636687849721377,-0.6058663190448448,1.76
2013,1725730.0,7115195,740.9,249350727.7,465947.1,144.48999999999998,0.26999999999999996,4.123005916336854,0,1,0,0,0,0,0,0,0,0,0,0,0,0,0,0,0,0,0,0,0,0,0,0,0,0,0,0,0,0,1,0,0,0,0,0,0.6353587893256738,0.695443595605167,1.7537999675364235,-0.9891601371399968,0.7804021677219771,0.6609111876884234,0.3092888534714308,-0.03636687849721377,2.175002465735311,4.491935484
2013,1166334.0,3768045,1348.7,168523599.7,314910.18,144.4900000342955,0.27,3.2306740607750437,0,1,0,0,0,0,0,0,0,0,0,0,0,0,0,0,0,0,0,0,0,0,0,0,0,0,0,0,0,0,0,1,0,0,0,0,0.6353587893256738,0.2617973959675265,0.6362540924176938,-0.34107740471446213,0.3235203300339753,0.24870830630695123,0.30928885477666024,-0.036366878497213005,1.0995064899724751,3.115555556
2013,828103.0,2813045,1348.7,119652602.5,223587.81,144.49000003622737,0.27,3.39697477246188,0,0,1,0,0,0,0,0,0,0,0,0,0,0,0,0,0,0,0,0,0,0,0,0,0,0,0,0,0,0,0,1,0,0,0,0,0.6353587893256738,-0.000400738716380444,0.31739885415876096,-0.34107740471446213,0.0472730902411524,-0.0005244246609796947,0.30928885485018437,-0.036366878497213005,1.2999428467728054,3.203333333
2013,254254.0,711831,2043.5,36737160.46,68648.58,144.49,0.27,2.799684567401103,0,1,0,0,0,0,0,0,0,0,0,0,0,0,0,0,0,0,0,0,0,0,0,0,0,0,0,0,0,0,0,0,1,0,0,0,0.6353587893256738,-0.4452509664903731,-0.38415412029464774,0.39977136542252606,-0.4214131104110372,-0.42337730755230607,0.3092888534714319,-0.036366878497213005,0.5800501208754643,2.775
2013,5955306.0,14565665,995.2,860482163.9,1607932.62,144.4899999932833,0.27,2.4458298196599806,0,1,0,0,0,0,0,0,0,0,0,0,0,0,0,0,0,0,0,0,0,0,0,0,0,0,0,0,0,0,0,0,0,1,0,0,0.6353587893256738,3.974229211659935,4.241361629307137,-0.7180060751857134,4.234871731950015,3.777564532048986,0.30928885321580546,-0.036366878497213005,0.15356152828729008,2.396133333
2013,27063.0,70171,995.2,3910332.87,7307.01,144.49,0.27,2.592875882200791,0,0,0,1,0,0,0,0,0,0,0,0,0,0,0,0,0,0,0,0,0,0,0,0,0,0,0,0,0,0,0,0,0,1,0,0,0.6353587893256738,-0.621370412717867,-0.5983914524215869,-0.7180060751857134,-0.6069693918959663,-0.5907878446743771,0.3092888534714319,-0.036366878497213005,0.3307909385439063,2.479047619
2013,246959.0,551758,1735.4,35683105.91,66678.93,144.48999999999998,0.26999999999999996,2.2342089172696684,0,1,0,0,0,0,0,0,0,0,0,0,0,0,0,0,0,0,0,0,0,0,0,0,0,0,0,0,0,0,0,0,0,0,1,0,0.6353587893256738,-0.4509060820549402,-0.4375992664243044,0.07125163876851626,-0.42737123847699293,-0.4287527839941788,0.3092888534714308,-0.03636687849721377,-0.10149764895656795,1.736153846
2013,12420.0,41310,1735.4,1794565.8,3353.4,144.49,0.27,3.3260869565217392,0,0,0,1,0,0,0,0,0,0,0,0,0,0,0,0,0,0,0,0,0,0,0,0,0,0,0,0,0,0,0,0,0,0,1,0,0.6353587893256738,-0.6327217296763257,-0.6080275582136193,0.07125163876851626,-0.61892893531883,-0.6015778517392629,0.3092888534714319,-0.036366878497213005,1.2145042733328406,3.353333333
2013,210036.0,493651,1939.9,30348101.64,56709.72,144.49,0.27,2.3503161362813993,1,0,0,0,0,0,0,0,0,0,0,0,0,0,0,0,0,0,0,0,0,0,0,0,0,0,0,0,0,0,0,0,0,0,0,1,0.6353587893256738,-0.47952895141621665,-0.45700002174316495,0.28930514120520895,-0.45752777892651797,-0.4559602845648802,0.3092888534714319,-0.036366878497213005,0.03844226916448925,2.252777778
2013,1286995.0,4338142,1939.9,185957907.6,347488.65,144.49000003885018,0.27,3.3707528001274287,0,0,0,1,0,0,0,0,0,0,0,0,0,0,0,0,0,0,0,0,0,0,0,0,0,0,0,0,0,0,0,0,0,0,0,1,0.6353587893256738,0.3553343252528223,0.8265979822247125,0.28930514120520895,0.4220691567616855,0.3376199393368082,0.3092888549500042,-0.036366878497213005,1.268338432398838,3.127222222
2013,4016656.0,10545076,1939.9,580366625.4,1084497.12,144.48999999004147,0.27,2.6253370963308784,0,0,0,0,0,1,0,0,0,0,0,0,0,0,0,0,0,0,0,0,0,0,0,0,0,0,0,0,0,0,0,0,0,0,0,1,0.6353587893256738,2.4713793433599975,2.898968054923635,0.28930514120520895,2.651496135642248,2.349028904353774,0.3092888530924266,-0.036366878497213005,0.36991529003677587,2.626111111
2014,1634921.0,5097447,687.6,246807674.2,539523.93,150.960000024466,0.33,3.117855235818734,0,1,0,0,0,0,1,0,0,0,0,0,0,0,0,0,0,0,0,0,0,0,0,0,0,0,0,0,0,0,0,0,0,0,0,0,0.7886903358625367,0.625048065885801,1.0801146070270151,-1.0459926636919563,0.7660273534094,0.861713622807696,0.5555261714329751,0.7849756415247319,0.9635299567191488,3.184615385
2014,759034.0,3358137,687.6,114583772.6,250481.22,150.95999994730144,0.33,4.424224738285768,0,0,1,0,0,0,1,0,0,0,0,0,0,0,0,0,0,0,0,0,0,0,0,0,0,0,0,0,0,0,0,0,0,0,0,0,0.7886903358625367,-0.05394332636944231,0.4993940788006858,-1.0459926636919563,0.018621121812435082,0.07287180913518947,0.5555261684962214,0.7849756415247319,2.5380508415283214,3.541538462
2014,127200.0,189992,2403.2,19202112.0,41976.0,150.96,0.33,1.4936477987421384,0,1,0,0,0,0,0,1,0,0,0,0,0,0,0,0,0,0,0,0,0,0,0,0,0,0,0,0,0,0,0,0,0,0,0,0,0.7886903358625367,-0.5437437770373931,-0.5583856372347559,0.7833109489260875,-0.5205313812514036,-0.49617086246509046,0.5555261705018402,0.7849756415247319,-0.9940697316615235,1.447058824
2014,196188.0,280693,1899.0,29616540.48,64742.04,150.96,0.33,1.4307348053907476,1,0,0,0,0,0,0,0,1,0,0,0,0,0,0,0,0,0,0,0,0,0,0,0,0,0,0,0,0,0,0,0,0,0,0,0,0.7886903358625367,-0.4902639809348082,-0.5281024027160925,0.24569444071787033,-0.461662987184344,-0.43403885337985587,0.5555261705018402,0.7849756415247319,-1.0698965339334365,1.531481481
2014,416353.0,1224046,1899.0,62852648.88,137396.49,150.96,0.32999999999999996,2.939923574466859,0,0,0,1,0,0,0,0,1,0,0,0,0,0,0,0,0,0,0,0,0,0,0,0,0,0,0,0,0,0,0,0,0,0,0,0,0.7886903358625367,-0.3195911203079515,-0.21313586284459612,0.24569444071787033,-0.27379321302399484,-0.2357537345149711,0.5555261705018402,0.7849756415247311,0.7490752282994686,2.613076923
2014,1882756.0,3717906,1899.0,284220845.8,621309.48,150.96000002124546,0.33,1.9747147267091434,0,0,0,0,0,1,0,0,1,0,0,0,0,0,0,0,0,0,0,0,0,0,0,0,0,0,0,0,0,0,0,0,0,0,0,0,0.7886903358625367,0.8171708302373419,0.6195136915893539,0.24569444071787033,0.9775083130488984,1.0849189117222768,0.5555261713104065,0.7849756415247319,-0.4142568045803102,1.977777778
2014,581128.0,1010341,1061.0,87727082.88,191772.24,150.95999999999998,0.32999999999999996,1.7385859913822772,1,0,0,0,0,0,0,0,0,1,0,0,0,0,0,0,0,0,0,0,0,0,0,0,0,0,0,0,0,0,0,0,0,0,0,0,0.7886903358625367,-0.1918568273468073,-0.28448765205101,-0.6478450949395795,-0.13318847549863191,-0.08735398677595083,0.5555261705018391,0.7849756415247311,-0.6988544047031057,1.738965517
2014,82265.0,181555,1061.0,12418724.4,27147.45,150.96,0.33,2.2069531392451225,0,0,0,1,0,0,0,0,0,1,0,0,0,0,0,0,0,0,0,0,0,0,0,0,0,0,0,0,0,0,0,0,0,0,0,0,0.7886903358625367,-0.5785775834656074,-0.5612025813658454,-0.6478450949395795,-0.5588750248909252,-0.5366402459556252,0.5555261705018402,0.7849756415247319,-0.1343480727075261,1.971764706
2014,2599981.0,7049728,1061.0,392493131.8,857993.73,150.96000001538474,0.33,2.7114536606229045,0,0,0,0,0,1,0,0,0,1,0,0,0,0,0,0,0,0,0,0,0,0,0,0,0,0,0,0,0,0,0,0,0,0,0,0,0.7886903358625367,1.3731667535816396,1.73194185666407,-0.6478450949395795,1.589526112300171,1.7308664709522499,0.555526171087357,0.7849756415247319,0.47370853440580424,2.625263158
2014,4035700.0,7977746,1274.7,609229272.0,1331781.0,150.96,0.33,1.9767936169685556,0,1,0,0,0,0,0,0,0,0,1,0,0,0,0,0,0,0,0,0,0,0,0,0,0,0,0,0,0,0,0,0,0,0,0,0,0.7886903358625367,2.4861423345610416,2.0417883493327387,-0.4199818505839744,2.814644565450955,3.0239044768640593,0.5555261705018402,0.7849756415247319,-0.4117511917927417,1.92962963
2014,6035.0,17269,416.4,911043.6,1991.55,150.96,0.33,2.8614747307373656,0,1,0,0,0,0,0,0,0,0,0,1,0,0,0,0,0,0,0,0,0,0,0,0,0,0,0,0,0,0,0,0,0,0,0,0,0.7886903358625367,-0.6376714093034348,-0.6160543632219785,-1.3351667950407635,-0.6239231155694774,-0.6052945489150883,0.5555261705018402,0.7849756415247319,0.6545236159049997,2.86
2014,27840.0,81269,3491.2,4202726.4,9187.2,150.96,0.33,2.9191451149425287,0,1,0,0,0,0,0,0,0,0,0,0,1,0,0,0,0,0,0,0,0,0,0,0,0,0,0,0,0,0,0,0,0,0,0,0,0.7886903358625367,-0.6207680789558836,-0.5946860540611705,1.9434195584670249,-0.6053166139658327,-0.5856565182705771,0.5555261705018402,0.7849756415247319,0.7240316870858713,2.925
2014,14130.0,39236,3491.2,2133064.8,4662.9,150.95999999999998,0.32999999999999996,2.7767869780608634,0,0,1,0,0,0,0,0,0,0,0,0,1,0,0,0,0,0,0,0,0,0,0,0,0,0,0,0,0,0,0,0,0,0,0,0,0.7886903358625367,-0.6313961302773662,-0.6087200249823618,1.9434195584670249,-0.6170155425136873,-0.5980040257292447,0.5555261705018391,0.7849756415247311,0.5524524675622884,2.775
2014,763205.0,1671308,605.6,115213426.8,251857.65,150.96,0.33,2.189854626214451,0,1,0,0,0,0,0,0,0,0,0,0,0,1,0,0,0,0,0,0,0,0,0,0,0,0,0,0,0,0,0,0,0,0,0,0,0.7886903358625367,-0.05070994912203868,-0.06380410203395023,-1.13342731992574,0.022180292787852766,0.07662829736349747,0.5555261705018402,0.7849756415247319,-0.15495630476984304,1.867368421
2014,31238.0,100275,605.6,4715688.48,10308.54,150.96,0.33,3.2100326525385747,0,0,0,1,0,0,0,0,0,0,0,0,0,1,0,0,0,0,0,0,0,0,0,0,0,0,0,0,0,0,0,0,0,0,0,0,0.7886903358625367,-0.6181339346531559,-0.5883403340000717,-1.13342731992574,-0.602417054578115,-0.5825962097115287,0.5555261705018402,0.7849756415247319,1.0746281318212654,3.144166667
2014,1277000.0,3989000,301.3,192775920.0,421410.0,150.96,0.33,3.1237274862960063,0,1,0,0,0,0,0,0,0,0,0,0,0,0,1,0,0,0,0,0,0,0,0,0,0,0,0,0,0,0,0,0,0,0,0,0,0.7886903358625367,0.3475861580056875,0.7100265103962304,-1.457895196656721,0.46060851986625584,0.5393626222888194,0.5555261705018402,0.7849756415247319,0.9706075722022377,2.9465
2014,72380.0,116365,1019.9,10926484.8,23885.4,150.96,0.33,1.6076954959933683,0,1,0,0,0,0,0,0,0,0,0,0,0,0,0,1,0,0,0,0,0,0,0,0,0,0,0,0,0,0,0,0,0,0,0,0,0.7886903358625367,-0.5862404782367857,-0.5829682075251124,-0.6916690506860249,-0.5673100291721465,-0.5455428798891724,0.5555261705018402,0.7849756415247319,-0.8566120821624021,1.72
2014,275861.0,344823,1278.4,41643976.56,91034.13,150.96,0.33,1.2499882187043474,0,1,0,0,0,0,0,0,0,0,0,0,0,0,0,0,1,0,0,0,0,0,0,0,0,0,0,0,0,0,0,0,0,0,0,0,0.7886903358625367,-0.42850112659954354,-0.5066906891773015,-0.41603662829049876,-0.39367693800905507,-0.36228371393751957,0.5555261705018402,0.7849756415247319,-1.287743992143592,1.098947368
2014,139909.0,143816,1156.6,21120662.64,46169.97,150.96,0.33,1.027925294298437,1,0,0,0,0,0,0,0,0,0,0,0,0,0,0,0,0,1,0,0,0,0,0,0,0,0,0,0,0,0,0,0,0,0,0,0,0.7886903358625367,-0.5338917052471143,-0.5738028722942788,-0.545909081086534,-0.5096866195508433,-0.48472487615639553,0.5555261705018402,0.7849756415247319,-1.5553885686272118,1.01
2014,849093.0,1248966,1156.6,128179079.3,280200.69,150.96000002355456,0.33,1.47094134564765,0,0,0,0,0,1,0,0,0,0,0,0,0,0,0,0,0,1,0,0,0,0,0,0,0,0,0,0,0,0,0,0,0,0,0,0,0.7886903358625367,0.015870800104766068,-0.20481557746510648,-0.545909081086534,0.095469685688514,0.1539807933963239,0.5555261713982866,0.7849756415247319,-1.021437015228459,1.416666667
2014,1000025.0,3057611,1238.5,150963774.0,330008.25,150.96,0.33,3.057534561635959,0,1,0,0,0,0,0,0,0,0,0,0,0,0,0,0,0,0,1,0,0,0,0,0,0,0,0,0,0,0,0,0,0,0,0,0,0.7886903358625367,0.13287393956895308,0.3990545088184826,-0.45858105248230346,0.22426200385298073,0.2899132511462605,0.5555261705018402,0.7849756415247319,0.890827584911487,2.812333333
2014,48096.0,118479,1238.5,7260572.16,15871.68,150.96,0.33,2.463385728542914,0,0,1,0,0,0,0,0,0,0,0,0,0,0,0,0,0,0,1,0,0,0,0,0,0,0,0,0,0,0,0,0,0,0,0,0,0.7886903358625367,-0.6050655401106648,-0.5822623855631444,-0.45858105248230346,-0.588031895025983,-0.5674135488261736,0.5555261705018402,0.7849756415247319,0.1747210433676594,2.493846154
2014,278414.0,851657,1238.5,42029377.44,91876.62,150.95999999999998,0.32999999999999996,3.0589589603971064,0,0,0,1,0,0,0,0,0,0,0,0,0,0,0,0,0,0,1,0,0,0,0,0,0,0,0,0,0,0,0,0,0,0,0,0,0.7886903358625367,-0.42652202995302674,-0.337469039095911,-0.45858105248230346,-0.3914984285573649,-0.3599844297258509,0.5555261705018391,0.7849756415247311,0.8925443622807437,2.852
2014,63981.0,161477,3046.4,9658571.76,21113.73,150.96,0.33,2.5238273862552947,1,0,0,0,0,0,0,0,0,0,0,0,0,0,0,0,0,0,0,1,0,0,0,0,0,0,0,0,0,0,0,0,0,0,0,0,0.7886903358625367,-0.592751419378225,-0.5679062206053878,1.4691398622135243,-0.5744770095421996,-0.5531071917159666,0.5555261705018402,0.7849756415247319,0.2475692323378639,2.215384615
2014,45188.0,146165,3046.4,6821580.48,14912.04,150.96,0.33,3.2345976808002126,0,0,0,1,0,0,0,0,0,0,0,0,0,0,0,0,0,0,0,1,0,0,0,0,0,0,0,0,0,0,0,0,0,0,0,0,0.7886903358625367,-0.6073198342932229,-0.5730185885721111,1.4691398622135243,-0.5905133307821581,-0.5700325533257946,0.5555261705018402,0.7849756415247319,1.104235490199453,2.801428571
2014,88990.0,254450,3046.4,13433930.4,29366.7,150.96,0.33,2.859310034835375,0,0,0,0,0,1,0,0,0,0,0,0,0,0,0,0,0,0,0,1,0,0,0,0,0,0,0,0,0,0,0,0,0,0,0,0,0.7886903358625367,-0.5733643343673601,-0.5368644111115157,1.4691398622135243,-0.5531364913763869,-0.530583572895119,0.5555261705018402,0.7849756415247319,0.6519145846159894,2.500714286
2014,2057000.0,3522660,891.2,310524720.0,678810.0,150.96,0.33,1.7125230918813807,0,1,0,0,0,0,0,0,0,0,0,0,0,0,0,0,0,0,0,0,1,0,0,0,0,0,0,0,0,0,0,0,0,0,0,0,0.7886903358625367,0.9522455329696837,0.5543249901766799,-0.8288988099212441,1.1261930761993348,1.2418466352545958,0.5555261705018402,0.7849756415247319,-0.7302670942257468,1.663488372
2014,1508400.0,2835400,1001.6,227708064.0,497772.0,150.96,0.33,1.8797401219835588,0,1,0,0,0,0,0,0,0,0,0,0,0,0,0,0,0,0,0,0,0,1,0,0,0,0,0,0,0,0,0,0,0,0,0,0,0.7886903358625367,0.5269684392450064,0.3248627377726651,-0.7111819068942961,0.6580652715784027,0.7477662128019997,0.5555261705018402,0.7849756415247319,-0.5287263312988448,1.3064
2014,42800.0,111200,1001.6,6461088.0,14124.0,150.96,0.33,2.5981308411214954,0,0,0,1,0,0,0,0,0,0,0,0,0,0,0,0,0,0,0,0,0,1,0,0,0,0,0,0,0,0,0,0,0,0,0,0,0.7886903358625367,-0.609171022225805,-0.5846926968503556,-0.7111819068942961,-0.5925510435007778,-0.5721832351501053,0.5555261705018402,0.7849756415247319,0.3371245543806494,2.52375
2014,224380.0,501980,987.5,33872404.8,74045.4,150.95999999999998,0.32999999999999996,2.2371869150548176,0,1,0,0,0,0,0,0,0,0,0,0,0,0,0,0,0,0,0,0,0,0,1,0,0,0,0,0,0,0,0,0,0,0,0,0,0.7886903358625367,-0.46840942055149415,-0.45421913663378416,-0.7262164026613248,-0.43760637204057207,-0.4086485594137903,0.5555261705018391,0.7849756415247311,-0.09790837371799418,2.073333333
2014,33102.0,76631,3484.4,4997077.92,10923.66,150.96,0.33,2.314996072744849,1,0,0,0,0,0,0,0,0,0,0,0,0,0,0,0,0,0,0,0,0,0,0,1,0,0,0,0,0,0,0,0,0,0,0,0,0.7886903358625367,-0.6166889537878573,-0.5962345887156678,1.9361688796573944,-0.6008264781511857,-0.5809174530446464,0.5555261705018402,0.7849756415247319,-0.004127752246806419,2.507272727
2014,13620.0,62687,3484.4,2056075.2,4494.6,150.96,0.33,4.602569750367107,0,0,1,0,0,0,0,0,0,0,0,0,0,0,0,0,0,0,0,0,0,0,0,1,0,0,0,0,0,0,0,0,0,0,0,0,0.7886903358625367,-0.6317914844840734,-0.6008902090740789,1.9361688796573944,-0.6174507324159051,-0.5984633421992608,0.5555261705018402,0.7849756415247319,2.753003766939789,2.505454545
2014,63601.0,158920,3484.4,9601206.96,20988.33,150.96,0.33,2.4987028505841105,0,0,0,0,0,1,0,0,0,0,0,0,0,0,0,0,0,0,0,0,0,0,0,1,0,0,0,0,0,0,0,0,0,0,0,0,0.7886903358625367,-0.5930459970224382,-0.5687599513323282,1.9361688796573944,-0.5748012686850287,-0.5534494275171551,0.5555261705018402,0.7849756415247319,0.21728751949880376,2.319090909
2014,20064.0,23583,2029.9,3028861.44,6621.12,150.96,0.33,1.1753887559808613,1,0,0,0,0,0,0,0,0,0,0,0,0,0,0,0,0,0,0,0,0,0,0,0,1,0,0,0,0,0,0,0,0,0,0,0,0.7886903358625367,-0.6267960678016785,-0.6139462459713325,0.3852700078032644,-0.6119519800043534,-0.5926597435075281,0.5555261705018402,0.7849756415247319,-1.3776560819710535,1.14875
2014,16380.0,35983,2029.9,2472724.8,5405.4,150.95999999999998,0.32999999999999996,2.196764346764347,0,1,0,0,0,0,0,0,0,0,0,0,0,0,0,0,0,0,0,0,0,0,0,0,1,0,0,0,0,0,0,0,0,0,0,0,0.7886903358625367,-0.6296519205418931,-0.609806136071426,0.3852700078032644,-0.6150955870627265,-0.5959776295379973,0.5555261705018391,0.7849756415247311,-0.14662826335930731,2.2825
2014,486.0,1113,2029.9,73366.56,160.38,150.96,0.33,2.2901234567901234,0,0,1,0,0,0,0,0,0,0,0,0,0,0,0,0,0,0,0,0,0,0,0,0,1,0,0,0,0,0,0,0,0,0,0,0,0.7886903358625367,-0.6419730181132749,-0.62144852576576,0.3852700078032644,-0.6286581523683136,-0.6102920922329691,0.5555261705018402,0.7849756415247319,-0.034105835175561615,2.063333333
2014,191230.0,443450,1333.3,28868080.8,63105.9,150.96,0.33,2.3189353134968362,0,1,0,0,0,0,0,0,0,0,0,0,0,0,0,0,0,0,0,0,0,0,0,0,0,1,0,0,0,0,0,0,0,0,0,0,0.7886903358625367,-0.494107443987464,-0.47376112312100443,-0.35749805966568504,-0.4658937156847279,-0.4385041299648358,0.5555261705018402,0.7849756415247319,0.0006200750888609437,2.260909091
2014,4010.0,10740,1333.3,605349.6,1323.3,150.96,0.33,2.678304239401496,0,0,1,0,0,0,0,0,0,0,0,0,0,0,0,0,0,0,0,0,0,0,0,0,0,1,0,0,0,0,0,0,0,0,0,0,0.7886903358625367,-0.6392411980653606,-0.6182342646362116,-0.35749805966568504,-0.6256510754753422,-0.607118305487211,0.5555261705018402,0.7849756415247319,0.4337547112846457,2.683333333
2014,583000.0,1036000,1536.9,88009680.0,192390.0,150.96,0.33,1.777015437392796,1,0,0,0,0,0,0,0,0,0,0,0,0,0,0,0,0,0,0,0,0,0,0,0,0,0,1,0,0,0,0,0,0,0,0,0,0.7886903358625367,-0.19040564484689373,-0.2759206294766791,-0.14040420589497277,-0.1315910725634325,-0.08566802514483295,0.5555261705018402,0.7849756415247319,-0.6525367547419415,1.599166667
2014,301000.0,1002000,1536.9,45438960.0,99330.0,150.96,0.33,3.3289036544850497,0,0,0,1,0,0,0,0,0,0,0,0,0,0,0,0,0,0,0,0,0,0,0,0,0,0,1,0,0,0,0,0,0,0,0,0,0.7886903358625367,-0.4090132650261847,-0.2872725437183584,-0.14040420589497277,-0.37222548908385344,-0.3396430144478444,0.5555261705018402,0.7849756415247319,1.2178991396099976,2.62
2014,3282000.0,7802000,1536.9,495450720.0,1083060.0,150.96,0.33,2.37720901889092,0,0,0,0,0,1,0,0,0,0,0,0,0,0,0,0,0,0,0,0,0,0,0,0,0,0,1,0,0,0,0,0,0,0,0,0,0.7886903358625367,1.9018708333939085,1.9831103046174983,-0.14040420589497277,2.1715021550557734,2.345106783822642,0.5555261705018402,0.7849756415247319,0.07085530792683611,2.379333333
2014,3643.0,11821,1330.0,549947.28,1202.19,150.96,0.33,3.2448531430139993,0,1,0,0,0,0,0,0,0,0,0,0,0,0,0,0,0,0,0,0,0,0,0,0,0,0,0,1,0,0,0,0,0,0,0,0,0.7886903358625367,-0.6395256980533244,-0.6178733405392923,-0.36101677144094707,-0.6259642415422322,-0.6074488332215167,0.5555261705018402,0.7849756415247319,1.1165960355187405,2.936666667
2014,9006.0,26378,1330.0,1359545.76,2971.98,150.96,0.33,2.928936264712414,0,0,1,0,0,0,0,0,0,0,0,0,0,0,0,0,0,0,0,0,0,0,0,0,0,0,0,1,0,0,0,0,0,0,0,0,0.7886903358625367,-0.6353682772482835,-0.6130130518447003,-0.36101677144094707,-0.6213879210606753,-0.6026188053221122,0.5555261705018402,0.7849756415247319,0.7358326130642148,3.506666667
2014,4005.0,14518,1330.0,604594.8,1321.65,150.96,0.33,3.624968789013733,0,0,0,1,0,0,0,0,0,0,0,0,0,0,0,0,0,0,0,0,0,0,0,0,0,0,0,1,0,0,0,0,0,0,0,0,0.7886903358625367,-0.6392450740869949,-0.6169728666360627,-0.36101677144094707,-0.6256553420430109,-0.6071228085898582,0.5555261705018402,0.7849756415247319,1.5747359585183696,3.62
2014,2894000.0,11107000,382.7,436878240.0,955020.0,150.96,0.33,3.837940566689703,0,1,0,0,0,0,0,0,0,0,0,0,0,0,0,0,0,0,0,0,0,0,0,0,0,0,0,0,1,0,0,0,0,0,0,0,0.7886903358625367,1.6010915545656643,3.086583144874852,-1.3711003062002576,1.8404165039567544,1.9956660183986403,0.5555261705018402,0.7849756415247319,1.8314232978909546,3.728181818
2014,11040.0,20070,2627.0,1666598.4,3643.2,150.95999999999998,0.32999999999999996,1.8179347826086956,0,1,0,0,0,0,0,0,0,0,0,0,0,0,0,0,0,0,0,0,0,0,0,0,0,0,0,0,0,1,0,0,0,0,0,0,0.7886903358625367,-0.6337915116474159,-0.6151191658163625,1.0219435838665858,-0.6196522813330068,-0.6007869431652245,0.5555261705018391,0.7849756415247311,-0.6032181174701134,1.76
2014,1794991.0,7949437,911.3,270971841.4,592347.03,150.96000002228422,0.33,4.428677915376735,0,1,0,0,0,0,0,0,0,0,0,0,0,0,0,0,0,0,0,0,0,0,0,0,0,0,0,0,0,0,1,0,0,0,0,0,0.7886903358625367,0.7491350224889892,2.032336545207218,-0.8074666563810118,0.9026172507584204,1.0058759509556856,0.5555261713499398,0.7849756415247319,2.5434180981278054,4.730322581
2014,920307.0,2854873,746.4,138929544.7,303701.31,150.95999997826812,0.33,3.1020876729178415,0,1,0,0,0,0,0,0,0,0,0,0,0,0,0,0,0,0,0,0,0,0,0,0,0,0,0,0,0,0,0,1,0,0,0,0,0.7886903358625367,0.07107620103897892,0.3313643797146716,-0.9832956175145601,0.15623755545562085,0.21811758378009927,0.5555261696747609,0.7849756415247319,0.9445258717010021,2.958888889
2014,495113.0,1690109,746.4,74742258.48,163387.29,150.96,0.33,3.413582353927285,0,0,1,0,0,0,0,0,0,0,0,0,0,0,0,0,0,0,0,0,0,0,0,0,0,0,0,0,0,0,0,1,0,0,0,0,0.7886903358625367,-0.25853602752312543,-0.057526827338132226,-0.9832956175145601,-0.20658623910502905,-0.1648208616160165,0.5555261705018402,0.7849756415247319,1.3199593764101467,3.332222222
2014,257273.0,746954,2015.7,38837932.08,84900.09,150.95999999999998,0.32999999999999996,2.9033516925600433,0,1,0,0,0,0,0,0,0,0,0,0,0,0,0,0,0,0,0,0,0,0,0,0,0,0,0,0,0,0,0,0,1,0,0,0,0.7886903358625367,-0.44291062462753167,-0.37242725900316237,0.3701288844066823,-0.4095383299745926,-0.3790244483388117,0.5555261705018391,0.7849756415247311,0.7049964345506006,2.885
2014,5842029.0,13241518,616.4,881912697.8,1927869.57,150.95999999315305,0.33,2.2665957324073536,0,1,0,0,0,0,0,0,0,0,0,0,0,0,0,0,0,0,0,0,0,0,0,0,0,0,0,0,0,0,0,0,0,1,0,0,0.7886903358625367,3.8864163911242984,3.7992556532078163,-1.1219115359339737,4.356009547348665,4.6507214571928515,0.5555261702412564,0.7849756415247319,-0.062462967933749176,2.240533333
2014,29947.0,75449,616.4,4520799.12,9882.51,150.96,0.33,2.5194176378268276,0,0,0,1,0,0,0,0,0,0,0,0,0,0,0,0,0,0,0,0,0,0,0,0,0,0,0,0,0,0,0,0,0,1,0,0,0.7886903358625367,-0.619134723439154,-0.5966292346754815,-1.1219115359339737,-0.6035186823501997,-0.5837589108150399,0.5555261705018402,0.7849756415247319,0.24225431876688433,2.384090909
2014,247698.0,561856,1287.4,37392490.08,81740.34,150.95999999999998,0.32999999999999996,2.268310604042019,0,1,0,0,0,0,0,0,0,0,0,0,0,0,0,0,0,0,0,0,0,0,0,0,0,0,0,0,0,0,0,0,0,0,1,0,0.7886903358625367,-0.45033320605737814,-0.4342277478945257,-0.4064401416306932,-0.417708807060348,-0.38764788990823135,0.5555261705018391,0.7849756415247311,-0.06039609389968094,1.738461538
2014,12394.0,39004,1287.4,1870998.24,4090.02,150.96,0.33,3.1470066161045667,0,0,0,1,0,0,0,0,0,0,0,0,0,0,0,0,0,0,0,0,0,0,0,0,0,0,0,0,0,0,0,0,0,0,1,0,0.7886903358625367,-0.6327418849888246,-0.6087974851030697,-0.4064401416306932,-0.6184968948082953,-0.5995675029683584,0.5555261705018402,0.7849756415247319,0.9986650827262842,3.15
2014,227829.0,591451,1483.5,34393065.84,75183.57,150.96,0.33,2.5960303561004086,1,0,0,0,0,0,0,0,0,0,0,0,0,0,0,0,0,0,0,0,0,0,0,0,0,0,0,0,0,0,0,0,0,0,0,1,0.7886903358625367,-0.46573574082809566,-0.42434657430680517,-0.19734336007648576,-0.43466329366263257,-0.4055423192077403,0.5555261705018402,0.7849756415247319,0.3345929141918021,2.516111111
2014,1290020.0,4351753,1483.5,194741419.2,425706.6,150.95999999999998,0.32999999999999996,3.373399637214927,0,0,0,1,0,0,0,0,0,0,0,0,0,0,0,0,0,0,0,0,0,0,0,0,0,0,0,0,0,0,0,0,0,0,0,1,0.7886903358625367,0.357679318341625,0.8311424205995213,-0.19734336007648576,0.47171866207581564,0.551088701582171,0.5555261705018391,0.7849756415247311,1.271528571379489,3.254444444
2014,4008662.0,10983992,1483.5,605147615.5,1322858.46,150.9599999950108,0.33,2.7400643905622375,0,0,0,0,0,1,0,0,0,0,0,0,0,0,0,0,0,0,0,0,0,0,0,0,0,0,0,0,0,0,0,0,0,0,0,1,0.7886903358625367,2.4651823599709437,3.045513254667779,-0.19734336007648576,2.791572674012091,2.999553498988971,0.5555261703119595,0.7849756415247319,0.5081920337021694,2.700555556
2015,1398884.0,4115558,940.7,220897772.4,461631.72,157.9099999714058,0.32999999999999996,2.942029503518519,0,1,0,0,0,0,1,0,0,0,0,0,0,0,0,0,0,0,0,0,0,0,0,0,0,0,0,0,0,0,0,0,0,0,0,0,0.9420218823993994,0.44207116218275383,0.7522816740020671,-0.7761181332923136,0.6195695509164095,0.6491338548994868,0.82003147905213,0.7849756415247311,0.7516134299855182,3.091538462
2015,761911.0,3402713,940.7,120313366.0,251430.63,157.9099999868751,0.33,4.466024246926478,0,0,1,0,0,0,1,0,0,0,0,0,0,0,0,0,0,0,0,0,0,0,0,0,0,0,0,0,0,0,0,0,0,0,0,0,0.9420218823993994,-0.05171306352101741,0.5142771061311886,-0.7761181332923136,0.05100810903530226,0.07546289439839786,0.8200314796408661,0.7849756415247319,2.5884303085973794,3.671538462
2015,128800.0,204001,2593.2,20338808.0,42504.0,157.91,0.33,1.5838586956521739,0,1,0,0,0,0,0,1,0,0,0,0,0,0,0,0,0,0,0,0,0,0,0,0,0,0,0,0,0,0,0,0,0,0,0,0,0.9420218823993994,-0.5425034501143899,-0.5537083146873534,0.985903445077538,-0.5141061157468245,-0.49472986961798116,0.8200314801403773,0.7849756415247319,-0.8853417332246475,2.0875
2015,191322.0,256729,2155.3,30211657.02,63136.26,157.91,0.33,1.3418686821170591,1,0,0,0,0,0,0,0,1,0,0,0,0,0,0,0,0,0,0,0,0,0,0,0,0,0,0,0,0,0,0,0,0,0,0,0,0.9420218823993994,-0.4940361251893913,-0.5361034989774925,0.5189810552632218,-0.458299043108121,-0.438421272876127,0.8200314801403773,0.7849756415247319,-1.1770037243433566,1.398888889
2015,404982.0,1141336,2155.3,63950707.62,133644.06,157.91,0.33,2.8182388353062606,0,0,0,1,0,0,0,0,1,0,0,0,0,0,0,0,0,0,0,0,0,0,0,0,0,0,0,0,0,0,0,0,0,0,0,0,0.9420218823993994,-0.32840596870886896,-0.24075106363663418,0.5189810552632218,-0.2675863477371252,-0.24599469055527087,0.8200314801403773,0.7849756415247319,0.6024129227196939,2.488076923
2015,1888683.0,3727039,2155.3,298241932.5,623265.39,157.90999998411593,0.33,1.9733533896371176,0,0,0,0,0,1,0,0,1,0,0,0,0,0,0,0,0,0,0,0,0,0,0,0,0,0,0,0,0,0,0,0,0,0,0,0,0.9420218823993994,0.8217654662827415,0.6225630160825674,0.5189810552632218,1.056763632598033,1.0902568896002873,0.8200314795358563,0.7849756415247319,-0.4158975759295508,1.965925926
2015,549012.0,725206,874.0,86694484.92,181173.96,157.91,0.32999999999999996,1.3209292328765128,1,0,0,0,0,0,0,0,0,1,0,0,0,0,0,0,0,0,0,0,0,0,0,0,0,0,0,0,0,0,0,0,0,0,0,0,0.9420218823993994,-0.21675328950878642,-0.37968847755986945,-0.8472387622044281,-0.13902531846498944,-0.11627831569955195,0.8200314801403773,0.7849756415247311,-1.202241300759049,1.347142857
2015,81302.0,200983,874.0,12838398.82,26829.66,157.91,0.33,2.472054807999803,0,0,0,1,0,0,0,0,0,1,0,0,0,0,0,0,0,0,0,0,0,0,0,0,0,0,0,0,0,0,0,0,0,0,0,0,0.9420218823993994,-0.5793241052323899,-0.5547159640162177,-0.8472387622044281,-0.5565027814995698,-0.5375075435254791,0.8200314801403773,0.7849756415247319,0.18516957774569318,2.528333333
2015,2602000.0,5876027,874.0,410881820.0,858660.0,157.91,0.33,2.2582732513451194,0,0,0,0,0,1,0,0,0,1,0,0,0,0,0,0,0,0,0,0,0,0,0,0,0,0,0,0,0,0,0,0,0,0,0,0,0.9420218823993994,1.374731891117604,1.340066765564858,-0.8472387622044281,1.6934696503841626,1.732684823801196,0.8200314801403773,0.7849756415247319,-0.07249375954452261,2.166052632
2015,3959746.0,5154328,1136.0,625283490.9,1306716.18,157.91000001010164,0.32999999999999996,1.3016814714883227,0,1,0,0,0,0,0,0,0,0,1,0,0,0,0,0,0,0,0,0,0,0,0,0,0,0,0,0,0,0,0,0,0,0,0,0,0.9420218823993994,2.4272624651174324,1.099106025673514,-0.5678743727745332,2.9053923281783085,2.9554987451707224,0.8200314805248289,0.7849756415247311,-1.2254399457322338,1.21962963
2015,5884.0,16837,757.7,929142.44,1941.72,157.91,0.33,2.8614887831407207,0,1,0,0,0,0,0,0,0,0,0,1,0,0,0,0,0,0,0,0,0,0,0,0,0,0,0,0,0,0,0,0,0,0,0,0,0.9420218823993994,-0.6377884651567932,-0.6161985993088139,-0.9712466953750264,-0.6238208104216412,-0.6054305426150343,0.8200314801403773,0.7849756415247319,0.6545405527689748,2.86
2015,27730.0,78489,2587.1,4378844.3,9150.9,157.91,0.32999999999999996,2.8304724125495855,0,1,0,0,0,0,0,0,0,0,0,0,1,0,0,0,0,0,0,0,0,0,0,0,0,0,0,0,0,0,0,0,0,0,0,0,0.9420218823993994,-0.6208533514318401,-0.595614239990343,0.979399159674781,-0.6043210933801978,-0.5857555865288159,0.8200314801403773,0.7849756415247311,0.6171576200118195,2.83
2015,13614.0,36579,2587.1,2149786.74,4492.62,157.91000000000003,0.33,2.6868664609960335,0,0,1,0,0,0,0,0,0,0,0,0,1,0,0,0,0,0,0,0,0,0,0,0,0,0,0,0,0,0,0,0,0,0,0,0,0.9420218823993994,-0.6317961357100347,-0.609607143692366,0.979399159674781,-0.6169210204037726,-0.5984687459224375,0.8200314801403783,0.7849756415247319,0.44407445366649406,2.76
2015,741042.0,1584355,584.3,117017942.2,244543.86,157.90999997301097,0.32999999999999996,2.138009721446288,0,1,0,0,0,0,0,0,0,0,0,0,0,1,0,0,0,0,0,0,0,0,0,0,0,0,0,0,0,0,0,0,0,0,0,0,0.9420218823993994,-0.06789080261861181,-0.09283595494738373,-1.1561390050206133,0.03238046112846611,0.05666784456944552,0.8200314791132203,0.7849756415247311,-0.21744313194565987,1.895238095
2015,33140.0,107509,584.3,5233137.4,10936.2,157.91000000000003,0.33,3.2440856970428484,0,0,0,1,0,0,0,0,0,0,0,0,0,1,0,0,0,0,0,0,0,0,0,0,0,0,0,0,0,0,0,0,0,0,0,0,0.9420218823993994,-0.616659496023436,-0.5859250473052392,-1.1561390050206133,-0.5994921329666572,-0.5808832294645275,0.8200314801403783,0.7849756415247319,1.115671060075531,3.201818182
2015,1353000.0,4142000,426.8,213652230.0,446490.0,157.91,0.33,3.0613451589061347,0,1,0,0,0,0,0,0,0,0,0,0,0,0,1,0,0,0,0,0,0,0,0,0,0,0,0,0,0,0,0,0,0,0,0,0,0.9420218823993994,0.40650168684833327,0.7611101244837872,-1.3240775215672105,0.5786135401231232,0.6078097825265104,0.8200314801403773,0.7849756415247319,0.8954203628155621,2.963
2015,71614.0,114670,1223.2,11308566.74,23632.62,157.91,0.32999999999999996,1.6012232245091742,0,1,0,0,0,0,0,0,0,0,0,0,0,0,0,1,0,0,0,0,0,0,0,0,0,0,0,0,0,0,0,0,0,0,0,0,0.9420218823993994,-0.5868342847511734,-0.5835341338380431,-0.47489507980397283,-0.5651502802955738,-0.5462327552147259,0.8200314801403773,0.7849756415247311,-0.8644128817101362,1.612727273
2015,304503.0,646362,1572.6,48084068.73,100485.99,157.91,0.33,2.1226785942995634,0,1,0,0,0,0,0,0,0,0,0,0,0,0,0,0,1,0,0,0,0,0,0,0,0,0,0,0,0,0,0,0,0,0,0,0,0.9420218823993994,-0.4062977242691348,-0.4060128989266625,-0.10233814214441095,-0.3572737993807753,-0.3364881407332045,0.8200314801403773,0.7849756415247319,-0.2359211964095015,2.05
2015,145866.0,88110,1085.6,23033700.06,48135.78,157.91,0.33,0.604047550491547,1,0,0,0,0,0,0,0,0,0,0,0,0,0,0,0,0,1,0,0,0,0,0,0,0,0,0,0,0,0,0,0,0,0,0,0,0.9420218823993994,-0.5292738130719085,-0.5924019821397785,-0.6216146980694445,-0.4988730217694707,-0.47935987966250176,0.8200314801403773,0.7849756415247319,-2.066273397895937,0.606956522
2015,1016623.0,674135,1085.6,160534937.9,335485.59,157.90999997049053,0.33,0.663112087765081,0,0,0,0,0,1,0,0,0,0,0,0,0,0,0,0,0,1,0,0,0,0,0,0,0,0,0,0,0,0,0,0,0,0,0,0,0.9420218823993994,0.14574078098645618,-0.3967400543903637,-0.6216146980694445,0.2783637771022426,0.30486175069396054,0.8200314790172967,0.7849756415247319,-1.9950850034078962,0.6625
2015,977005.0,2641669,1024.9,154278859.5,322411.65,157.90999994882318,0.33,2.703843890256447,0,1,0,0,0,0,0,0,0,0,0,0,0,0,0,0,0,0,1,0,0,0,0,0,0,0,0,0,0,0,0,0,0,0,0,0,0.9420218823993994,0.11502873596424643,0.26017986430340717,-0.686337669208355,0.24300079109942166,0.26918096655847573,0.8200314781926739,0.7849756415247319,0.46453674774976056,2.525666667
2015,29329.0,71420,1024.9,4631342.39,9678.57,157.91,0.33,2.435132462750179,0,0,1,0,0,0,0,0,0,0,0,0,0,0,0,0,0,0,1,0,0,0,0,0,0,0,0,0,0,0,0,0,0,0,0,0,0.9420218823993994,-0.6196137997131639,-0.5979744365131204,-0.686337669208355,-0.6028938276313528,-0.584315494302236,0.8200314801403773,0.7849756415247319,0.14066838294446585,2.456428571
2015,103711.0,307524,1024.9,16377004.01,34224.63,157.91,0.32999999999999996,2.965201376903125,0,0,0,1,0,0,0,0,0,0,0,0,0,0,0,0,0,0,1,0,0,0,0,0,0,0,0,0,0,0,0,0,0,0,0,0,0.9420218823993994,-0.561952551471405,-0.5191440729802543,-0.686337669208355,-0.5365005312394899,-0.5173255380811842,0.8200314801403773,0.7849756415247311,0.7795416681411977,2.785769231
2015,60418.0,160894,2602.9,9540606.38,19937.94,157.91000000000003,0.32999999999999996,2.6630143334767786,1,0,0,0,0,0,0,0,0,0,0,0,0,0,0,0,0,0,0,1,0,0,0,0,0,0,0,0,0,0,0,0,0,0,0,0,0.9420218823993994,-0.5955134723948874,-0.5681008725466495,0.9962463251442176,-0.5751438183343909,-0.5563161026623731,0.8200314801403783,0.7849756415247311,0.41532632929947855,2.327692308
2015,47334.0,144706,2602.9,7474511.94,15620.22,157.91,0.32999999999999996,3.057125955972451,0,0,0,1,0,0,0,0,0,0,0,0,0,0,0,0,0,0,0,1,0,0,0,0,0,0,0,0,0,0,0,0,0,0,0,0,0.9420218823993994,-0.605656245807745,-0.5735057192450114,0.9962463251442176,-0.5868225832236267,-0.5680998216696093,0.8200314801403773,0.7849756415247311,0.890335106979608,2.67
2015,89118.0,243675,2602.9,14072623.38,29408.94,157.91,0.32999999999999996,2.7342961017976166,0,0,0,0,0,1,0,0,0,0,0,0,0,0,0,0,0,0,0,1,0,0,0,0,0,0,0,0,0,0,0,0,0,0,0,0,0.9420218823993994,-0.5732651082135198,-0.5404619662866361,0.9962463251442176,-0.5495262279705063,-0.5304682934673504,0.8200314801403773,0.7849756415247311,0.5012397195886249,2.370714286
2015,2027000.0,3546790,1000.7,320083570.0,668910.0,157.91,0.33,1.7497730636408486,0,1,0,0,0,0,0,0,0,0,0,0,0,0,0,0,0,0,0,0,1,0,0,0,0,0,0,0,0,0,0,0,0,0,0,0,0.9420218823993994,0.9289894031633762,0.5623815104899659,-0.7121415555602766,1.1802252441390884,1.2148280193712968,0.8200314801403773,0.7849756415247319,-0.6853710227979662,1.701904762
2015,1471400.0,2517100,875.7,232348774.0,485562.0,157.91,0.33,1.710683702596167,0,1,0,0,0,0,0,0,0,0,0,0,0,0,0,0,0,0,0,0,0,1,0,0,0,0,0,0,0,0,0,0,0,0,0,0,0.9420218823993994,0.4982858791505604,0.21858878768070875,-0.8454260925020204,0.6842972578612394,0.7144432532125975,0.8200314801403773,0.7849756415247319,-0.7324840449731379,1.334583333
2015,31400.0,76000,875.7,4958374.0,10362.0,157.91,0.33,2.4203821656050954,0,0,0,1,0,0,0,0,0,0,0,0,0,0,0,0,0,0,0,0,0,1,0,0,0,0,0,0,0,0,0,0,0,0,0,0,0.9420218823993994,-0.6180083515522018,-0.5964452668888001,-0.8454260925020204,-0.6010452551699031,-0.5824503091857589,0.8200314801403773,0.7849756415247319,0.12289037230642195,2.538888889
2015,237000.0,508140,1329.1,37424670.0,78210.0,157.91,0.33,2.144050632911392,0,1,0,0,0,0,0,0,0,0,0,0,0,0,0,0,0,0,0,0,0,0,1,0,0,0,0,0,0,0,0,0,0,0,0,0,0.9420218823993994,-0.4586263419463074,-0.45216243687705643,-0.3619764201069277,-0.41752690747601223,-0.3972827283322158,0.8200314801403773,0.7849756415247319,-0.21016223534854267,1.876666667
2015,33136.0,77453,3870.8,5232505.76,10934.88,157.91,0.32999999999999996,2.337427571221632,1,0,0,0,0,0,0,0,0,0,0,0,0,0,0,0,0,0,0,0,0,0,0,1,0,0,0,0,0,0,0,0,0,0,0,0,0.9420218823993994,-0.6166625968407434,-0.5959601394948837,2.348178040251713,-0.5994957033625267,-0.5808868319466453,0.8200314801403773,0.7849756415247311,0.022908138259334142,2.551818182
2015,13649.0,62901,3870.8,2155313.59,4504.17,157.91,0.33,4.608469484943952,0,0,1,0,0,0,0,0,0,0,0,0,0,0,0,0,0,0,0,0,0,0,0,1,0,0,0,0,0,0,0,0,0,0,0,0,0.9420218823993994,-0.631769003558594,-0.6008187587903223,2.348178040251713,-0.6168897794399141,-0.5984372242039069,0.8200314801403773,0.7849756415247319,2.7601145080345026,2.557272727
2015,63670.0,160722,3870.8,10054129.7,21011.1,157.91,0.32999999999999996,2.5242971572168997,0,0,0,0,0,1,0,0,0,0,0,0,0,0,0,0,0,0,0,0,0,0,0,1,0,0,0,0,0,0,0,0,0,0,0,0,0.9420218823993994,-0.5929925079238837,-0.5681582998775192,2.348178040251713,-0.5722410864924622,-0.5533872847006235,0.8200314801403773,0.7849756415247311,0.2481354306368346,2.347272727
2015,19851.0,24343,2310.8,3134671.41,6550.83,157.91,0.33,1.2262858294292478,1,0,0,0,0,0,0,0,0,0,0,0,0,0,0,0,0,0,0,0,0,0,0,0,1,0,0,0,0,0,0,0,0,0,0,0,0.9420218823993994,-0.6269611863233033,-0.6136924973000479,0.684787019218751,-0.6113538806442064,-0.5928515756802997,0.8200314801403773,0.7849756415247319,-1.316311642309218,1.22375
2015,16804.0,36471,2310.8,2653519.64,5545.32,157.91,0.32999999999999996,2.17037610092835,0,1,0,0,0,0,0,0,0,0,0,0,0,0,0,0,0,0,0,0,0,0,0,0,1,0,0,0,0,0,0,0,0,0,0,0,0.9420218823993994,-0.6293232339072973,-0.6096432027140748,0.684787019218751,-0.6140736296978216,-0.5955957664335133,0.8200314801403773,0.7849756415247311,-0.17843308129465563,2.16
2015,498.0,1275,2310.8,78639.18,164.34,157.91,0.33,2.5602409638554215,0,0,1,0,0,0,0,0,0,0,0,0,0,0,0,0,0,0,0,0,0,0,0,0,1,0,0,0,0,0,0,0,0,0,0,0,0.9420218823993994,-0.6419637156613524,-0.6213944372331968,0.684787019218751,-0.6286283484599645,-0.6102812847866158,0.8200314801403773,0.7849756415247319,0.2914572275136132,2.515
2015,176790.0,427240,1308.3,27916908.9,58340.7,157.91,0.32999999999999996,2.4166525255953393,0,1,0,0,0,0,0,0,0,0,0,0,0,0,0,0,0,0,0,0,0,0,0,0,0,1,0,0,0,0,0,0,0,0,0,0,0.9420218823993994,-0.5053013944675667,-0.4791733151756403,-0.3841549670540338,-0.47127029130212694,-0.4515090904099971,0.8200314801403773,0.7849756415247311,0.11839516932052006,2.41
2015,4520.0,12220,1308.3,713753.2,1491.6,157.91,0.32999999999999996,2.7035398230088497,0,0,1,0,0,0,0,0,0,0,0,0,0,0,0,0,0,0,0,0,0,0,0,0,0,1,0,0,0,0,0,0,0,0,0,0,0.9420218823993994,-0.6388458438586534,-0.6177401224868679,-0.3841549670540338,-0.6250383154131511,-0.6066589890171948,0.8200314801403773,0.7849756415247311,0.4641702662674357,2.703333333
2015,541000.0,390000,1210.1,85429310.0,178530.0,157.91,0.33,0.7208872458410351,1,0,0,0,0,0,0,0,0,0,0,0,0,0,0,0,0,0,0,0,0,0,0,0,0,0,1,0,0,0,0,0,0,0,0,0,0.9420218823993994,-0.2229642265757243,-0.49160700006858554,-0.48886329927546773,-0.14617682139165994,-0.12349408738145166,0.8200314801403773,0.7849756415247319,-1.925450651992044,0.864583333
2015,234000.0,782000,1210.1,36950940.0,77220.0,157.91,0.33,3.341880341880342,0,0,0,1,0,0,0,0,0,0,0,0,0,0,0,0,0,0,0,0,0,0,0,0,0,0,1,0,0,0,0,0,0,0,0,0,0.9420218823993994,-0.4609519549269382,-0.3607261064586361,-0.48886329927546773,-0.4202047043781605,-0.3999845899205457,0.8200314801403773,0.7849756415247319,1.233539481244537,2.619090909
2015,3167000.0,4702000,1210.1,500100970.0,1045110.0,157.91,0.33,1.4846858225449953,0,0,0,0,0,1,0,0,0,0,0,0,0,0,0,0,0,0,0,0,0,0,0,0,0,0,1,0,0,0,0,0,0,0,0,0,0.9420218823993994,1.8127223358030629,0.9480828296408578,-0.48886329927546773,2.1977880669554097,2.241535422936662,0.8200314801403773,0.7849756415247319,-1.004871284105083,1.417666667
2015,3817.0,12250,1980.6,602742.47,1259.61,157.91,0.32999999999999996,3.2093266963583966,0,1,0,0,0,0,0,0,0,0,0,0,0,0,0,0,0,0,0,0,0,0,0,0,0,0,0,1,0,0,0,0,0,0,0,0,0.9420218823993994,-0.6393908125004478,-0.6177301060919488,0.33270258643344053,-0.6256658124872212,-0.6072921252493936,0.8200314801403773,0.7849756415247311,1.0737772678449162,2.273333333
2015,8505.0,19587,1980.6,1343024.55,2806.65,157.91,0.33,2.3029982363315695,0,0,1,0,0,0,0,0,0,0,0,0,0,0,0,0,0,0,0,0,0,0,0,0,0,0,0,1,0,0,0,0,0,0,0,0,0.9420218823993994,-0.6357566546160488,-0.6152804297745605,0.33270258643344053,-0.621481308528131,-0.6030700162073633,0.8200314801403773,0.7849756415247319,-0.01858831946730409,2.47
2015,3941.0,12049,1980.6,622323.31,1300.53,157.91000000000003,0.33,3.057345851306775,0,0,0,1,0,0,0,0,0,0,0,0,0,0,0,0,0,0,0,0,0,0,0,0,0,0,0,1,0,0,0,0,0,0,0,0,0.9420218823993994,-0.6392946871639151,-0.6177972159379069,0.33270258643344053,-0.6255551302152658,-0.6071804483037425,0.8200314801403783,0.7849756415247319,0.8906001390365501,2.225
2015,2975000.0,11823000,512.6,469782250.0,981750.0,157.91,0.33,3.9741176470588235,0,1,0,0,0,0,0,0,0,0,0,0,0,0,0,0,0,0,0,0,0,0,0,0,0,0,0,0,1,0,0,0,0,0,0,0,0.9420218823993994,1.6638831050426945,3.3256411036113924,-1.2325910154103974,2.026409065217924,2.068616281283548,0.8200314801403773,0.7849756415247319,1.9955527089562044,3.923181818
2015,10669.0,19687,2949.1,1684741.79,3520.77,157.91,0.33,1.8452526009935326,0,1,0,0,0,0,0,0,0,0,0,0,0,0,0,0,0,0,0,0,0,0,0,0,0,0,0,0,0,1,0,0,0,0,0,0,0.9420218823993994,-0.6340791124526872,-0.6152470417914967,1.3653911786580708,-0.6195497243627147,-0.601121073381648,0.8200314801403773,0.7849756415247319,-0.570292918670599,1.7925
2015,2000212.0,7374681,1201.9,315853476.9,660069.96,157.90999999000104,0.32999999999999996,3.6869496833335664,0,1,0,0,0,0,0,0,0,0,0,0,0,0,0,0,0,0,0,0,0,0,0,0,0,0,0,0,0,0,1,0,0,0,0,0,0.9420218823993994,0.9082232296549972,1.8404371092692586,-0.4976067648988459,1.1563143028877878,1.1907021966285694,0.8200314797598338,0.7849756415247311,1.6494393348459953,4.061290323
2015,748713.0,2197030,747.9,118229269.8,247075.29,157.90999995993124,0.33,2.93440877879775,0,1,0,0,0,0,0,0,0,0,0,0,0,0,0,0,0,0,0,0,0,0,0,0,0,0,0,0,0,0,0,1,0,0,0,0,0.9420218823993994,-0.06194421022713898,0.11172387028852379,-0.9816962030712592,0.039227587750733255,0.06357650465080515,0.8200314786154278,0.7849756415247319,0.7424284404342675,2.822222222
2015,297475.0,850259,747.9,46974277.25,98166.75,157.91,0.33,2.8582536347592233,0,0,1,0,0,0,0,0,0,0,0,0,0,0,0,0,0,0,0,0,0,0,0,0,0,0,0,0,0,0,0,1,0,0,0,0,0.9420218823993994,-0.4117458602784258,-0.33793580309914245,-0.9816962030712592,-0.3635469849235412,-0.342817701814132,0.8200314801403773,0.7849756415247319,0.6506413430258624,2.785555556
2015,199818.0,575826,2334.4,31553260.38,65939.94,157.91,0.33,2.881752394679158,0,1,0,0,0,0,0,0,0,0,0,0,0,0,0,0,0,0,0,0,0,0,0,0,0,0,0,0,0,0,0,0,1,0,0,0,0.9420218823993994,-0.487449989228245,-0.42956344666051804,0.7099511397933521,-0.45071552228123724,-0.43076960085797666,0.8200314801403773,0.7849756415247319,0.6789635659430248,2.895
2015,69975.0,219022,2334.4,11049752.25,23091.75,157.91,0.33,3.1300035727045374,0,0,0,1,0,0,0,0,0,0,0,0,0,0,0,0,0,0,0,0,0,0,0,0,0,0,0,0,0,0,0,0,1,0,0,0,0.9420218823993994,-0.5881048446429247,-0.5486931057513456,0.7099511397933521,-0.566613250003114,-0.5477088722624834,0.8200314801403773,0.7849756415247319,0.9781719168278875,3.04625
2015,5837445.0,12434053,596.7,921790939.9,1926356.85,157.9099999914346,0.33,2.13005056150422,0,1,0,0,0,0,0,0,0,0,0,0,0,0,0,0,0,0,0,0,0,0,0,0,0,0,0,0,0,0,0,0,0,1,0,0,0.9420218823993994,3.8828628544898947,3.5296593757620056,-1.1429171789559922,4.581424516125176,4.646593012685884,0.8200314798143927,0.7849756415247319,-0.22703602548049576,2.096133333
2015,24595.0,67107,596.7,3883796.45,8116.35,157.91,0.33,2.7284813986582637,0,0,0,1,0,0,0,0,0,0,0,0,0,0,0,0,0,0,0,0,0,0,0,0,0,0,0,0,0,0,0,0,0,1,0,0,0.9420218823993994,-0.6232836169965993,-0.5994144602226605,-1.1429171789559922,-0.6071193911429427,-0.5885790318886206,0.8200314801403773,0.7849756415247319,0.49423146387338734,2.295
2015,252163.0,591755,1247.6,39819059.33,83213.79,157.91,0.32999999999999996,2.3467162113394906,0,1,0,0,0,0,0,0,0,0,0,0,0,0,0,0,0,0,0,0,0,0,0,0,0,0,0,0,0,0,0,0,0,0,1,0,0.9420218823993994,-0.44687191873787274,-0.4242450748382913,-0.4488779381929446,-0.4039924293335878,-0.38362661924426694,0.8200314801403773,0.7849756415247311,0.03410340715486896,1.795384615
2015,13043.0,50137,1247.6,2059620.13,4304.19,157.91,0.32999999999999996,3.8439776125124587,0,0,0,1,0,0,0,0,0,0,0,0,0,0,0,0,0,0,0,0,0,0,0,0,0,0,0,0,0,0,0,0,0,0,1,0,0.9420218823993994,-0.6322387773806813,-0.6050804009485811,-0.4488779381929446,-0.6174306944141481,-0.5989830002447496,0.8200314801403773,0.7849756415247311,1.8386995353662847,3.81
2015,235970.0,612966,1717.0,37262022.7,77870.1,157.91000000000003,0.33,2.597643768275628,1,0,0,0,0,0,0,0,0,0,0,0,0,0,0,0,0,0,0,0,0,0,0,0,0,0,0,0,0,0,0,0,0,0,0,1,0.9420218823993994,-0.45942480240299066,-0.4171631497506366,0.05163215493069148,-0.41844628441241644,-0.3982103674775424,0.8200314801403783,0.7849756415247319,0.33653750273347527,2.48
2015,1310585.0,4424392,1717.0,206954477.4,432493.05,157.9100000381509,0.33,3.375890918940778,0,0,0,1,0,0,0,0,0,0,0,0,0,0,0,0,0,0,0,0,0,0,0,0,0,0,0,0,0,0,0,0,0,0,0,1,0.9420218823993994,0.3736213953238488,0.8553951176172078,0.05163215493069148,0.5407539552042134,0.5696099627701726,0.820031481592337,0.7849756415247319,1.2745312249931016,3.155
2015,3977400.0,10910896,1717.0,628071234.0,1312542.0,157.91,0.33,2.7432232111429578,0,0,0,0,0,1,0,0,0,0,0,0,0,0,0,0,0,0,0,0,0,0,0,0,0,0,0,0,0,0,0,0,0,0,0,1,0.9420218823993994,2.4409479223041175,3.0211079745674914,0.05163215493069148,2.9211502701223804,2.9713982999975146,0.8200314801403773,0.7849756415247319,0.5119992482508224,2.670555556
2016,1519656.0,5233690,890.0,232887282.0,531879.6,153.25,0.35,3.4439965360581604,0,1,0,0,0,0,1,0,0,0,0,0,0,0,0,0,0,0,0,0,0,0,0,0,0,0,0,0,0,0,0,0,0,0,0,0,1.0953534289362623,0.535694139148333,1.1256033967925771,-0.8301783414758849,0.6873412176150697,0.8408510757415161,0.6426797185697897,1.0587564815320463,1.3566165127479275,3.361538462
2016,585363.0,2768647,890.0,89706879.75,204877.05,153.25,0.35,4.7297950160840365,0,0,1,0,0,0,1,0,0,0,0,0,0,0,0,0,0,0,0,0,0,0,0,0,0,0,0,0,0,0,0,0,0,0,0,0,1.0953534289362623,-0.18857383702248356,0.30257525743811164,-0.8301783414758849,-0.12199751456018862,-0.05158895368366632,0.6426797185697897,1.0587564815320463,2.9063438729116498,3.727692308
2016,131000.0,220000,2933.7,20075750.0,45850.0,153.25,0.35,1.6793893129770991,0,1,0,0,0,0,0,1,0,0,0,0,0,0,0,0,0,0,0,0,0,0,0,0,0,0,0,0,0,0,0,0,0,0,0,0,1.0953534289362623,-0.5407980005952607,-0.548366571276982,1.348970523706848,-0.5155930722357218,-0.48559812328005,0.6426797185697897,1.0587564815320463,-0.7702020642161822,1.606
2016,168044.0,228206,2296.8,25752743.0,58815.4,153.25,0.35000000000000003,1.3580133774487635,1,0,0,0,0,0,0,0,1,0,0,0,0,0,0,0,0,0,0,0,0,0,0,0,0,0,0,0,0,0,0,0,0,0,0,0,1.0953534289362623,-0.5120813315104322,-0.5456267533867696,0.6698591510812757,-0.48350341300173383,-0.45021356142415847,0.6426797185697897,1.0587564815320472,-1.1575450949657995,1.405185185
2016,408132.0,1131872,2296.8,62546229.0,142846.2,153.25,0.35000000000000003,2.7732988346907375,0,0,0,1,0,0,0,0,1,0,0,0,0,0,0,0,0,0,0,0,0,0,0,0,0,0,0,0,0,0,0,0,0,0,0,0,1.0953534289362623,-0.32596407507920666,-0.24391090235378865,0.6698591510812757,-0.2755252760249039,-0.22088064146796357,0.6426797185697897,1.0587564815320472,0.5482483319214149,2.412692308
2016,1890960.0,3767357,2296.8,289789620.0,661836.0,153.25,0.35,1.9922986208063629,0,0,0,0,0,1,0,0,1,0,0,0,0,0,0,0,0,0,0,0,0,0,0,0,0,0,0,0,0,0,0,0,0,0,0,0,1.0953534289362623,0.8235306065350402,0.6360243830942152,0.6698591510812757,1.008986256817549,1.1955219902037757,0.6426797185697897,1.0587564815320463,-0.39306355991250347,1.996666667
2016,556827.0,949371,1205.6,85333737.75,194889.45,153.25,0.35000000000000003,1.7049658152352527,1,0,0,0,0,0,0,0,0,1,0,0,0,0,0,0,0,0,0,0,0,0,0,0,0,0,0,0,0,0,0,0,0,0,0,0,1.0953534289362623,-0.21069506769424332,-0.304844305324986,-0.4936615426053705,-0.14671705121662634,-0.07884664338023575,0.6426797185697897,1.0587564815320472,-0.7393756120602019,1.736153846
2016,84323.0,224329,1205.6,12922499.75,29513.05,153.25,0.35,2.660353640169349,0,0,0,1,0,0,0,0,0,1,0,0,0,0,0,0,0,0,0,0,0,0,0,0,0,0,0,0,0,0,0,0,0,0,0,0,1.0953534289362623,-0.5769822129608947,-0.5469212054901517,-0.4936615426053705,-0.5560273942329373,-0.5301841613360766,0.6426797185697897,1.0587564815320463,0.4121194899077836,2.493333333
2016,2698627.0,7065073,1205.6,413564587.8,944519.45,153.25000001852794,0.35,2.618025017907254,0,0,0,0,0,1,0,0,0,1,0,0,0,0,0,0,0,0,0,0,0,0,0,0,0,0,0,0,0,0,0,0,0,0,0,0,1.0953534289362623,1.44963755961074,1.7370652426652045,-0.4936615426053705,1.7086342110073511,1.9670084096094105,0.642679719274932,1.0587564815320463,0.3611023009340626,2.571052632
2016,4052587.0,8793273,1298.9,621058957.8,1418405.45,153.25000001233778,0.35,2.169792530055493,0,1,0,0,0,0,0,0,0,0,1,0,0,0,0,0,0,0,0,0,0,0,0,0,0,0,0,0,0,0,0,0,0,0,0,0,1.0953534289362623,2.499233210029012,2.3140763659731496,-0.39417796423205276,2.881512815273906,3.2603158648087103,0.6426797190393447,1.0587564815320463,-0.17913643859543826,2.076666667
2016,5973.0,17260,747.1,915362.25,2090.55,153.25,0.35000000000000003,2.889670182487862,0,1,0,0,0,0,0,0,0,0,0,1,0,0,0,0,0,0,0,0,0,0,0,0,0,0,0,0,0,0,0,0,0,0,0,0,1.0953534289362623,-0.6377194719717012,-0.6160573681404543,-0.9825492241076863,-0.6238987040532309,-0.6050243627562553,0.6426797185697897,1.0587564815320472,0.6885065951110731,2.89
2016,27630.0,77109,3266.9,4234297.5,9670.5,153.25,0.35,2.790770901194354,0,1,0,0,0,0,0,0,0,0,0,0,1,0,0,0,0,0,0,0,0,0,0,0,0,0,0,0,0,0,0,0,0,0,0,0,1.0953534289362623,-0.6209308718645278,-0.596074994156623,1.7042537853787603,-0.6051381557854824,-0.5843375185679105,0.6426797185697897,1.0587564815320463,0.5693067947520053,2.795
2016,13193.0,36118,3266.9,2021827.25,4617.55,153.25,0.35000000000000003,2.737663912680967,0,0,1,0,0,0,0,0,0,0,0,0,1,0,0,0,0,0,0,0,0,0,0,0,0,0,0,0,0,0,0,0,0,0,0,0,1.0953534289362623,-0.6321224967316499,-0.60976106229429,1.7042537853787603,-0.6176443217060386,-0.5981277928232153,0.6426797185697897,1.0587564815320472,0.5052988227458168,2.745
2016,792207.0,1808275,710.5,121405722.8,277272.45,153.2500000631148,0.35000000000000003,2.282578921923184,0,1,0,0,0,0,0,0,0,0,0,0,0,1,0,0,0,0,0,0,0,0,0,0,0,0,0,0,0,0,0,0,0,0,0,0,1.0953534289362623,-0.0282274732339543,-0.018073583271006513,-1.0215749365242288,0.057182743648015254,0.14598917806560557,0.6426797209718332,1.0587564815320472,-0.043198995794922326,2.0745
2016,55403.0,180196,710.5,8490509.75,19391.05,153.25,0.35,3.2524592531090373,0,0,0,1,0,0,0,0,0,0,0,0,0,1,0,0,0,0,0,0,0,0,0,0,0,0,0,0,0,0,0,0,0,0,0,0,1.0953534289362623,-0.5994011220941752,-0.561656324055682,-1.0215749365242288,-0.5810795739394197,-0.5578086492119103,0.6426797185697897,1.0587564815320463,1.1257634105793024,3.133333333
2016,1384700.0,4451000,554.7,212205275.0,484645.0,153.25,0.35,3.2144146746587707,0,1,0,0,0,0,0,0,0,0,0,0,0,0,1,0,0,0,0,0,0,0,0,0,0,0,0,0,0,0,0,0,0,0,0,0,1.0953534289362623,0.4310756640103316,0.8642789921508137,-1.1877007833684181,0.5704345106832569,0.7119406198019929,0.6426797185697897,1.0587564815320463,1.0799096278550557,2.9505
2016,70855.0,103557,1373.9,10858528.75,24799.25,153.25,0.35,1.4615341189753723,0,1,0,0,0,0,0,0,0,0,0,0,0,0,0,1,0,0,0,0,0,0,0,0,0,0,0,0,0,0,0,0,0,0,0,0,1.0953534289362623,-0.5874226648352731,-0.587244540395919,-0.31420724206700656,-0.5676941562068967,-0.5430488433108943,0.6426797185697897,1.0587564815320463,-1.0327752122972542,1.559090909
2016,283443.0,572213,902.8,43437639.75,99205.05,153.25,0.35000000000000003,2.0187939021249424,0,1,0,0,0,0,0,0,0,0,0,0,0,0,0,0,1,0,0,0,0,0,0,0,0,0,0,0,0,0,0,0,0,0,0,0,1.0953534289362623,-0.4226235273931627,-0.43076975448861177,-0.8165300048930504,-0.3835381126577383,-0.33998402213012907,0.6426797185697897,1.0587564815320472,-0.361129735901597,2.0255
2016,137925.0,154026,1296.3,21137006.25,48273.75,153.25,0.35,1.1167373572593802,1,0,0,0,0,0,0,0,0,0,0,0,0,0,0,0,0,1,0,0,0,0,0,0,0,0,0,0,0,0,0,0,0,0,0,0,1.0953534289362623,-0.5354297106316381,-0.5703939592234687,-0.3969502826004412,-0.5095942359816626,-0.4789833384066009,0.6426797185697897,1.0587564815320463,-1.4483465351972244,0.912
2016,1204133.0,2621003,1296.3,184533382.3,421446.55,153.25000004152366,0.35,2.1766723443340563,0,0,0,0,0,1,0,0,0,0,0,0,0,0,0,0,0,1,0,0,0,0,0,0,0,0,0,0,0,0,0,0,0,0,0,0,1.0953534289362623,0.29109934431914714,0.25327990372345,-0.3969502826004412,0.41401691300390847,0.5394623728353379,0.6426797201501104,1.0587564815320463,-0.1708444421543474,2.251666667
2016,942025.0,2611754,1147.2,144365331.3,329708.75,153.25000005307717,0.35,2.7724890528383006,0,1,0,0,0,0,0,0,0,0,0,0,0,0,0,0,0,0,1,0,0,0,0,0,0,0,0,0,0,0,0,0,0,0,0,0,1.0953534289362623,0.08791208861009184,0.2501918491698826,-0.555932078264553,0.1869637761260847,0.2890958697869627,0.6426797205898176,1.0587564815320463,0.5472723305401873,2.529666667
2016,18686.0,49615,1147.2,2863629.5,6540.1,153.25,0.35000000000000003,2.6551964037247138,0,0,1,0,0,0,0,0,0,0,0,0,0,0,0,0,0,0,1,0,0,0,0,0,0,0,0,0,0,0,0,0,0,0,0,0,1.0953534289362623,-0.6278642993641149,-0.6052546862201739,-0.555932078264553,-0.612885966826104,-0.5928808594932721,0.6426797185697897,1.0587564815320472,0.4059036555097498,2.525333333
2016,73832.0,212837,1147.2,11314754.0,25841.2,153.25,0.35000000000000003,2.8827202297106944,0,0,0,1,0,0,0,0,0,0,0,0,0,0,0,0,0,0,1,0,0,0,0,0,0,0,0,0,0,0,0,0,0,0,0,0,1.0953534289362623,-0.5851148815541605,-0.5507581525038393,-0.555932078264553,-0.5651153063111084,-0.5402052022180049,0.6426797185697897,1.0587564815320472,0.6801300632221838,2.852692308
2016,56601.0,167181,2924.3,8674103.25,19810.35,153.25,0.35,2.9536757301107754,1,0,0,0,0,0,0,0,0,0,0,0,0,0,0,0,0,0,0,1,0,0,0,0,0,0,0,0,0,0,0,0,0,0,0,0,1.0953534289362623,-0.5984724273105766,-0.5660017700514307,1.338947526528829,-0.580041796923916,-0.5566643153088934,0.6426797185697897,1.0587564815320463,0.765650214344077,2.524615385
2016,42544.0,127905,2924.3,6519868.0,14890.4,153.25,0.35,3.0064168860473863,0,0,0,1,0,0,0,0,0,0,0,0,0,0,0,0,0,0,0,1,0,0,0,0,0,0,0,0,0,0,0,0,0,0,0,0,1.0953534289362623,-0.6093694745334854,-0.5791152342795541,1.338947526528829,-0.5922187848261989,-0.5700916121993012,0.6426797185697897,1.0587564815320463,0.8292172613046414,2.534285714
2016,72253.0,141397,2924.3,11072772.25,25288.55,153.25,0.35,1.9569706448175161,0,0,0,0,0,1,0,0,0,0,0,0,0,0,0,0,0,0,0,1,0,0,0,0,0,0,0,0,0,0,0,0,0,0,0,0,1.0953534289362623,-0.586338929186299,-0.5746105276045913,1.338947526528829,-0.5664831276028282,-0.5417134686895106,0.6426797185697897,1.0587564815320463,-0.4356431179222633,2.102142857
2016,2260000.0,5400540,1048.4,346345000.0,791000.0,153.25,0.35,2.389619469026549,0,1,0,0,0,0,0,0,0,0,0,0,0,0,0,0,0,0,0,0,1,0,0,0,0,0,0,0,0,0,0,0,0,0,0,0,1.0953534289362623,1.1096120113256982,1.181311246534465,-0.6612801762633072,1.328670088037474,1.5480303237341235,0.6426797185697897,1.0587564815320463,0.08581318385055356,2.040294118
2016,1465730.0,3419021,1151.1,224623122.5,513005.5,153.25,0.35,2.3326403907950306,0,1,0,0,0,0,0,0,0,0,0,0,0,0,0,0,0,0,0,0,0,1,0,0,0,0,0,0,0,0,0,0,0,0,0,0,1.0953534289362623,0.4938904706171683,0.519722018409227,-0.5517736007119708,0.6406273917903198,0.7893407668482862,0.6426797185697897,1.0587564815320463,0.017138319271062095,1.664444444
2016,69640.0,161900,1151.1,10672330.0,24374.0,153.25,0.35,2.3248133256748993,0,0,0,1,0,0,0,0,0,0,0,0,0,0,0,0,0,0,0,0,0,1,0,0,0,0,0,0,0,0,0,0,0,0,0,0,1.0953534289362623,-0.5883645380924285,-0.567764989437028,-0.5517736007119708,-0.5687466596074283,-0.5442094156749724,0.6426797185697897,1.0587564815320463,0.007704634945811889,2.369166667
2016,244000.0,645600,2039.8,37393000.0,85400.0,153.25,0.35,2.6459016393442623,0,1,0,0,0,0,0,0,0,0,0,0,0,0,0,0,0,0,0,0,0,0,1,0,0,0,0,0,0,0,0,0,0,0,0,0,1.0953534289362623,-0.453199911658169,-0.40626731535760835,0.3958261431290504,-0.417705924696562,-0.3776601174028299,0.6426797185697897,1.0587564815320463,0.39470100525745594,2.313333333
2016,33646.0,78965,3837.1,5156249.5,11776.1,153.25,0.35000000000000003,2.3469357427331627,1,0,0,0,0,0,0,0,0,0,0,0,0,0,0,0,0,0,0,0,0,0,0,1,0,0,0,0,0,0,0,0,0,0,0,0,1.0953534289362623,-0.6162672426340362,-0.5954553131909596,2.312244529092218,-0.5999267480014506,-0.5785910137594383,0.6426797185697897,1.0587564815320472,0.0343680005670355,2.552727273
2016,13670.0,63373,3837.1,2094927.5,4784.5,153.25,0.35,4.635918068763716,0,0,1,0,0,0,0,0,0,0,0,0,0,0,0,0,0,0,0,0,0,0,0,1,0,0,0,0,0,0,0,0,0,0,0,0,1.0953534289362623,-0.6317527242677295,-0.6006611675102614,2.312244529092218,-0.6172311166673112,-0.5976721607099105,0.6426797185697897,1.0587564815320463,2.7931973137805315,2.573636364
2016,63862.0,162180,3837.1,9786851.5,22351.7,153.25,0.35000000000000003,2.5395383796310793,0,0,0,0,0,1,0,0,0,0,0,0,0,0,0,0,0,0,0,0,0,0,0,1,0,0,0,0,0,0,0,0,0,0,0,0,1.0953534289362623,-0.5928436686931233,-0.5676715030844495,2.312244529092218,-0.5737518980010679,-0.5497285820285881,0.6426797185697897,1.0587564815320472,0.26650513611130316,2.359090909
2016,19602.0,23665,2626.8,3004006.5,6860.7,153.25,0.35,1.2072747678808284,1,0,0,0,0,0,0,0,0,0,0,0,0,0,0,0,0,0,0,0,0,0,0,0,1,0,0,0,0,0,0,0,0,0,0,0,1.0953534289362623,-0.6271542122006957,-0.6139188678252203,1.021730328607479,-0.6120924745504768,-0.5920058930031523,0.6426797185697897,1.0587564815320463,-1.3392250013503246,1.21125
2016,16862.0,36979,2626.8,2584101.5,5901.7,153.25,0.35,2.1930375993357845,0,1,0,0,0,0,0,0,0,0,0,0,0,0,0,0,0,0,0,0,0,0,0,0,1,0,0,0,0,0,0,0,0,0,0,0,1.0953534289362623,-0.6292782720563385,-0.609473591760111,1.021730328607479,-0.6144660213138157,-0.5946231508447769,0.6426797185697897,1.0587564815320463,-0.15111998001956256,2.2325
2016,394.0,872,2626.8,60380.5,137.9,153.25,0.35000000000000003,2.213197969543147,0,0,1,0,0,0,0,0,0,0,0,0,0,0,0,0,0,0,0,0,0,0,0,0,1,0,0,0,0,0,0,0,0,0,0,0,1.0953534289362623,-0.6420443369113475,-0.6215289908049437,1.021730328607479,-0.6287315571162483,-0.6103534435950961,0.6426797185697897,1.0587564815320472,-0.12682139996466094,2.21
2016,201860.0,491660,1959.8,30935045.0,70651.0,153.25,0.35,2.4356484692361042,0,1,0,0,0,0,0,0,0,0,0,0,0,0,0,0,0,0,0,0,0,0,0,0,0,1,0,0,0,0,0,0,0,0,0,0,1.0953534289362623,-0.4858670219927623,-0.4576647764859645,0.31052403948633445,-0.45421003440718316,-0.4179123967627065,0.6426797185697897,1.0587564815320463,0.14129030728306383,2.391818182
2016,4800.0,13400,1959.8,735600.0,1680.0,153.25,0.35,2.7916666666666665,0,0,1,0,0,0,0,0,0,0,0,0,0,0,0,0,0,0,0,0,0,0,0,0,0,1,0,0,0,0,0,0,0,0,0,0,1.0953534289362623,-0.6386287866471279,-0.6173461442867155,0.31052403948633445,-0.6249148246201639,-0.6061448165694764,0.6426797185697897,1.0587564815320463,0.5703864291444062,2.79
2016,511550.0,657520,1460.5,78395037.5,179042.5,153.25,0.35,1.2853484507868242,1,0,0,0,0,0,0,0,0,0,0,0,0,0,0,0,0,0,0,0,0,0,0,0,0,0,1,0,0,0,0,0,0,0,0,0,1.0953534289362623,-0.24579399400224952,-0.40228746777640784,-0.2218677148737666,-0.18593861209388773,-0.12209539640769503,0.6426797185697897,1.0587564815320463,-1.2451255570068118,1.444074074
2016,224780.0,793690,1460.5,34447535.0,78673.0,153.25,0.35,3.5309636088619984,0,0,0,1,0,0,0,0,0,0,0,0,0,0,0,0,0,0,0,0,0,0,0,0,0,0,1,0,0,0,0,0,0,0,0,0,1.0953534289362623,-0.4680993388207434,-0.3568230512384823,-0.2218677148737666,-0.4343554023576474,-0.3960191304378756,0.6426797185697897,1.0587564815320463,1.461434844898037,2.745333333
2016,3226450.0,8343100,1460.5,494453462.5,1129257.5,153.25,0.35,2.585845123897782,0,0,0,0,0,1,0,0,0,0,0,0,0,0,0,0,0,0,0,0,0,0,0,0,0,0,1,0,0,0,0,0,0,0,0,0,1.0953534289362623,1.8588082330358957,2.1637726809755176,-0.2218677148737666,2.165865076880137,2.4711868350619057,0.6426797185697897,1.0587564815320463,0.3223170146171557,2.543
2016,3693.0,13151,1391.3,565952.25,1292.55,153.25,0.35,3.561061467641484,0,1,0,0,0,0,0,0,0,0,0,0,0,0,0,0,0,0,0,0,0,0,0,0,0,0,0,1,0,0,0,0,0,0,0,0,1.0953534289362623,-0.6394869378369806,-0.6174292803645443,-0.295654034524716,-0.6258737721628705,-0.6072022269456364,0.6426797185697897,1.0587564815320463,1.4977107279057489,3.24
2016,8412.0,23024,1391.3,1289139.0,2944.2,153.25,0.35,2.7370423204945316,0,0,1,0,0,0,0,0,0,0,0,0,0,0,0,0,0,0,0,0,0,0,0,0,0,0,0,1,0,0,0,0,0,0,0,0,1.0953534289362623,-0.6358287486184484,-0.614132884796659,-0.295654034524716,-0.6217859009306821,-0.6026946211957726,0.6426797185697897,1.0587564815320463,0.5045496397026358,3.436666667
2016,4100.0,15989,1391.3,628325.0,1435.0,153.25,0.35,3.8997560975609757,0,0,0,1,0,0,0,0,0,0,0,0,0,0,0,0,0,0,0,0,0,0,0,0,0,0,0,1,0,0,0,0,0,0,0,0,1.0953534289362623,-0.6391714296759416,-0.6164817294051946,-0.295654034524716,-0.625521205180141,-0.60681345908376,0.6426797185697897,1.0587564815320463,1.9059273675118247,2.535
2016,3046000.0,12638000,635.9,466799500.0,1066100.0,153.25,0.35,4.1490479317137225,0,1,0,0,0,0,0,0,0,0,0,0,0,0,0,0,0,0,0,0,0,0,0,0,0,0,0,0,1,0,0,0,0,0,0,0,1.0953534289362623,1.7189226122509558,3.5977531655810577,-1.1011191481710616,2.00954883109747,2.298820346915495,0.6426797185697897,1.0587564815320463,2.206389984363055,4.066818182
2016,10481.0,19453,2971.6,1606213.25,3668.35,153.25,0.35,1.856025188436218,0,1,0,0,0,0,0,0,0,0,0,0,0,0,0,0,0,0,0,0,0,0,0,0,0,0,0,0,0,1,0,0,0,0,0,0,1.0953534289362623,-0.6342248508661401,-0.6153251696718659,1.3893823953075848,-0.6199936132469783,-0.6007183049642685,0.6426797185697897,1.0587564815320463,-0.557309100631438,1.8075
2016,1442841.0,3554113,912.4,221115383.3,504994.35,153.25000003465385,0.35,2.4632741930677047,0,1,0,0,0,0,0,0,0,0,0,0,0,0,0,0,0,0,0,0,0,0,0,0,0,0,0,0,0,0,1,0,0,0,0,0,1.0953534289362623,0.4761468187792825,0.5648265124897252,-0.8062937524559245,0.6207996140196407,0.7674771118348023,0.6426797198886569,1.0587564815320463,0.17458661361039485,3.068387097
2016,889351.0,3028634,942.6,136293040.8,311272.85,153.25000005622078,0.35,3.4054428454007475,0,1,0,0,0,0,0,0,0,0,0,0,0,0,0,0,0,0,0,0,0,0,0,0,0,0,0,0,0,0,0,1,0,0,0,0,1.0953534289362623,0.047078975896177044,0.3893796729660961,-0.7740922083307992,0.14133450524575106,0.23878147579070874,0.6426797207094581,1.0587564815320463,1.310149115115074,3.229666667
2016,939223.0,3570445,942.6,143935924.8,328728.05,153.2500000532355,0.35,3.8014880385169443,0,0,1,0,0,0,0,0,0,0,0,0,0,0,0,0,0,0,0,0,0,0,0,0,0,0,0,0,0,0,0,1,0,0,0,0,1.0953534289362623,0.0857399660861827,0.570279437883699,-0.7740922083307992,0.18453652137029064,0.2864193893226444,0.6426797205958437,1.0587564815320463,1.7874883569697877,3.585
2016,38136.0,101574,2475.3,5844342.0,13347.6,153.25,0.35000000000000003,2.6634675896790436,1,0,0,0,0,0,0,0,0,0,0,0,0,0,0,0,0,0,0,0,0,0,0,0,0,0,0,0,0,0,0,0,1,0,0,0,1.0953534289362623,-0.6127865752063589,-0.5879066241000734,0.8601894698340857,-0.596037249838169,-0.5743021496321046,0.6426797185697897,1.0587564815320472,0.4158726229440315,2.5475
2016,16843.0,18190,2475.3,2581189.75,5895.05,153.25,0.35000000000000003,1.0799738763878168,0,1,0,0,0,0,0,0,0,0,0,0,0,0,0,0,0,0,0,0,0,0,0,0,0,0,0,0,0,0,0,0,1,0,0,0,1.0953534289362623,-0.6292930009385491,-0.6157468598979613,0.8601894698340857,-0.6144824802147294,-0.5946412997130218,0.6426797185697897,1.0587564815320472,-1.492656256391148,1.05875
2016,71877.0,231509,2475.3,11015150.25,25156.95,153.25,0.35000000000000003,3.2209051574217065,0,0,0,1,0,0,0,0,0,0,0,0,0,0,0,0,0,0,0,0,0,0,0,0,0,0,0,0,0,0,0,0,1,0,0,0,1.0953534289362623,-0.5866304060132048,-0.5445239483061736,0.8601894698340857,-0.5668088405893301,-0.5420726252400401,0.6426797185697897,1.0587564815320472,1.0877323768119453,3.145
2016,150250.0,463371,2475.3,23025812.5,52587.5,153.25,0.35,3.084,0,0,0,0,0,1,0,0,0,0,0,0,0,0,0,0,0,0,0,0,0,0,0,0,0,0,0,0,0,0,0,0,1,0,0,0,1.0953534289362623,-0.5258753173028801,-0.46710990301487226,0.8601894698340857,-0.4989176068363516,-0.4672104541372492,0.6426797185697897,1.0587564815320463,0.9227254402664378,3.05375
2016,5965657.0,14396168,965.3,914236935.3,2087979.95,153.2500000083813,0.35,2.413173938763157,0,1,0,0,0,0,0,0,0,0,0,0,0,0,0,0,0,0,0,0,0,0,0,0,0,0,0,0,0,0,0,0,0,1,0,0,1.0953534289362623,3.9822533516474383,4.184769999653551,-0.7498877364221785,4.538724897953024,5.08768720023821,0.6426797188887681,1.0587564815320463,0.11420255183630153,2.3668
2016,26051.0,74184,965.3,3992315.75,9117.85,153.25,0.35000000000000003,2.8476450040305554,0,0,0,1,0,0,0,0,0,0,0,0,0,0,0,0,0,0,0,0,0,0,0,0,0,0,0,0,0,0,0,0,0,1,0,0,1.0953534289362623,-0.6221549194966665,-0.5970515926612381,-0.7498877364221785,-0.6065059770772021,-0.5858457850394161,0.6426797185697897,1.0587564815320472,0.6378551362061442,2.484117647
2016,251498.0,582720,1580.9,38542068.5,88024.3,153.25,0.35000000000000003,2.316996556632657,0,1,0,0,0,0,0,0,0,0,0,0,0,0,0,0,0,0,0,0,0,0,0,0,0,0,0,0,0,0,0,0,0,0,1,0,1.0953534289362623,-0.44738742961524586,-0.42726167910810225,-0.09348804889147898,-0.4112107226412645,-0.37049800087125995,0.6426797185697897,1.0587564815320472,-0.0017166398814845308,1.779230769
2016,14703.0,55577,1580.9,2253234.75,5146.05,153.25,0.35000000000000003,3.7799768754675918,0,0,0,1,0,0,0,0,0,0,0,0,0,0,0,0,0,0,0,0,0,0,0,0,0,0,0,0,0,0,0,0,0,0,1,0,1.0953534289362623,-0.6309519381980657,-0.6032640946699124,-0.09348804889147898,-0.6163362722123736,-0.5966854353995462,0.6426797185697897,1.0587564815320472,1.7615617141525917,3.77
2016,247978.0,642310,1795.8,38002628.5,86792.3,153.25,0.35000000000000003,2.5901894522901223,1,0,0,0,0,0,0,0,0,0,0,0,0,0,0,0,0,0,0,0,0,0,0,0,0,0,0,0,0,0,0,0,0,0,0,1,1.0953534289362623,-0.4501161488458526,-0.40736578000040613,0.13565472701876669,-0.4142599506000065,-0.373860317514515,0.6426797185697897,1.0587564815320472,0.3275530797360148,2.493809524
2016,1185381.0,4005685,1795.8,181659638.3,414883.35,153.25000004218055,0.35,3.37923840520474,0,0,0,1,0,0,0,0,0,0,0,0,0,0,0,0,0,0,0,0,0,0,0,0,0,0,0,0,0,0,0,0,0,0,0,1,1.0953534289362623,0.27656271278155115,0.7155972953704193,0.13565472701876669,0.39777284406006486,0.5215503950812704,0.6426797201751102,1.0587564815320463,1.2785658316065185,3.244285714
2016,3963495.0,10996579,1795.8,607405608.8,1387223.25,153.25000001261512,0.35,2.774465213151524,0,0,0,0,0,1,0,0,0,0,0,0,0,0,0,0,0,0,0,0,0,0,0,0,0,0,0,0,0,0,0,0,0,0,0,1,1.0953534289362623,2.4301687061388937,3.0497158000960147,0.13565472701876669,2.8043361626317926,3.175214866405053,0.6426797190498998,1.0587564815320463,0.5496541265626952,2.691363636
2017,1476928.0,4941933,868.2,232527544.3,561232.64,157.4399999864584,0.38,3.3460893151189497,0,1,0,0,0,0,1,0,0,0,0,0,0,0,0,0,0,0,0,0,0,0,0,0,0,0,0,0,0,0,0,0,0,0,0,0,1.248684975473125,0.502571208669536,1.0281916190452354,-0.853423164718525,0.6853077713510672,0.920960016425063,0.8021440701962133,1.469427741543019,1.2386124075913902,3.25
2017,741258.0,3519409,868.2,116703659.5,281678.04,157.43999997301884,0.37999999999999995,4.747886700716889,0,0,1,0,0,0,1,0,0,0,0,0,0,0,0,0,0,0,0,0,0,0,0,0,0,0,0,0,0,0,0,0,0,0,0,0,1.248684975473125,-0.0677233584840064,0.553239546847277,-0.853423164718525,0.030603952905514674,0.15801270775745432,0.8021440696847267,1.4694277415430184,2.928149139524207,3.887692308
2017,132000.0,233335,2745.5,20782080.0,50160.0,157.44,0.38,1.7676893939393938,0,1,0,0,0,0,0,1,0,0,0,0,0,0,0,0,0,0,0,0,0,0,0,0,0,0,0,0,0,0,0,0,0,0,0,0,1.248684975473125,-0.5400227962683838,-0.5439142837354293,1.1482973248873587,-0.5116004851378088,-0.47383547333489656,0.8021440707115841,1.469427741543019,-0.6637771045528404,1.6915
2017,154511.0,209349,2098.563636,24326211.84,58714.18,157.44,0.38,1.3549132424228696,1,0,0,0,0,0,0,0,1,0,0,0,0,0,0,0,0,0,0,0,0,0,0,0,0,0,0,0,0,0,0,0,0,0,0,0,1.248684975473125,-0.5225721716660575,-0.5519227253531033,0.45848441523523575,-0.4915669950443866,-0.45048980630291685,0.8021440707115841,1.469427741543019,-1.161281577894083,1.418148148
2017,400402.0,1191244,2098.563636,63039290.88,152152.76,157.44,0.38,2.9751200043955826,0,0,0,1,0,0,0,0,1,0,0,0,0,0,0,0,0,0,0,0,0,0,0,0,0,0,0,0,0,0,0,0,0,0,0,0,1.248684975473125,-0.33195640452596525,-0.22408778904917154,0.45848441523523575,-0.27273820411721095,-0.19548161421191548,0.8021440707115841,1.469427741543019,0.7914962385028177,2.704615385
2017,1878798.0,3883120,2098.563636,295797957.1,713943.24,157.4399999893549,0.38,2.06681080137407,0,0,0,0,0,1,0,0,1,0,0,0,0,0,0,0,0,0,0,0,0,0,0,0,0,0,0,0,0,0,0,0,0,0,0,0,1.248684975473125,0.8141025715115632,0.6746753139283186,0.45848441523523575,1.0429488652093382,1.3377306267996218,0.8021440703064497,1.469427741543019,-0.30325666817554053,2.063703704
2017,522698.0,903286,1112.0,82293573.12,198625.24,157.44,0.38,1.728122166145652,1,0,0,0,0,0,0,0,0,1,0,0,0,0,0,0,0,0,0,0,0,0,0,0,0,0,0,0,0,0,0,0,0,0,0,0,1.248684975473125,-0.23715201616622564,-0.320231157319921,-0.5934650038673481,-0.16390182614798926,-0.0686511004478449,0.8021440707115841,1.469427741543019,-0.7114660825928193,1.78173913
2017,67865.0,143832,1112.0,10684665.6,25788.7,157.44,0.38,2.119384071318058,0,0,0,1,0,0,0,0,0,1,0,0,0,0,0,0,0,0,0,0,0,0,0,0,0,0,0,0,0,0,0,0,0,0,0,0,1.248684975473125,-0.589740525772635,-0.5737975302169886,-0.5934650038673481,-0.5686769316369259,-0.54034848275678,0.8021440707115841,1.469427741543019,-0.2398919682547323,2.034285714
2017,2716420.0,7046043,1112.0,427673164.8,1032239.6,157.44,0.38,2.5938709772421054,0,0,0,0,0,1,0,0,0,1,0,0,0,0,0,0,0,0,0,0,0,0,0,0,0,0,0,0,0,0,0,0,0,0,0,0,1.248684975473125,1.4634307701988611,1.7307115094881704,-0.5934650038673481,1.7883840765094716,2.2064101306271255,0.8021440707115841,1.469427741543019,0.33199029134719876,2.466842105
2017,3976626.0,5749044,1124.5,626079997.4,1511117.88,157.4399999899412,0.37999999999999995,1.4457090005446829,0,1,0,0,0,0,0,0,0,0,1,0,0,0,0,0,0,0,0,0,0,0,0,0,0,0,0,0,0,0,0,0,0,0,0,0,1.248684975473125,2.4403479141551148,1.2976697030310003,-0.5801365501731737,2.909894645190617,3.513342282361968,0.8021440703287637,1.4694277415430184,-1.051848666956632,1.386296296
2017,5854.0,16837,533.7,921653.76,2224.52,157.44,0.38,2.8761530577382985,0,1,0,0,0,0,0,0,0,0,0,1,0,0,0,0,0,0,0,0,0,0,0,0,0,0,0,0,0,0,0,0,0,0,0,0,1.248684975473125,-0.6378117212865996,-0.6161985993088139,-1.2100925855746312,-0.6238631407872611,-0.6046587381128326,0.8021440707115841,1.469427741543019,0.6722148834777518,2.88
2017,27219.0,71279,2772.5,4285359.36,10343.22,157.44000000000003,0.37999999999999995,2.6187222160990484,0,1,0,0,0,0,0,0,0,0,0,0,1,0,0,0,0,0,0,0,0,0,0,0,0,0,0,0,0,0,0,0,0,0,0,0,1.248684975473125,-0.6212494808428742,-0.5980215135692404,1.1770867848667754,-0.6048495245176169,-0.5825015626813436,0.8021440707115852,1.4694277415430184,0.3619426092172537,2.635
2017,11301.0,31718,2772.5,1779229.44,4294.38,157.44,0.38,2.806654278382444,0,0,1,0,0,0,0,0,0,0,0,0,1,0,0,0,0,0,0,0,0,0,0,0,0,0,0,0,0,0,0,0,0,0,0,0,1.248684975473125,-0.633589183318101,-0.6112301335490955,1.1770867848667754,-0.6190156253264255,-0.5990097732368521,0.8021440707115841,1.469427741543019,0.5884504666279343,2.855
2017,802674.0,1749613,814.8,126372994.6,305016.12,157.44000004983343,0.38,2.1797305008010723,0,1,0,0,0,0,0,0,0,0,0,0,0,1,0,0,0,0,0,0,0,0,0,0,0,0,0,0,0,0,0,0,0,0,0,0,1.248684975473125,-0.020113409544533598,-0.037659641895870934,-0.9103623189000379,0.08526064675351452,0.22170590159318213,0.8021440726081607,1.469427741543019,-0.1671585544960411,2.0375
2017,52616.0,140196,814.8,8283863.04,19994.08,157.44,0.38000000000000006,2.6645126957579444,0,0,0,1,0,0,0,0,0,0,0,0,0,1,0,0,0,0,0,0,0,0,0,0,0,0,0,0,0,0,0,0,0,0,0,0,1.248684975473125,-0.6015616165531811,-0.575011517281187,-0.9103623189000379,-0.5822476610774036,-0.556162888006243,0.8021440707115841,1.46942774154302,0.4171322522793479,2.657857143
2017,1422100.0,4880000,417.1,223895424.0,540398.0,157.44,0.38,3.4315448983897054,0,1,0,0,0,0,0,0,0,0,0,0,0,0,1,0,0,0,0,0,0,0,0,0,0,0,0,0,0,0,0,0,0,0,0,0,1.248684975473125,0.4600683058355283,1.0075134394943552,-1.3344204016338896,0.636514017528614,0.8640990936748792,0.8021440707115841,1.469427741543019,1.341608994949912,3.096190476
2017,71613.0,114785,1182.2,11274750.72,27212.94,157.44,0.38,1.6028514375881473,0,1,0,0,0,0,0,0,0,0,0,0,0,0,0,1,0,0,0,0,0,0,0,0,0,0,0,0,0,0,0,0,0,0,0,0,1.248684975473125,-0.5868350599555003,-0.5834957376575198,-0.5186124079208647,-0.5653414280666649,-0.5364615137178276,0.8021440707115841,1.469427741543019,-0.8624504541634725,1.618181818
2017,273582.0,663755,1279.1,43072750.08,103961.16,157.44,0.38,2.4261647330599234,0,1,0,0,0,0,0,0,0,0,0,0,0,0,0,0,1,0,0,0,0,0,0,0,0,0,0,0,0,0,0,0,0,0,0,0,1.248684975473125,-0.430267817260496,-0.4002057270323822,-0.4152902348836252,-0.3856006808462674,-0.32700386968682427,0.8021440707115841,1.469427741543019,0.12985989601946824,2.31
2017,1735411.0,3421253,1165.7,273223107.8,659456.18,157.4399999769507,0.38,1.971436737464497,0,1,0,0,0,0,0,0,0,0,0,0,0,0,0,0,0,1,0,0,0,0,0,0,0,0,0,0,0,0,0,0,0,0,0,0,1.248684975473125,0.7029483486936625,0.5204672381912102,-0.5362059667971749,0.9153427150351824,1.1890270970268675,0.8021440698343667,1.469427741543019,-0.4182076488981918,2.023333333
2017,737547.0,2123100,1111.7,116119399.7,280267.86,157.44000002711692,0.38,2.8785962114956742,0,1,0,0,0,0,0,0,0,0,0,0,0,0,0,0,0,0,1,0,0,0,0,0,0,0,0,0,0,0,0,0,0,0,0,0,1.248684975473125,-0.07060014174104665,0.08704013440948409,-0.5937848867560083,0.027301377424777278,0.15416411061136237,0.8021440717436087,1.469427741543019,0.6751595301558344,2.9
2017,30634.0,81726,1111.7,4823016.96,11640.92,157.44,0.38,2.667820069204152,0,0,1,0,0,0,0,0,0,0,0,0,0,0,0,0,0,0,1,0,0,0,0,0,0,0,0,0,0,0,0,0,0,0,0,0,1.248684975473125,-0.6186021580665896,-0.594533470978569,-0.5937848867560083,-0.6018103717181394,-0.5789599406781357,0.8021440707115841,1.469427741543019,0.4211185123344725,2.773076923
2017,224744.0,702645,1111.7,35383695.36,85402.72,157.44,0.38,3.12642384223828,0,0,0,1,0,0,0,0,0,0,0,0,0,0,0,0,0,0,1,0,0,0,0,0,0,0,0,0,0,0,0,0,0,0,0,0,1.248684975473125,-0.4681272461765109,-0.38722114041888495,-0.5937848867560083,-0.42906368067668577,-0.3776526941063448,0.8021440707115841,1.469427741543019,0.9738573945044056,3.063703704
2017,58278.0,148913,2664.8,9175288.32,22145.64,157.44,0.38,2.555218092590686,1,0,0,0,0,0,0,0,0,0,0,0,0,0,0,0,0,0,0,1,0,0,0,0,0,0,0,0,0,0,0,0,0,0,0,0,1.248684975473125,-0.597172409654404,-0.5721010867975189,1.0622488278377693,-0.5772088080318277,-0.5502909513203975,0.8021440707115841,1.469427741543019,0.2854033387071932,2.217692308
2017,49693.0,153463,2664.8,7823665.92,18883.34,157.44,0.38,3.0882216811220897,0,0,0,1,0,0,0,0,0,0,0,0,0,0,0,0,0,0,0,1,0,0,0,0,0,0,0,0,0,0,0,0,0,0,0,0,1.248684975473125,-0.6038275388006423,-0.5705819335681177,1.0622488278377693,-0.5848489622876151,-0.5591942675422243,0.8021440707115841,1.469427741543019,0.9278136829750909,2.733571429
2017,81115.0,218934,2664.8,12770745.6,30823.7,157.44,0.38,2.699056894532454,0,0,0,0,0,1,0,0,0,0,0,0,0,0,0,0,0,0,0,1,0,0,0,0,0,0,0,0,0,0,0,0,0,0,0,0,1.248684975473125,-0.5794690684415158,-0.5487224871764417,1.0622488278377693,-0.5568851967634044,-0.5266071967999709,0.8021440707115841,1.469427741543019,0.45876715137699997,2.483571429
2017,2023070.0,4869658,800.0,318512140.8,768766.6,157.44,0.38,2.4070635222706085,0,1,0,0,0,0,0,0,0,0,0,0,0,0,0,0,0,0,0,0,1,0,0,0,0,0,0,0,0,0,0,0,0,0,0,0,1.248684975473125,0.9259428501587499,1.0040604542859008,-0.9261432080739403,1.1713426142788195,1.4873519707664729,0.8021440707115841,1.469427741543019,0.10683788329173495,1.806888889
2017,12070.0,29400,800.0,1900300.8,4586.6,157.44,0.38,2.435791217895609,0,0,0,1,0,0,0,0,0,0,0,0,0,0,0,0,0,0,0,0,1,0,0,0,0,0,0,0,0,0,0,0,0,0,0,0,1.248684975473125,-0.6329930511907327,-0.6120040669965134,-0.9261432080739403,-0.618331259732634,-0.5982122601122645,0.8021440707115841,1.469427741543019,0.14146235718567146,1.965294118
2017,1424765.0,2668600,1129.5,224315001.6,541410.7,157.44,0.37999999999999995,1.873010636841865,0,1,0,0,0,0,0,0,0,0,0,0,0,0,0,0,0,0,0,0,0,1,0,0,0,0,0,0,0,0,0,0,0,0,0,0,1.248684975473125,0.4621342253666553,0.26917158202230906,-0.5748051686955039,0.6388857136371374,0.8668629070390222,0.8021440707115841,1.4694277415430184,-0.5368371413564894,1.637916667
2017,26178.0,62200,1129.5,4121464.32,9947.64,157.44,0.38,2.37604095041638,0,0,0,1,0,0,0,0,0,0,0,0,0,0,0,0,0,0,0,0,0,1,0,0,0,0,0,0,0,0,0,0,0,0,0,0,1.248684975473125,-0.6220564685471531,-0.6010528085515994,-0.5748051686955039,-0.605775954404661,-0.5835811610723654,0.8021440707115841,1.469427741543019,0.06944747637184544,2.535833333
2017,236710.0,607820,1780.0,37267622.4,89949.8,157.44,0.38,2.56778336360948,0,1,0,0,0,0,0,0,0,0,0,0,0,0,0,0,0,0,0,0,0,0,1,0,0,0,0,0,0,0,0,0,0,0,0,0,1.248684975473125,-0.45885115120110176,-0.41888129535909785,0.11880756154933031,-0.41841463165807763,-0.3652430165396143,0.8021440707115841,1.469427741543019,0.30054781475705195,2.18
2017,33575.0,78848,4472.3,5286048.0,12758.5,157.44,0.38,2.3484139985107966,1,0,0,0,0,0,0,0,0,0,0,0,0,0,0,0,0,0,0,0,0,0,0,1,0,0,0,0,0,0,0,0,0,0,0,0,1.248684975473125,-0.6163222821412445,-0.5954943771311442,2.9895432320153836,-0.5991930515473449,-0.5759098937348168,0.8021440707115841,1.469427741543019,0.03614968989044576,2.551818182
2017,13683.0,63428,4472.3,2154251.52,5199.54,157.44,0.38,4.6355331433165246,0,0,1,0,0,0,0,0,0,0,0,0,0,0,0,0,0,0,0,0,0,0,0,1,0,0,0,0,0,0,0,0,0,0,0,0,1.248684975473125,-0.6317426466114802,-0.6006428041195764,2.9895432320153836,-0.6168957828759555,-0.5965394529991828,0.8021440707115841,1.469427741543019,2.792733376774537,2.576363636
2017,63883.0,162272,4472.3,10057739.52,24275.54,157.44,0.38,2.5401437002019316,0,0,0,0,0,1,0,0,0,0,0,0,0,0,0,0,0,0,0,0,0,0,0,1,0,0,0,0,0,0,0,0,0,0,0,0,1.248684975473125,-0.5928273894022589,-0.5676407861400309,2.9895432320153836,-0.5722206816947646,-0.5444781280911207,0.8021440707115841,1.469427741543019,0.26723470755262324,2.36
2017,19587.5,23580,3865.8,3083856.0,7443.25,157.44,0.38,1.20382897255903,1,0,0,0,0,0,0,0,0,0,0,0,0,0,0,0,0,0,0,0,0,0,0,0,1,0,0,0,0,0,0,0,0,0,0,0,1.248684975473125,-0.6271654526634354,-0.6139472476108244,2.342846658774043,-0.6116411188336379,-0.590416024853373,0.8021440707115841,1.469427741543019,-1.343378096388676,1.18625
2017,16039.7,35029,3865.8,2525290.368,6095.086,157.43999999999997,0.38,2.183893713722825,0,1,0,0,0,0,0,0,0,0,0,0,0,0,0,0,0,0,0,0,0,0,0,0,1,0,0,0,0,0,0,0,0,0,0,0,1.248684975473125,-0.6299157225743294,-0.6101246574298543,2.342846658774043,-0.614798455964527,-0.5940953708396044,0.802144070711583,1.469427741543019,-0.16214078143809066,2.15625
2017,487.0,998,3865.8,76673.28,185.06,157.44,0.38,2.0492813141683777,0,0,1,0,0,0,0,0,0,0,0,0,0,0,0,0,0,0,0,0,0,0,0,0,1,0,0,0,0,0,0,0,0,0,0,0,1.248684975473125,-0.6419722429089479,-0.6214869219462833,2.342846658774043,-0.6286394608677283,-0.6102247367339793,0.8021440707115841,1.469427741543019,-0.3243843381442861,2.09
2017,206750.0,509590,1722.1,32550720.0,78565.0,157.44,0.38,2.464764207980653,0,1,0,0,0,0,0,0,0,0,0,0,0,0,0,0,0,0,0,0,0,0,0,0,0,1,0,0,0,0,0,0,0,0,0,0,1.248684975473125,-0.4820762728343342,-0.45167831112263185,0.05707016403791453,-0.4450773016060553,-0.3963138789747844,0.8021440707115841,1.469427741543019,0.17638247580304678,2.421818182
2017,5250.0,14850,1722.1,826560.0,1995.0,157.44,0.38,2.8285714285714287,0,0,1,0,0,0,0,0,0,0,0,0,0,0,0,0,0,0,0,0,0,0,0,0,0,1,0,0,0,0,0,0,0,0,0,0,1.248684975473125,-0.6382799447000332,-0.616862018532291,0.05707016403791453,-0.6244006659090428,-0.6052851333368259,0.8021440707115841,1.469427741543019,0.6148664313629396,2.826666667
2017,530320.0,576840,1344.4,83493580.8,201521.6,157.44,0.38,1.0877206215115403,1,0,0,0,0,0,0,0,0,0,0,0,0,0,0,0,0,0,0,0,0,0,0,0,0,0,1,0,0,0,0,0,0,0,0,0,1.248684975473125,-0.23124340878676977,-0.4292248925122515,-0.34566239278525807,-0.157118686283387,-0.060746490518576966,0.8021440707115841,1.469427741543019,-1.4833193789123325,1.218928571
2017,221940.0,695400,1344.4,34942233.6,84337.2,157.44,0.38,3.133279264666126,0,0,0,1,0,0,0,0,0,0,0,0,0,0,0,0,0,0,0,0,0,0,0,0,0,0,1,0,0,0,0,0,0,0,0,0,1.248684975473125,-0.4703009191090738,-0.38964009979185454,-0.34566239278525807,-0.4315590787585993,-0.3805606613382613,0.8021440707115841,1.469427741543019,0.9821199923118776,2.673571429
2017,3014130.0,5279130,1344.4,474544627.2,1145369.4,157.44,0.37999999999999995,1.7514606204775507,0,0,0,0,0,1,0,0,0,0,0,0,0,0,0,0,0,0,0,0,0,0,0,0,0,0,1,0,0,0,0,0,0,0,0,0,1.248684975473125,1.6942168503533885,1.140774896296751,-0.34566239278525807,2.053328785128044,2.5151586772083827,0.8021440707115841,1.4694277415430184,-0.6833370703222907,1.747
2017,4325.0,15281,1582.4,680928.0,1643.5,157.44,0.38,3.533179190751445,0,1,0,0,0,0,0,0,0,0,0,0,0,0,0,0,0,0,0,0,0,0,0,0,0,0,0,1,0,0,0,0,0,0,0,0,1.248684975473125,-0.6389970087023944,-0.6167181163252862,-0.09188863444817805,-0.6252238624945528,-0.606244430658339,0.8021440707115841,1.469427741543019,1.464105207265155,3.256666667
2017,8749.0,25188,1582.4,1377442.56,3324.62,157.44,0.38,2.878957595153732,0,0,1,0,0,0,0,0,0,0,0,0,0,0,0,0,0,0,0,0,0,0,0,0,0,0,0,1,0,0,0,0,0,0,0,0,1.248684975473125,-0.6355675047602909,-0.6134103688431591,-0.09188863444817805,-0.6212867579601785,-0.6016563967660429,0.8021440707115841,1.469427741543019,0.6755950930773248,3.27
2017,4297.0,15518,1582.4,676519.68,1632.86,157.44,0.38,3.6113567605306027,0,0,0,1,0,0,0,0,0,0,0,0,0,0,0,0,0,0,0,0,0,0,0,0,0,0,0,1,0,0,0,0,0,0,0,0,1.248684975473125,-0.639018714423547,-0.616638986805425,-0.09188863444817805,-0.6252487808776817,-0.6062734688475307,0.8021440707115841,1.469427741543019,1.5583298627768267,2.85
2017,3065000.0,13382000,497.5,482553600.0,1164700.0,157.44,0.38,4.366068515497553,0,1,0,0,0,0,0,0,0,0,0,0,0,0,0,0,0,0,0,0,0,0,0,0,0,0,0,0,1,0,0,0,0,0,0,0,1.248684975473125,1.7336514944616173,3.8461597595754515,-1.2486917874729602,2.0986001476198206,2.567914844500676,0.8021440707115841,1.469427741543019,2.467957206313525,4.252727273
2017,9501.0,17636,2873.6,1495837.44,3610.38,157.44,0.38,1.856225660456794,0,1,0,0,0,0,0,0,0,0,0,0,0,0,0,0,0,0,0,0,0,0,0,0,0,0,0,0,0,1,0,0,0,0,0,0,1.248684975473125,-0.6349845511064794,-0.6159318293241345,1.2848873183452576,-0.6206175213847153,-0.6008765139706074,0.8021440707115841,1.469427741543019,-0.5570674788065098,1.815
2017,235255.0,906616,970.9,37038547.2,89396.9,157.44000000000003,0.37999999999999995,3.8537586873817773,1,0,0,0,0,0,0,0,0,0,0,0,0,0,0,0,0,0,0,0,0,0,0,0,0,0,0,0,0,0,1,0,0,0,0,0,1.248684975473125,-0.45997907349670764,-0.31911933748389776,-0.7439165891671884,-0.41970949763852844,-0.3667519652993998,0.8021440707115852,1.4694277415430184,1.850488318423866,3.967857143
2017,276272.0,1234550,970.9,43496263.68,104983.36,157.44,0.38,4.468603405339665,0,0,0,1,0,0,0,0,0,0,0,0,0,0,0,0,0,0,0,0,0,0,0,0,0,0,0,0,0,0,1,0,0,0,0,0,1.248684975473125,-0.4281825176211971,-0.2096287891035785,-0.7439165891671884,-0.3832067361813789,-0.3242141293680456,0.8021440707115841,1.469427741543019,2.5915388768693153,4.451428571
2017,1317338.0,4497284,970.9,207401694.7,500588.44,157.43999998481786,0.38,3.4139180681040098,0,0,0,0,0,1,0,0,0,0,0,0,0,0,0,0,0,0,0,0,0,0,0,0,0,0,0,0,0,0,1,0,0,0,0,0,1.248684975473125,0.37885635014324864,0.8797322862320456,-0.7439165891671884,0.5432818869385917,0.7554527088139551,0.8021440701337774,1.469427741543019,1.3203640008150959,4.139
2017,1046987.0,2946004,815.7,164837633.3,397855.06,157.44000001910246,0.38,2.8137923393509183,0,1,0,0,0,0,0,0,0,0,0,0,0,0,0,0,0,0,0,0,0,0,0,0,0,0,0,0,0,0,0,1,0,0,0,0,1.248684975473125,0.16927908516774692,0.3617911825605091,-0.9094026702340573,0.3026851086898714,0.47507758430759134,0.8021440714385916,1.469427741543019,0.5970537186563071,2.672333333
2017,915389.0,3317425,815.7,144118844.2,347847.82,157.44000004369727,0.38,3.624060372147797,0,0,1,0,0,0,0,0,0,0,0,0,0,0,0,0,0,0,0,0,0,0,0,0,0,0,0,0,0,0,0,1,0,0,0,0,1.248684975473125,0.06726374615939824,0.48580116313576677,-0.9094026702340573,0.18557048798136183,0.338600169262748,0.8021440723746287,1.469427741543019,1.5736410758493944,3.532666667
2017,37775.0,104258,3326.8,5947296.0,14354.5,157.44,0.38,2.7599735274652546,1,0,0,0,0,0,0,0,0,0,0,0,0,0,0,0,0,0,0,0,0,0,0,0,0,0,0,0,0,0,0,0,1,0,0,0,1.248684975473125,-0.6130664239683614,-0.5870104906346421,1.7681237354812438,-0.5954552940780022,-0.5715541653560547,0.8021440707115841,1.469427741543019,0.5321878111549705,2.68125
2017,15837.0,16787,3326.8,2493377.28,6018.06,157.44,0.38,1.0599861084801414,0,1,0,0,0,0,0,0,0,0,0,0,0,0,0,0,0,0,0,0,0,0,0,0,0,0,0,0,0,0,0,0,1,0,0,0,1.248684975473125,-0.6300728564913873,-0.6162152933003459,1.7681237354812438,-0.6149788472595354,-0.594305586587789,0.8021440707115841,1.469427741543019,-1.5167468050084583,1.02625
2017,72224.0,235115,3326.8,11370946.56,27445.12,157.44,0.38,3.2553583296411164,0,0,0,1,0,0,0,0,0,0,0,0,0,0,0,0,0,0,0,0,0,0,0,0,0,0,0,0,0,0,0,0,1,0,0,0,1.248684975473125,-0.5863614101117786,-0.5433199776368942,1.7681237354812438,-0.5647976733491009,-0.5358278589465363,0.8021440707115841,1.469427741543019,1.129257564827238,3.1475
2017,148232.0,455932,3326.8,23337646.08,56328.16,157.44,0.38,3.075800097145016,0,0,0,0,0,1,0,0,0,0,0,0,0,0,0,0,0,0,0,0,0,0,0,0,0,0,0,0,0,0,0,0,1,0,0,0,1.248684975473125,-0.5274396796345177,-0.4695936350749856,1.7681237354812438,-0.4971549424610539,-0.45700162022916624,0.8021440707115841,1.469427741543019,0.9128423878266825,3.045
2017,5897871.0,15441958,652.1,928560810.2,2241190.98,157.4399999932179,0.38,2.6182257970715197,0,1,0,0,0,0,0,0,0,0,0,0,0,0,0,0,0,0,0,0,0,0,0,0,0,0,0,0,0,0,0,0,0,1,0,0,1.248684975473125,3.9297053511457594,4.533938187736074,-1.0838454721834114,4.619691752139963,5.505823560708373,0.8021440704534687,1.469427741543019,0.36134429294839976,2.541333333
2017,25761.0,76645,652.1,4055811.84,9789.18,157.44,0.38,2.975233880672334,0,0,0,1,0,0,0,0,0,0,0,0,0,0,0,0,0,0,0,0,0,0,0,0,0,0,0,0,0,0,0,0,0,1,0,0,1.248684975473125,-0.6223797287514607,-0.5962299143980389,-1.0838454721834114,-0.6061470603248315,-0.5840136226756854,0.8021440707115841,1.469427741543019,0.7916334895452608,2.67
2017,246539.0,620027,1475.8,38815100.16,93684.82,157.44,0.38,2.5149246163892935,0,1,0,0,0,0,0,0,0,0,0,0,0,0,0,0,0,0,0,0,0,0,0,0,0,0,0,0,0,0,0,0,0,0,1,0,1.248684975473125,-0.4512316678722285,-0.41480562426650436,-0.20555368755209724,-0.4096673892375612,-0.3550495750551254,0.8021440707115841,1.469427741543019,0.2368390391879191,1.909230769
2017,13953.0,44845,1475.8,2196760.32,5302.14,157.44,0.38,3.214004156812155,0,0,0,1,0,0,0,0,0,0,0,0,0,0,0,0,0,0,0,0,0,0,0,0,0,0,0,0,0,0,0,0,0,0,1,0,1.248684975473125,-0.6315333414432234,-0.6068472930123153,-0.20555368755209724,-0.616655498467212,-0.5962594418891194,0.8021440707115841,1.469427741543019,1.0794148452366137,3.223333333
2017,249341.0,633542,1830.0,39256247.04,94749.58,157.44,0.38,2.540865722043306,1,0,0,0,0,0,0,0,0,0,0,0,0,0,0,0,0,0,0,0,0,0,0,0,0,0,0,0,0,0,0,0,0,0,0,1,1.248684975473125,-0.4490595453483194,-0.41029323835543685,0.1721213763260278,-0.4071737710401568,-0.35214368197957985,0.8021440707115841,1.469427741543019,0.2681049349013066,2.45
2017,1295678.0,4671912,1830.0,203991544.3,492357.64,157.43999998456408,0.38,3.6057662474781544,0,0,0,1,0,0,0,0,0,0,0,0,0,0,0,0,0,0,0,0,0,0,0,0,0,0,0,0,0,0,0,0,0,0,0,1,1.248684975473125,0.3620654244230946,0.9380370532966329,0.1721213763260278,0.524005737703839,0.7329895953177675,0.8021440701241191,1.469427741543019,1.5515918154316803,3.375714286
2017,3992412.0,11010468,1830.0,628565345.3,1517116.56,157.4400000050095,0.38,2.7578486388679324,0,0,0,0,0,1,0,0,0,0,0,0,0,0,0,0,0,0,0,0,0,0,0,0,0,0,0,0,0,0,0,0,0,0,0,1,1.248684975473125,2.4525852896591935,3.0543530570637407,0.1721213763260278,2.9239432739609725,3.529713598597002,0.8021440709022372,1.469427741543019,0.529626758200153,2.684545455
2018,1563887.0,5243250,1220.5,253662471.4,547360.45,162.20000000000002,0.35,3.3527038718270568,0,1,0,0,0,0,1,0,0,0,0,0,0,0,0,0,0,0,0,0,0,0,0,0,0,0,0,0,0,0,0,0,0,0,0,0,1.402016522009988,0.5699822017304259,1.1287952879734728,-0.4777740258019145,0.8047746455526342,0.8831006858119171,0.9833016640755329,1.0587564815320463,1.2465846984792297,3.263846154
2018,644417.0,2991289,1220.5,104524437.4,225545.95,162.20000000000002,0.35000000000000003,4.641853023740839,0,0,1,0,0,0,1,0,0,0,0,0,0,0,0,0,0,0,0,0,0,0,0,0,0,0,0,0,0,0,0,0,0,0,0,0,1.402016522009988,-0.14279492070309405,0.37691093069093395,-0.4777740258019145,-0.038240078947977915,0.004819639228487342,0.9833016640755329,1.0587564815320472,2.8003505047760617,3.699230769
2018,133200.0,239998,2992.9,21605040.0,46620.0,162.2,0.35,1.8017867867867867,0,1,0,0,0,0,0,1,0,0,0,0,0,0,0,0,0,0,0,0,0,0,0,0,0,0,0,0,0,0,0,0,0,0,0,0,1.402016522009988,-0.5390925510761315,-0.5416896424238907,1.412094080402458,-0.5069486375904887,-0.4834966753780156,0.9833016640755318,1.0587564815320463,-0.6226807248115982,1.737727273
2018,144766.0,209122,2372.9,23481045.2,50668.1,162.2,0.35,1.4445518975450036,1,0,0,0,0,0,0,0,1,0,0,0,0,0,0,0,0,0,0,0,0,0,0,0,0,0,0,0,0,0,0,0,0,0,0,0,1.402016522009988,-0.5301265378314731,-0.5519985160746581,0.7510027771714092,-0.49634436740921684,-0.4724487906348658,0.9833016640755318,1.0587564815320463,-1.0532432822132114,1.492592593
2018,400873.0,1145512,2372.9,65021600.6,140305.55,162.20000000000002,0.35,2.8575434115043916,0,0,0,1,0,0,0,0,1,0,0,0,0,0,0,0,0,0,0,0,0,0,0,0,0,0,0,0,0,0,0,0,0,0,0,0,1.402016522009988,-0.3315912832880062,-0.23935678146389144,0.7510027771714092,-0.2615330390921665,-0.22781446434108524,0.9833016640755329,1.0587564815320463,0.649785336095589,2.645
2018,1879539.0,4082738,2372.9,304861225.8,657838.65,162.20000000000002,0.35000000000000003,2.1722018005479002,0,0,0,0,0,1,0,0,1,0,0,0,0,0,0,0,0,0,0,0,0,0,0,0,0,0,0,0,0,0,0,0,0,0,0,0,1.402016522009988,0.8146769979177789,0.7413237379605403,0.7510027771714092,1.0941797200173444,1.1846126099814418,0.9833016640755329,1.0587564815320472,-0.17623263021634958,2.15
2018,445393.0,615668,1521.4,72242744.6,155887.55,162.2,0.35,1.3823028202059755,1,0,0,0,0,0,0,0,0,1,0,0,0,0,0,0,0,0,0,0,0,0,0,0,0,0,0,0,0,0,0,0,0,0,0,0,1.402016522009988,-0.2970791866554458,-0.41626100644825376,-0.15693148847574898,-0.22071494221595825,-0.18528880043264417,0.9833016640755318,1.0587564815320463,-1.1282698900338226,1.439545455
2018,60400.0,136281,1521.4,9796880.0,21140.0,162.2,0.35,2.2563079470198675,0,0,0,1,0,0,0,0,0,1,0,0,0,0,0,0,0,0,0,0,0,0,0,0,0,0,0,0,0,0,0,0,0,0,0,0,1.402016522009988,-0.5955274260727712,-0.5763186568181333,-0.15693148847574898,-0.5736952110987539,-0.5530354968635167,0.9833016640755318,1.0587564815320463,-0.07486247122928806,2.205
2018,2653929.0,5403580,1521.4,430467283.8,928875.15,162.20000000000002,0.35000000000000003,2.0360680334703756,0,0,0,0,0,1,0,0,0,1,0,0,0,0,0,0,0,0,0,0,0,0,0,0,0,0,0,0,0,0,0,0,0,0,0,0,1.402016522009988,1.4149874766079957,1.1823262412196034,-0.15693148847574898,1.804178058740771,1.9243127194616232,0.9833016640755329,1.0587564815320472,-0.3403098373055582,1.809210526
2018,4141378.0,6509430,1515.5,671731511.6,1449482.3,162.20000000000002,0.35000000000000003,1.5718029119776074,0,1,0,0,0,0,0,0,0,0,1,0,0,0,0,0,0,0,0,0,0,0,0,0,0,0,0,0,0,0,0,0,0,0,0,0,1.402016522009988,2.5680643774167407,1.551547251930222,-0.16322251861939938,3.167943498552522,3.345129346931226,0.9833016640755329,1.0587564815320472,-0.8998721422264646,1.521481481
2018,5848.0,16826,678.5,948545.6,2046.8,162.2,0.35,2.8772229822161424,0,1,0,0,0,0,0,0,0,0,0,1,0,0,0,0,0,0,0,0,0,0,0,0,0,0,0,0,0,0,0,0,0,0,0,0,1.402016522009988,-0.6378163725125608,-0.616202271986951,-1.0556957779813152,-0.6237111325001671,-0.6051437632052346,0.9833016640755318,1.0587564815320463,0.6735044255501534,2.88
2018,25841.0,70272,4406.0,4191410.2,9044.35,162.20000000000002,0.35000000000000003,2.719399404047831,0,1,0,0,0,0,0,0,0,0,0,0,1,0,0,0,0,0,0,0,0,0,0,0,0,0,0,0,0,0,0,0,0,0,0,0,1.402016522009988,-0.6223177124053106,-0.5983577305586925,2.9188491136214822,-0.6053805796958985,-0.5860463777937012,0.9833016640755329,1.0587564815320472,0.48328525748779266,2.72
2018,10543.0,28582,4406.0,1710074.6,3690.05,162.20000000000002,0.35000000000000003,2.71099307597458,0,0,1,0,0,0,0,0,0,0,0,0,1,0,0,0,0,0,0,0,0,0,0,0,0,0,0,0,0,0,0,0,0,0,0,0,1.402016522009988,-0.6341767881978737,-0.6122771806979751,2.9188491136214822,-0.6194065286180064,-0.6006590823415748,0.9833016640755329,1.0587564815320472,0.4731534080448171,2.72
2018,809367.0,1819260,1125.4,131279327.4,283278.45,162.20000000000002,0.35000000000000003,2.2477565801422594,0,1,0,0,0,0,0,0,0,0,0,0,0,1,0,0,0,0,0,0,0,0,0,0,0,0,0,0,0,0,0,0,0,0,0,0,1.402016522009988,-0.014924966984746383,-0.014405913331452191,-0.579176901507193,0.11299408726340034,0.16238047170147368,0.9833016640755329,1.0587564815320472,-0.08516913080533632,2.131
2018,29582.0,92755,1125.4,4798200.4,10353.7,162.20000000000002,0.35000000000000003,3.135521600973565,0,0,0,1,0,0,0,0,0,0,0,0,0,1,0,0,0,0,0,0,0,0,0,0,0,0,0,0,0,0,0,0,0,0,0,0,1.402016522009988,-0.6194176730184641,-0.5908511103264666,-0.579176901507193,-0.601950649318228,-0.5824729611566509,0.9833016640755329,1.0587564815320472,0.98482260083126,2.676153846
2018,1447000.0,4516000,533.2,234703400.0,506450.0,162.2,0.35,3.1209398756046993,0,1,0,0,0,0,0,0,0,0,0,0,0,0,1,0,0,0,0,0,0,0,0,0,0,0,0,0,0,0,0,0,0,0,0,0,1.402016522009988,0.4793708935747636,0.8859811811422593,-1.210625723722398,0.6976069705847688,0.7714498035732391,0.9833016640755318,1.0587564815320463,0.9672477637836461,2.94952381
2018,71810.0,114896,1052.2,11647582.0,25133.5,162.2,0.35,1.6,0,1,0,0,0,0,0,0,0,0,0,0,0,0,0,1,0,0,0,0,0,0,0,0,0,0,0,0,0,0,0,0,0,0,0,0,1.402016522009988,-0.5866823447031055,-0.583458676996319,-0.6572283263402782,-0.5632339692892854,-0.542136623880693,0.9833016640755318,1.0587564815320463,-0.8658871908798373,1.623636364
2018,262012.0,615799,1016.3,42498346.4,91704.2,162.2,0.35,2.350270216631299,0,1,0,0,0,0,0,0,0,0,0,0,0,0,0,0,1,0,0,0,0,0,0,0,0,0,0,0,0,0,0,0,0,0,0,0,1.402016522009988,-0.43923693132246194,-0.41621726819044025,-0.6955076453499471,-0.38884754381649633,-0.3604549903067194,0.9833016640755318,1.0587564815320463,0.03838692383687002,2.35
2018,1527103.0,2894101,1222.7,247696106.6,534486.05,162.2,0.35000000000000003,1.895157694012781,0,1,0,0,0,0,0,0,0,0,0,0,0,0,0,0,0,1,0,0,0,0,0,0,0,0,0,0,0,0,0,0,0,0,0,0,1.402016522009988,0.5414670857705853,0.3444618177109244,-0.4754282179517398,0.7710492889602162,0.8479644768899026,0.9833016640755318,1.0587564815320472,-0.5101440778803311,1.817916667
2018,1037158.0,2949318,1419.1,168227027.6,363005.3,162.2,0.35,2.8436535224141357,0,1,0,0,0,0,0,0,0,0,0,0,0,0,0,0,0,0,1,0,0,0,0,0,0,0,0,0,0,0,0,0,0,0,0,0,1.402016522009988,0.16165960183887368,0.3628976603192422,-0.26601155350887223,0.32184393240105447,0.3799672530888882,0.9833016640755318,1.0587564815320463,0.6330443448071439,2.637
2018,11442.0,28334,1419.1,1855892.4,4004.7,162.2,0.35,2.4763153294878517,0,0,1,0,0,0,0,0,0,0,0,0,0,0,0,0,0,0,1,0,0,0,0,0,0,0,0,0,0,0,0,0,0,0,0,0,1.402016522009988,-0.6334798795080113,-0.6123599828959732,-0.26601155350887223,-0.6185822817830622,-0.5998003543125162,0.9833016640755318,1.0587564815320463,0.19030463337156514,2.480833333
2018,150993.0,484330,1419.1,24491064.6,52847.55,162.20000000000002,0.35000000000000003,3.2076321418873723,0,0,0,1,0,0,0,0,0,0,0,0,0,0,0,0,0,0,1,0,0,0,0,0,0,0,0,0,0,0,0,0,0,0,0,0,1.402016522009988,-0.5252993404880105,-0.4601121156445383,-0.26601155350887223,-0.49063515156806337,-0.46650073786851665,0.9833016640755329,1.0587564815320472,1.0717348813684744,2.9272
2018,60718.46,101943,2989.7,9848534.212,21251.461,162.2,0.35,1.6789457440126117,1,0,0,0,0,0,0,0,0,0,0,0,0,0,0,0,0,0,0,1,0,0,0,0,0,0,0,0,0,0,0,0,0,0,0,0,1.402016522009988,-0.595280554502834,-0.5877834224425682,1.4086819962567492,-0.5734032315135967,-0.5527313027276612,0.9833016640755318,1.0587564815320463,-0.7707366821762002,1.565384615
2018,48858.28,196784,2989.7,7924813.016,17100.398,162.2,0.35000000000000003,4.027648947118073,0,0,0,1,0,0,0,0,0,0,0,0,0,0,0,0,0,0,0,1,0,0,0,0,0,0,0,0,0,0,0,0,0,0,0,0,1.402016522009988,-0.604474617356373,-0.5561179254250651,1.4086819962567492,-0.5842772201975426,-0.5640601892634568,0.9833016640755318,1.0587564815320472,2.0600720886379125,3.09
2018,88449.47,279529,2989.7,14346504.03,30957.3145,162.19999995477642,0.35,3.1603241941415816,0,0,0,0,0,1,0,0,0,0,0,0,0,0,0,0,0,0,0,1,0,0,0,0,0,0,0,0,0,0,0,0,0,0,0,0,1.402016522009988,-0.5737833555621669,-0.5284910388389548,1.4086819962567492,-0.5479780955825884,-0.5262425423704821,0.9833016623543986,1.0587564815320463,1.014716287775665,2.684285714
2018,2794020.0,5238850,1102.2,453190044.0,977907.0,162.2,0.35,1.8750223692027974,0,1,0,0,0,0,0,0,0,0,0,0,0,0,0,0,0,0,0,0,1,0,0,0,0,0,0,0,0,0,0,0,0,0,0,0,1.402016522009988,1.5235866259645099,1.1273262167186673,-0.6039145115635808,1.9326202871658584,2.0581281458452128,0.9833016640755318,1.0587564815320463,-0.5344124716049737,1.444901961
2018,1417445.0,3143748,1387.4,229909579.0,496105.75,162.2,0.35,2.2178976962069075,0,1,0,0,0,0,0,0,0,0,0,0,0,0,0,0,0,0,0,0,0,1,0,0,0,0,0,0,0,0,0,0,0,0,0,0,1.402016522009988,0.4564597296939163,0.4278139157901158,-0.29981251207729825,0.6705095120677802,0.7432187614165909,0.9833016640755318,1.0587564815320463,-0.1211569858988007,1.657916667
2018,47541.0,132050,1387.4,7711150.2,16639.35,162.20000000000002,0.35,2.7776024904819,0,0,0,1,0,0,0,0,0,0,0,0,0,0,0,0,0,0,0,0,0,1,0,0,0,0,0,0,0,0,0,0,0,0,0,0,1.402016522009988,-0.6054957785120815,-0.5777313023815611,-0.29981251207729825,-0.5854849664386272,-0.5653184598509076,0.9833016640755329,1.0587564815320463,0.5534353757948508,2.755833333
2018,233500.0,602430,1196.9,37873700.0,81725.0,162.2,0.35,2.58,0,1,0,0,0,0,0,0,0,0,0,0,0,0,0,0,0,0,0,0,0,0,1,0,0,0,0,0,0,0,0,0,0,0,0,0,1.402016522009988,-0.46133955709037666,-0.42068090764623467,-0.5029381463765157,-0.41498872930918385,-0.38768975511708487,0.9833016640755318,1.0587564815320463,0.3152720938394009,2.232222222
2018,33494.0,78214,5649.1,5432726.8,11722.9,162.2,0.35,2.3351645070758944,1,0,0,0,0,0,0,0,0,0,0,0,0,0,0,0,0,0,0,0,0,0,0,1,0,0,0,0,0,0,0,0,0,0,0,0,1.402016522009988,-0.6163850736917216,-0.5957060569437684,4.2443371765997355,-0.598363937840696,-0.5787362047053971,0.9833016640755318,1.0587564815320463,0.020180547210708288,2.545454545
2018,13624.0,63050,5649.1,2209812.8,4768.4,162.2,0.35,4.627862595419847,0,0,1,0,0,0,0,0,0,0,0,0,0,0,0,0,0,0,0,0,0,0,0,1,0,0,0,0,0,0,0,0,0,0,0,0,1.402016522009988,-0.6317883836667659,-0.6007690106955573,4.2443371765997355,-0.6165817182748887,-0.5977161000751349,0.9833016640755318,1.0587564815320463,2.783488337114288,2.569090909
2018,63814.0,161706,5649.1,10350630.8,22334.9,162.20000000000002,0.35000000000000003,2.5340207477982886,0,0,0,0,0,1,0,0,0,0,0,0,0,0,0,0,0,0,0,0,0,0,0,1,0,0,0,0,0,0,0,0,0,0,0,0,1.402016522009988,-0.5928808785008134,-0.5678297621241717,4.2443371765997355,-0.5705650901927481,-0.5497744318009962,0.9833016640755329,1.0587564815320472,0.2598549299184835,2.352727273
2018,18957.0,23372,1665.2,3074825.4,6634.95,162.2,0.35,1.2328955003428812,1,0,0,0,0,0,0,0,0,0,0,0,0,0,0,0,0,0,0,0,0,0,0,0,1,0,0,0,0,0,0,0,0,0,0,0,1.402016522009988,-0.6276542189915313,-0.614016694615597,-0.0036009571779670605,-0.6116921650259933,-0.5926219993198851,0.9833016640755318,1.0587564815320463,-1.3083452400963846,1.215
2018,16133.0,35678,1665.2,2616772.6,5646.55,162.20000000000002,0.35000000000000003,2.211491972974648,0,1,0,0,0,0,0,0,0,0,0,0,0,0,0,0,0,0,0,0,0,0,0,0,1,0,0,0,0,0,0,0,0,0,0,0,1.402016522009988,-0.6298433960106318,-0.6099079694197704,-0.0036009571779670605,-0.6142813452950503,-0.5953194942632238,0.9833016640755329,1.0587564815320472,-0.12887757719586695,2.1975
2018,460.0,960,1665.2,74612.0,161.0,162.2,0.35,2.0869565217391304,0,0,1,0,0,0,0,0,0,0,0,0,0,0,0,0,0,0,0,0,0,0,0,0,1,0,0,0,0,0,0,0,0,0,0,0,1.402016522009988,-0.6419931734257737,-0.6214996093798476,-0.0036009571779670605,-0.6286511124186085,-0.610290400158035,0.9833016640755318,1.0587564815320463,-0.27897574505661354,2.115
2018,208990.0,519600,1372.7,33898178.0,73146.5,162.2,0.35,2.48624336092636,0,1,0,0,0,0,0,0,0,0,0,0,0,0,0,0,0,0,0,0,0,0,0,0,0,1,0,0,0,0,0,0,0,0,0,0,1.402016522009988,-0.4803398151421299,-0.44833617401794923,-0.31548677362164734,-0.4374606869559913,-0.41110179515293144,0.9833016640755318,1.0587564815320463,0.202270537976237,2.444545455
2018,5460.0,15440,1372.7,885612.0,1911.0,162.2,0.35,2.827838827838828,0,0,1,0,0,0,0,0,0,0,0,0,0,0,0,0,0,0,0,0,0,0,0,0,0,1,0,0,0,0,0,0,0,0,0,0,1.402016522009988,-0.6381171517913891,-0.6166650294322147,-0.31548677362164734,-0.6240668697326013,-0.605514382198866,0.9833016640755318,1.0587564815320463,0.6139834536514054,2.8275
2018,454370.0,527490,1635.9,73698814.0,159029.5,162.2,0.35,1.1609261174813479,1,0,0,0,0,0,0,0,0,0,0,0,0,0,0,0,0,0,0,0,0,0,0,0,0,0,1,0,0,0,0,0,0,0,0,0,1.402016522009988,-0.2901201774130717,-0.44570186215421836,-0.03484285263711174,-0.21248439289750085,-0.17671393778875208,0.9833016640755318,1.0587564815320463,-1.3950873878335415,1.322916667
2018,274230.0,925810,1635.9,44480106.0,95980.5,162.2,0.35,3.376034715384896,0,0,0,1,0,0,0,0,0,0,0,0,0,0,0,0,0,0,0,0,0,0,0,0,0,0,1,0,0,0,0,0,0,0,0,0,1.402016522009988,-0.42976548485667976,-0.31271084801463916,-0.03484285263711174,-0.37764548838896905,-0.3487843128216939,0.9833016640755318,1.0587564815320463,1.2747045377533865,2.586071429
2018,3130820.0,6280410,1635.9,507819004.0,1095787.0,162.2,0.35,2.0059952344753134,0,0,0,0,0,1,0,0,0,0,0,0,0,0,0,0,0,0,0,0,0,0,0,0,0,0,1,0,0,0,0,0,0,0,0,0,1.402016522009988,1.784675443256656,1.475082093117593,-0.03484285263711174,2.241414874495305,2.3798407155748387,0.9833016640755318,1.0587564815320463,-0.37655551664281645,1.982333333
2018,4298.0,16082,1693.9,697135.6,1504.3,162.2,0.35,3.7417403443462076,0,1,0,0,0,0,0,0,0,0,0,0,0,0,0,0,0,0,0,0,0,0,0,0,0,0,0,1,0,0,0,0,0,0,0,0,1.402016522009988,-0.63901793921922,-0.6164506785809454,0.027001172503857345,-0.6251322477328294,-0.606624328772577,0.9833016640755318,1.0587564815320463,1.7154765776735315,3.373333333
2018,9048.0,30635,1693.9,1467585.6,3166.8,162.20000000000002,0.35000000000000003,3.3858311229000884,0,0,1,0,0,0,0,0,0,0,0,0,0,0,0,0,0,0,0,0,0,0,0,0,0,0,0,1,0,0,0,0,0,0,0,0,1.402016522009988,-0.6353357186665547,-0.611591725405676,0.027001172503857345,-0.6207772171811224,-0.6020871117113663,0.9833016640755329,1.0587564815320472,1.2865118007058998,3.976666667
2018,4515.0,16626,1693.9,732333.0,1580.25,162.2,0.35,3.682392026578073,0,0,0,1,0,0,0,0,0,0,0,0,0,0,0,0,0,0,0,0,0,0,0,0,0,0,0,1,0,0,0,0,0,0,0,0,1.402016522009988,-0.6388497198802877,-0.6162690479530785,0.027001172503857345,-0.6249332916002566,-0.606417049593149,0.9833016640755318,1.0587564815320463,1.6439461526079195,2.885
2018,3103000.0,12822000,585.5,503306600.0,1086050.0,162.2,0.35,4.132130196583951,0,1,0,0,0,0,0,0,0,0,0,0,0,0,0,0,0,0,0,0,0,0,0,0,0,0,0,0,1,0,0,0,0,0,0,0,1.402016522009988,1.7631092588829402,3.6591870544183807,-1.1548594734659725,2.2159081481903606,2.3532669516500224,0.9833016640755318,1.0587564815320463,2.1859996375008603,4.011818182
2018,9256.0,17182,3350.1,1501323.2,3239.6,162.2,0.35,1.8563094209161626,0,1,0,0,0,0,0,0,0,0,0,0,0,0,0,0,0,0,0,0,0,0,0,0,0,0,0,0,0,1,0,0,0,0,0,0,1.402016522009988,-0.6351744761665643,-0.616083410767244,1.7929679731671846,-0.6205865126853846,-0.6018884293642649,0.9833016640755318,1.0587564815320463,-0.5569665252919428,1.82
2018,279647.0,1198496,986.2,45358743.4,97876.45,162.2,0.35,4.285745958297425,1,0,0,0,0,0,0,0,0,0,0,0,0,0,0,0,0,0,0,0,0,0,0,0,0,0,0,0,0,0,1,0,0,0,0,0,1.402016522009988,-0.4255662030179875,-0.22166649251738746,-0.7276025618455189,-0.3726789198629488,-0.3436099749647302,0.9833016640755318,1.0587564815320463,2.371147273446868,4.184827586
2018,236904.0,992095,986.2,38425828.8,82916.4,162.2,0.35,4.187751156586634,0,0,0,1,0,0,0,0,0,0,0,0,0,0,0,0,0,0,0,0,0,0,0,0,0,0,0,0,0,0,1,0,0,0,0,0,1.402016522009988,-0.4587007615616876,-0.2905796234408241,-0.7276025618455189,-0.41186777688855014,-0.3844382420904826,0.9833016640755318,1.0587564815320463,2.253037610288785,3.997333333
2018,1204714.0,3940959,986.2,195404610.8,421649.9,162.20000000000002,0.35000000000000003,3.27128181460496,0,0,0,0,0,1,0,0,0,0,0,0,0,0,0,0,0,0,0,0,0,0,0,0,0,0,0,0,0,0,1,0,0,0,0,0,1.402016522009988,0.2915497380330626,0.6939865894525683,-0.7276025618455189,0.4754674059003798,0.5400173461221935,0.9833016640755329,1.0587564815320472,1.1484495771845147,3.749032258
2018,1189264.0,4135049,1350.3,192898620.8,416242.4,162.20000000000002,0.35000000000000003,3.476981561705391,0,1,0,0,0,0,0,0,0,0,0,0,0,0,0,0,0,0,0,0,0,0,0,0,0,0,0,0,0,0,0,1,0,0,0,0,1.402016522009988,0.27957283118281423,0.7587893257810251,-0.33937136264160794,0.4613020960006175,0.5252594506283612,0.9833016640755329,1.0587564815320472,1.3963721957070385,3.3065625
2018,742508.0,2533895,1350.3,120434797.6,259877.8,162.2,0.35,3.4126164297219694,0,0,1,0,0,0,0,0,0,0,0,0,0,0,0,0,0,0,0,0,0,0,0,0,0,0,0,0,0,0,0,1,0,0,0,0,1.402016522009988,-0.06675435307541026,0.22419629943626768,-0.33937136264160794,0.0516945109146489,0.09851651475505717,0.9833016640755318,1.0587564815320463,1.3187951821821429,3.208125
2018,35340.0,93453,2169.1,5732148.0,12369.0,162.2,0.35,2.644397283531409,1,0,0,0,0,0,0,0,0,0,0,0,0,0,0,0,0,0,0,0,0,0,0,0,0,0,0,0,0,0,0,0,1,0,0,0,1.402016522009988,-0.6149540465043067,-0.5906180622046816,0.5336956681415901,-0.5966714354410221,-0.5769728988748719,0.9833016640755318,1.0587564815320463,0.39288785848615715,2.50625
2018,15382.0,16267,2169.1,2494960.4,5383.7,162.2,0.35,1.057534780912755,0,1,0,0,0,0,0,0,0,0,0,0,0,0,0,0,0,0,0,0,0,0,0,0,0,0,0,0,0,0,0,0,1,0,0,0,1.402016522009988,-0.6304255744601163,-0.6163889108122774,0.5336956681415901,-0.6149698985464884,-0.596036852160691,0.9833016640755318,1.0587564815320463,-1.5197013032901998,1.05375
2018,70742.0,232551,2169.1,11474352.4,24759.7,162.20000000000002,0.35000000000000003,3.287311639478669,0,0,0,1,0,0,0,0,0,0,0,0,0,0,0,0,0,0,0,0,0,0,0,0,0,0,0,0,0,0,0,0,1,0,0,0,1.402016522009988,-0.58751026292421,-0.5441760455226491,0.5336956681415901,-0.5642131635270166,-0.5431567813167715,0.9833016640755329,1.0587564815320472,1.167769757268193,3.0775
2018,147900.0,450930,2169.1,23989380.0,51765.0,162.2,0.35,3.0488843813387425,0,0,0,0,0,1,0,0,0,0,0,0,0,0,0,0,0,0,0,0,0,0,0,0,0,0,0,0,0,0,0,0,1,0,0,0,1.402016522009988,-0.5276970474710408,-0.471263701987835,0.5336956681415901,-0.4934709640936275,-0.4694551825780587,0.9833016640755318,1.0587564815320463,0.880401829021127,3.03375
2018,5894983.0,15932429,792.8,956166242.6,2063244.05,162.20000000000002,0.35000000000000003,2.7027099145154447,0,1,0,0,0,0,0,0,0,0,0,0,0,0,0,0,0,0,0,0,0,0,0,0,0,0,0,0,0,0,0,0,0,1,0,0,1.402016522009988,3.927466561049739,4.697696562148741,-0.9338203974017849,4.775733677631661,5.020179141588948,0.9833016640755329,1.0587564815320472,0.4631700069588106,2.6056
2018,29145.0,87266,792.8,4727319.0,10200.75,162.2,0.35,2.994201406759307,0,0,0,1,0,0,0,0,0,0,0,0,0,0,0,0,0,0,0,0,0,0,0,0,0,0,0,0,0,0,0,0,0,1,0,0,1.402016522009988,-0.6197564373093093,-0.5926837767168366,-0.9338203974017849,-0.6023513121289851,-0.5828903851262823,0.9833016640755318,1.0587564815320463,0.8144943768368756,2.662631579
2018,243666.0,574963,1373.0,39522625.2,85283.1,162.20000000000002,0.35000000000000003,2.3596357308775127,0,1,0,0,0,0,0,0,0,0,0,0,0,0,0,0,0,0,0,0,0,0,0,0,0,0,0,0,0,0,0,0,0,0,1,0,1.402016522009988,-0.4534588299033459,-0.4298515849543583,-0.3151668907329872,-0.405668047079994,-0.3779791554025024,0.9833016640755329,1.0587564815320472,0.049674846396140754,1.804615385
2018,15682.0,51570,1373.0,2543620.4,5488.7,162.2,0.35,3.288483611784211,0,0,0,1,0,0,0,0,0,0,0,0,0,0,0,0,0,0,0,0,0,0,0,0,0,0,0,0,0,0,0,0,0,0,1,0,1.402016522009988,-0.6301930131620532,-0.6046019511512774,-0.3151668907329872,-0.614694843985328,-0.5957502910831408,0.9833016640755318,1.0587564815320463,1.1691822939724021,3.283333333
2018,230980.0,609496,2012.6,37464956.0,80843.0,162.2,0.35,2.6387392847865616,1,0,0,0,0,0,0,0,0,0,0,0,0,0,0,0,0,0,0,0,0,0,0,0,0,0,0,0,0,0,0,0,0,0,0,1,1.402016522009988,-0.46329307199410646,-0.41832171276294916,0.3668234278905269,-0.4172991876229315,-0.39009686816850603,0.9833016640755318,1.0587564815320463,0.3860684730265587,2.672380952
2018,1279500.0,4615344,2012.6,207534900.0,447825.0,162.2,0.35,3.6071465416178197,0,0,0,1,0,0,0,0,0,0,0,0,0,0,0,0,0,0,0,0,0,0,0,0,0,0,0,0,0,0,0,0,0,0,0,1,1.402016522009988,0.3495241688228798,0.9191501390371237,0.3668234278905269,0.5440348406035269,0.6114532019410764,0.9833016640755318,1.0587564815320463,1.5532554350630163,3.45952381
2018,4002092.0,11282409,2012.6,649139322.4,1400732.2,162.2,0.35,2.8191278461364706,0,0,0,0,0,1,0,0,0,0,0,0,0,0,0,0,0,0,0,0,0,0,0,0,0,0,0,0,0,0,0,0,0,0,0,1,1.402016522009988,2.460089267543362,3.1451486720871675,0.3668234278905269,3.0402393331998816,3.2120828594390622,0.9833016640755318,1.0587564815320463,0.6034844159812434,2.744545455
2019,1526425.0,5342033,899.2,262178758.0,564777.25,171.76,0.37,3.499702245442783,0,1,0,0,0,0,1,0,0,0,0,0,0,0,0,0,0,0,0,0,0,0,0,0,0,0,0,0,0,0,0,0,0,0,0,0,1.5553480685468508,0.5409414972369628,1.1617769392833495,-0.8203685995569725,0.8529136400754347,0.930633799864063,1.347139183520772,1.3325373215393614,1.423756630963763,3.517692308
2019,829557.0,3798058,899.2,142484710.3,306936.09,171.75999997589076,0.37000000000000005,4.578417155180415,0,0,1,0,0,0,1,0,0,0,0,0,0,0,0,0,0,0,0,0,0,0,0,0,0,0,0,0,0,0,0,0,0,0,0,0,1.5553480685468508,0.000726408374898595,0.6462748277746209,-0.8203685995569725,0.17633341476430714,0.22694579370807694,1.3471391826032153,1.3325373215393623,2.723893499536905,3.873076923
2019,133500.0,244741,2433.3,22929960.0,49395.0,171.76,0.37,1.8332659176029962,0,1,0,0,0,0,0,1,0,0,0,0,0,0,0,0,0,0,0,0,0,0,0,0,0,0,0,0,0,0,0,0,0,0,0,0,1.5553480685468508,-0.5388599897780685,-0.5401060503871764,0.8154058654216598,-0.49945942079696876,-0.4759232754713333,1.347139183520772,1.3325373215393614,-0.5847400435478662,1.7792
2019,127223.0,193215,2084.7,21851822.48,47072.51,171.76,0.37,1.5187112393199342,1,0,0,0,0,0,0,0,1,0,0,0,0,0,0,0,0,0,0,0,0,0,0,0,0,0,0,0,0,0,0,0,0,0,0,0,1.5553480685468508,-0.5437259473378748,-0.5573095425406108,0.4437019487985246,-0.5055536797865742,-0.4822617062998993,1.347139183520772,1.3325373215393614,-0.9638616545743066,1.464814815
2019,395518.0,1025571,2084.7,67934171.68,146341.66,171.76000000000002,0.37,2.5929818617610323,0,0,0,1,0,0,0,0,1,0,0,0,0,0,0,0,0,0,0,0,0,0,0,0,0,0,0,0,0,0,0,0,0,0,0,0,1.5553480685468508,-0.3357425024584321,-0.27940266223039895,0.4437019487985246,-0.24506949695780625,-0.21134099590478816,1.347139183520773,1.3325373215393614,0.33091867195367114,2.492307692
2019,1878208.0,3996018,2084.7,322601006.1,694936.96,171.76000001064847,0.37,2.1275694704739836,0,0,0,0,0,1,0,0,1,0,0,0,0,0,0,0,0,0,0,0,0,0,0,0,0,0,0,0,0,0,0,0,0,0,0,0,1.5553480685468508,0.8136452009587057,0.7123696790476454,0.4437019487985246,1.1944552540391078,1.2858595784470532,1.3471391839260352,1.3325373215393614,-0.23002639660967647,2.137037037
2019,443965.0,727611,1194.7,76255428.4,164267.05,171.76000000000002,0.37,1.6388927055060647,1,0,0,0,0,0,0,0,0,1,0,0,0,0,0,0,0,0,0,0,0,0,0,0,0,0,0,0,0,0,0,0,0,0,0,0,1.5553480685468508,-0.29818617843422607,-0.378885496567186,-0.5052839542266904,-0.19803292450768487,-0.1624198618675831,1.347139183520773,1.3325373215393614,-0.819011190659083,1.759583333
2019,60399.0,128812,1194.7,10374132.24,22347.63,171.76,0.37,2.1326843159654962,0,0,0,1,0,0,0,0,0,1,0,0,0,0,0,0,0,0,0,0,0,0,0,0,0,0,0,0,0,0,0,0,0,0,0,0,1.5553480685468508,-0.595528201277098,-0.5788124052731658,-0.5052839542266904,-0.5704322464141655,-0.5497396896817845,1.347139183520772,1.3325373215393614,-0.22386165452579432,2.142857143
2019,2593026.0,6096095,1194.7,445378145.8,959419.62,171.760000015426,0.37,2.35095791557817,0,0,0,0,0,1,0,0,0,1,0,0,0,0,0,0,0,0,0,0,0,0,0,0,0,0,0,0,0,0,0,0,0,0,0,0,1.5553480685468508,1.3677752074882106,1.4135430321336189,-0.5052839542266904,1.8884629046909103,2.007673255046366,1.3471391841078595,1.3325373215393614,0.03921578301665367,2.173157895
2019,4266022.0,8569367,1420.3,732731938.7,1578428.14,171.7599999953118,0.37,2.0087489000291137,0,1,0,0,0,0,0,0,0,0,1,0,0,0,0,0,0,0,0,0,0,0,0,0,0,0,0,0,0,0,0,0,0,0,0,0,1.5553480685468508,2.6646889455359872,2.2393186686144015,-0.26473202195423146,3.512753315786174,3.697042288417018,1.3471391833423474,1.3325373215393614,-0.3732366210959973,1.936428571
2019,5848.0,17580,546.9,1004452.48,2163.76,171.76,0.37000000000000005,3.006155950752394,0,1,0,0,0,0,0,0,0,0,0,1,0,0,0,0,0,0,0,0,0,0,0,0,0,0,0,0,0,0,0,0,0,0,0,0,1.5553480685468508,-0.6378163725125608,-0.6159505265946502,-1.1960177384735833,-0.6233951143673219,-0.6048245614563749,1.347139183520772,1.3325373215393623,0.8289027652368951,3.01
2019,24411.0,60556,4489.5,4192833.36,9032.07,171.76,0.37,2.4806849371185122,0,1,0,0,0,0,0,0,0,0,0,0,1,0,0,0,0,0,0,0,0,0,0,0,0,0,0,0,0,0,0,0,0,0,0,0,1.5553480685468508,-0.6234262545927446,-0.6016017069931676,3.007883184298567,-0.6053725351696089,-0.586079891794009,1.347139183520772,1.3325373215393614,0.19557116666088628,2.475
2019,10287.0,29819,4489.5,1766895.12,3806.19,171.76000000000002,0.37,2.8987071060561873,0,0,1,0,0,0,0,0,0,0,0,0,1,0,0,0,0,0,0,0,0,0,0,0,0,0,0,0,0,0,0,0,0,0,0,0,1.5553480685468508,-0.6343752405055542,-0.6118641713474763,3.007883184298567,-0.6190853460616251,-0.6003421184982731,1.347139183520773,1.3325373215393614,0.6993984789662014,2.95
2019,849599.0,1821136,1067.8,145927124.2,314351.63,171.75999995291895,0.37,2.143524180230909,0,1,0,0,0,0,0,0,0,0,0,0,0,1,0,0,0,0,0,0,0,0,0,0,0,0,0,0,0,0,0,0,0,0,0,0,1.5553480685468508,0.01626305349416579,-0.013779554769176005,-0.6405944161299487,0.1957919360260636,0.24718393783204048,1.3471391817289466,1.3325373215393614,-0.21079675011539772,1.948571429
2019,54751.0,161497,1067.8,9404031.76,20257.87,171.76,0.37,2.9496630198535185,0,0,0,1,0,0,0,0,0,0,0,0,0,1,0,0,0,0,0,0,0,0,0,0,0,0,0,0,0,0,0,0,0,0,0,0,1.5553480685468508,-0.5999065553152989,-0.567899543008775,-0.6405944161299487,-0.5759158173514429,-0.5554429647048434,1.347139183520772,1.3325373215393614,0.7608138368162738,2.848571429
2019,1558900.0,5194600,351.8,267756664.0,576793.0,171.76,0.37,3.332221438193598,0,1,0,0,0,0,0,0,0,0,0,0,0,0,1,0,0,0,0,0,0,0,0,0,0,0,0,0,0,0,0,0,0,0,0,0,1.5553480685468508,0.5661162577522908,1.1125520342129525,-1.4040482437322568,0.884443202077575,0.9634266214599975,1.347139183520772,1.3325373215393614,1.2218979467855506,3.048095238
2019,72620.0,116879,1217.7,12473211.2,26869.4,171.76,0.37,1.6094602038006058,0,1,0,0,0,0,0,0,0,0,0,0,0,0,0,1,0,0,0,0,0,0,0,0,0,0,0,0,0,0,0,0,0,0,0,0,1.5553480685468508,-0.5860544291983353,-0.5827965932921646,-0.48075959942940955,-0.5585670338744223,-0.5373990869805093,1.347139183520772,1.3325373215393614,-0.8544851423549172,1.656363636
2019,280513.0,587099,1324.1,48180912.88,103789.81,171.76000000000002,0.37,2.0929475639275186,0,1,0,0,0,0,0,0,0,0,0,0,0,0,0,0,1,0,0,0,0,0,0,0,0,0,0,0,0,0,0,0,0,0,0,0,1.5553480685468508,-0.4248948760709121,-0.4257996193297401,-0.36730780158459747,-0.35672638003882695,-0.3274715100738549,1.347139183520773,1.3325373215393614,-0.27175495413216516,2.0755
2019,1357726.0,3612589,1137.8,233203017.8,502358.62,171.76000002946103,0.37,2.660764395761737,0,1,0,0,0,0,0,0,0,0,0,0,0,0,0,0,0,1,0,0,0,0,0,0,0,0,0,0,0,0,0,0,0,0,0,0,1.5553480685468508,0.4101653024971536,0.584350469466091,-0.5659550754425722,0.6891259396025674,0.7602838010830762,1.3471391846420093,1.3325373215393614,0.4126145590727833,2.663333333
2019,964087.0,3088937,1422.3,165591583.1,356712.19,171.75999997925499,0.37,3.2040023358887737,0,1,0,0,0,0,0,0,0,0,0,0,0,0,0,0,0,0,1,0,0,0,0,0,0,0,0,0,0,0,0,0,0,0,0,0,1.5553480685468508,0.1050146464696504,0.4095136283930369,-0.26259946936316353,0.30694687053483627,0.36279239230087323,1.347139182731252,1.3325373215393614,1.0673600047797251,2.924
2019,11266.0,31038,1422.3,1935048.16,4168.42,171.76,0.37,2.755015089650275,0,0,1,0,0,0,0,0,0,0,0,0,0,0,0,0,0,0,1,0,0,0,0,0,0,0,0,0,0,0,0,0,0,0,0,0,1.5553480685468508,-0.6336163154695417,-0.611457171833929,-0.26259946936316353,-0.6181348474873343,-0.5993535373637875,1.347139183520772,1.3325373215393614,0.5262115817030663,2.881428571
2019,272701.0,827998,1422.3,46839123.76,100899.37,171.76,0.37,3.0362851621372857,0,0,0,1,0,0,0,0,0,0,0,0,0,0,0,0,0,0,1,0,0,0,0,0,0,0,0,0,0,0,0,0,0,0,0,0,1.5553480685468508,-0.4309507722724746,-0.3453683020089666,-0.26259946936316353,-0.36431095088904164,-0.3353599634166552,1.347139183520772,1.3325373215393614,0.8652164364292764,2.86862069
2019,55895.0,145076,3119.2,9600525.2,20681.15,171.76,0.37000000000000005,2.5955094373378658,1,0,0,0,0,0,0,0,0,0,0,0,0,0,0,0,0,0,0,1,0,0,0,0,0,0,0,0,0,0,0,0,0,0,0,0,1.5553480685468508,-0.5990197215653517,-0.5733821837076755,1.5467647765283956,-0.5748051223882267,-0.5542877687724108,1.347139183520772,1.3325373215393623,0.33396506926020836,1.949230769
2019,61006.0,212586,3119.2,10478390.56,22572.22,171.76000000000002,0.37,3.4846736386584927,0,0,0,1,0,0,0,0,0,0,0,0,0,0,0,0,0,0,0,1,0,0,0,0,0,0,0,0,0,0,0,0,0,0,0,0,1.5553480685468508,-0.5950576522506837,-0.5508419563413294,1.5467647765283956,-0.5698429178803609,-0.5491267491826703,1.347139183520773,1.3325373215393614,1.4056431835763556,2.815714286
2019,81279.0,247879,3119.2,13960481.04,30073.23,171.76,0.37,3.0497299425435846,0,0,0,0,0,1,0,0,0,0,0,0,0,0,0,0,0,0,0,1,0,0,0,0,0,0,0,0,0,0,0,0,0,0,0,0,1.5553480685468508,-0.579341934931908,-0.5390583354786356,1.5467647765283956,-0.5501601215610571,-0.5286553443415809,1.347139183520772,1.3325373215393614,0.8814209539883695,2.503571429
2019,3076000.0,7268659,1446.7,528333760.0,1138120.0,171.76,0.37,2.3630230819245774,0,1,0,0,0,0,0,0,0,0,0,0,0,0,0,0,0,0,0,0,1,0,0,0,0,0,0,0,0,0,0,0,0,0,0,0,1.5553480685468508,1.7421787420572634,1.8050385018653963,-0.23658232775213506,2.3573761817064303,2.4953739545836973,1.347139183520772,1.3325373215393614,0.05375750062047137,1.858
2019,34311.0,94770,1446.7,5893257.36,12695.07,171.76000000000002,0.37,2.7620879601294046,0,0,0,1,0,0,0,0,0,0,0,0,0,0,0,0,0,0,0,0,1,0,0,0,0,0,0,0,0,0,0,0,0,0,0,0,1.5553480685468508,-0.6157517317566631,-0.5901783424677318,-0.23658232775213506,-0.5957607518340834,-0.5760830039171883,1.347139183520773,1.3325373215393614,0.534736261943924,0.8775
2019,1478093.0,2701810,1555.8,253877253.7,546894.41,171.76000001353094,0.37,1.8279025744658828,0,1,0,0,0,0,0,0,0,0,0,0,0,0,0,0,0,0,0,0,0,1,0,0,0,0,0,0,0,0,0,0,0,0,0,0,1.5553480685468508,0.5034743217103477,0.28025973119778463,-0.12025158390938126,0.8059887197670098,0.8818287912920938,1.3471391840357372,1.3325373215393614,-0.591204291041271,1.256296296
2019,74896.0,195623,1555.8,12864136.96,27711.52,171.76000000000002,0.37,2.611928540910062,0,0,0,1,0,0,0,0,0,0,0,0,0,0,0,0,0,0,0,0,0,1,0,0,0,0,0,0,0,0,0,0,0,0,0,0,1.5553480685468508,-0.5842900641503633,-0.5565055599084354,-0.12025158390938126,-0.556357294594457,-0.5351008125554948,1.347139183520773,1.3325373215393614,0.35375443316945965,2.660833333
2019,33480.0,78074,3844.4,5750524.8,12387.6,171.76,0.37,2.3319593787335724,1,0,0,0,0,0,0,0,0,0,0,0,0,0,0,0,0,0,0,0,0,0,0,1,0,0,0,0,0,0,0,0,0,0,0,0,1.5553480685468508,-0.6163959265522978,-0.5957528001200577,2.320028346049616,-0.5965675591019441,-0.5769221366268487,1.347139183520772,1.3325373215393614,0.016317519557391535,2.510909091
2019,13628.0,63081,3844.4,2340745.28,5042.36,171.76,0.37,4.628778984443792,0,0,1,0,0,0,0,0,0,0,0,0,0,0,0,0,0,0,0,0,0,0,0,1,0,0,0,0,0,0,0,0,0,0,0,0,1.5553480685468508,-0.6317852828494585,-0.6007586604208076,2.320028346049616,-0.6158416119076867,-0.5969684212865097,1.347139183520772,1.3325373215393614,2.7845928283429076,2.57
2019,63889.0,162321,3844.4,10973574.64,23638.93,171.76000000000002,0.37,2.540672103178951,0,0,0,0,0,1,0,0,0,0,0,0,0,0,0,0,0,0,0,0,0,0,0,1,0,0,0,0,0,0,0,0,0,0,0,0,1.5553480685468508,-0.5928227381762976,-0.5676244260283296,2.320028346049616,-0.5670438500665912,-0.5462155342585417,1.347139183520773,1.3325373215393614,0.26787157294280667,2.36
2019,18510.0,22904,2178.5,3179277.6,6848.7,171.76,0.37,1.2373851971907077,1,0,0,0,0,0,0,0,0,0,0,0,0,0,0,0,0,0,0,0,0,0,0,0,1,0,0,0,0,0,0,0,0,0,0,0,1.5553480685468508,-0.6280007353256453,-0.6141729503763355,0.5437186653196092,-0.6111017405699054,-0.5920386428405866,1.347139183520772,1.3325373215393614,-1.3029339675276244,1.18875
2019,16232.0,36357,2178.5,2788008.32,6005.84,171.76,0.37,2.239834894036471,0,1,0,0,0,0,0,0,0,0,0,0,0,0,0,0,0,0,0,0,0,0,0,0,1,0,0,0,0,0,0,0,0,0,0,0,1.5553480685468508,-0.6297666507822709,-0.6096812650147675,0.5437186653196092,-0.6133134216242818,-0.5943389368389096,1.347139183520772,1.3325373215393614,-0.09471685845276814,2.2025
2019,468.0,978,2178.5,80383.68,173.16,171.76,0.37,2.08974358974359,0,0,1,0,0,0,0,0,0,0,0,0,0,0,0,0,0,0,0,0,0,0,0,0,1,0,0,0,0,0,0,0,0,0,0,0,1.5553480685468508,-0.6419869717911586,-0.6214935995428961,0.5437186653196092,-0.6286184875334963,-0.6102572136561016,1.347139183520772,1.3325373215393614,-0.2756165907192551,2.135
2019,211280.0,528920,1593.0,36289452.8,78173.6,171.76,0.37000000000000005,2.503407800075729,0,1,0,0,0,0,0,0,0,0,0,0,0,0,0,0,0,0,0,0,0,0,0,0,0,1,0,0,0,0,0,0,0,0,0,0,1.5553480685468508,-0.47856459723358175,-0.44522441399640655,-0.08058610571551827,-0.4239438139447294,-0.3973820695057665,1.347139183520772,1.3325373215393623,0.2229582284540693,2.459090909
2019,5670.0,16050,1593.0,973879.2,2097.9,171.76,0.37,2.8306878306878307,0,0,1,0,0,0,0,0,0,0,0,0,0,0,0,0,0,0,0,0,0,0,0,0,0,1,0,0,0,0,0,0,0,0,0,0,1.5553480685468508,-0.6379543588827449,-0.6164613627355258,-0.08058610571551827,-0.6235679322899201,-0.6050043034808268,1.347139183520772,1.3325373215393614,0.617417255862927,2.83
2019,426080.0,769480,1593.9,73183500.8,157649.6,171.76,0.37,1.805951933909125,1,0,0,0,0,0,0,0,0,0,0,0,0,0,0,0,0,0,0,0,0,0,0,0,0,0,1,0,0,0,0,0,0,0,0,0,1.5553480685468508,-0.3120507078204197,-0.3649062819382192,-0.07962645704953762,-0.21539724217999529,-0.1804798961783848,1.347139183520772,1.3325373215393614,-0.6176606205301988,1.8825
2019,292610.0,932910,1593.9,50258693.6,108265.7,171.76,0.37,3.188236902361505,0,0,0,1,0,0,0,0,0,0,0,0,0,0,0,0,0,0,0,0,0,0,0,0,0,0,1,0,0,0,0,0,0,0,0,0,1.5553480685468508,-0.415517229328682,-0.310340301217112,-0.07962645704953762,-0.34498155751257936,-0.31525612091770344,1.347139183520772,1.3325373215393614,1.0483584862201767,2.796896552
2019,3222020.0,8052660,1593.9,553414155.2,1192147.4,171.76000000000002,0.37,2.4992582293095635,0,0,0,0,0,1,0,0,0,0,0,0,0,0,0,0,0,0,0,0,0,0,0,0,0,0,1,0,0,0,0,0,0,0,0,0,1.5553480685468508,1.855374077867831,2.0668006229651255,-0.07962645704953762,2.499145131469403,2.6428230018335306,1.347139183520773,1.3325373215393614,0.21795689780299196,2.564666667
2019,4323.0,15171,1317.0,742518.48,1599.51,171.76,0.37,3.5093684941013183,0,1,0,0,0,0,0,0,0,0,0,0,0,0,0,0,0,0,0,0,0,0,0,0,0,0,0,1,0,0,0,0,0,0,0,0,1.5553480685468508,-0.6389985591110481,-0.6167548431066563,-0.37487836328288837,-0.624875717355875,-0.6063644861040669,1.347139183520772,1.3325373215393614,1.4354070180570628,3.216666667
2019,9397.0,28114,1317.0,1614028.72,3476.89,171.76,0.37,2.9918058954985636,0,0,1,0,0,0,0,0,0,0,0,0,0,0,0,0,0,0,0,0,0,0,0,0,0,0,0,1,0,0,0,0,0,0,0,0,1.5553480685468508,-0.6350651723564746,-0.6124334364587135,-0.37487836328288837,-0.6199494356746168,-0.6012408286205327,1.347139183520772,1.3325373215393614,0.8116071519723077,3.883333333
2019,4518.0,16060,1317.0,776011.68,1671.66,171.76000000000002,0.37,3.5546702080566623,0,0,0,1,0,0,0,0,0,0,0,0,0,0,0,0,0,0,0,0,0,0,0,0,0,0,0,1,0,0,0,0,0,0,0,0,1.5553480685468508,-0.6388473942673071,-0.6164580239372194,-0.37487836328288837,-0.6246863943507813,-0.6061675777064932,1.347139183520773,1.3325373215393614,1.490007569130583,3.55
2019,3142000.0,12675000,653.2,539669920.0,1162540.0,171.76,0.37,4.034054742202419,0,1,0,0,0,0,0,0,0,0,0,0,0,0,0,0,0,0,0,0,0,0,0,0,0,0,0,0,1,0,0,0,0,0,0,0,1.5553480685468508,1.79334222763114,3.6101067193146497,-1.0826725682583243,2.4214547372766,2.5620198737625017,1.347139183520772,1.3325373215393614,2.0677927665357534,3.930909091
2019,8685.0,16137,2740.0,1491735.6,3213.45,171.76000000000002,0.37,1.8580310880829016,0,1,0,0,0,0,0,0,0,0,0,0,0,0,0,0,0,0,0,0,0,0,0,0,0,0,0,0,0,1,0,0,0,0,0,0,1.5553480685468508,-0.635617117837211,-0.6164323151902603,1.142432805261922,-0.6206407073650102,-0.6019597967183404,1.347139183520773,1.3325373215393614,-0.5548914608437896,1.8225
2019,206535.0,847692,910.1,35474451.6,76417.95,171.76000000000002,0.37,4.10435035224054,1,0,0,0,0,0,0,0,0,0,0,0,0,0,0,0,0,0,0,0,0,0,0,0,0,0,0,0,0,0,1,0,0,0,0,0,1.5553480685468508,-0.48224294176461274,-0.33879287262438923,-0.8087461879356524,-0.4285506737353423,-0.4021735071800609,1.347139183520773,1.3325373215393614,2.1525175751801715,4.077241379
2019,339990.0,1463054,910.1,58396682.4,125796.3,171.76,0.37,4.30322656548722,0,0,0,1,0,0,0,0,0,0,0,0,0,0,0,0,0,0,0,0,0,0,0,0,0,0,0,0,0,0,1,0,0,0,0,0,1.5553480685468508,-0.3787880483212536,-0.1333359122835584,-0.8087461879356524,-0.2989809217108424,-0.26741242924055564,1.347139183520772,1.3325373215393614,2.3922160300639668,4.095
2019,1360882.0,4954415,910.1,233745092.3,503526.34,171.75999998530366,0.37,3.6405911754288764,0,0,0,0,0,1,0,0,0,0,0,0,0,0,0,0,0,0,0,0,0,0,0,0,0,0,0,0,0,0,1,0,0,0,0,0,1.5553480685468508,0.4126118473527772,1.0323591070912541,-0.8087461879356524,0.6921900592843134,0.7634706877638081,1.3471391829614545,1.3325373215393614,1.5935650674609394,3.818387097
2019,1631151.0,5985349,1031.7,280166495.8,603525.87,171.76000002452255,0.37,3.669402158353212,0,1,0,0,0,0,0,0,0,0,0,0,0,0,0,0,0,0,0,0,0,0,0,0,0,0,0,0,0,0,0,1,0,0,0,0,1.5553480685468508,0.622125545573475,1.3765671764098244,-0.6790869903987242,0.9545907737961076,1.036384717014358,1.3471391844540594,1.3325373215393614,1.6282899245864155,3.575625
2019,1585062.0,5900447,1031.7,272250249.1,586472.94,171.7599999873822,0.36999999999999994,3.7225338819554064,0,0,1,0,0,0,0,0,0,0,0,0,0,0,0,0,0,0,0,0,0,0,0,0,0,0,0,0,0,0,0,1,0,0,0,0,1.5553480685468508,0.5863971533520447,1.3482201110290288,-0.6790869903987242,0.9098435530376565,0.9898446599078137,1.3471391830405601,1.3325373215393608,1.692327708918934,3.610625
2019,34235.0,94357,2252.8,5880203.6,12666.95,171.76,0.37,2.7561559807214837,1,0,0,0,0,0,0,0,0,0,0,0,0,0,0,0,0,0,0,0,0,0,0,0,0,0,0,0,0,0,0,0,1,0,0,0,1.5553480685468508,-0.6158106472855057,-0.5903162348377852,0.622942994077782,-0.5958345392617097,-0.5761597477029093,1.347139183520772,1.3325373215393614,0.5275866572965474,2.6425
2019,15228.0,16175,2252.8,2615561.28,5634.36,171.76,0.37,1.062188074599422,0,1,0,0,0,0,0,0,0,0,0,0,0,0,0,0,0,0,0,0,0,0,0,0,0,0,0,0,0,0,0,0,1,0,0,0,1.5553480685468508,-0.6305449559264553,-0.6164196277566961,0.622942994077782,-0.6142881923787129,-0.5953527626397509,1.347139183520772,1.3325373215393614,-1.5140928532467997,1.06875
2019,70577.0,228104,2252.8,12122305.52,26113.49,171.76,0.37,3.2319877580514897,0,0,0,1,0,0,0,0,0,0,0,0,0,0,0,0,0,0,0,0,0,0,0,0,0,0,0,0,0,0,0,0,1,0,0,0,1.5553480685468508,-0.5876381716381448,-0.5456608091294947,0.622942994077782,-0.5605505564354808,-0.5394620811150895,1.347139183520772,1.3325373215393614,1.101089842763684,3.13
2019,147295.0,471608,2252.8,25299389.2,54499.15,171.76,0.37,3.20179232153162,0,0,0,0,0,1,0,0,0,0,0,0,0,0,0,0,0,0,0,0,0,0,0,0,0,0,0,0,0,0,0,0,1,0,0,0,1.5553480685468508,-0.5281660460888014,-0.46435973484991017,0.622942994077782,-0.4860660317955977,-0.46199326857630896,1.347139183520772,1.3325373215393614,1.064696352762057,3.17375
2019,5898690.0,16947998,814.5,1013158994.0,2182515.3,171.75999993218832,0.37,2.873179977249186,0,1,0,0,0,0,0,0,0,0,0,0,0,0,0,0,0,0,0,0,0,0,0,0,0,0,0,0,0,0,0,0,0,1,0,0,1.5553480685468508,3.9303402434894714,5.036774567869564,-0.9106822017886981,5.097889785844827,5.345688645596113,1.347139180939974,1.3325373215393614,0.6686315348819019,2.823466667
2019,25659.0,79891,814.5,4407189.84,9493.83,171.76,0.37,3.1135663899606376,0,0,0,1,0,0,0,0,0,0,0,0,0,0,0,0,0,0,0,0,0,0,0,0,0,0,0,0,0,0,0,0,0,1,0,0,1.5553480685468508,-0.6224587995928021,-0.5951461404677891,-0.9106822017886981,-0.6041608679370092,-0.584819678049537,1.347139183520772,1.3325373215393614,0.958360762733414,2.968717949
2019,240411.0,615514,1378.9,41292993.36,88952.07,171.76,0.37000000000000005,2.560257226166856,0,1,0,0,0,0,0,0,0,0,0,0,0,0,0,0,0,0,0,0,0,0,0,0,0,0,0,0,0,0,0,0,0,0,1,0,1.5553480685468508,-0.45598211998733024,-0.41631242394217194,-0.3088758605893368,-0.39566089875814436,-0.36796597448155816,1.347139183520772,1.3325373215393623,0.2914768279015129,1.933846154
2019,17370.0,61915,1378.9,2983471.2,6426.9,171.76000000000002,0.37,3.5644789867587794,0,0,0,1,0,0,0,0,0,0,0,0,0,0,0,0,0,0,0,0,0,0,0,0,0,0,0,0,0,0,0,0,0,0,1,0,1.5553480685468508,-0.6288844682582849,-0.6011479643033311,-0.3088758605893368,-0.6122085519842991,-0.5931897996264024,1.347139183520773,1.3325373215393614,1.5018297426364624,3.563333333
2019,215126.0,514586,1733.4,36950041.76,79596.62,171.76,0.37,2.3920214200050203,1,0,0,0,0,0,0,0,0,0,0,0,0,0,0,0,0,0,0,0,0,0,0,0,0,0,0,0,0,0,0,0,0,0,0,1,1.5553480685468508,-0.47558316139241313,-0.4500102474887663,0.06911908617744836,-0.42020978175195856,-0.39349843003361984,1.347139183520772,1.3325373215393614,0.08870817027878004,2.434285714
2019,1271772.0,4616835,1733.4,218439558.7,470555.64,171.7599999842739,0.37,3.630237967182797,0,0,0,1,0,0,0,0,0,0,0,0,0,0,0,0,0,0,0,0,0,0,0,0,0,0,0,0,0,0,0,0,0,0,0,1,1.5553480685468508,0.343533389784775,0.9196479538646044,0.06911908617744836,0.6056743003925281,0.6734885990058799,1.347139182922263,1.3325373215393614,1.5810867123114616,3.464285714
2019,4004077.0,11344600,1733.4,687740265.5,1481508.49,171.7599999950051,0.37,2.833262197505193,0,0,0,0,0,1,0,0,0,0,0,0,0,0,0,0,0,0,0,0,0,0,0,0,0,0,0,0,0,0,0,0,0,0,0,1,1.5553480685468508,2.461628048132213,3.165912992634352,0.06911908617744836,3.258434266713021,3.4325337232762316,1.347139183330675,1.3325373215393614,0.6205200489941521,2.771363636
2020,241936.0,669372,1313.947826,46841228.96,89516.32,193.61,0.37000000000000005,2.7667316976390453,0,1,0,0,0,0,0,0,0,0,0,0,0,0,0,0,0,0,0,0,0,0,0,0,0,0,0,0,0,0,0,0,0,0,1,0,1.7086796150837138,-0.45479993338884295,-0.3983303240236907,-0.37813282406893334,-0.36429905107683125,-0.36642604983386606,2.1787134303699878,1.3325373215393623,0.54033319426567,2.093076923
2020,15315.0,55057,1313.947826,2965137.15,5666.55,193.60999999999999,0.37,3.5949722494286647,0,0,0,1,0,0,0,0,0,0,0,0,0,0,0,0,0,0,0,0,0,0,0,0,0,0,0,0,0,0,0,0,0,0,1,0,1.7086796150837138,-0.630477513150017,-0.6034377121818439,-0.37813282406893334,-0.612312186675566,-0.5952649112008334,2.178713430369987,1.3325373215393614,1.5385821919465823,3.563333333
