State,Crop,Crop_Year,Season,State_key,Year,Season_key,State_satellite,Satellite_Source_Crop,Crop_satellite,Season_satellite,Latitude,Longitude,Start_Date,End_Date,Image_Count,Satellite_Source,Cloud_Score_Threshold,Buffer_Degree,RGB_Image,NDVI_Image,BLUE_max,BLUE_mean,BLUE_min,BLUE_stdDev,EVI_max,EVI_mean,EVI_min,EVI_stdDev,GREEN_max,GREEN_mean,GREEN_min,GREEN_stdDev,NDVI_max,NDVI_mean,NDVI_min,NDVI_stdDev,NDWI_max,NDWI_mean,NDWI_min,NDWI_stdDev,NIR_max,NIR_mean,NIR_min,NIR_stdDev,RED_max,RED_mean,RED_min,RED_stdDev,_merge
West Bengal,Urad,1997,Kharif,west bengal,1997,kharif,West Bengal,Moong(Green Gram); Rice,Moong(Green Gram),Kharif,22.9964948,87.6855882,1997-07-01,1997-10-28,6.0,Landsat 5/7 SR,0.6,0.05,datasets\test_images\1997\rgb\west_bengal_1997_moong_green_gram_kharif_rgb.png,datasets\test_images\1997\ndvi\west_bengal_1997_moong_green_gram_kharif_ndvi.png,0.15409,0.044313,0.018542,0.017347,0.785429,0.394813,-0.107331,0.104354,0.251632,0.069534,0.015792,0.02672,0.989388,0.627927,-0.343738,0.161195,0.42033,-0.5902,-0.916585,0.136114,0.431634,0.269006,0.046097,0.038164,0.320864,0.063172,0.004627,0.035932,both
West Bengal,Urad,1997,Rabi,west bengal,1997,rabi,West Bengal,Moong(Green Gram); Urad,Moong(Green Gram),Rabi,22.9964948,87.6855882,1997-11-01,1998-04-28,18.0,Landsat 5/7 SR T1/T2,0.6,0.25,datasets\test_images\1997\rgb\west_bengal_1997_moong(green_gram)_rabi_rgb.png,datasets\test_images\1997\ndvi\west_bengal_1997_moong(green_gram)_rabi_ndvi.png,0.188135,0.071413,0.037985,0.012262,0.62582,0.224001,-0.149139,0.063901,0.280879,0.101855,0.056094,0.018984,0.756971,0.363866,-0.258918,0.098385,0.303808,-0.357587,-0.649882,0.079153,0.41776,0.223095,0.055764,0.031429,0.34912,0.101165,0.047335,0.027431,both
West Bengal,Urad,1998,Kharif,west bengal,1998,kharif,West Bengal,Maize; Moong(Green Gram); Rice,Maize,Kharif,22.996494800000004,87.6855882,1998-07-01,1998-10-28,3.0,Landsat 5/7 SR,0.6,0.05,datasets\test_images\1998\rgb\west_bengal_1998_maize_rgb.png,datasets\test_images\1998\ndvi\west_bengal_1998_maize_ndvi.png,0.184395,0.038971,0.01659,0.016162,0.7204479999999999,0.419704,-0.111628,0.109663,0.65448,0.067683,0.007790000000000001,0.026858000000000003,0.966437,0.664671,-0.371918,0.161152,0.45750699999999994,-0.60746,-0.993508,0.137408,0.444174,0.278696,0.03793,0.045938,0.345737,0.05688200000000001,0.00966,0.033611,both
West Bengal,Urad,1998,Rabi,west bengal,1998,rabi,West Bengal,Moong(Green Gram); Urad,Moong(Green Gram),Rabi,22.9964948,87.6855882,1998-11-01,1999-04-28,16.0,Landsat 5/7 SR T1/T2,0.6,0.25,datasets\test_images\1998\rgb\west_bengal_1998_moong(green_gram)_rabi_rgb.png,datasets\test_images\1998\ndvi\west_bengal_1998_moong(green_gram)_rabi_ndvi.png,0.19721,0.078943,0.040047,0.014055,0.551372,0.196611,-0.15303,0.071396,0.278129,0.111215,0.052175,0.020798,0.701165,0.303927,-0.283019,0.101206,0.31276,-0.338484,-0.641835,0.078558,0.420716,0.230304,0.04409,0.035777,0.34945,0.120873,0.045658,0.030237,both
Puducherry,Urad,1999,Rabi,puducherry,1999,rabi,Puducherry,Moong(Green Gram); Urad,Moong(Green Gram),Rabi,10.9156489,79.8069488,1999-11-01,2000-04-28,9.0,Landsat 5/7 SR T1/T2,0.6,0.25,datasets\test_images\1999\rgb\puducherry_1999_moong(green_gram)_rabi_rgb.png,datasets\test_images\1999\ndvi\puducherry_1999_moong(green_gram)_rabi_ndvi.png,0.196839,0.050147,0.014417,0.016082,0.740371,0.18505,-0.189868,0.195021,0.266744,0.062015,0.015352,0.022586,0.900949,0.277846,-0.533532,0.369237,0.672247,-0.180556,-0.837537,0.447043,0.468992,0.153263,0.007653,0.11395,0.318485,0.052109,0.007763,0.028382,both
West Bengal,Urad,1999,Kharif,west bengal,1999,kharif,West Bengal,Maize; Moong(Green Gram); Rice,Maize,Kharif,22.996494800000004,87.6855882,1999-07-01,1999-10-28,9.0,Landsat 5/7 SR,0.6,0.05,datasets\test_images\1999\rgb\west_bengal_1999_maize_rgb.png,datasets\test_images\1999\ndvi\west_bengal_1999_maize_ndvi.png,0.845522,0.061634,0.025363,0.019498,0.594979,0.322242,-0.125079,0.09884,0.296086,0.091138,0.043568,0.025665000000000004,0.799668,0.501956,-0.191512,0.151473,0.176794,-0.46038700000000005,-0.7383099999999999,0.129254,0.428196,0.248216,0.073171,0.035557,0.32734,0.083322,0.03078,0.032408,both
West Bengal,Urad,1999,Rabi,west bengal,1999,rabi,West Bengal,Moong(Green Gram); Urad,Moong(Green Gram),Rabi,22.9964948,87.6855882,1999-11-01,2000-04-28,21.0,Landsat 5/7 SR T1/T2,0.6,0.25,datasets\test_images\1999\rgb\west_bengal_1999_moong(green_gram)_rabi_rgb.png,datasets\test_images\1999\ndvi\west_bengal_1999_moong(green_gram)_rabi_ndvi.png,0.16971,0.078121,0.035565,0.014744,0.545916,0.211293,-0.135939,0.068096,0.264228,0.109608,0.056163,0.020973,0.762685,0.327218,-0.239959,0.112237,0.286291,-0.362946,-0.691861,0.083822,0.414694,0.233733,0.057015,0.029978,0.343661,0.119414,0.043375,0.031551,both
Andhra Pradesh,Urad,2000,Kharif,andhra pradesh,2000,kharif,Andhra Pradesh,Maize; Moong(Green Gram); Rice,Maize,Kharif,15.9240905,80.1863809,2000-07-01,2000-10-28,2.0,Landsat 5/7 SR,0.6,0.05,datasets\test_images\2000\rgb\andhra_pradesh_2000_maize_rgb.png,datasets\test_images\2000\ndvi\andhra_pradesh_2000_maize_ndvi.png,0.228615,0.060069000000000004,0.030505,0.008041,0.7617410000000001,0.191422,-0.045341,0.09904799999999998,0.250285,0.080071,0.04365,0.011693,0.838286,0.33379,-0.109375,0.117857,0.141453,-0.388574,-0.7826460000000001,0.088799,0.48068,0.19051300000000002,0.067383,0.057181,0.27091,0.090385,0.03859,0.013824999999999999,both
Andhra Pradesh,Urad,2000,Rabi,andhra pradesh,2000,rabi,Andhra Pradesh,Maize; Moong(Green Gram); Rice,Maize,Rabi,15.9240905,80.1863809,2000-11-01,2001-04-28,9.0,Landsat 5/7 SR,0.6,0.05,datasets\test_images\2000\rgb\andhra_pradesh_2000_maize_rgb.png,datasets\test_images\2000\ndvi\andhra_pradesh_2000_maize_ndvi.png,0.112139,0.057276,0.035098,0.007796,0.661006,0.271989,-0.053508,0.097972,0.15871,0.081872,0.048022,0.010555,0.797999,0.42879,-0.158287,0.12327899999999999,0.19341299999999997,-0.465646,-0.733181,0.0867,0.423851,0.246443,0.058995,0.041152,0.201445,0.090326,0.041862,0.017927,both
Karnataka,Urad,2000,Kharif,karnataka,2000,kharif,Karnataka,Maize; Moong(Green Gram); Rice,Maize,Kharif,14.9562045,75.7896741,2000-07-01,2000-10-28,2.0,Landsat 5/7 SR,0.6,0.05,datasets\test_images\2000\rgb\karnataka_2000_maize_rgb.png,datasets\test_images\2000\ndvi\karnataka_2000_maize_ndvi.png,0.260103,0.093049,0.05234,0.019687,0.788388,0.282317,-0.119873,0.11227,0.268628,0.112373,0.058582,0.02279,0.776871,0.367566,-0.272116,0.121336,0.298334,-0.412646,-0.72192,0.102097,0.54822,0.278357,0.066173,0.071169,0.300363,0.125725,0.051708,0.03083,both
Karnataka,Urad,2000,Rabi,karnataka,2000,rabi,Karnataka,Maize; Moong(Green Gram); Rice,Maize,Rabi,14.9562045,75.7896741,2000-11-01,2001-04-28,6.0,Landsat 5/7 SR,0.6,0.05,datasets\test_images\2000\rgb\karnataka_2000_maize_rgb.png,datasets\test_images\2000\ndvi\karnataka_2000_maize_ndvi.png,0.127057,0.070391,0.040185,0.010329,0.593765,0.16811,-0.116275,0.069051,0.196495,0.10013900000000002,0.054183,0.016926,0.7637550000000001,0.270166,-0.315351,0.108896,0.308068,-0.38044800000000006,-0.709076,0.090739,0.40394099999999994,0.233449,0.03848,0.04498,0.262578,0.130543,0.04433800000000001,0.033422,both
Puducherry,Urad,2000,Kharif,puducherry,2000,kharif,Puducherry,Moong(Green Gram); Rice,Moong(Green Gram),Kharif,10.9156489,79.8069488,2000-07-01,2000-10-28,2.0,Landsat 5/7 SR,0.6,0.05,datasets\test_images\2000\rgb\puducherry_2000_moong_green_gram_kharif_rgb.png,datasets\test_images\2000\ndvi\puducherry_2000_moong_green_gram_kharif_ndvi.png,0.262138,0.075007,0.036775,0.016897,0.643175,0.226604,-0.164843,0.129826,0.331328,0.104871,0.057345,0.020697,0.773882,0.339408,-0.369084,0.194646,0.440424,-0.375284,-0.709397,0.184607,0.43492,0.240964,0.050126,0.056755,0.37794,0.115316,0.045135,0.031006,both
Puducherry,Urad,2000,Rabi,puducherry,2000,rabi,Puducherry,Moong(Green Gram); Urad,Moong(Green Gram),Rabi,10.9156489,79.8069488,2000-11-01,2001-04-28,8.0,Landsat 5/7 SR T1/T2,0.6,0.25,datasets\test_images\2000\rgb\puducherry_2000_moong(green_gram)_rabi_rgb.png,datasets\test_images\2000\ndvi\puducherry_2000_moong(green_gram)_rabi_ndvi.png,0.23065,0.052774,0.012217,0.015071,0.805694,0.188138,-0.161928,0.187276,0.284413,0.062649,0.007708,0.02675,122.035364,0.257761,-102.846942,0.509993,5.788071,-0.166386,-0.817671,0.446815,0.526247,0.161339,0.001726,0.122758,0.329416,0.058182,0.002689,0.037375,both
West Bengal,Urad,2000,Kharif,west bengal,2000,kharif,West Bengal,Maize; Moong(Green Gram); Rice,Maize,Kharif,22.996494800000004,87.6855882,2000-07-01,2000-10-28,7.0,Landsat 5/7 SR,0.6,0.05,datasets\test_images\2000\rgb\west_bengal_2000_maize_kharif_rgb.png,datasets\test_images\2000\ndvi\west_bengal_2000_maize_kharif_ndvi.png,0.147366,0.048220000000000006,0.02781,0.012048999999999999,0.617983,0.386379,-0.099031,0.090101,0.231791,0.07742,0.042316,0.019165,0.800464,0.595751,-0.17638600000000001,0.127886,0.280223,-0.543455,-0.724311,0.10243399999999998,0.410596,0.261495,0.061277,0.03217,0.298988,0.067805,0.029405,0.027648999999999996,both
West Bengal,Urad,2000,Rabi,west bengal,2000,rabi,West Bengal,Moong(Green Gram); Urad,Moong(Green Gram),Rabi,22.9964948,87.6855882,2000-11-01,2001-04-28,25.0,Landsat 5/7 SR T1/T2,0.6,0.25,datasets\test_images\2000\rgb\west_bengal_2000_moong(green_gram)_rabi_rgb.png,datasets\test_images\2000\ndvi\west_bengal_2000_moong(green_gram)_rabi_ndvi.png,0.17466,0.088143,0.045217,0.012995,0.519876,0.185358,-0.124053,0.060748,0.254933,0.117455,0.061223,0.019231,0.630806,0.276626,-0.231458,0.089349,0.235871,-0.326652,-0.588469,0.065879,0.397603,0.2307,0.060837,0.030666,0.3313,0.130987,0.05157,0.0291,both
Andhra Pradesh,Urad,2001,Kharif,andhra pradesh,2001,kharif,Andhra Pradesh,Maize; Moong(Green Gram); Rice,Maize,Kharif,15.9240905,80.1863809,2001-07-01,2001-10-28,8.0,Landsat 5/7 SR,0.6,0.05,datasets\test_images\2001\rgb\andhra_pradesh_2001_maize_kharif_rgb.png,datasets\test_images\2001\ndvi\andhra_pradesh_2001_maize_kharif_ndvi.png,0.145785,0.069793,0.031303,0.009218,0.611615,0.143477,-0.036917,0.061932999999999995,0.194075,0.096625,0.05311,0.013051,0.786579,0.235009,-0.08356400000000001,0.086528,0.120718,-0.328809,-0.723259,0.069315,0.40104,0.207006,0.074312,0.036374,0.231255,0.117701,0.041216,0.019392,both
Andhra Pradesh,Urad,2001,Rabi,andhra pradesh,2001,rabi,Andhra Pradesh,Maize; Moong(Green Gram); Rice,Maize,Rabi,15.9240905,80.1863809,2001-11-01,2002-04-28,11.0,Landsat 5/7 SR,0.6,0.05,datasets\test_images\2001\rgb\andhra_pradesh_2001_maize_rabi_rgb.png,datasets\test_images\2001\ndvi\andhra_pradesh_2001_maize_rabi_ndvi.png,0.11311500000000001,0.048583999999999995,0.025197,0.008421,0.697419,0.34219,-0.038511,0.089619,0.159618,0.071563,0.038233,0.010144,0.851683,0.546023,-0.070169,0.11023699999999999,0.17458699999999996,-0.55076,-0.78791,0.076653,0.434343,0.262925,0.05806,0.034243,0.20204999999999998,0.07195,0.031908,0.018065,both
Assam,Urad,2001,Rabi,assam,2001,rabi,Assam,Moong(Green Gram); Urad,Moong(Green Gram),Rabi,26.4073841,93.2551303,2001-11-01,2002-04-28,16.0,Landsat 5/7 SR T1/T2,0.6,0.25,datasets\test_images\2001\rgb\assam_2001_moong(green_gram)_rabi_rgb.png,datasets\test_images\2001\ndvi\assam_2001_moong(green_gram)_rabi_ndvi.png,0.200923,0.041842,-0.002275,0.023792,0.816209,0.346533,-0.130351,0.122748,0.242805,0.056182,0.001878,0.028066,1.457037,0.618917,-0.367173,0.206581,0.435853,-0.595878,-0.886448,0.174463,0.545168,0.226944,0.027232,0.050198,0.26948,0.05377,-0.006483,0.035668,both
Karnataka,Urad,2001,Kharif,karnataka,2001,kharif,Karnataka,Maize; Moong(Green Gram); Rice,Maize,Kharif,14.9562045,75.7896741,2001-07-01,2001-10-28,3.0,Landsat 5/7 SR,0.6,0.05,datasets\test_images\2001\rgb\karnataka_2001_maize_kharif_rgb.png,datasets\test_images\2001\ndvi\karnataka_2001_maize_kharif_ndvi.png,0.28664,0.08312,0.029433,0.025235999999999998,0.930052,0.286812,-0.116157,0.137597,0.295413,0.104794,0.030091999999999997,0.030635,0.867568,0.393934,-0.311403,0.166969,0.240623,-0.428747,-0.802985,0.136714,0.62951,0.270295,0.041148,0.079082,0.34362,0.114802,0.018515,0.038532,both
Karnataka,Urad,2001,Rabi,karnataka,2001,rabi,Karnataka,Maize; Moong(Green Gram); Rice,Maize,Rabi,14.9562045,75.7896741,2001-11-01,2002-04-28,3.0,Landsat 5/7 SR,0.6,0.05,datasets\test_images\2001\rgb\karnataka_2001_maize_rabi_rgb.png,datasets\test_images\2001\ndvi\karnataka_2001_maize_rabi_ndvi.png,0.12791,0.068864,0.040515,0.009734,0.556807,0.166594,-0.08603299999999998,0.063043,0.18208499999999997,0.097843,0.058198,0.016939,0.6947769999999999,0.279532,-0.317265,0.10034,0.347872,-0.38691000000000003,-0.651516,0.084451,0.371532,0.23055499999999998,0.038892,0.042348,0.257105,0.126914,0.050469999999999994,0.034554,both
Puducherry,Urad,2001,Rabi,puducherry,2001,rabi,Puducherry,Moong(Green Gram); Urad,Moong(Green Gram),Rabi,10.9156489,79.8069488,2001-11-01,2002-04-28,9.0,Landsat 5/7 SR T1/T2,0.6,0.25,datasets\test_images\2001\rgb\puducherry_2001_moong(green_gram)_rabi_rgb.png,datasets\test_images\2001\ndvi\puducherry_2001_moong(green_gram)_rabi_ndvi.png,0.29104,0.061323,-0.00662,0.013696,0.807088,0.173858,-0.209088,0.180519,0.323105,0.071361,-0.00486,0.024743,1.267386,0.232903,-0.692927,0.317587,0.812226,-0.171337,-1.13098,0.399961,0.62588,0.162776,0.00405,0.117936,0.326295,0.066836,-0.008738,0.034708,both
West Bengal,Urad,2001,Kharif,west bengal,2001,kharif,West Bengal,Maize; Moong(Green Gram); Rice,Maize,Kharif,22.996494800000004,87.6855882,2001-07-01,2001-10-28,8.0,Landsat 5/7 SR,0.6,0.05,datasets\test_images\2001\rgb\west_bengal_2001_maize_kharif_rgb.png,datasets\test_images\2001\ndvi\west_bengal_2001_maize_kharif_ndvi.png,0.8504999999999999,0.056237,0.015985,0.026058,0.720497,0.319643,-0.157801,0.10323699999999998,0.279861,0.085399,0.035345,0.030314999999999998,0.86923,0.517856,-0.309738,0.17478800000000003,0.34590499999999996,-0.487007,-0.772798,0.14686,0.447267,0.248356,0.045657,0.039772,0.947053,0.080686,0.021154999999999997,0.039256,both
West Bengal,Urad,2001,Rabi,west bengal,2001,rabi,West Bengal,Moong(Green Gram); Urad,Moong(Green Gram),Rabi,22.9964948,87.6855882,2001-11-01,2002-04-28,16.0,Landsat 5/7 SR T1/T2,0.6,0.25,datasets\test_images\2001\rgb\west_bengal_2001_moong(green_gram)_rabi_rgb.png,datasets\test_images\2001\ndvi\west_bengal_2001_moong(green_gram)_rabi_ndvi.png,0.182663,0.077423,0.033612,0.016538,0.570953,0.195918,-0.161137,0.069046,0.259277,0.106656,0.046565,0.02287,0.773169,0.302381,-0.278036,0.101094,0.299693,-0.359278,-0.714084,0.071661,0.402002,0.232717,0.03991,0.035858,0.340375,0.123123,0.039429,0.03451,both
Andhra Pradesh,Urad,2002,Kharif,andhra pradesh,2002,kharif,Andhra Pradesh,Maize; Moong(Green Gram); Rice,Maize,Kharif,15.9240905,80.1863809,2002-07-01,2002-10-28,8.0,Landsat 5/7 SR,0.6,0.05,datasets\test_images\2002\rgb\andhra_pradesh_2002_maize_kharif_rgb.png,datasets\test_images\2002\ndvi\andhra_pradesh_2002_maize_kharif_ndvi.png,0.159893,0.071799,0.0365,0.010408,0.610715,0.170671,-0.045398,0.08586,0.18566000000000002,0.095399,0.039992,0.013598,0.757613,0.285371,-0.18062600000000004,0.11715000000000002,0.21051699999999998,-0.352199,-0.703407,0.08853499999999999,0.38971,0.202013,0.061415,0.043443,0.233702,0.110514,0.042357,0.019521,both
Andhra Pradesh,Urad,2002,Rabi,andhra pradesh,2002,rabi,Andhra Pradesh,Maize; Moong(Green Gram); Rice,Maize,Rabi,15.9240905,80.1863809,2002-11-01,2003-04-28,14.0,Landsat 5/7 SR,0.6,0.05,datasets\test_images\2002\rgb\andhra_pradesh_2002_maize_rabi_rgb.png,datasets\test_images\2002\ndvi\andhra_pradesh_2002_maize_rabi_ndvi.png,0.113871,0.0575,0.026902,0.007755000000000001,0.656023,0.23174400000000003,-0.025599,0.075675,0.158243,0.077818,0.036912,0.010415,0.849716,0.406055,-0.091675,0.105478,0.158173,-0.447833,-0.7901700000000002,0.078815,0.38557099999999994,0.21362,0.056589,0.030837,0.206423,0.084484,0.027507,0.016992,both
Assam,Urad,2002,Rabi,assam,2002,rabi,Assam,Moong(Green Gram); Urad,Moong(Green Gram),Rabi,26.4073841,93.2551303,2002-11-01,2003-04-28,25.0,Landsat 5/7 SR T1/T2,0.6,0.25,datasets\test_images\2002\rgb\assam_2002_moong(green_gram)_rabi_rgb.png,datasets\test_images\2002\ndvi\assam_2002_moong(green_gram)_rabi_ndvi.png,0.215552,0.040518,0.001603,0.025314,0.753046,0.356193,-0.140576,0.129554,0.261918,0.056297,0.005178,0.030054,0.972095,0.63165,-0.432292,0.217708,0.514097,-0.594581,-0.871447,0.187579,0.470312,0.228921,0.033764,0.051893,0.289693,0.05165,0.001768,0.037655,both
Tamil Nadu,Urad,2002,Kharif,tamil nadu,2002,kharif,Tamil Nadu,Maize; Moong(Green Gram); Rice,Maize,Kharif,11.332372299999998,78.6098639,2002-07-01,2002-10-28,5.0,Landsat 5/7 SR,0.6,0.05,datasets\test_images\2002\rgb\tamil_nadu_2002_maize_kharif_rgb.png,datasets\test_images\2002\ndvi\tamil_nadu_2002_maize_kharif_ndvi.png,0.101565,0.037623,0.01571,0.009318,0.641593,0.355544,0.070958,0.10992,0.14892,0.064693,0.031467,0.012979,0.8598750000000001,0.592245,0.12352400000000001,0.160622,-0.236255,-0.596122,-0.779445,0.08476299999999999,0.426368,0.261397,0.125999,0.036119,0.20067500000000002,0.066405,0.019753,0.028182,both
West Bengal,Urad,2002,Kharif,west bengal,2002,kharif,West Bengal,Maize; Moong(Green Gram); Rice,Maize,Kharif,22.996494800000004,87.6855882,2002-07-01,2002-10-28,5.0,Landsat 5/7 SR,0.6,0.05,datasets\test_images\2002\rgb\west_bengal_2002_maize_kharif_rgb.png,datasets\test_images\2002\ndvi\west_bengal_2002_maize_kharif_ndvi.png,1.602213,0.072993,0.029707,0.024911,3.1064379999999994,0.326156,-0.084223,0.12421900000000001,0.390782,0.099419,0.044173,0.02587,0.834658,0.47011,-0.46615,0.144894,0.172651,-0.42196300000000003,-0.7394089999999999,0.120475,0.583392,0.24832,0.073543,0.054842,1.602213,0.08893,0.033255,0.031787,both
West Bengal,Urad,2002,Rabi,west bengal,2002,rabi,West Bengal,Moong(Green Gram); Urad,Moong(Green Gram),Rabi,22.9964948,87.6855882,2002-11-01,2003-04-28,14.0,Landsat 5/7 SR T1/T2,0.6,0.25,datasets\test_images\2002\rgb\west_bengal_2002_moong(green_gram)_rabi_rgb.png,datasets\test_images\2002\ndvi\west_bengal_2002_moong(green_gram)_rabi_ndvi.png,0.193883,0.076335,0.037682,0.013262,0.590177,0.200562,-0.166753,0.069354,0.265575,0.103719,0.044722,0.01974,0.733029,0.316618,-0.295346,0.10059,0.37609,-0.365123,-0.668804,0.072563,0.410198,0.225361,0.038892,0.036081,0.351265,0.116568,0.039387,0.029925,both
Andhra Pradesh,Urad,2003,Kharif,andhra pradesh,2003,kharif,Andhra Pradesh,Maize; Moong(Green Gram); Rice,Maize,Kharif,15.9240905,80.1863809,2003-07-01,2003-10-28,2.0,Landsat 5/7 SR,0.6,0.05,datasets\test_images\2003\rgb\andhra_pradesh_2003_maize_rgb.png,datasets\test_images\2003\ndvi\andhra_pradesh_2003_maize_ndvi.png,0.244098,0.061778,0.020138,0.011575999999999998,0.8400089999999999,0.357116,-0.006317,0.124872,0.281938,0.085615,0.04244,0.013559999999999997,0.905064,0.516963,-0.008878,0.128983,0.018338,-0.507691,-0.822438,0.094796,0.543187,0.271769,0.078107,0.06088,0.283587,0.083546,0.023822,0.020189,both
Andhra Pradesh,Urad,2003,Rabi,andhra pradesh,2003,rabi,Andhra Pradesh,Maize; Moong(Green Gram); Rice,Maize,Rabi,15.9240905,80.1863809,2003-11-01,2004-04-28,28.0,Landsat 5/7 SR,0.6,0.05,datasets\test_images\2003\rgb\andhra_pradesh_2003_maize_rgb.png,datasets\test_images\2003\ndvi\andhra_pradesh_2003_maize_ndvi.png,0.12692,0.064986,0.036115,0.009244,0.700894,0.233886,-0.028653,0.091841,0.172639,0.08805800000000001,0.04684,0.013005999999999998,0.8210289999999999,0.377227,-0.075602,0.123647,0.11411699999999998,-0.439114,-0.766375,0.092366,0.424938,0.231366,0.065458,0.033803,0.207371,0.101387,0.04013,0.021147,both
Assam,Urad,2003,Rabi,assam,2003,rabi,Assam,Moong(Green Gram); Urad,Moong(Green Gram),Rabi,26.4073841,93.2551303,2003-11-01,2004-04-28,49.0,Landsat 5/7 SR T1/T2,0.6,0.25,datasets\test_images\2003\rgb\assam_2003_moong(green_gram)_rabi_rgb.png,datasets\test_images\2003\ndvi\assam_2003_moong(green_gram)_rabi_ndvi.png,0.204058,0.037183,0.006222,0.023507,0.792382,0.357752,-0.121313,0.131554,0.255483,0.054494,0.008093,0.028559,0.919287,0.65415,-0.382574,0.213203,0.464149,-0.616371,-0.849477,0.183273,0.535048,0.23101,0.032787,0.055925,0.276162,0.048956,0.005013,0.035655,both
Karnataka,Urad,2003,Kharif,karnataka,2003,kharif,Karnataka,Maize; Moong(Green Gram); Rice,Maize,Kharif,14.9562045,75.7896741,2003-07-01,2003-10-28,2.0,Landsat 5/7 SR,0.6,0.05,datasets\test_images\2003\rgb\karnataka_2003_maize_rgb.png,datasets\test_images\2003\ndvi\karnataka_2003_maize_ndvi.png,0.234693,0.071013,0.0387,0.014113,0.769457,0.312994,-0.108817,0.125291,0.2543,0.094698,0.042687,0.016656,0.815881,0.442618,-0.26132,0.147136,0.141848,-0.47335,-0.757555,0.113383,0.51775,0.274414,0.06378,0.064284,0.275805,0.10320800000000001,0.035043,0.02674,both
Karnataka,Urad,2003,Rabi,karnataka,2003,rabi,Karnataka,Maize; Moong(Green Gram); Rice,Maize,Rabi,14.9562045,75.7896741,2003-11-01,2004-04-28,7.0,Landsat 5/7 SR,0.6,0.05,datasets\test_images\2003\rgb\karnataka_2003_maize_rgb.png,datasets\test_images\2003\ndvi\karnataka_2003_maize_ndvi.png,0.129588,0.071918,0.04002,0.009763,0.659944,0.145022,-0.095617,0.06155,0.195148,0.102067,0.056809,0.017307,0.727583,0.236992,-0.287409,0.093208,0.296346,-0.36488499999999996,-0.674105,0.078765,0.46808500000000003,0.229861,0.047706,0.045767,0.2708,0.136729,0.04736300000000001,0.034167,both
Puducherry,Urad,2003,Rabi,puducherry,2003,rabi,Puducherry,Moong(Green Gram); Urad,Moong(Green Gram),Rabi,10.9156489,79.8069488,2003-11-01,2004-04-28,32.0,Landsat 5/7 SR T1/T2,0.6,0.25,datasets\test_images\2003\rgb\puducherry_2003_moong(green_gram)_rabi_rgb.png,datasets\test_images\2003\ndvi\puducherry_2003_moong(green_gram)_rabi_ndvi.png,0.241691,0.061134,0.017442,0.013964,0.884365,0.167865,-0.239707,0.170082,0.288015,0.072297,0.018102,0.028251,0.887224,0.220457,-0.526808,0.295339,0.678751,-0.158325,-0.785871,0.410354,0.471715,0.166626,0.009082,0.123843,0.334985,0.071153,0.010815,0.041394,both
Tamil Nadu,Urad,2003,Kharif,tamil nadu,2003,kharif,Tamil Nadu,Maize; Moong(Green Gram); Rice,Maize,Kharif,11.332372299999998,78.6098639,2003-07-01,2003-10-28,1.0,Landsat 5/7 SR,0.6,0.05,datasets\test_images\2003\rgb\tamil_nadu_2003_maize_rgb.png,datasets\test_images\2003\ndvi\tamil_nadu_2003_maize_ndvi.png,0.11008999999999998,0.036223,0.004408,0.012856,0.842571,0.413352,0.06137299999999999,0.120002,0.155108,0.063528,0.01197,0.017146,0.8848410000000001,0.650222,0.176876,0.1392,-0.321831,-0.63833,-0.80876,0.079439,0.536973,0.290959,0.061745,0.062769,0.196742,0.061859,0.0074329999999999995,0.02754,both
West Bengal,Urad,2003,Kharif,west bengal,2003,kharif,West Bengal,Maize; Moong(Green Gram); Rice,Maize,Kharif,22.996494800000004,87.6855882,2003-07-01,2003-10-28,3.0,Landsat 5/7 SR,0.6,0.05,datasets\test_images\2003\rgb\west_bengal_2003_rice_rgb.png,datasets\test_images\2003\ndvi\west_bengal_2003_rice_ndvi.png,,,,,,,,,,,,,,,,,,,,,,,,,,,,,both
West Bengal,Urad,2003,Rabi,west bengal,2003,rabi,West Bengal,Moong(Green Gram); Urad,Moong(Green Gram),Rabi,22.9964948,87.6855882,2003-11-01,2004-04-28,30.0,Landsat 5/7 SR T1/T2,0.6,0.25,datasets\test_images\2003\rgb\west_bengal_2003_moong(green_gram)_rabi_rgb.png,datasets\test_images\2003\ndvi\west_bengal_2003_moong(green_gram)_rabi_ndvi.png,0.164127,0.07448,0.041945,0.013448,0.566022,0.215425,-0.121666,0.066771,0.25265,0.104276,0.055723,0.018975,0.700762,0.33686,-0.219821,0.101607,0.215385,-0.376812,-0.638533,0.07171,0.401425,0.237034,0.06818,0.032117,0.323352,0.114258,0.052092,0.029585,both
Karnataka,Urad,2004,Kharif,karnataka,2004,kharif,Karnataka,Maize; Moong(Green Gram); Rice,Maize,Kharif,14.9562045,75.7896741,2004-07-01,2004-10-28,1.0,Landsat 5/7 SR,0.6,0.05,datasets\test_images\2004\rgb\karnataka_2004_maize_rgb.png,datasets\test_images\2004\ndvi\karnataka_2004_maize_ndvi.png,0.255868,0.066714,0.02902,0.016257,0.602239,0.25911,-0.05501799999999999,0.101789,0.2829,0.089565,0.042605,0.020263,0.778126,0.40814900000000004,-0.181613,0.143206,0.219054,-0.427649,-0.723738,0.123622,0.423343,0.230441,0.055393,0.057687999999999996,0.296513,0.094814,0.033695,0.027632,both
Karnataka,Urad,2004,Rabi,karnataka,2004,rabi,Karnataka,Maize; Moong(Green Gram); Rice,Maize,Rabi,14.9562045,75.7896741,2004-11-01,2005-04-28,8.0,Landsat 5/7 SR,0.6,0.05,datasets\test_images\2004\rgb\karnataka_2004_maize_rgb.png,datasets\test_images\2004\ndvi\karnataka_2004_maize_ndvi.png,0.125449,0.066472,0.036087,0.009358,0.542445,0.166443,-0.085549,0.058439,0.193511,0.094696,0.053191999999999996,0.016362,0.712974,0.282461,-0.304331,0.101265,0.376496,-0.399156,-0.680595,0.084793,0.393643,0.227432,0.035537,0.041724000000000004,0.282048,0.124894,0.046868,0.033768,both
Tamil Nadu,Urad,2004,Kharif,tamil nadu,2004,kharif,Tamil Nadu,Maize; Moong(Green Gram); Rice,Maize,Kharif,11.332372299999998,78.6098639,2004-07-01,2004-10-28,6.0,Landsat 5/7 SR,0.6,0.05,datasets\test_images\2004\rgb\tamil_nadu_2004_maize_rgb.png,datasets\test_images\2004\ndvi\tamil_nadu_2004_maize_ndvi.png,0.100589,0.035296,0.01681,0.008881,0.74469,0.443733,0.06115400000000001,0.1057,0.153458,0.060517999999999995,0.02836,0.012921,0.875617,0.671516,0.142114,0.130646,-0.201744,-0.656777,-0.81482,0.079001,0.490607,0.302404,0.07478,0.041731,0.196412,0.05893299999999999,0.021071999999999997,0.02424,both
Andhra Pradesh,Urad,2005,Kharif,andhra pradesh,2005,kharif,Andhra Pradesh,Maize; Moong(Green Gram); Rice,Maize,Kharif,15.9240905,80.1863809,2005-07-01,2005-10-28,5.0,Landsat 5/7 SR,0.6,0.05,datasets\test_images\2005\rgb\andhra_pradesh_2005_maize_rgb.png,datasets\test_images\2005\ndvi\andhra_pradesh_2005_maize_ndvi.png,0.208499,0.078807,0.03859,0.010533,0.609171,0.117658,-0.067989,0.059163,0.249845,0.108338,0.057317,0.013226,0.707723,0.199697,-0.109871,0.078814,0.11616900000000001,-0.265425,-0.664811,0.067744,0.424924,0.18986099999999997,0.089272,0.037173,0.264104,0.123865,0.048132,0.016779,both
Andhra Pradesh,Urad,2005,Rabi,andhra pradesh,2005,rabi,Andhra Pradesh,Maize; Moong(Green Gram); Rice,Maize,Rabi,15.9240905,80.1863809,2005-11-01,2006-04-28,24.0,Landsat 5/7 SR,0.6,0.05,datasets\test_images\2005\rgb\andhra_pradesh_2005_maize_rgb.png,datasets\test_images\2005\ndvi\andhra_pradesh_2005_maize_ndvi.png,0.137219,0.057008,0.034781,0.007325000000000001,0.691704,0.290664,-0.070528,0.099155,0.180407,0.081697,0.047307999999999996,0.010305,0.821358,0.45221399999999995,-0.207228,0.126959,0.250481,-0.475243,-0.7761999999999999,0.091788,0.446938,0.248613,0.056685000000000006,0.037363,0.200647,0.08753700000000002,0.038068,0.018863,both
Assam,Urad,2005,Rabi,assam,2005,rabi,Assam,Moong(Green Gram); Urad,Moong(Green Gram),Rabi,26.4073841,93.2551303,2005-11-01,2006-04-28,40.0,Landsat 5/7 SR T1/T2,0.6,0.25,datasets\test_images\2005\rgb\assam_2005_moong(green_gram)_rabi_rgb.png,datasets\test_images\2005\ndvi\assam_2005_moong(green_gram)_rabi_ndvi.png,0.2103,0.043648,0.00823,0.025765,0.751598,0.340129,-0.119597,0.134618,0.253145,0.060931,0.01021,0.03119,0.896496,0.606046,-0.365655,0.220344,0.43995,-0.575922,-0.84533,0.189948,0.485781,0.233498,0.035345,0.05111,0.267253,0.056107,0.00691,0.0382,both
Karnataka,Urad,2005,Kharif,karnataka,2005,kharif,Karnataka,Maize; Moong(Green Gram); Rice,Maize,Kharif,14.9562045,75.7896741,2005-07-01,2005-10-28,1.0,Landsat 5/7 SR,0.6,0.05,datasets\test_images\2005\rgb\karnataka_2005_maize_rgb.png,datasets\test_images\2005\ndvi\karnataka_2005_maize_ndvi.png,0.251412,0.081092,0.024427,0.025916000000000005,0.838159,0.33903,-0.085957,0.112637,0.273688,0.102812,0.031165,0.02867,0.8744299999999999,0.45755300000000004,-0.205326,0.131295,0.126983,-0.457587,-0.783308,0.10541099999999999,0.549045,0.279669,0.066063,0.068888,0.289115,0.10330100000000002,0.017607,0.033231,both
Karnataka,Urad,2005,Rabi,karnataka,2005,rabi,Karnataka,Maize; Moong(Green Gram); Rice,Maize,Rabi,14.9562045,75.7896741,2005-11-01,2006-04-28,9.0,Landsat 5/7 SR,0.6,0.05,datasets\test_images\2005\rgb\karnataka_2005_maize_rgb.png,datasets\test_images\2005\ndvi\karnataka_2005_maize_ndvi.png,0.120444,0.07051,0.04013,0.009351,0.533556,0.158,-0.080404,0.0577,0.183652,0.097587,0.05654699999999999,0.01512,0.6896239999999999,0.266038,-0.289357,0.093638,0.357439,-0.380866,-0.652195,0.079816,0.375327,0.223952,0.033791,0.039459,0.262192,0.126574,0.05003,0.031227999999999995,both
Tamil Nadu,Urad,2005,Kharif,tamil nadu,2005,kharif,Tamil Nadu,Maize; Moong(Green Gram); Rice,Maize,Kharif,11.332372299999998,78.6098639,2005-07-01,2005-10-28,6.0,Landsat 5/7 SR,0.6,0.05,datasets\test_images\2005\rgb\tamil_nadu_2005_maize_rgb.png,datasets\test_images\2005\ndvi\tamil_nadu_2005_maize_ndvi.png,0.18086100000000002,0.036276,0.016838,0.010664,0.771883,0.428955,0.074111,0.11096299999999999,0.210534,0.063358,0.028112,0.014545,0.863912,0.655946,0.17626,0.142178,-0.245457,-0.638578,-0.805432,0.08633,0.502804,0.298375,0.114751,0.044294,0.211496,0.060244,0.020687,0.025567999999999997,both
West Bengal,Urad,2005,Kharif,west bengal,2005,kharif,West Bengal,Maize; Moong(Green Gram); Rice,Maize,Kharif,22.996494800000004,87.6855882,2005-07-01,2005-10-28,8.0,Landsat 5/7 SR,0.6,0.05,datasets\test_images\2005\rgb\west_bengal_2005_maize_rgb.png,datasets\test_images\2005\ndvi\west_bengal_2005_maize_ndvi.png,0.82113,0.06840833333333333,0.019092,0.03630366666666667,1.894272,0.4072766666666667,-0.123444,0.1213,0.389284,0.09987233333333334,0.040295,0.041501666666666666,0.868869,0.5526620000000001,-0.200869,0.15607400000000002,0.16674599999999998,-0.5062563333333333,-0.80553,0.133337,0.5821,0.30626366666666666,0.069734,0.05545866666666668,0.8554780000000001,0.09030933333333334,0.02616,0.04989266666666666,both
West Bengal,Urad,2005,Rabi,west bengal,2005,rabi,West Bengal,Moong(Green Gram); Urad,Moong(Green Gram),Rabi,22.9964948,87.6855882,2005-11-01,2006-04-28,27.0,Landsat 5/7 SR T1/T2,0.6,0.25,datasets\test_images\2005\rgb\west_bengal_2005_moong(green_gram)_rabi_rgb.png,datasets\test_images\2005\ndvi\west_bengal_2005_moong(green_gram)_rabi_ndvi.png,0.173395,0.073945,0.041807,0.012794,0.557663,0.232702,-0.143499,0.084713,0.25408,0.103904,0.05685,0.018,0.7257,0.361685,-0.252981,0.119628,0.313737,-0.388098,-0.649442,0.081615,0.412233,0.23727,0.059847,0.035676,0.322514,0.11049,0.049342,0.02942,both
Andhra Pradesh,Urad,2006,Kharif,andhra pradesh,2006,kharif,Andhra Pradesh,Maize; Moong(Green Gram); Rice,Maize,Kharif,15.9240905,80.1863809,2006-07-01,2006-10-28,14.0,Landsat 5/7 SR,0.6,0.05,datasets\test_images\2006\rgb\andhra_pradesh_2006_maize_kharif_rgb.png,datasets\test_images\2006\ndvi\andhra_pradesh_2006_maize_kharif_ndvi.png,0.161268,0.07052,0.033255,0.007923,0.745143,0.183441,-0.09553099999999999,0.10031,0.18703499999999998,0.095271,0.050249999999999996,0.010723000000000002,0.847302,0.300527,-0.194581,0.12585,0.189877,-0.342863,-0.7923079999999999,0.10004399999999998,0.47071099999999994,0.207547,0.045987,0.049422,0.226278,0.104862,0.036115,0.016627,both
Andhra Pradesh,Urad,2006,Rabi,andhra pradesh,2006,rabi,Andhra Pradesh,Maize; Moong(Green Gram); Rice,Maize,Rabi,15.9240905,80.1863809,2006-11-01,2007-04-28,39.0,Landsat 5/7 SR,0.6,0.05,datasets\test_images\2006\rgb\andhra_pradesh_2006_maize_rabi_rgb.png,datasets\test_images\2006\ndvi\andhra_pradesh_2006_maize_rabi_ndvi.png,0.120361,0.063759,0.036734,0.00839,0.659211,0.266468,-0.093321,0.10248799999999998,0.170384,0.088891,0.047720000000000005,0.010856,0.820757,0.40991099999999997,-0.177218,0.126668,0.203151,-0.43265100000000006,-0.728726,0.092333,0.419217,0.24275100000000002,0.05960000000000001,0.039614,0.203205,0.09414,0.039195,0.018545,both
Assam,Urad,2006,Rabi,assam,2006,rabi,Assam,Moong(Green Gram); Urad,Moong(Green Gram),Rabi,26.4073841,93.2551303,2006-11-01,2007-04-28,55.0,Landsat 5/7 SR T1/T2,0.6,0.25,datasets\test_images\2006\rgb\assam_2006_moong(green_gram)_rabi_rgb.png,datasets\test_images\2006\ndvi\assam_2006_moong(green_gram)_rabi_ndvi.png,0.20447,0.045589,0.01175,0.022322,0.773459,0.364867,-0.118175,0.12454,0.253173,0.063285,0.01956,0.027255,0.882824,0.61847,-0.32344,0.194165,0.406037,-0.570671,-0.822116,0.167049,0.480845,0.236366,0.039222,0.048445,0.269892,0.055601,0.010664,0.033437,both
Karnataka,Urad,2006,Kharif,karnataka,2006,kharif,Karnataka,Maize; Moong(Green Gram); Rice,Maize,Kharif,14.9562045,75.7896741,2006-07-01,2006-10-28,1.0,Landsat 5/7 SR,0.6,0.05,datasets\test_images\2006\rgb\karnataka_2006_maize_kharif_rgb.png,datasets\test_images\2006\ndvi\karnataka_2006_maize_kharif_ndvi.png,0.235187,0.065426,0.03045,0.014091,0.77407,0.278036,-0.055550999999999996,0.108528,0.26057,0.08953,0.032128,0.019593,0.822092,0.42351199999999994,-0.190485,0.128438,0.251165,-0.463919,-0.7467960000000001,0.110859,0.505265,0.254868,0.03936,0.069885,0.27993,0.10082,0.021842,0.030414,both
Karnataka,Urad,2006,Rabi,karnataka,2006,rabi,Karnataka,Maize; Moong(Green Gram); Rice,Maize,Rabi,14.9562045,75.7896741,2006-11-01,2007-04-28,6.0,Landsat 5/7 SR,0.6,0.05,datasets\test_images\2006\rgb\karnataka_2006_maize_rabi_rgb.png,datasets\test_images\2006\ndvi\karnataka_2006_maize_rabi_ndvi.png,0.12351,0.074236,0.044035,0.009026,0.630961,0.147031,-0.071572,0.06473,0.181755,0.102124,0.062185,0.016145,0.7237839999999999,0.24195200000000003,-0.295533,0.09574900000000001,0.3725669999999999,-0.357035,-0.677661,0.07874,0.41468,0.221081,0.034025,0.043818,0.257146,0.134376,0.05157,0.03264,both
Tamil Nadu,Urad,2006,Whole Year,tamil nadu,2006,whole year,Tamil Nadu,Maize; Moong(Green Gram),Maize,Whole Year,11.3323723,78.6098639,2006-01-01,2006-12-28,24.0,Landsat 5/7 SR,0.6,0.05,datasets\test_images\2006\rgb\tamil_nadu_2006_maize_whole_year_rgb.png,datasets\test_images\2006\ndvi\tamil_nadu_2006_maize_whole_year_ndvi.png,0.084006,0.038674,0.01516,0.007564,0.617311,0.368294,0.08215,0.07072,0.127827,0.063102,0.025748,0.011126,0.843606,0.626248,0.1434,0.105392,-0.237375,-0.610273,-0.795612,0.065888,0.40456,0.254993,0.113528,0.030021,0.156895,0.060095,0.017882,0.020116,both
West Bengal,Urad,2006,Kharif,west bengal,2006,kharif,West Bengal,Maize; Moong(Green Gram); Rice,Maize,Kharif,22.996494800000004,87.6855882,2006-07-01,2006-10-28,11.0,Landsat 5/7 SR,0.6,0.05,datasets\test_images\2006\rgb\west_bengal_2006_maize_kharif_rgb.png,datasets\test_images\2006\ndvi\west_bengal_2006_maize_kharif_ndvi.png,0.17345,0.047118,0.024316999999999995,0.014073,0.675253,0.428664,-0.086022,0.098501,0.26508,0.07221,0.038068,0.021311,0.8255979999999999,0.649112,-0.166679,0.141398,0.192088,-0.593158,-0.76763,0.111786,0.44124500000000005,0.280949,0.071122,0.036708,0.328358,0.06051,0.02616,0.030811,both
West Bengal,Urad,2006,Rabi,west bengal,2006,rabi,West Bengal,Moong(Green Gram); Urad,Moong(Green Gram),Rabi,22.9964948,87.6855882,2006-11-01,2007-04-28,41.0,Landsat 5/7 SR T1/T2,0.6,0.25,datasets\test_images\2006\rgb\west_bengal_2006_moong(green_gram)_rabi_rgb.png,datasets\test_images\2006\ndvi\west_bengal_2006_moong(green_gram)_rabi_ndvi.png,0.179321,0.0834,0.045905,0.013264,0.57345,0.197461,-0.158418,0.060649,0.27663,0.115219,0.064715,0.019388,0.680955,0.302331,-0.280269,0.089938,0.271043,-0.337985,-0.621369,0.068552,0.41611,0.234263,0.06631,0.032033,0.344486,0.124211,0.054306,0.028521,both
Puducherry,Urad,2007,Kharif,puducherry,2007,kharif,Puducherry,Rice,Rice,Kharif,10.9156489,79.8069488,2007-07-01,2007-10-28,18.0,Landsat 5/7 SR,0.6,0.05,datasets\test_images\2007\rgb\puducherry_2007_rice_kharif_rgb.png,datasets\test_images\2007\ndvi\puducherry_2007_rice_kharif_ndvi.png,0.27729,0.065017,0.035001,0.013651,0.697342,0.250877,-0.135382,0.126593,0.36056,0.091282,0.050855,0.018525,0.812762,0.395117,-0.297285,0.185656,0.412549,-0.381001,-0.727077,0.192403,0.477875,0.220981,0.030986,0.065378,0.978389,0.089693,0.036417,0.027791,both
Puducherry,Urad,2007,Rabi,puducherry,2007,rabi,Puducherry,Rice,Rice,Rabi,10.9156489,79.8069488,2007-11-01,2008-04-28,21.0,Landsat 5/7 SR,0.6,0.05,datasets\test_images\2007\rgb\puducherry_2007_rice_rabi_rgb.png,datasets\test_images\2007\ndvi\puducherry_2007_rice_rabi_ndvi.png,0.352035,0.052574,0.023437,0.015636,0.693225,0.302356,-0.126764,0.126203,0.427468,0.078303,0.037311,0.019059,0.8386,0.482014,-0.43171,0.21319,0.620675,-0.473442,-0.763936,0.229494,0.518286,0.239319,0.018776,0.061608,0.493866,0.077897,0.028002,0.027201,both
Puducherry,Urad,2007,Summer,puducherry,2007,summer,Puducherry,Moong(Green Gram); Rice,Moong(Green Gram),Summer,10.9156489,79.8069488,2007-03-01,2007-06-28,17.0,Landsat 5/7 SR,0.6,0.05,datasets\test_images\2007\rgb\puducherry_2007_moong_green_gram_summer_rgb.png,datasets\test_images\2007\ndvi\puducherry_2007_moong_green_gram_summer_ndvi.png,0.33196,0.081021,0.040928,0.015812,0.613814,0.224973,-0.137198,0.107622,0.418008,0.114264,0.0497,0.021189,0.739727,0.323489,-0.368202,0.167928,0.50078,-0.360757,-0.680553,0.185145,0.503863,0.256384,0.03815,0.057442,0.454981,0.125771,0.045107,0.031894,both
Assam,Urad,2007,Rabi,assam,2007,rabi,Assam,Moong(Green Gram); Urad,Moong(Green Gram),Rabi,26.4073841,93.2551303,2007-11-01,2008-04-28,40.0,Landsat 5/7 SR T1/T2,0.6,0.25,datasets\test_images\2007\rgb\assam_2007_moong(green_gram)_rabi_rgb.png,datasets\test_images\2007\ndvi\assam_2007_moong(green_gram)_rabi_ndvi.png,0.21745,0.040869,0.003197,0.025106,0.801027,0.360751,-0.146067,0.129888,0.262468,0.058692,0.005782,0.030377,1.021782,0.628124,-0.469515,0.214138,0.541583,-0.589326,-0.852807,0.185261,0.498418,0.236399,0.028057,0.05207,0.29038,0.05334,-0.000515,0.037454,both
Karnataka,Urad,2007,Kharif,karnataka,2007,kharif,Karnataka,Maize; Moong(Green Gram); Rice,Maize,Kharif,14.9562045,75.7896741,2007-07-01,2007-10-28,1.0,Landsat 5/7 SR,0.6,0.05,datasets\test_images\2007\rgb\karnataka_2007_maize_kharif_rgb.png,datasets\test_images\2007\ndvi\karnataka_2007_maize_kharif_ndvi.png,1.602213,0.111803,0.0519,0.070914,3.097125,0.324915,-0.11039700000000001,0.137838,0.41402,0.137324,0.070325,0.04632,0.728955,0.38016200000000006,-0.505766,0.139741,0.153685,-0.389414,-0.677361,0.12063,0.622057,0.315691,0.11311500000000001,0.084131,1.602213,0.140865,0.061497,0.054975,both
Karnataka,Urad,2007,Rabi,karnataka,2007,rabi,Karnataka,Maize; Moong(Green Gram); Rice,Maize,Rabi,14.9562045,75.7896741,2007-11-01,2008-04-28,9.0,Landsat 5/7 SR,0.6,0.05,datasets\test_images\2007\rgb\karnataka_2007_maize_rabi_rgb.png,datasets\test_images\2007\ndvi\karnataka_2007_maize_rabi_ndvi.png,0.123592,0.06631,0.032705,0.009726,0.607254,0.180203,-0.09844000000000001,0.061858,0.178675,0.092902,0.046207,0.014517999999999998,0.813386,0.299699,-0.413602,0.102062,0.44263,-0.394031,-0.734995,0.097656,0.363723,0.225823,0.021181999999999996,0.041957,0.242035,0.116412,0.031027,0.028249,both
Tamil Nadu,Urad,2007,Whole Year,tamil nadu,2007,whole year,Tamil Nadu,Maize; Moong(Green Gram),Maize,Whole Year,11.3323723,78.6098639,2007-01-01,2007-12-28,28.0,Landsat 5/7 SR,0.6,0.05,datasets\test_images\2007\rgb\tamil_nadu_2007_maize_whole_year_rgb.png,datasets\test_images\2007\ndvi\tamil_nadu_2007_maize_whole_year_ndvi.png,0.092916,0.0363,0.01769,0.00751,0.645033,0.384602,0.059333,0.074957,0.133437,0.060608,0.032554,0.011936,0.837169,0.645494,0.172611,0.1085,-0.205415,-0.62216,-0.769599,0.064722,0.405578,0.257056,0.09227,0.030823,0.167579,0.057225,0.023671,0.02114,both
West Bengal,Urad,2007,Kharif,west bengal,2007,kharif,West Bengal,Maize; Moong(Green Gram); Rice,Maize,Kharif,22.996494800000004,87.6855882,2007-07-01,2007-10-28,8.0,Landsat 5/7 SR,0.6,0.05,datasets\test_images\2007\rgb\west_bengal_2007_maize_kharif_rgb.png,datasets\test_images\2007\ndvi\west_bengal_2007_maize_kharif_ndvi.png,0.205487,0.051821,0.018982,0.016814,0.654998,0.38039400000000007,-0.101697,0.097269,0.282158,0.078869,0.041780000000000005,0.025969000000000002,0.8299949999999999,0.59545,-0.232631,0.15177,0.22145099999999998,-0.548286,-0.739763,0.128987,0.441355,0.262448,0.072855,0.03597,0.33817499999999995,0.069565,0.028236,0.033592,both
West Bengal,Urad,2007,Rabi,west bengal,2007,rabi,West Bengal,Maize; Moong(Green Gram),Maize,Rabi,22.9964948,87.6855882,2007-11-01,2008-04-28,12.0,Landsat 5/7 SR,0.6,0.05,datasets\test_images\2007\rgb\west_bengal_2007_maize_rabi_rgb.png,datasets\test_images\2007\ndvi\west_bengal_2007_maize_rabi_ndvi.png,0.156785,0.071808,0.045493,0.013457,0.553675,0.253102,-0.093636,0.071387,0.2477,0.105937,0.0618,0.021738,0.718596,0.38669,-0.168691,0.101942,0.194296,-0.400334,-0.643035,0.076257,0.400751,0.248719,0.078575,0.035534,0.313287,0.109261,0.055475,0.033076,both
Puducherry,Urad,2008,Kharif,puducherry,2008,kharif,Puducherry,Rice,Rice,Kharif,10.9156489,79.8069488,2008-07-01,2008-10-28,17.0,Landsat 5/7 SR,0.6,0.05,datasets\test_images\2008\rgb\puducherry_2008_rice_kharif_rgb.png,datasets\test_images\2008\ndvi\puducherry_2008_rice_kharif_ndvi.png,0.334463,0.081498,0.042825,0.014731,0.580296,0.196369,-0.120244,0.101179,0.421775,0.116628,0.064192,0.019832,0.732326,0.29168,-0.26885,0.14978,0.377423,-0.327509,-0.689513,0.155189,0.497895,0.24016,0.049604,0.053013,0.459203,0.12761,0.057317,0.029036,both
Puducherry,Urad,2008,Rabi,puducherry,2008,rabi,Puducherry,Moong(Green Gram); Rice,Moong(Green Gram),Rabi,10.9156489,79.8069488,2008-11-01,2009-04-28,30.0,Landsat 5/7 SR,0.6,0.05,datasets\test_images\2008\rgb\puducherry_2008_moong_green_gram_rabi_rgb.png,datasets\test_images\2008\ndvi\puducherry_2008_moong_green_gram_rabi_ndvi.png,0.335714,0.054867,0.029295,0.013722,0.644378,0.291058,-0.113204,0.118268,0.433009,0.079303,0.04134,0.016805,0.809795,0.469507,-0.360108,0.199036,0.560141,-0.451548,-0.735392,0.216455,0.529204,0.230647,0.022791,0.059239,0.475373,0.076871,0.033282,0.023427,both
Puducherry,Urad,2008,Summer,puducherry,2008,summer,Puducherry,Moong(Green Gram); Rice,Moong(Green Gram),Summer,10.9156489,79.8069488,2008-03-01,2008-06-28,19.0,Landsat 5/7 SR,0.6,0.05,datasets\test_images\2008\rgb\puducherry_2008_moong_green_gram_summer_rgb.png,datasets\test_images\2008\ndvi\puducherry_2008_moong_green_gram_summer_ndvi.png,0.29599,0.076641,0.043389,0.012095,0.591112,0.244353,-0.096838,0.102321,0.39026,0.107152,0.057675,0.015789,0.733556,0.354144,-0.249999,0.151988,0.392848,-0.387133,-0.682193,0.166938,0.468305,0.253841,0.03914,0.053644,0.425818,0.117218,0.053289,0.025075,both
Andhra Pradesh,Urad,2008,Kharif,andhra pradesh,2008,kharif,Andhra Pradesh,Maize; Moong(Green Gram); Rice,Maize,Kharif,15.9240905,80.1863809,2008-07-01,2008-10-28,18.0,Landsat 5/7 SR,0.6,0.05,datasets\test_images\2008\rgb\andhra_pradesh_2008_maize_kharif_rgb.png,datasets\test_images\2008\ndvi\andhra_pradesh_2008_maize_kharif_ndvi.png,0.13374,0.068573,0.0299,0.007568000000000001,0.706883,0.221432,-0.039773,0.106087,0.184106,0.095201,0.05498,0.009955,0.8266209999999999,0.3567449999999999,-0.087756,0.129963,0.143268,-0.37491199999999997,-0.755605,0.10490700000000001,0.461678,0.216467,0.070449,0.051330999999999995,0.203012,0.10018500000000001,0.039566,0.015096,both
Andhra Pradesh,Urad,2008,Rabi,andhra pradesh,2008,rabi,Andhra Pradesh,Maize; Moong(Green Gram); Rice,Maize,Rabi,15.9240905,80.1863809,2008-11-01,2009-04-28,33.0,Landsat 5/7 SR,0.6,0.05,datasets\test_images\2008\rgb\andhra_pradesh_2008_maize_rabi_rgb.png,datasets\test_images\2008\ndvi\andhra_pradesh_2008_maize_rabi_ndvi.png,0.11182200000000002,0.055272999999999996,0.038398,0.005817,0.685909,0.33785,-0.028051000000000003,0.093205,0.152234,0.079066,0.05068999999999999,0.008563,0.787906,0.512903,-0.044855,0.107829,0.129048,-0.504367,-0.727132,0.08400599999999998,0.43509899999999996,0.259999,0.07038,0.037464,0.18894599999999998,0.077243,0.043554,0.013727999999999999,both
Assam,Urad,2008,Rabi,assam,2008,rabi,Assam,Moong(Green Gram); Urad,Moong(Green Gram),Rabi,26.4073841,93.2551303,2008-11-01,2009-04-28,65.0,Landsat 5/7 SR T1/T2,0.6,0.25,datasets\test_images\2008\rgb\assam_2008_moong(green_gram)_rabi_rgb.png,datasets\test_images\2008\ndvi\assam_2008_moong(green_gram)_rabi_ndvi.png,0.21492,0.051871,0.01131,0.025415,0.746486,0.332152,-0.111223,0.12391,0.26717,0.070433,0.017333,0.03044,0.876808,0.560082,-0.273815,0.199397,0.342505,-0.529757,-0.817114,0.16856,0.480212,0.233002,0.056066,0.043611,0.291673,0.065728,0.010114,0.037961,both
Karnataka,Urad,2008,Kharif,karnataka,2008,kharif,Karnataka,Maize; Moong(Green Gram); Rice,Maize,Kharif,14.9562045,75.7896741,2008-07-01,2008-10-28,1.0,Landsat 5/7 SR,0.6,0.05,datasets\test_images\2008\rgb\karnataka_2008_maize_kharif_rgb.png,datasets\test_images\2008\ndvi\karnataka_2008_maize_kharif_ndvi.png,0.34848799999999996,0.065907,0.027672,0.016921,0.724675,0.286622,-0.307962,0.12367100000000002,0.38814300000000007,0.092098,0.041368,0.020967,0.8657720000000001,0.427289,-0.499604,0.165363,0.296521,-0.455123,-0.7748,0.138804,0.537797,0.25637,0.04992,0.064367,1.602213,0.099777,0.02627,0.031016,both
Karnataka,Urad,2008,Rabi,karnataka,2008,rabi,Karnataka,Maize; Moong(Green Gram); Rice,Maize,Rabi,14.9562045,75.7896741,2008-11-01,2009-04-28,10.0,Landsat 5/7 SR,0.6,0.05,datasets\test_images\2008\rgb\karnataka_2008_maize_rabi_rgb.png,datasets\test_images\2008\ndvi\karnataka_2008_maize_rabi_ndvi.png,0.115948,0.068845,0.046097,0.007399,0.586811,0.192049,-0.080608,0.062367,0.166328,0.094157,0.059434999999999995,0.012692,0.7591170000000002,0.315682,-0.231797,0.095542,0.24946499999999996,-0.400741,-0.684841,0.08636700000000001,0.393175,0.227536,0.049012,0.038866,0.231104,0.11539300000000001,0.048985,0.025651999999999998,both
Tamil Nadu,Urad,2008,Whole Year,tamil nadu,2008,whole year,Tamil Nadu,Maize; Moong(Green Gram),Maize,Whole Year,11.3323723,78.6098639,2008-01-01,2008-12-28,26.0,Landsat 5/7 SR,0.6,0.05,datasets\test_images\2008\rgb\tamil_nadu_2008_maize_whole_year_rgb.png,datasets\test_images\2008\ndvi\tamil_nadu_2008_maize_whole_year_ndvi.png,0.088887,0.03316,0.01615,0.006681,0.672775,0.412294,0.074882,0.067138,0.130564,0.056975,0.030175,0.010813,0.847044,0.687502,0.198398,0.092391,-0.225214,-0.646958,-0.787358,0.05794,0.425598,0.270582,0.094676,0.032568,0.158944,0.049939,0.022709,0.017782,both
West Bengal,Urad,2008,Kharif,west bengal,2008,kharif,West Bengal,Moong(Green Gram); Rice,Moong(Green Gram),Kharif,22.9964948,87.6855882,2008-07-01,2008-10-28,8.0,Landsat 5/7 SR,0.6,0.05,datasets\test_images\2008\rgb\west_bengal_2008_moong_green_gram_kharif_rgb.png,datasets\test_images\2008\ndvi\west_bengal_2008_moong_green_gram_kharif_ndvi.png,0.217711,0.055456,0.022778,0.015983,0.673818,0.402177,-0.084807,0.101857,0.297049,0.082259,0.040735,0.023867,0.808262,0.613892,-0.232884,0.146351,0.254997,-0.549816,-0.745963,0.116662,0.431317,0.266099,0.057675,0.036464,0.349161,0.067401,0.030285,0.032878,both
West Bengal,Urad,2008,Rabi,west bengal,2008,rabi,West Bengal,Maize; Moong(Green Gram),Maize,Rabi,22.9964948,87.6855882,2008-11-01,2009-04-28,17.0,Landsat 5/7 SR,0.6,0.05,datasets\test_images\2008\rgb\west_bengal_2008_maize_rabi_rgb.png,datasets\test_images\2008\ndvi\west_bengal_2008_maize_rabi_ndvi.png,0.154544,0.081625,0.048132,0.015476,0.50236,0.208499,-0.033871,0.064998,0.23329,0.115716,0.070132,0.021743,0.690233,0.316837,-0.061685,0.098513,0.112336,-0.344224,-0.62213,0.069635,0.364163,0.236455,0.095309,0.02705,0.290256,0.123808,0.059957,0.033029,both
Puducherry,Urad,2009,Kharif,puducherry,2009,kharif,Puducherry,Rice,Rice,Kharif,10.9156489,79.8069488,2009-07-01,2009-10-28,14.0,Landsat 5/7 SR,0.6,0.05,datasets\test_images\2009\rgb\puducherry_2009_rice_kharif_rgb.png,datasets\test_images\2009\ndvi\puducherry_2009_rice_kharif_ndvi.png,0.968035,0.090392,0.03914,0.01465,0.58959,0.186795,-0.148826,0.096253,0.429255,0.128146,0.064358,0.019726,0.724451,0.26101,-0.376289,0.145169,0.490508,-0.313584,-0.676838,0.161981,0.507548,0.257822,0.041532,0.053503,0.463273,0.145315,0.05652,0.02912,both
Puducherry,Urad,2009,Rabi,puducherry,2009,rabi,Puducherry,Moong(Green Gram); Rice,Moong(Green Gram),Rabi,10.9156489,79.8069488,2009-11-01,2010-04-28,24.0,Landsat 5/7 SR,0.6,0.05,datasets\test_images\2009\rgb\puducherry_2009_moong_green_gram_rabi_rgb.png,datasets\test_images\2009\ndvi\puducherry_2009_moong_green_gram_rabi_ndvi.png,0.315694,0.061523,0.017937,0.013668,0.668639,0.281325,-0.325515,0.118728,0.375465,0.085307,0.031495,0.017648,0.845277,0.44052,-0.545858,0.198488,0.602817,-0.440932,-0.770091,0.211295,0.504289,0.23501,0.019945,0.061198,1.602213,0.085849,0.02319,0.02632,both
Puducherry,Urad,2009,Summer,puducherry,2009,summer,Puducherry,Moong(Green Gram); Rice,Moong(Green Gram),Summer,10.9156489,79.8069488,2009-03-01,2009-06-28,12.0,Landsat 5/7 SR,0.6,0.05,datasets\test_images\2009\rgb\puducherry_2009_moong_green_gram_summer_rgb.png,datasets\test_images\2009\ndvi\puducherry_2009_moong_green_gram_summer_ndvi.png,0.315446,0.067907,0.039209,0.012982,0.616821,0.268344,-0.120782,0.109333,0.408878,0.097271,0.054733,0.017199,0.761348,0.405948,-0.345439,0.174052,0.540971,-0.402557,-0.689966,0.195278,0.527609,0.243449,0.02396,0.055616,0.450375,0.097457,0.033805,0.024316,both
Andhra Pradesh,Urad,2009,Kharif,andhra pradesh,2009,kharif,Andhra Pradesh,Maize; Moong(Green Gram); Rice,Maize,Kharif,15.9240905,80.1863809,2009-07-01,2009-10-28,12.0,Landsat 5/7 SR,0.6,0.05,datasets\test_images\2009\rgb\andhra_pradesh_2009_maize_kharif_rgb.png,datasets\test_images\2009\ndvi\andhra_pradesh_2009_maize_kharif_ndvi.png,0.12868,0.074159,0.041203,0.008246,0.648437,0.165045,-0.037974,0.077796,0.183625,0.10197099999999999,0.060865,0.011897,0.7544080000000001,0.267663,-0.064971,0.09946899999999999,0.097094,-0.306712,-0.700808,0.082134,0.4259549999999999,0.206558,0.077887,0.039894,0.208279,0.111056,0.049783,0.015678,both
Andhra Pradesh,Urad,2009,Rabi,andhra pradesh,2009,rabi,Andhra Pradesh,Maize; Moong(Green Gram); Rice,Maize,Rabi,15.9240905,80.1863809,2009-11-01,2010-04-28,24.0,Landsat 5/7 SR,0.6,0.05,datasets\test_images\2009\rgb\andhra_pradesh_2009_maize_rabi_rgb.png,datasets\test_images\2009\ndvi\andhra_pradesh_2009_maize_rabi_ndvi.png,0.132915,0.053498,0.030725,0.008444,0.731747,0.338046,-0.02666,0.104711,0.17906,0.075269,0.037793,0.010722,0.8324729999999999,0.523385,-0.065479,0.121083,0.16031,-0.52871,-0.76974,0.09091299999999998,0.4569750000000001,0.25794,0.060177,0.042297,0.193003,0.075402,0.034052,0.017035,both
Assam,Urad,2009,Rabi,assam,2009,rabi,Assam,Moong(Green Gram); Urad,Moong(Green Gram),Rabi,26.4073841,93.2551303,2009-11-01,2010-04-28,52.0,Landsat 5/7 SR T1/T2,0.6,0.25,datasets\test_images\2009\rgb\assam_2009_moong(green_gram)_rabi_rgb.png,datasets\test_images\2009\ndvi\assam_2009_moong(green_gram)_rabi_ndvi.png,0.206863,0.047268,0.010237,0.022581,0.766346,0.353605,-0.115158,0.13147,0.261959,0.062556,0.014857,0.027271,0.884942,0.602978,-0.289596,0.208311,0.390789,-0.566394,-0.823607,0.176666,0.50312,0.234727,0.042907,0.050058,0.273701,0.057948,0.00823,0.035054,both
Karnataka,Urad,2009,Kharif,karnataka,2009,kharif,Karnataka,Maize; Moong(Green Gram); Rice,Maize,Kharif,14.9562045,75.7896741,2009-07-01,2009-10-28,2.0,Landsat 5/7 SR,0.6,0.05,datasets\test_images\2009\rgb\karnataka_2009_maize_kharif_rgb.png,datasets\test_images\2009\ndvi\karnataka_2009_maize_kharif_ndvi.png,0.24165,0.058755,0.026023,0.010591999999999999,0.74544,0.308247,-0.05594,0.110099,0.26376,0.078935,0.03936,0.013767,0.829586,0.4693129999999999,-0.207129,0.139816,0.26036,-0.513944,-0.766105,0.12488,0.50323,0.258101,0.036115,0.060611,0.283643,0.089679,0.029955,0.022378,both
Karnataka,Urad,2009,Rabi,karnataka,2009,rabi,Karnataka,Maize; Moong(Green Gram); Rice,Maize,Rabi,14.9562045,75.7896741,2009-11-01,2010-04-28,7.0,Landsat 5/7 SR,0.6,0.05,datasets\test_images\2009\rgb\karnataka_2009_maize_rabi_rgb.png,datasets\test_images\2009\ndvi\karnataka_2009_maize_rabi_ndvi.png,0.116786,0.066853,0.040254,0.007792999999999999,0.62925,0.208804,-0.073038,0.069347,0.15134,0.085656,0.052546,0.01096,0.76777,0.338968,-0.260426,0.105522,0.297858,-0.424321,-0.699942,0.10210999999999999,0.395457,0.22171700000000003,0.038453,0.040087,0.20484099999999997,0.105786,0.041615,0.022436,both
Tamil Nadu,Urad,2009,Whole Year,tamil nadu,2009,whole year,Tamil Nadu,Maize; Moong(Green Gram),Maize,Whole Year,11.3323723,78.6098639,2009-01-01,2009-12-28,28.0,Landsat 5/7 SR,0.6,0.05,datasets\test_images\2009\rgb\tamil_nadu_2009_maize_whole_year_rgb.png,datasets\test_images\2009\ndvi\tamil_nadu_2009_maize_whole_year_ndvi.png,0.094498,0.036182,0.019175,0.007415,0.600803,0.336569,0.10461,0.070433,0.135748,0.059511,0.029955,0.011073,0.832484,0.612062,0.185007,0.11325,-0.252537,-0.602463,-0.783441,0.066995,0.363076,0.234472,0.090373,0.028116,0.162697,0.057242,0.025252,0.020346,both
Puducherry,Urad,2010,Kharif,puducherry,2010,kharif,Puducherry,Moong(Green Gram); Rice,Moong(Green Gram),Kharif,10.9156489,79.8069488,2010-07-01,2010-10-28,5.0,Landsat 5/7 SR,0.6,0.05,datasets\test_images\2010\rgb\puducherry_2010_moong_green_gram_kharif_rgb.png,datasets\test_images\2010\ndvi\puducherry_2010_moong_green_gram_kharif_ndvi.png,0.311418,0.051723,0.022654,0.016298,0.720021,0.282342,-0.33047,0.136923,0.413264,0.076338,0.02726,0.019778,0.868455,0.470438,-0.567337,0.203595,0.529295,-0.454071,-0.794414,0.218673,0.505031,0.222447,0.022723,0.069895,1.602213,0.074282,0.021856,0.028194,both
Puducherry,Urad,2010,Rabi,puducherry,2010,rabi,Puducherry,Moong(Green Gram); Rice,Moong(Green Gram),Rabi,10.9156489,79.8069488,2010-11-01,2011-04-28,19.0,Landsat 5/7 SR,0.6,0.05,datasets\test_images\2010\rgb\puducherry_2010_moong_green_gram_rabi_rgb.png,datasets\test_images\2010\ndvi\puducherry_2010_moong_green_gram_rabi_ndvi.png,0.829078,0.058417,0.02495,0.014413,0.717714,0.311872,-0.119869,0.130405,0.387235,0.08098,0.036362,0.018566,0.86854,0.481602,-0.4153,0.204613,0.604012,-0.460376,-0.792462,0.220143,0.495503,0.241615,0.016618,0.064242,0.42084,0.077458,0.021705,0.025162,both
Puducherry,Urad,2010,Summer,puducherry,2010,summer,Puducherry,Moong(Green Gram); Rice,Moong(Green Gram),Summer,10.9156489,79.8069488,2010-03-01,2010-06-28,7.0,Landsat 5/7 SR,0.6,0.05,datasets\test_images\2010\rgb\puducherry_2010_moong_green_gram_summer_rgb.png,datasets\test_images\2010\ndvi\puducherry_2010_moong_green_gram_summer_ndvi.png,0.28169,0.071546,0.036596,0.014475,0.636136,0.268923,-0.323208,0.110076,0.338312,0.09687,0.044722,0.018442,0.783311,0.391318,-0.570294,0.164442,0.423648,-0.421966,-0.716075,0.181064,0.447818,0.258174,0.032183,0.058902,1.602213,0.107812,0.033777,0.027932,both
Assam,Urad,2010,Rabi,assam,2010,rabi,Assam,Moong(Green Gram); Urad,Moong(Green Gram),Rabi,26.4073841,93.2551303,2010-11-01,2011-04-28,56.0,Landsat 5/7 SR T1/T2,0.6,0.25,datasets\test_images\2010\rgb\assam_2010_moong(green_gram)_rabi_rgb.png,datasets\test_images\2010\ndvi\assam_2010_moong(green_gram)_rabi_ndvi.png,0.209929,0.046788,0.007488,0.026997,0.750165,0.352559,-0.117665,0.130398,0.259827,0.064361,0.011736,0.032472,0.904525,0.605081,-0.345732,0.210615,0.424912,-0.567767,-0.839325,0.179922,0.473035,0.236634,0.041258,0.049023,0.280535,0.058639,0.007804,0.039591,both
Andhra Pradesh,Urad,2010,Kharif,andhra pradesh,2010,kharif,Andhra Pradesh,Maize; Moong(Green Gram); Rice,Maize,Kharif,15.9240905,80.1863809,2010-07-01,2010-10-28,3.0,Landsat 5/7 SR,0.6,0.05,datasets\test_images\2010\rgb\andhra_pradesh_2010_maize_kharif_rgb.png,datasets\test_images\2010\ndvi\andhra_pradesh_2010_maize_kharif_ndvi.png,0.335617,0.045563,0.013262000000000001,0.018619,0.893949,0.319364,-0.104931,0.19163300000000003,0.390508,0.073634,0.028745000000000003,0.021029000000000003,0.890361,0.510608,-0.281323,0.194302,0.342565,-0.48751000000000005,-0.8081809999999999,0.155192,0.605447,0.239858,0.027892,0.10615599999999999,0.395265,0.067829,0.020852,0.024517,both
Andhra Pradesh,Urad,2010,Rabi,andhra pradesh,2010,rabi,Andhra Pradesh,Maize; Moong(Green Gram); Rice,Maize,Rabi,15.9240905,80.1863809,2010-11-01,2011-04-28,17.0,Landsat 5/7 SR,0.6,0.05,datasets\test_images\2010\rgb\andhra_pradesh_2010_maize_rabi_rgb.png,datasets\test_images\2010\ndvi\andhra_pradesh_2010_maize_rabi_ndvi.png,0.136325,0.055395,0.01835,0.009466,0.753545,0.37275300000000006,-0.027467000000000002,0.095316,0.166493,0.073872,0.033557,0.011432,0.899917,0.549506,-0.071152,0.104813,0.125845,-0.54748,-0.825109,0.081767,0.475716,0.267081,0.046538,0.043693,0.197512,0.073334,0.021402,0.015809,both
Karnataka,Urad,2010,Kharif,karnataka,2010,kharif,Karnataka,Maize; Moong(Green Gram); Rice,Maize,Kharif,14.9562045,75.7896741,2010-07-01,2010-10-28,1.0,Landsat 5/7 SR,0.6,0.05,datasets\test_images\2010\rgb\karnataka_2010_maize_kharif_rgb.png,datasets\test_images\2010\ndvi\karnataka_2010_maize_kharif_ndvi.png,0.143338,0.078605,0.045492,0.014675,0.578738,0.3524070000000001,0.178378,0.069715,0.150433,0.085424,0.046978,0.01704,0.702211,0.501989,0.301685,0.08666800000000001,-0.278768,-0.473083,-0.631119,0.065598,0.38201,0.23916100000000004,0.147215,0.04073,0.147875,0.079854,0.037435,0.021346,both
Karnataka,Urad,2010,Rabi,karnataka,2010,rabi,Karnataka,Maize; Moong(Green Gram); Rice,Maize,Rabi,14.9562045,75.7896741,2010-11-01,2011-04-28,1.0,Landsat 5/7 SR,0.6,0.05,datasets\test_images\2010\rgb\karnataka_2010_maize_rabi_rgb.png,datasets\test_images\2010\ndvi\karnataka_2010_maize_rabi_ndvi.png,0.1498,0.060229,0.032073,0.009406,0.791232,0.203993,-0.115039,0.087183,0.19006,0.080151,0.038205,0.013246,0.816214,0.339636,-0.49190700000000004,0.137961,0.544739,-0.449896,-0.750445,0.135827,0.523168,0.221187,0.016122,0.050707,0.23703,0.10606900000000001,0.033007,0.025542,both
Puducherry,Urad,2011,Kharif,puducherry,2011,kharif,Puducherry,Moong(Green Gram); Rice,Moong(Green Gram),Kharif,10.9156489,79.8069488,2011-07-01,2011-10-28,6.0,Landsat 5/7 SR,0.6,0.05,datasets\test_images\2011\rgb\puducherry_2011_moong_green_gram_kharif_rgb.png,datasets\test_images\2011\ndvi\puducherry_2011_moong_green_gram_kharif_ndvi.png,0.284151,0.061517,0.02924,0.017716,0.749115,0.285237,-0.320583,0.132985,0.345339,0.083038,0.034768,0.021428,0.837499,0.443004,-0.578794,0.188597,0.410859,-0.460306,-0.778602,0.180437,0.48068,0.240019,0.02396,0.069598,1.602213,0.08838,0.022035,0.032392,both
Puducherry,Urad,2011,Rabi,puducherry,2011,rabi,Puducherry,Moong(Green Gram); Rice,Moong(Green Gram),Rabi,10.9156489,79.8069488,2011-11-01,2012-04-28,16.0,Landsat 5/7 SR,0.6,0.05,datasets\test_images\2011\rgb\puducherry_2011_moong_green_gram_rabi_rgb.png,datasets\test_images\2011\ndvi\puducherry_2011_moong_green_gram_rabi_ndvi.png,0.339495,0.068824,0.029047,0.013176,0.697794,0.273224,-0.133066,0.109322,0.330888,0.089828,0.036211,0.016877,0.810136,0.407519,-0.333476,0.167988,0.476317,-0.438685,-0.737948,0.187074,0.443198,0.24707,0.02506,0.059085,0.38806,0.0989,0.030037,0.02792,both
Puducherry,Urad,2011,Summer,puducherry,2011,summer,Puducherry,Moong(Green Gram); Rice,Moong(Green Gram),Summer,10.9156489,79.8069488,2011-03-01,2011-06-28,8.0,Landsat 5/7 SR,0.6,0.05,datasets\test_images\2011\rgb\puducherry_2011_moong_green_gram_summer_rgb.png,datasets\test_images\2011\ndvi\puducherry_2011_moong_green_gram_summer_ndvi.png,0.308777,0.080139,0.032966,0.016391,0.745273,0.235521,-0.098651,0.098847,0.387647,0.105175,0.050992,0.019359,0.819706,0.338914,-0.270495,0.151167,0.440806,-0.38691,-0.75864,0.170493,0.48981,0.248265,0.034369,0.054824,0.421252,0.120431,0.036143,0.030636,both
Assam,Urad,2011,Rabi,assam,2011,rabi,Assam,Moong(Green Gram); Urad,Moong(Green Gram),Rabi,26.4073841,93.2551303,2011-11-01,2012-04-28,38.0,Landsat 5/7 SR T1/T2,0.6,0.25,datasets\test_images\2011\rgb\assam_2011_moong(green_gram)_rabi_rgb.png,datasets\test_images\2011\ndvi\assam_2011_moong(green_gram)_rabi_ndvi.png,0.215676,0.053355,0.005535,0.028464,0.783117,0.368721,-0.129306,0.141705,0.26563,0.06891,0.009632,0.031839,0.946046,0.597393,-0.38497,0.223764,0.466503,-0.561954,-0.864667,0.186622,0.5172,0.246125,0.033681,0.051997,0.294546,0.063074,0.002977,0.040278,both
Andhra Pradesh,Urad,2011,Kharif,andhra pradesh,2011,kharif,Andhra Pradesh,Maize; Moong(Green Gram); Rice,Maize,Kharif,15.9240905,80.1863809,2011-07-01,2011-10-28,10.0,Landsat 5/7 SR,0.6,0.05,datasets\test_images\2011\rgb\andhra_pradesh_2011_maize_kharif_rgb.png,datasets\test_images\2011\ndvi\andhra_pradesh_2011_maize_kharif_ndvi.png,0.139199,0.065191,0.039332,0.007188,0.681264,0.19173300000000001,-0.070489,0.082777,0.19468,0.087468,0.054677,0.009826,0.796075,0.322317,-0.197248,0.104703,0.23050399999999996,-0.369003,-0.747798,0.082032,0.439953,0.197663,0.058362,0.042506999999999996,0.21184,0.095872,0.043127,0.014678000000000002,both
Andhra Pradesh,Urad,2011,Rabi,andhra pradesh,2011,rabi,Andhra Pradesh,Maize; Moong(Green Gram); Rice,Maize,Rabi,15.9240905,80.1863809,2011-11-01,2012-04-28,17.0,Landsat 5/7 SR,0.6,0.05,datasets\test_images\2011\rgb\andhra_pradesh_2011_maize_rabi_rgb.png,datasets\test_images\2011\ndvi\andhra_pradesh_2011_maize_rabi_ndvi.png,0.136229,0.062771,0.027397,0.009174,0.787464,0.306147,-0.001632,0.099437,0.171291,0.083319,0.048847,0.011861000000000002,0.819899,0.464285,-0.00395,0.117882,0.027959,-0.49076000000000003,-0.7601590000000001,0.084497,0.48516200000000004,0.254486,0.071068,0.038195,0.226154,0.088669,0.032018,0.019581,both
Karnataka,Urad,2011,Kharif,karnataka,2011,kharif,Karnataka,Maize; Moong(Green Gram); Rice,Maize,Kharif,14.9562045,75.7896741,2011-07-01,2011-10-28,2.0,Landsat 5/7 SR,0.6,0.05,datasets\test_images\2011\rgb\karnataka_2011_maize_kharif_rgb.png,datasets\test_images\2011\ndvi\karnataka_2011_maize_kharif_ndvi.png,0.243768,0.064776,0.025830000000000002,0.013302,0.722203,0.288411,-0.083406,0.10881400000000001,0.261203,0.081989,0.034493,0.015529,0.847895,0.4392150000000001,-0.23678199999999996,0.144467,0.280019,-0.487485,-0.8002160000000001,0.11881599999999999,0.45791,0.24606800000000004,0.04447500000000001,0.053264,0.291892,0.093553,0.024289999999999996,0.024665000000000003,both
Karnataka,Urad,2011,Rabi,karnataka,2011,rabi,Karnataka,Maize; Moong(Green Gram); Rice,Maize,Rabi,14.9562045,75.7896741,2011-11-01,2012-04-28,7.0,Landsat 5/7 SR,0.6,0.05,datasets\test_images\2011\rgb\karnataka_2011_maize_rabi_rgb.png,datasets\test_images\2011\ndvi\karnataka_2011_maize_rabi_ndvi.png,0.117597,0.070472,0.042495,0.008581,0.654239,0.162392,-0.097782,0.067703,0.162065,0.095206,0.058252,0.014423,0.7330520000000001,0.268978,-0.312339,0.101327,0.33873900000000007,-0.374188,-0.680046,0.092102,0.45513200000000004,0.217757,0.035647,0.044657,0.23295999999999997,0.121776,0.043017,0.029004,both
Tamil Nadu,Urad,2011,Whole Year,tamil nadu,2011,whole year,Tamil Nadu,Moong(Green Gram); Urad,Moong(Green Gram),Whole Year,11.3323723,78.6098639,2011-01-01,2011-12-28,14.0,Landsat 5/7 SR T1/T2,0.6,0.25,datasets\test_images\2011\rgb\tamil_nadu_2011_moong(green_gram)_whole_year_rgb.png,datasets\test_images\2011\ndvi\tamil_nadu_2011_moong(green_gram)_whole_year_ndvi.png,0.33295,0.052025,0.008519,0.013469,0.747769,0.329534,-0.06993,0.087768,0.397823,0.076544,0.01516,0.017967,0.884953,0.53598,-0.14032,0.134324,0.186139,-0.538815,-0.839245,0.094494,0.518355,0.252625,0.03969,0.034601,0.419245,0.07758,0.008725,0.026036,both
Andhra Pradesh,Urad,2012,Kharif,andhra pradesh,2012,kharif,Andhra Pradesh,Maize; Moong(Green Gram); Rice,Maize,Kharif,15.9240905,80.1863809,2012-07-01,2012-10-28,5.0,Landsat 5/7 SR,0.6,0.05,datasets\test_images\2012\rgb\andhra_pradesh_2012_maize_kharif_rgb.png,datasets\test_images\2012\ndvi\andhra_pradesh_2012_maize_kharif_ndvi.png,0.820525,0.060467,0.025308,0.013058,0.850443,0.26076,-0.086602,0.145008,0.30512,0.083178,0.03804,0.014823999999999999,0.872667,0.40201100000000006,-0.134557,0.161106,0.150014,-0.4371129999999999,-0.789962,0.12155500000000001,0.540974,0.230838,0.046978,0.071076,0.324865,0.089901,0.027535,0.02211,both
Andhra Pradesh,Urad,2012,Rabi,andhra pradesh,2012,rabi,Andhra Pradesh,Maize; Moong(Green Gram); Rice,Maize,Rabi,15.9240905,80.1863809,2012-11-01,2013-04-28,15.0,Landsat 5/7 SR,0.6,0.05,datasets\test_images\2012\rgb\andhra_pradesh_2012_maize_rabi_rgb.png,datasets\test_images\2012\ndvi\andhra_pradesh_2012_maize_rabi_ndvi.png,0.207275,0.065606,0.002977,0.010302,0.8402309999999998,0.315397,-0.004619,0.104833,0.260474,0.082278,0.01461,0.012017,0.905291,0.470284,-0.009791,0.118438,0.079716,-0.48899,-0.8407589999999999,0.09052500000000001,0.549513,0.253061,0.050828000000000005,0.047213,0.280521,0.08603100000000001,0.008395,0.01787,both
Assam,Urad,2012,Rabi,assam,2012,rabi,Assam,Moong(Green Gram); Urad,Moong(Green Gram),Rabi,26.4073841,93.2551303,2012-11-01,2013-04-28,32.0,Landsat 5/7 SR T1/T2,0.6,0.25,datasets\test_images\2012\rgb\assam_2012_moong(green_gram)_rabi_rgb.png,datasets\test_images\2012\ndvi\assam_2012_moong(green_gram)_rabi_ndvi.png,0.235077,0.0408,0.003692,0.028562,0.797802,0.366805,-0.141175,0.141472,0.289005,0.05734,0.00592,0.034092,0.956121,0.638211,-0.483818,0.236287,0.561613,-0.605121,-0.875901,0.198836,0.531583,0.240666,0.023218,0.054481,0.319585,0.053173,0.002015,0.043324,both
Karnataka,Urad,2012,Kharif,karnataka,2012,kharif,Karnataka,Maize; Moong(Green Gram); Rice,Maize,Kharif,14.9562045,75.7896741,2012-07-01,2012-10-28,1.0,Landsat 5/7 SR,0.6,0.05,datasets\test_images\2012\rgb\karnataka_2012_maize_kharif_rgb.png,datasets\test_images\2012\ndvi\karnataka_2012_maize_kharif_ndvi.png,0.13473,0.064235,0.031027,0.009968,0.752298,0.268388,-0.010374,0.110636,0.18318500000000001,0.088631,0.045657,0.014445,0.808249,0.41305,-0.036123,0.13959,0.134018,-0.461076,-0.746568,0.110637,0.527485,0.249034,0.052725,0.055102000000000005,0.245638,0.101425,0.031743,0.027943,both
Karnataka,Urad,2012,Rabi,karnataka,2012,rabi,Karnataka,Maize; Moong(Green Gram); Rice,Maize,Rabi,14.9562045,75.7896741,2012-11-01,2013-04-28,7.0,Landsat 5/7 SR,0.6,0.05,datasets\test_images\2012\rgb\karnataka_2012_maize_rabi_rgb.png,datasets\test_images\2012\ndvi\karnataka_2012_maize_rabi_ndvi.png,0.128639,0.07502,0.04439200000000001,0.009181,0.595592,0.178656,-0.038602,0.069724,0.175677,0.101248,0.06114,0.014475,0.714587,0.283396,-0.134441,0.101047,0.22473599999999996,-0.38061799999999996,-0.642503,0.081766,0.404313,0.232263,0.045822,0.04217099999999999,0.237772,0.126936,0.052395,0.029562,both
Kerala,Urad,2012,Whole Year,kerala,2012,whole year,Kerala,Maize; Moong(Green Gram),Maize,Whole Year,10.3528744,76.5120396,2012-01-01,2012-12-28,13.0,Landsat 5/7 SR,0.6,0.05,datasets\test_images\2012\rgb\kerala_2012_maize_whole_year_rgb.png,datasets\test_images\2012\ndvi\kerala_2012_maize_whole_year_ndvi.png,0.078795,0.035505,0.011255,0.006138,0.68169,0.400772,0.139997,0.071795,0.08314,0.047868,0.01439,0.007648,0.893809,0.704191,0.359224,0.078574,-0.481632,-0.68572,-0.851184,0.048551,0.40951,0.240978,0.100108,0.035775,0.120953,0.045503,0.010237,0.011828,both
Andhra Pradesh,Urad,2013,Kharif,andhra pradesh,2013,kharif,Andhra Pradesh,Maize; Moong(Green Gram); Rice,Maize,Kharif,15.9240905,80.1863809,2013-07-01,2013-10-28,9.0,Landsat 8 SR,0.6,0.05,datasets\test_images\2013\rgb\andhra_pradesh_2013_maize_kharif_rgb.png,datasets\test_images\2013\ndvi\andhra_pradesh_2013_maize_kharif_ndvi.png,0.288455,0.047425,-0.062115,0.013349,0.788855,0.29292,-0.153399,0.11264999999999999,0.337199,0.089775,0.028938000000000002,0.016364,0.882374,0.47537199999999996,-0.358284,0.133767,0.35569999999999996,-0.472629,-0.763689,0.096264,0.548124,0.259023,0.047871,0.059948,0.367353,0.08903,0.016728,0.023718,both
Andhra Pradesh,Urad,2013,Rabi,andhra pradesh,2013,rabi,Andhra Pradesh,Maize; Moong(Green Gram); Rice,Maize,Rabi,15.9240905,80.1863809,2013-11-01,2014-04-28,20.0,Landsat 8 SR,0.6,0.05,datasets\test_images\2013\rgb\andhra_pradesh_2013_maize_rabi_rgb.png,datasets\test_images\2013\ndvi\andhra_pradesh_2013_maize_rabi_ndvi.png,0.178345,0.041567,0.013345000000000001,0.007963,0.712227,0.36089,-0.055734,0.086162,0.266757,0.073751,0.041203,0.008929,0.8393159999999998,0.58367,-0.155139,0.099883,0.17269499999999996,-0.566677,-0.762454,0.075701,0.480323,0.278812,0.04838,0.040401,0.282845,0.069588,0.028965,0.015695,both
Assam,Urad,2013,Rabi,assam,2013,rabi,Assam,Moong(Green Gram); Urad,Moong(Green Gram),Rabi,26.4073841,93.2551303,2013-11-01,2014-04-28,33.0,Landsat 8 SR T1/T2,0.6,0.25,datasets\test_images\2013\rgb\assam_2013_moong(green_gram)_rabi_rgb.png,datasets\test_images\2013\ndvi\assam_2013_moong(green_gram)_rabi_ndvi.png,0.200881,0.027854,-0.00046,0.024515,0.747425,0.371061,-0.112418,0.129068,0.247617,0.051981,0.009289,0.029166,0.929098,0.689023,-0.61595,0.228829,0.713591,-0.634372,-0.854901,0.191881,0.518217,0.241014,0.01296,0.055875,0.269796,0.044264,0.004146,0.037715,both
Karnataka,Urad,2013,Kharif,karnataka,2013,kharif,Karnataka,Maize; Moong(Green Gram); Rice,Maize,Kharif,14.9562045,75.7896741,2013-07-01,2013-10-28,2.0,Landsat 8 SR,0.6,0.05,datasets\test_images\2013\rgb\karnataka_2013_maize_rabi_rgb.png,datasets\test_images\2013\ndvi\karnataka_2013_maize_rabi_ndvi.png,,,,,,,,,,,,,,,,,,,,,,,,,,,,,both
Karnataka,Urad,2013,Rabi,karnataka,2013,rabi,Karnataka,Maize; Moong(Green Gram); Rice,Maize,Rabi,14.9562045,75.7896741,2013-11-01,2014-04-28,11.0,Landsat 8 SR,0.6,0.05,datasets\test_images\2013\rgb\karnataka_2013_maize_rabi_rgb.png,datasets\test_images\2013\ndvi\karnataka_2013_maize_rabi_ndvi.png,0.104026,0.049249999999999995,0.014637000000000002,0.012566,0.564845,0.199287,-0.070923,0.061827,0.1762,0.089283,0.04398,0.015938,0.808977,0.3441159999999999,-0.195086,0.10037,0.15839,-0.445286,-0.7248420000000001,0.08974699999999998,0.39158,0.245598,0.037242,0.045182,0.231544,0.11437400000000002,0.0332,0.030878,both
Kerala,Urad,2013,Whole Year,kerala,2013,whole year,Kerala,Maize; Moong(Green Gram),Maize,Whole Year,10.3528744,76.5120396,2013-01-01,2013-12-28,11.0,Landsat 8 SR,0.6,0.05,datasets\test_images\2013\rgb\kerala_2013_maize_whole_year_rgb.png,datasets\test_images\2013\ndvi\kerala_2013_maize_whole_year_ndvi.png,0.101469,0.020152,-0.03511,0.005157,0.704953,0.470038,0.195144,0.065565,0.13429,0.045747,0.010265,0.009225,1.046941,0.809809,0.421562,0.043189,-0.385444,-0.723069,-0.910519,0.037531,0.45483,0.275873,0.10448,0.043173,0.127525,0.029497,-0.001725,0.008182,both
Tamil Nadu,Urad,2013,Kharif,tamil nadu,2013,kharif,Tamil Nadu,Maize; Moong(Green Gram); Rice,Maize,Kharif,11.332372299999998,78.6098639,2013-07-01,2013-10-28,4.0,Landsat 8 SR,0.6,0.05,datasets\test_images\2013\rgb\tamil_nadu_2013_maize_kharif_rgb.png,datasets\test_images\2013\ndvi\tamil_nadu_2013_maize_kharif_ndvi.png,0.147298,0.027243,-0.081833,0.00773,0.701134,0.40379799999999993,0.018213,0.098452,0.187173,0.068607,0.017662,0.012329,1.061405,0.653544,0.040656,0.11564400000000001,-0.19127400000000003,-0.62081,-0.9026010000000001,0.06414,0.47617,0.296168,0.135802,0.04519900000000001,0.186567,0.061551,-0.010277,0.020887,both
Tamil Nadu,Urad,2013,Rabi,tamil nadu,2013,rabi,Tamil Nadu,Maize; Moong(Green Gram),Maize,Rabi,11.3323723,78.6098639,2013-11-01,2014-04-28,9.0,Landsat 8 SR,0.6,0.05,datasets\test_images\2013\rgb\tamil_nadu_2013_maize_rabi_rgb.png,datasets\test_images\2013\ndvi\tamil_nadu_2013_maize_rabi_ndvi.png,0.1168,0.025804,0.005947,0.008618,0.641465,0.347944,-0.037316,0.066478,0.15277,0.049456,0.017525,0.012408,0.849688,0.669581,-0.078174,0.109573,0.053858,-0.648651,-0.788518,0.061097,0.403804,0.233905,0.055888,0.037004,0.203728,0.047298,0.01098,0.02094,both
Andhra Pradesh,Urad,2014,Kharif,andhra pradesh,2014,kharif,Andhra Pradesh,Maize; Moong(Green Gram); Rice,Maize,Kharif,15.9240905,80.1863809,2014-07-01,2014-10-28,12.0,Landsat 8 SR,0.6,0.05,datasets\test_images\2014\rgb\andhra_pradesh_2014_maize_kharif_rgb.png,datasets\test_images\2014\ndvi\andhra_pradesh_2014_maize_kharif_ndvi.png,0.272904,0.056803,0.016315,0.007698,0.661406,0.172233,-0.064674,0.06339,0.35290099999999996,0.09136499999999999,0.039442,0.011419,0.809929,0.301208,-0.20095699999999997,0.078024,0.20956699999999998,-0.37790799999999997,-0.7516760000000001,0.060591,0.507988,0.211205,0.046606,0.043815,0.360684,0.109276,0.032842,0.014975999999999998,both
Andhra Pradesh,Urad,2014,Rabi,andhra pradesh,2014,rabi,Andhra Pradesh,Maize; Moong(Green Gram); Rice,Maize,Rabi,15.9240905,80.1863809,2014-11-01,2015-04-28,19.0,Landsat 8 SR,0.6,0.05,datasets\test_images\2014\rgb\andhra_pradesh_2014_maize_rabi_rgb.png,datasets\test_images\2014\ndvi\andhra_pradesh_2014_maize_rabi_ndvi.png,0.197829,0.039878,0.016315,0.008247,0.768757,0.387092,-0.003231,0.10446,0.262096,0.07134,0.036541,0.009374,0.854028,0.607722,-0.009307,0.114547,0.137396,-0.593596,-0.786086,0.085918,0.510064,0.287989,0.048352,0.047809,0.29093,0.066317,0.025417,0.017147,both
Assam,Urad,2014,Rabi,assam,2014,rabi,Assam,Moong(Green Gram); Urad,Moong(Green Gram),Rabi,26.4073841,93.2551303,2014-11-01,2015-04-28,33.0,Landsat 8 SR T1/T2,0.6,0.25,datasets\test_images\2014\rgb\assam_2014_moong(green_gram)_rabi_rgb.png,datasets\test_images\2014\ndvi\assam_2014_moong(green_gram)_rabi_ndvi.png,0.186293,0.029683,0.000172,0.024806,0.797679,0.369894,-0.108454,0.130417,0.236343,0.055768,0.00779,0.029388,0.926855,0.677475,-0.651245,0.226037,0.726448,-0.621857,-0.859992,0.188201,0.581701,0.243968,0.015985,0.056823,0.262055,0.047245,0.003142,0.037949,both
Karnataka,Urad,2014,Kharif,karnataka,2014,kharif,Karnataka,Maize; Moong(Green Gram); Rice,Maize,Kharif,14.9562045,75.7896741,2014-07-01,2014-10-28,5.0,Landsat 8 SR,0.6,0.05,datasets\test_images\2014\rgb\karnataka_2014_maize_kharif_rgb.png,datasets\test_images\2014\ndvi\karnataka_2014_maize_kharif_ndvi.png,0.401178,0.034594,-0.176845,0.022986999999999997,0.954292,0.446898,-0.128744,0.124957,0.437753,0.085245,-0.044488,0.027541,1.6107439999999997,0.651129,-0.73683,0.138565,0.753972,-0.601867,-1.488257,0.10285499999999999,0.625852,0.347636,0.00966,0.081347,0.441657,0.073349,-0.032773,0.03359,both
Karnataka,Urad,2014,Rabi,karnataka,2014,rabi,Karnataka,Maize; Moong(Green Gram); Rice,Maize,Rabi,14.9562045,75.7896741,2014-11-01,2015-04-28,12.0,Landsat 8 SR,0.6,0.05,datasets\test_images\2014\rgb\karnataka_2014_maize_rabi_rgb.png,datasets\test_images\2014\ndvi\karnataka_2014_maize_rabi_ndvi.png,0.10013500000000002,0.04600400000000001,0.013373000000000001,0.011074,0.585717,0.223083,-0.035725,0.065593,0.163853,0.085509,0.045355,0.013463999999999999,0.82601,0.38655899999999993,-0.17021699999999998,0.1097,0.23973,-0.460498,-0.734835,0.09027999999999999,0.39575999999999995,0.243684,0.036156,0.039374,0.2257,0.102955,0.031839,0.025275000000000002,both
Kerala,Urad,2014,Whole Year,kerala,2014,whole year,Kerala,Maize; Moong(Green Gram),Maize,Whole Year,10.3528744,76.5120396,2014-01-01,2014-12-28,21.0,Landsat 8 SR,0.6,0.05,datasets\test_images\2014\rgb\kerala_2014_maize_whole_year_rgb.png,datasets\test_images\2014\ndvi\kerala_2014_maize_whole_year_ndvi.png,0.064852,0.020457,0.006937,0.006309,0.710071,0.440405,0.13454,0.070537,0.097523,0.045911,0.016618,0.00763,0.890388,0.778946,0.347335,0.074876,-0.433105,-0.701923,-0.806664,0.046535,0.453125,0.267896,0.088035,0.037716,0.133905,0.033029,0.009137,0.011914,both
Tamil Nadu,Urad,2014,Kharif,tamil nadu,2014,kharif,Tamil Nadu,Maize; Moong(Green Gram); Rice,Maize,Kharif,11.332372299999998,78.6098639,2014-07-01,2014-10-28,6.0,Landsat 8 SR,0.6,0.05,datasets\test_images\2014\rgb\tamil_nadu_2014_maize_kharif_rgb.png,datasets\test_images\2014\ndvi\tamil_nadu_2014_maize_kharif_ndvi.png,0.10811,0.026343999999999996,0.004545,0.008155,0.708546,0.366704,0.062766,0.076669,0.157307,0.061328,0.022049,0.011338,0.86614,0.641552,0.159487,0.118569,-0.14505,-0.626912,-0.776364,0.06145,0.50158,0.270726,0.115934,0.033104,0.186677,0.059247,0.014045999999999998,0.02369,both
Tamil Nadu,Urad,2014,Rabi,tamil nadu,2014,rabi,Tamil Nadu,Maize; Moong(Green Gram),Maize,Rabi,11.3323723,78.6098639,2014-11-01,2015-04-28,10.0,Landsat 8 SR,0.6,0.05,datasets\test_images\2014\rgb\tamil_nadu_2014_maize_rabi_rgb.png,datasets\test_images\2014\ndvi\tamil_nadu_2014_maize_rabi_ndvi.png,0.087141,0.022067,0.005123,0.006676,0.716985,0.396485,0.007751,0.068062,0.135582,0.04297,0.010733,0.011356,0.89208,0.746391,0.02278,0.085589,0.022543,-0.702067,-0.826092,0.049858,0.448698,0.244586,0.028305,0.044246,0.153664,0.036255,0.005892,0.016703,both
Andhra Pradesh,Urad,2015,Kharif,andhra pradesh,2015,kharif,Andhra Pradesh,Maize; Moong(Green Gram); Rice,Maize,Kharif,15.9240905,80.1863809,2015-07-01,2015-10-28,14.0,Landsat 8 SR,0.6,0.05,datasets\test_images\2015\rgb\andhra_pradesh_2015_maize_kharif_rgb.png,datasets\test_images\2015\ndvi\andhra_pradesh_2015_maize_kharif_ndvi.png,0.23151599999999997,0.04669399999999999,0.02143,0.006472000000000001,0.73874,0.226336,-0.007228000000000001,0.100834,0.294326,0.080145,0.051515,0.00891,0.857201,0.39606,-0.016763,0.119905,0.015905,-0.436224,-0.771651,0.083314,0.49058,0.22628799999999996,0.084213,0.04872400000000001,0.30479,0.084804,0.03375,0.014296999999999999,both
Andhra Pradesh,Urad,2015,Rabi,andhra pradesh,2015,rabi,Andhra Pradesh,Maize; Moong(Green Gram); Rice,Maize,Rabi,15.9240905,80.1863809,2015-11-01,2016-04-28,22.0,Landsat 8 SR,0.6,0.05,datasets\test_images\2015\rgb\andhra_pradesh_2015_maize_rabi_rgb.png,datasets\test_images\2015\ndvi\andhra_pradesh_2015_maize_rabi_ndvi.png,0.204855,0.049154,0.017085,0.009976,0.650518,0.266981,-0.07411,0.085857,0.27839,0.080371,0.041931,0.011824,0.828426,0.456512,-0.202917,0.12084,0.266801,-0.50036,-0.765288,0.084098,0.468429,0.246053,0.056878000000000005,0.0356,0.301545,0.087773,0.034946,0.021282,both
Puducherry,Urad,2015,Kharif,puducherry,2015,kharif,Puducherry,Rice,Rice,Kharif,10.9156489,79.8069488,2015-07-01,2015-10-28,14.0,Landsat 8 SR,0.6,0.05,datasets\test_images\2015\rgb\puducherry_2015_rice_kharif_rgb.png,datasets\test_images\2015\ndvi\puducherry_2015_rice_kharif_ndvi.png,0.323188,0.071442,0.0123,0.019164,1.286345,0.281064,-0.122504,0.12994,0.39763,0.105549,0.040515,0.022724,0.850789,0.398207,-0.44783,0.177297,0.652583,-0.41809,-0.771952,0.198075,0.56076,0.276271,0.014046,0.071854,0.456535,0.113998,0.02297,0.034889,both
Puducherry,Urad,2015,Rabi,puducherry,2015,rabi,Puducherry,Moong(Green Gram); Rice,Moong(Green Gram),Rabi,10.9156489,79.8069488,2015-11-01,2016-04-28,18.0,Landsat 8 SR,0.6,0.05,datasets\test_images\2015\rgb\puducherry_2015_moong_green_gram_rabi_rgb.png,datasets\test_images\2015\ndvi\puducherry_2015_moong_green_gram_rabi_ndvi.png,0.291975,0.061759,0.01593,0.017574,0.749075,0.302384,-0.126716,0.118292,0.357879,0.093191,0.036899,0.01932,0.837042,0.443904,-0.755057,0.187805,0.948754,-0.449454,-0.740106,0.21733,0.521091,0.271609,0.001933,0.072051,0.431592,0.097602,0.011832,0.032805,both
Puducherry,Urad,2015,Summer,puducherry,2015,summer,Puducherry,Moong(Green Gram); Rice,Moong(Green Gram),Summer,10.9156489,79.8069488,2015-03-01,2015-06-28,14.0,Landsat 8 SR,0.6,0.05,datasets\test_images\2015\rgb\puducherry_2015_moong_green_gram_summer_rgb.png,datasets\test_images\2015\ndvi\puducherry_2015_moong_green_gram_summer_ndvi.png,0.302439,0.066915,0.023465,0.015544,1.508071,0.30188,-0.091862,0.119421,0.367875,0.100372,0.04321,0.017594,0.808761,0.427987,-0.250182,0.170933,0.563142,-0.436464,-0.732214,0.188948,0.507341,0.279462,0.021787,0.068142,0.427358,0.104256,0.027397,0.028956,both
Assam,Urad,2015,Rabi,assam,2015,rabi,Assam,Moong(Green Gram); Urad,Moong(Green Gram),Rabi,26.4073841,93.2551303,2015-11-01,2016-04-28,33.0,Landsat 8 SR T1/T2,0.6,0.25,datasets\test_images\2015\rgb\assam_2015_moong(green_gram)_rabi_rgb.png,datasets\test_images\2015\ndvi\assam_2015_moong(green_gram)_rabi_ndvi.png,0.194157,0.027688,-0.00079,0.02294,0.824825,0.389849,-0.106368,0.130157,0.240248,0.055409,0.009577,0.027643,0.934203,0.713107,-0.433446,0.218189,0.557366,-0.633434,-0.859657,0.180969,0.59211,0.24968,0.02363,0.060128,0.26387,0.042014,0.003445,0.035751,both
Karnataka,Urad,2015,Kharif,karnataka,2015,kharif,Karnataka,Maize; Moong(Green Gram); Rice,Maize,Kharif,14.9562045,75.7896741,2015-07-01,2015-10-28,7.0,Landsat 8 SR,0.6,0.05,datasets\test_images\2015\rgb\karnataka_2015_maize_kharif_rgb.png,datasets\test_images\2015\ndvi\karnataka_2015_maize_kharif_ndvi.png,0.303333,0.038319,-0.163315,0.015484,0.78566,0.34871800000000003,-0.081446,0.112213,0.342135,0.084146,-0.02741,0.020288,5.11133,0.549035,-7.342695,0.161791,209.84615399999998,-0.535566,-8.095425,0.585246,0.549265,0.296743,0.0016300000000000002,0.066336,0.338587,0.082049,-0.054909999999999994,0.028809,both
Karnataka,Urad,2015,Rabi,karnataka,2015,rabi,Karnataka,Maize; Moong(Green Gram); Rice,Maize,Rabi,14.9562045,75.7896741,2015-11-01,2016-04-28,10.0,Landsat 8 SR,0.6,0.05,datasets\test_images\2015\rgb\karnataka_2015_maize_rabi_rgb.png,datasets\test_images\2015\ndvi\karnataka_2015_maize_rabi_ndvi.png,0.105827,0.04667000000000001,0.011228,0.013013000000000002,0.628672,0.203785,-0.021973000000000003,0.076183,0.180627,0.08548499999999999,0.043513,0.016331,0.822304,0.36311,-0.11195099999999998,0.123842,0.20363300000000004,-0.45178199999999996,-0.7438600000000001,0.096178,0.402965,0.238127,0.036417,0.047639999999999995,0.248717,0.10734,0.026655,0.032248,both
Karnataka,Urad,2015,Summer,karnataka,2015,summer,Karnataka,Maize; Moong(Green Gram); Rice,Maize,Summer,14.9562045,75.7896741,2015-03-01,2015-06-28,7.0,Landsat 8 SR,0.6,0.05,datasets\test_images\2015\rgb\karnataka_2015_maize_summer_rgb.png,datasets\test_images\2015\ndvi\karnataka_2015_maize_summer_ndvi.png,0.114133,0.050937,0.014032999999999999,0.014183,0.657612,0.221159,0.003232,0.096111,0.175719,0.09128399999999999,0.044612000000000006,0.017477,0.843156,0.376495,0.005901,0.144401,0.030737,-0.4496339999999999,-0.7596599999999999,0.097217,0.437821,0.247735,0.052533,0.050897,0.248236,0.11112899999999999,0.026903,0.034498,both
Tamil Nadu,Urad,2015,Kharif,tamil nadu,2015,kharif,Tamil Nadu,Maize; Moong(Green Gram); Rice,Maize,Kharif,11.332372299999998,78.6098639,2015-07-01,2015-10-28,8.0,Landsat 8 SR,0.6,0.05,datasets\test_images\2015\rgb\tamil_nadu_2015_maize_kharif_rgb.png,datasets\test_images\2015\ndvi\tamil_nadu_2015_maize_kharif_ndvi.png,0.157046,0.023569999999999997,-0.054621,0.007152000000000001,0.805217,0.494712,0.091048,0.078746,0.197732,0.05951399999999999,0.026847,0.011311,1.01909,0.753387,0.24587100000000003,0.08626300000000002,-0.209021,-0.69372,-0.911723,0.05294000000000001,0.536202,0.33316,0.086633,0.04483299999999999,0.195478,0.04663799999999999,0.008258,0.017958,both
Tamil Nadu,Urad,2015,Rabi,tamil nadu,2015,rabi,Tamil Nadu,Maize; Moong(Green Gram),Maize,Rabi,11.3323723,78.6098639,2015-11-01,2016-04-28,10.0,Landsat 8 SR,0.6,0.05,datasets\test_images\2015\rgb\tamil_nadu_2015_maize_rabi_rgb.png,datasets\test_images\2015\ndvi\tamil_nadu_2015_maize_rabi_ndvi.png,0.080968,0.02466,0.004435,0.008655,0.64495,0.350263,0.010805,0.069833,0.127525,0.05259,0.021127,0.012788,0.896666,0.664885,0.05522,0.121507,0.04012,-0.644045,-0.794718,0.063632,0.398455,0.24187,0.040611,0.031528,0.169737,0.049721,0.011365,0.023256,both
Andhra Pradesh,Urad,2016,Kharif,andhra pradesh,2016,kharif,Andhra Pradesh,Maize; Moong(Green Gram); Rice,Maize,Kharif,15.9240905,80.1863809,2016-07-01,2016-10-28,12.0,Landsat 8 SR,0.6,0.05,datasets\test_images\2016\rgb\andhra_pradesh_2016_maize_kharif_rgb.png,datasets\test_images\2016\ndvi\andhra_pradesh_2016_maize_kharif_ndvi.png,0.261615,0.052326000000000004,0.013482,0.008104,0.773632,0.173731,-0.10618,0.074929,0.330778,0.085689,0.04013,0.011708000000000001,0.878543,0.311326,-0.334602,0.096449,0.431708,-0.375745,-0.79639,0.075557,0.50444,0.204342,0.042577,0.04487,0.345105,0.10010800000000002,0.029927,0.016966,both
Andhra Pradesh,Urad,2016,Rabi,andhra pradesh,2016,rabi,Andhra Pradesh,Maize; Moong(Green Gram); Rice,Maize,Rabi,15.9240905,80.1863809,2016-11-01,2017-04-28,23.0,Landsat 8 SR,0.6,0.05,datasets\test_images\2016\rgb\andhra_pradesh_2016_maize_rabi_rgb.png,datasets\test_images\2016\ndvi\andhra_pradesh_2016_maize_rabi_ndvi.png,0.18220899999999998,0.04952,0.022585000000000004,0.009515,0.626474,0.253017,-0.038397,0.08850799999999999,0.24493599999999996,0.083104,0.048297,0.010013,0.81073,0.43644299999999997,-0.122498,0.125269,0.21546,-0.46873799999999993,-0.737605,0.086438,0.408025,0.234156,0.06229500000000001,0.038372,0.280961,0.08914099999999998,0.04013,0.019244,both
Puducherry,Urad,2016,Kharif,puducherry,2016,kharif,Puducherry,Rice,Rice,Kharif,10.9156489,79.8069488,2016-07-01,2016-10-28,14.0,Landsat 8 SR,0.6,0.05,datasets\test_images\2016\rgb\puducherry_2016_rice_kharif_rgb.png,datasets\test_images\2016\ndvi\puducherry_2016_rice_kharif_ndvi.png,0.268572,0.060503,0.012052,0.016381,1.146278,0.315124,-0.131129,0.140616,0.34604,0.094413,0.033007,0.01918,0.865515,0.453047,-1.871606,0.207768,1.170639,-0.457312,-0.803652,0.227104,0.492257,0.27911,-0.005231,0.074987,0.389407,0.097028,0.0035,0.029273,both
Puducherry,Urad,2016,Rabi,puducherry,2016,rabi,Puducherry,Moong(Green Gram); Rice,Moong(Green Gram),Rabi,10.9156489,79.8069488,2016-11-01,2017-04-28,24.0,Landsat 8 SR,0.6,0.05,datasets\test_images\2016\rgb\puducherry_2016_moong_green_gram_rabi_rgb.png,datasets\test_images\2016\ndvi\puducherry_2016_moong_green_gram_rabi_ndvi.png,0.255551,0.051408,0.018102,0.014026,0.761725,0.322352,-0.093086,0.126133,0.3159,0.082021,0.038837,0.01615,0.83925,0.497297,-0.629478,0.199606,0.791828,-0.472951,-0.74491,0.224406,0.456288,0.258363,0.00669,0.069042,0.370295,0.07818,0.021416,0.024585,both
Puducherry,Urad,2016,Summer,puducherry,2016,summer,Puducherry,Moong(Green Gram); Rice,Moong(Green Gram),Summer,10.9156489,79.8069488,2016-03-01,2016-06-28,16.0,Landsat 8 SR,0.6,0.05,datasets\test_images\2016\rgb\puducherry_2016_moong_green_gram_summer_rgb.png,datasets\test_images\2016\ndvi\puducherry_2016_moong_green_gram_summer_ndvi.png,0.297173,0.064051,0.020797,0.0166,0.801786,0.289187,-0.134611,0.117602,0.362458,0.094457,0.039704,0.019184,0.837634,0.424278,-0.300853,0.179797,0.544702,-0.440331,-0.742903,0.199413,0.553005,0.269127,0.019422,0.068955,0.425487,0.100214,0.025555,0.032183,both
Assam,Urad,2016,Rabi,assam,2016,rabi,Assam,Moong(Green Gram); Urad,Moong(Green Gram),Rabi,26.4073841,93.2551303,2016-11-01,2017-04-28,33.0,Landsat 8 SR T1/T2,0.6,0.25,datasets\test_images\2016\rgb\assam_2016_moong(green_gram)_rabi_rgb.png,datasets\test_images\2016\ndvi\assam_2016_moong(green_gram)_rabi_ndvi.png,0.1982,0.028708,-0.000831,0.024103,0.86261,0.391255,-0.115833,0.137182,0.250202,0.054812,0.007212,0.028775,0.925642,0.697955,-0.914862,0.231466,0.913142,-0.634972,-0.8607,0.195533,0.635065,0.252173,0.005659,0.06272,0.281828,0.044924,0.002524,0.037634,both
Karnataka,Urad,2016,Kharif,karnataka,2016,kharif,Karnataka,Maize; Moong(Green Gram); Rice,Maize,Kharif,14.9562045,75.7896741,2016-07-01,2016-10-28,6.0,Landsat 8 SR,0.6,0.05,datasets\test_images\2016\rgb\karnataka_2016_maize_kharif_rgb.png,datasets\test_images\2016\ndvi\karnataka_2016_maize_kharif_ndvi.png,0.231612,0.039733,-0.036389,0.011663,1.253807,0.31426,-0.067249,0.10188800000000002,0.25694,0.082506,0.025485999999999998,0.015400000000000002,1.188178,0.509759,-0.507089,0.137342,0.571843,-0.532056,-0.9936000000000001,0.114577,0.49476000000000003,0.285471,0.01857,0.060201,0.26563,0.088685,0.01208,0.026079,both
Karnataka,Urad,2016,Rabi,karnataka,2016,rabi,Karnataka,Maize; Moong(Green Gram); Rice,Maize,Rabi,14.9562045,75.7896741,2016-11-01,2017-04-28,11.0,Landsat 8 SR,0.6,0.05,datasets\test_images\2016\rgb\karnataka_2016_maize_rabi_rgb.png,datasets\test_images\2016\ndvi\karnataka_2016_maize_rabi_ndvi.png,0.169655,0.052781,0.013428,0.01247,0.721793,0.173288,-0.028958,0.057283,0.177548,0.092532,0.041890000000000004,0.016845,0.763626,0.304909,-0.176342,0.097601,0.279319,-0.41901800000000006,-0.71195,0.09075700000000002,0.41660499999999995,0.237608,0.028057,0.04619700000000001,0.2521,0.122116,0.0321,0.031762,both
Karnataka,Urad,2016,Summer,karnataka,2016,summer,Karnataka,Maize; Moong(Green Gram); Rice,Maize,Summer,14.9562045,75.7896741,2016-03-01,2016-06-28,7.0,Landsat 8 SR,0.6,0.05,datasets\test_images\2016\rgb\karnataka_2016_maize_summer_rgb.png,datasets\test_images\2016\ndvi\karnataka_2016_maize_summer_ndvi.png,0.188974,0.05249499999999999,0.013935999999999999,0.014038,0.899747,0.193437,-0.020548,0.08606200000000001,0.193773,0.092802,0.041313,0.018341,0.8318660000000001,0.331084,-0.092401,0.12769,0.180167,-0.437421,-0.748659,0.096601,0.451049,0.245757,0.038343,0.055507,0.268105,0.12144700000000001,0.026188,0.03598,both
Tamil Nadu,Urad,2016,Kharif,tamil nadu,2016,kharif,Tamil Nadu,Maize; Moong(Green Gram); Rice,Maize,Kharif,11.332372299999998,78.6098639,2016-07-01,2016-10-28,8.0,Landsat 8 SR,0.6,0.05,datasets\test_images\2016\rgb\tamil_nadu_2016_maize_kharif_rgb.png,datasets\test_images\2016\ndvi\tamil_nadu_2016_maize_kharif_ndvi.png,0.11286800000000001,0.024778000000000005,0.009784,0.00697,0.754819,0.461222,0.044051,0.09624899999999999,0.15398,0.05987499999999999,0.033049,0.010693,0.878727,0.715363,0.11695099999999999,0.117817,-0.098315,-0.678865,-0.81398,0.066105,0.50532,0.316799,0.097976,0.037425,0.170177,0.051893,0.02187,0.021324,both
Tamil Nadu,Urad,2016,Rabi,tamil nadu,2016,rabi,Tamil Nadu,Maize; Moong(Green Gram),Maize,Rabi,11.3323723,78.6098639,2016-11-01,2017-04-28,10.0,Landsat 8 SR,0.6,0.05,datasets\test_images\2016\rgb\tamil_nadu_2016_maize_rabi_rgb.png,datasets\test_images\2016\ndvi\tamil_nadu_2016_maize_rabi_ndvi.png,0.082906,0.027045,0.006415,0.009438,0.594223,0.29846,0.035503,0.052992,0.123978,0.052066,0.015737,0.013166,0.865558,0.612757,0.185556,0.106451,-0.146139,-0.602467,-0.767525,0.054092,0.383028,0.212032,0.051515,0.034435,0.16509,0.052673,0.009962,0.022073,both
Andhra Pradesh,Urad,2017,Kharif,andhra pradesh,2017,kharif,Andhra Pradesh,Maize; Moong(Green Gram); Rice,Maize,Kharif,15.9240905,80.1863809,2017-07-01,2017-10-28,2.0,Sentinel-2 SR,0.6,0.05,datasets\test_images\2017\rgb\andhra_pradesh_2017_maize_kharif_rgb.png,datasets\test_images\2017\ndvi\andhra_pradesh_2017_maize_kharif_ndvi.png,0.43055,0.055377,0.0181,0.016183,1.012362,0.41268600000000005,-0.301453,0.278775,0.4876,0.079922,0.0202,0.015889,0.91674,0.533433,-0.9430200000000001,0.263658,0.963834,-0.519126,-0.817284,0.19003,0.6693000000000001,0.300314,0.001,0.140687,0.4915,0.073605,0.0135,0.031261,both
Andhra Pradesh,Urad,2017,Rabi,andhra pradesh,2017,rabi,Andhra Pradesh,Maize; Moong(Green Gram); Rice,Maize,Rabi,15.9240905,80.1863809,2017-11-01,2018-04-28,27.0,Sentinel-2 SR,0.6,0.05,datasets\test_images\2017\rgb\andhra_pradesh_2017_maize_rabi_rgb.png,datasets\test_images\2017\ndvi\andhra_pradesh_2017_maize_rabi_ndvi.png,0.34775,0.05976600000000001,0.02655,0.014301,0.801466,0.237622,-0.178853,0.155381,0.40029999999999993,0.08481100000000001,0.0342,0.016236,0.871541,0.366849,-0.47154500000000005,0.19159099999999998,0.64292,-0.447535,-0.783287,0.133154,0.5253,0.24381299999999997,0.0239,0.05993400000000001,0.42505,0.10384900000000001,0.0244,0.029461,both
Puducherry,Urad,2017,Kharif,puducherry,2017,kharif,Puducherry,Rice,Rice,Kharif,10.9156489,79.8069488,2017-07-01,2017-10-28,12.0,Landsat 8 SR,0.6,0.05,datasets\test_images\2017\rgb\puducherry_2017_rice_kharif_rgb.png,datasets\test_images\2017\ndvi\puducherry_2017_rice_kharif_ndvi.png,0.33262,0.065156,0.012025,0.017647,0.998139,0.311726,-0.136145,0.13554,0.404533,0.096256,0.041807,0.02118,0.842502,0.438977,-2.290036,0.204238,1.078647,-0.44443,-0.783557,0.234775,0.554325,0.276884,-0.00211,0.072752,0.463822,0.100275,0.002785,0.032756,both
Puducherry,Urad,2017,Rabi,puducherry,2017,rabi,Puducherry,Moong(Green Gram); Rice,Moong(Green Gram),Rabi,10.9156489,79.8069488,2017-11-01,2018-04-28,4.0,Sentinel-2 SR,0.6,0.05,datasets\test_images\2017\rgb\puducherry_2017_moong_green_gram_rabi_rgb.png,datasets\test_images\2017\ndvi\puducherry_2017_moong_green_gram_rabi_ndvi.png,0.5806,0.055366,0.0185,0.025786,7.103194,0.33828,-3.856645,0.170976,0.5905,0.07913,0.0232,0.026893,0.902049,0.524402,-0.611373,0.271803,0.718554,-0.469131,-0.81277,0.265154,0.6386,0.245318,0.01025,0.07344,0.6085,0.068652,0.0161,0.035665,both
Puducherry,Urad,2017,Summer,puducherry,2017,summer,Puducherry,Moong(Green Gram); Rice,Moong(Green Gram),Summer,10.9156489,79.8069488,2017-03-01,2017-06-28,14.0,Landsat 8 SR T1/T2,0.6,0.25,datasets\test_images\2017\rgb\puducherry_2017_moong_green_gram_summer_rgb.png,datasets\test_images\2017\ndvi\puducherry_2017_moong_green_gram_summer_ndvi.png,0.332042,0.041408,-0.03071,0.026526,1.114181,0.180665,-0.159413,0.160904,0.441795,0.066191,0.001933,0.038575,30.829996,0.29581,-11.88,0.283324,4.364395,-0.124995,-2.21486,0.471499,0.563867,0.170336,-0.008311,0.137302,0.470092,0.064392,-0.006812,0.051538,both
Assam,Urad,2017,Rabi,assam,2017,rabi,Assam,Moong(Green Gram); Urad,Moong(Green Gram),Rabi,26.4073841,93.2551303,2017-11-01,2018-04-28,68.0,Sentinel-2 SR,0.6,0.25,datasets\test_images\2017\rgb\assam_2017_moong(green_gram)_rabi_rgb.png,datasets\test_images\2017\ndvi\assam_2017_moong(green_gram)_rabi_ndvi.png,0.2933,0.043873,0.0089,0.029901,1.335425,0.483281,-0.194293,0.184571,0.3194,0.06076,0.0089,0.032943,0.937181,0.713258,-0.511493,0.242253,0.639328,-0.645216,-0.873051,0.203777,1.14855,0.293076,0.0138,0.080107,0.3614,0.047203,0.0055,0.0416,both
Karnataka,Urad,2017,Kharif,karnataka,2017,kharif,Karnataka,Maize; Moong(Green Gram); Rice,Maize,Kharif,14.9562045,75.7896741,2017-07-01,2017-10-28,7.0,Landsat 8 SR,0.6,0.05,datasets\test_images\2017\rgb\karnataka_2017_maize_kharif_rgb.png,datasets\test_images\2017\ndvi\karnataka_2017_maize_kharif_ndvi.png,0.37516299999999997,0.040124,-0.14896,0.024164,1.814845,0.352611,-17.95897,0.166373,0.40819,0.086018,-0.015118,0.030381000000000002,1.370834,0.541383,-0.48848,0.199399,0.54944,-0.531118,-1.481097,0.166205,0.63006,0.298703,0.012685,0.09333799999999999,0.452988,0.084561,-0.018665,0.041313,both
Karnataka,Urad,2017,Rabi,karnataka,2017,rabi,Karnataka,Maize; Moong(Green Gram); Rice,Maize,Rabi,14.9562045,75.7896741,2017-11-01,2018-04-28,16.0,Sentinel-2 SR,0.6,0.05,datasets\test_images\2017\rgb\karnataka_2017_maize_rabi_rgb.png,datasets\test_images\2017\ndvi\karnataka_2017_maize_rabi_ndvi.png,0.32405,0.066215,0.03185,0.014465,1.022504,0.182403,-0.10871000000000001,0.07542,0.3571,0.093906,0.04574999999999999,0.019845,0.819254,0.292443,-0.36364599999999997,0.127161,0.527078,-0.41211400000000004,-0.7437489999999999,0.12317,0.50595,0.239838,0.02015,0.050516,0.4116,0.124065,0.0398,0.038928,both
Karnataka,Urad,2017,Summer,karnataka,2017,summer,Karnataka,Maize; Moong(Green Gram); Rice,Maize,Summer,14.9562045,75.7896741,2017-03-01,2017-06-28,7.0,Sentinel-2 SR,0.6,0.25,datasets\test_images\2017\rgb\karnataka_2017_maize_summer_rgb.png,datasets\test_images\2017\ndvi\karnataka_2017_maize_summer_ndvi.png,0.3675,0.071964,0.0186,0.017794,1.979261,0.130083,-0.12005700000000001,0.080052,0.4149,0.108613,0.0391,0.024481,0.867025,0.21147400000000002,-0.446328,0.112891,0.487983,-0.381534,-0.774914,0.079865,0.5717,0.24570100000000003,0.024500000000000004,0.054013,0.4850999999999999,0.160009,0.0339,0.044224999999999993,both
Tamil Nadu,Urad,2017,Kharif,tamil nadu,2017,kharif,Tamil Nadu,Maize; Moong(Green Gram); Rice,Maize,Kharif,11.332372299999998,78.6098639,2017-07-01,2017-10-28,1.0,Sentinel-2 SR,0.6,0.05,datasets\test_images\2017\rgb\tamil_nadu_2017_maize_kharif_rgb.png,datasets\test_images\2017\ndvi\tamil_nadu_2017_maize_kharif_ndvi.png,0.1979,0.037997,0.0,0.014662,0.734948,0.266605,0.028406,0.096676,0.228,0.065998,0.005,0.020012,0.901923,0.510359,0.041301,0.149667,-0.081081,-0.535886,-0.844131,0.077771,0.4711,0.217893,0.038,0.05401,0.2565,0.073134,0.0051,0.035152,both
Tamil Nadu,Urad,2017,Rabi,tamil nadu,2017,rabi,Tamil Nadu,Maize; Moong(Green Gram),Maize,Rabi,11.3323723,78.6098639,2017-11-01,2018-04-28,10.0,Sentinel-2 SR,0.6,0.05,datasets\test_images\2017\rgb\tamil_nadu_2017_maize_rabi_rgb.png,datasets\test_images\2017\ndvi\tamil_nadu_2017_maize_rabi_ndvi.png,0.15,0.029857,0.01245,0.008051,0.82793,0.415678,-0.048464,0.078831,0.1673,0.047628,0.02025,0.011409,0.910419,0.733122,-0.305506,0.099535,0.401871,-0.6755,-0.82668,0.062132,0.51305,0.24744,0.02015,0.040465,0.2065,0.038281,0.0129,0.016505,both
Andhra Pradesh,Urad,2018,Kharif,andhra pradesh,2018,kharif,Andhra Pradesh,Maize; Moong(Green Gram); Rice,Maize,Kharif,15.9240905,80.1863809,2018-07-01,2018-10-28,1.0,Sentinel-2 SR,0.6,0.05,datasets\test_images\2018\rgb\andhra_pradesh_2018_maize_kharif_rgb.png,datasets\test_images\2018\ndvi\andhra_pradesh_2018_maize_kharif_ndvi.png,0.47280000000000005,0.063208,0.0238,0.018141,0.96102,0.284406,-0.089414,0.178963,0.5092,0.092812,0.036,0.019158,0.8990269999999999,0.417,-0.3719430000000001,0.205735,0.5427,-0.44344,-0.8112150000000001,0.143719,0.6406,0.257244,0.0189,0.084852,0.5276,0.09932,0.0252,0.033728,both
Andhra Pradesh,Urad,2018,Rabi,andhra pradesh,2018,rabi,Andhra Pradesh,Maize; Moong(Green Gram); Rice,Maize,Rabi,15.9240905,80.1863809,2018-11-01,2019-04-28,110.0,Sentinel-2 SR,0.6,0.05,datasets\test_images\2018\rgb\andhra_pradesh_2018_maize_rabi_rgb.png,datasets\test_images\2018\ndvi\andhra_pradesh_2018_maize_rabi_ndvi.png,0.3406,0.077294,0.04215,0.011999000000000001,0.869123,0.249615,-0.089911,0.137747,0.3934,0.099336,0.0597,0.013012000000000001,0.8000570000000001,0.3604049999999999,-0.17780699999999997,0.159462,0.314608,-0.406685,-0.697135,0.102648,0.576867,0.248379,0.05910000000000001,0.051328000000000006,0.42605,0.10842,0.0405,0.021607,both
Puducherry,Urad,2018,Kharif,puducherry,2018,kharif,Puducherry,Rice,Rice,Kharif,10.9156489,79.8069488,2018-07-01,2018-10-28,3.0,Sentinel-2 SR,0.6,0.05,datasets\test_images\2018\rgb\puducherry_2018_rice_kharif_rgb.png,datasets\test_images\2018\ndvi\puducherry_2018_rice_kharif_ndvi.png,0.7696,0.076968,0.0,0.041321,8.618722,0.239796,-8.333371,0.184859,0.7872,0.110146,0.0,0.042364,1.0,0.345516,-1.0,0.278736,1.0,-0.380362,-1.0,0.26645,0.7612,0.265891,0.0,0.083097,0.8118,0.12319,0.0,0.059634,both
Puducherry,Urad,2018,Rabi,puducherry,2018,rabi,Puducherry,Moong(Green Gram); Rice,Moong(Green Gram),Rabi,10.9156489,79.8069488,2018-11-01,2019-04-28,20.0,Sentinel-2 SR,0.6,0.05,datasets\test_images\2018\rgb\puducherry_2018_moong_green_gram_rabi_rgb.png,datasets\test_images\2018\ndvi\puducherry_2018_moong_green_gram_rabi_ndvi.png,0.465,0.08138,0.02945,0.025891,2.806506,0.277895,-3.121165,0.143715,0.5172,0.108881,0.0331,0.02885,0.851199,0.380765,-0.37355,0.213298,0.570875,-0.394003,-0.735857,0.221549,0.6126,0.273257,0.0271,0.073366,0.5729,0.116279,0.025,0.047079,both
Puducherry,Urad,2018,Summer,puducherry,2018,summer,Puducherry,Moong(Green Gram); Rice,Moong(Green Gram),Summer,10.9156489,79.8069488,2018-03-01,2018-06-28,1.0,Sentinel-2 SR,0.6,0.25,datasets\test_images\2018\rgb\puducherry_2018_moong_green_gram_summer_rgb.png,datasets\test_images\2018\ndvi\puducherry_2018_moong_green_gram_summer_ndvi.png,0.8968,0.064754,0.0157,0.021689,360.330084,0.168298,-69.297023,0.266093,0.8853,0.076719,0.0,0.033214,0.955722,0.116002,-1.0,0.508364,1.0,-0.08785,-0.817707,0.551029,1.3678,0.175672,0.0,0.135146,0.7292,0.075117,0.0,0.048955,both
Assam,Urad,2018,Rabi,assam,2018,rabi,Assam,Moong(Green Gram); Urad,Moong(Green Gram),Rabi,26.4073841,93.2551303,2018-11-01,2019-04-28,153.0,Sentinel-2 SR,0.6,0.25,datasets\test_images\2018\rgb\assam_2018_moong(green_gram)_rabi_rgb.png,datasets\test_images\2018\ndvi\assam_2018_moong(green_gram)_rabi_ndvi.png,0.2672,0.045695,0.0063,0.028716,1.212789,0.45376,-0.149918,0.17248,0.3139,0.06391,0.0097,0.03162,0.930063,0.680158,-0.44714,0.232226,0.561949,-0.615343,-0.858775,0.192469,0.9983,0.281185,0.02465,0.073045,0.3389,0.05206,0.0052,0.040755,both
Karnataka,Urad,2018,Kharif,karnataka,2018,kharif,Karnataka,Maize; Moong(Green Gram); Rice,Maize,Kharif,14.9562045,75.7896741,2018-07-01,2018-10-28,1.0,Sentinel-2 SR,0.6,0.05,datasets\test_images\2018\rgb\karnataka_2018_maize_kharif_rgb.png,datasets\test_images\2018\ndvi\karnataka_2018_maize_kharif_ndvi.png,0.4228,0.045985,0.0,0.020813,25.476707,0.35593199999999997,-13.354026,0.193006,0.3927,0.077796,0.0,0.026063,1.0,0.509524,-1.0,0.326556,1.0,-0.520013,-1.0,0.292544,0.6324,0.285601,0.0,0.091627,0.4231,0.081121,0.0,0.04308700000000001,both
Karnataka,Urad,2018,Rabi,karnataka,2018,rabi,Karnataka,Maize; Moong(Green Gram); Rice,Maize,Rabi,14.9562045,75.7896741,2018-11-01,2019-04-28,30.0,Sentinel-2 SR,0.6,0.05,datasets\test_images\2018\rgb\karnataka_2018_maize_rabi_rgb.png,datasets\test_images\2018\ndvi\karnataka_2018_maize_rabi_ndvi.png,0.2056,0.066329,0.027899999999999998,0.016357,0.703573,0.170579,-0.086047,0.092325,0.2602,0.094102,0.0372,0.021695000000000002,0.8110209999999999,0.280157,-0.413919,0.158036,0.529747,-0.381605,-0.72296,0.148742,0.4937,0.225311,0.014,0.056923,0.3352,0.121668,0.025399999999999995,0.043877,both
Karnataka,Urad,2018,Summer,karnataka,2018,summer,Karnataka,Maize; Moong(Green Gram); Rice,Maize,Summer,14.9562045,75.7896741,2018-03-01,2018-06-28,14.0,Sentinel-2 SR,0.6,0.25,datasets\test_images\2018\rgb\karnataka_2018_maize_summer_rgb.png,datasets\test_images\2018\ndvi\karnataka_2018_maize_summer_ndvi.png,0.5755,0.071669,0.024000000000000004,0.018351,5.046027,0.166658,-2.930944,0.110216,0.5912,0.104675,0.0337,0.025467,0.893442,0.262822,-0.584803,0.153607,0.663682,-0.41153600000000007,-0.8155069999999999,0.103452,0.61535,0.256467,0.0129,0.056995,0.62775,0.150392,0.0238,0.048375,both
Tamil Nadu,Urad,2018,Kharif,tamil nadu,2018,kharif,Tamil Nadu,Maize; Moong(Green Gram),Maize,Kharif,11.3323723,78.6098639,2018-07-01,2018-10-28,7.0,Landsat 8 SR,0.6,0.05,datasets\test_images\2018\rgb\tamil_nadu_2018_maize_kharif_rgb.png,datasets\test_images\2018\ndvi\tamil_nadu_2018_maize_kharif_ndvi.png,0.117171,0.027734,-0.0031,0.009413,0.662719,0.358135,0.082014,0.099221,0.160525,0.062827,0.021457,0.013234,0.930387,0.626414,0.190079,0.148172,-0.297198,-0.61521,-0.793994,0.079056,0.45857,0.265493,0.08556,0.036069,0.18434,0.060737,0.003912,0.026699,both
Tamil Nadu,Urad,2018,Rabi,tamil nadu,2018,rabi,Tamil Nadu,Maize; Moong(Green Gram),Maize,Rabi,11.3323723,78.6098639,2018-11-01,2019-04-28,52.0,Sentinel-2 SR,0.6,0.05,datasets\test_images\2018\rgb\tamil_nadu_2018_maize_rabi_rgb.png,datasets\test_images\2018\ndvi\tamil_nadu_2018_maize_rabi_ndvi.png,0.1533,0.036168,0.0179,0.009253,0.762842,0.365135,-0.048161,0.083662,0.1831,0.056399,0.0276,0.012216,0.869904,0.645664,-0.112426,0.128009,0.097826,-0.615428,-0.787145,0.06682,0.4718,0.239953,0.0379,0.029754,0.2308,0.052127,0.0169,0.022871,both
Andhra Pradesh,Urad,2019,Kharif,andhra pradesh,2019,kharif,Andhra Pradesh,Maize; Moong(Green Gram); Rice,Maize,Kharif,15.9240905,80.1863809,2019-07-01,2019-10-28,39.0,Sentinel-2 SR,0.6,0.05,datasets\test_images\2019\rgb\andhra_pradesh_2019_maize_kharif_rgb.png,datasets\test_images\2019\ndvi\andhra_pradesh_2019_maize_kharif_ndvi.png,0.4377,0.083519,0.0386,0.012486000000000002,0.8087240000000001,0.156704,-0.215298,0.101533,0.48145,0.105278,0.0547,0.014831000000000002,0.873211,0.251485,-0.321409,0.125754,0.449416,-0.305932,-0.7369660000000001,0.094414,0.5085,0.201716,0.0431,0.048171,0.46564999999999995,0.11359000000000001,0.033,0.019717,both
Andhra Pradesh,Urad,2019,Rabi,andhra pradesh,2019,rabi,Andhra Pradesh,Maize; Moong(Green Gram); Rice,Maize,Rabi,15.9240905,80.1863809,2019-11-01,2020-04-28,123.0,Sentinel-2 SR,0.6,0.05,datasets\test_images\2019\rgb\andhra_pradesh_2019_maize_rabi_rgb.png,datasets\test_images\2019\ndvi\andhra_pradesh_2019_maize_rabi_ndvi.png,0.346975,0.06769,0.03645,0.013946,0.8217789999999999,0.356233,-0.193523,0.154718,0.39385,0.091151,0.0506,0.014149,0.831244,0.48880300000000004,-0.290185,0.17101,0.450844,-0.483211,-0.735154,0.124597,0.5055,0.283158,0.0414,0.05753,0.4119,0.087689,0.0389,0.023759,both
Puducherry,Urad,2019,Kharif,puducherry,2019,kharif,Puducherry,Rice,Rice,Kharif,10.9156489,79.8069488,2019-07-01,2019-10-28,14.0,Sentinel-2 SR,0.6,0.05,datasets\test_images\2019\rgb\puducherry_2019_rice_kharif_rgb.png,datasets\test_images\2019\ndvi\puducherry_2019_rice_kharif_ndvi.png,0.526,0.082136,0.0201,0.031405,3.325186,0.229958,-6.178825,0.162964,0.5341,0.110659,0.02765,0.032631,0.893833,0.327098,-0.413043,0.237107,0.579968,-0.357884,-0.80278,0.229778,0.54555,0.250096,0.0222,0.066072,0.5413,0.119234,0.02265,0.046645,both
Puducherry,Urad,2019,Rabi,puducherry,2019,rabi,Puducherry,Moong(Green Gram); Rice,Moong(Green Gram),Rabi,10.9156489,79.8069488,2019-11-01,2020-04-28,28.0,Sentinel-2 SR,0.6,0.05,datasets\test_images\2019\rgb\puducherry_2019_moong_green_gram_rabi_rgb.png,datasets\test_images\2019\ndvi\puducherry_2019_moong_green_gram_rabi_ndvi.png,0.5335,0.072006,0.0239,0.026744,2.226281,0.321018,-2.728127,0.161408,0.54175,0.099163,0.0306,0.027924,0.88644,0.444074,-0.461615,0.240964,0.676017,-0.41597,-0.786842,0.246172,0.5079,0.27331,0.0169,0.077028,0.52195,0.093761,0.02125,0.04124,both
Puducherry,Urad,2019,Summer,puducherry,2019,summer,Puducherry,Moong(Green Gram); Rice,Moong(Green Gram),Summer,10.9156489,79.8069488,2019-03-01,2019-06-28,42.0,Sentinel-2 SR,0.6,0.25,datasets\test_images\2019\rgb\puducherry_2019_moong_green_gram_summer_rgb.png,datasets\test_images\2019\ndvi\puducherry_2019_moong_green_gram_summer_ndvi.png,0.58395,0.081678,0.0258,0.026047,3.272726,0.137669,-1.766615,0.162371,0.63625,0.099242,0.0285,0.038994,0.895657,0.162355,-0.38592,0.249124,0.558783,-0.132611,-0.788312,0.345598,0.66875,0.189242,0.0228,0.132266,0.67615,0.103379,0.0251,0.062387,both
Assam,Urad,2019,Rabi,assam,2019,rabi,Assam,Moong(Green Gram); Urad,Moong(Green Gram),Rabi,26.4073841,93.2551303,2019-11-01,2020-04-28,168.0,Sentinel-2 SR,0.6,0.25,datasets\test_images\2019\rgb\assam_2019_moong(green_gram)_rabi_rgb.png,datasets\test_images\2019\ndvi\assam_2019_moong(green_gram)_rabi_ndvi.png,0.2514,0.054554,0.0113,0.02715,1.134498,0.436568,-0.148692,0.161547,0.2869,0.072937,0.0158,0.029904,0.907692,0.634846,-0.40566,0.215552,0.514395,-0.567647,-0.829704,0.180716,0.8675,0.273587,0.03405,0.062828,0.3045,0.059452,0.0086,0.038232,both
Karnataka,Urad,2019,Kharif,karnataka,2019,kharif,Karnataka,Maize; Moong(Green Gram); Rice,Maize,Kharif,14.9562045,75.7896741,2019-07-01,2019-10-28,9.0,Sentinel-2 SR,0.6,0.05,datasets\test_images\2019\rgb\karnataka_2019_maize_kharif_rgb.png,datasets\test_images\2019\ndvi\karnataka_2019_maize_kharif_ndvi.png,0.4833,0.066425,0.0192,0.013328,5.521473,0.415812,-4.60141,0.17006,0.50305,0.092059,0.0376,0.017087,0.90885,0.551033,-0.600104,0.215217,0.615101,-0.488923,-0.810199,0.184347,0.6049,0.29173,0.0229,0.072957,0.5084,0.078129,0.0182,0.026117,both
Karnataka,Urad,2019,Rabi,karnataka,2019,rabi,Karnataka,Maize; Moong(Green Gram); Rice,Maize,Rabi,14.9562045,75.7896741,2019-11-01,2020-04-28,35.0,Sentinel-2 SR,0.6,0.05,datasets\test_images\2019\rgb\karnataka_2019_maize_rabi_rgb.png,datasets\test_images\2019\ndvi\karnataka_2019_maize_rabi_ndvi.png,0.2792,0.063,0.02775,0.015304,1.068354,0.19675,-0.089476,0.097024,0.3062,0.088909,0.04315,0.01863,0.828532,0.318834,-0.47784999999999994,0.179741,0.624734,-0.397797,-0.729899,0.18419299999999997,0.4681,0.230478,0.012949999999999998,0.057131999999999995,0.3313,0.108754,0.030800000000000004,0.038365,both
Karnataka,Urad,2019,Summer,karnataka,2019,summer,Karnataka,Maize; Moong(Green Gram); Rice,Maize,Summer,14.9562045,75.7896741,2019-03-01,2019-06-28,39.0,Sentinel-2 SR,0.6,0.25,datasets\test_images\2019\rgb\karnataka_2019_maize_summer_rgb.png,datasets\test_images\2019\ndvi\karnataka_2019_maize_summer_ndvi.png,0.52165,0.073183,0.02335,0.019134,1.7542669999999998,0.139232,-0.139155,0.09156000000000002,0.56395,0.108805,0.0295,0.026365,0.860042,0.220952,-0.537079,0.129698,0.676313,-0.389157,-0.779334,0.09363499999999998,0.5728,0.251112,0.0091,0.055815,0.58375,0.159831,0.022099999999999998,0.047786,both
Tamil Nadu,Urad,2019,Kharif,tamil nadu,2019,kharif,Tamil Nadu,Maize; Moong(Green Gram); Rice,Maize,Kharif,11.332372299999998,78.6098639,2019-07-01,2019-10-28,23.0,Sentinel-2 SR,0.6,0.05,datasets\test_images\2019\rgb\tamil_nadu_2019_maize_kharif_rgb.png,datasets\test_images\2019\ndvi\tamil_nadu_2019_maize_kharif_ndvi.png,0.21420000000000003,0.045324,0.0138,0.011248,0.895498,0.37030499999999994,0.028343999999999998,0.092615,0.2305,0.073068,0.02575,0.013793,0.909684,0.590282,0.061123000000000004,0.123411,-0.046964,-0.559979,-0.813511,0.071078,0.5758,0.265916,0.1105,0.035832,0.24915,0.06731,0.015599999999999998,0.024645,both
Tamil Nadu,Urad,2019,Rabi,tamil nadu,2019,rabi,Tamil Nadu,Maize; Moong(Green Gram),Maize,Rabi,11.3323723,78.6098639,2019-11-01,2020-04-28,61.0,Sentinel-2 SR,0.6,0.05,datasets\test_images\2019\rgb\tamil_nadu_2019_maize_rabi_rgb.png,datasets\test_images\2019\ndvi\tamil_nadu_2019_maize_rabi_ndvi.png,0.17255,0.0389,0.01745,0.009366,0.817375,0.412881,-0.140115,0.082101,0.2068,0.057325,0.0283,0.012478,0.887536,0.675854,-0.213363,0.113953,0.230326,-0.622067,-0.808068,0.068437,0.49265,0.251565,0.0296,0.031618,0.2027,0.049232,0.01595,0.020172,both
Odisha,Urad,1997,Autumn,odisha,1997,autumn,Odisha,Maize,Maize,Autumn,20.5431241,84.6897321,1997-07-01,1997-10-28,5.0,Landsat 5/7 SR,0.6,0.05,datasets\test_images\1997\rgb\odisha_1997_maize_rgb.png,datasets\test_images\1997\ndvi\odisha_1997_maize_ndvi.png,0.182965,0.037388,0.007818,0.010514,0.747412,0.511232,-0.032301,0.084561,0.190294,0.059409,0.009467,0.014866,0.897599,0.742775,-0.088522,0.090622,0.113191,-0.683077,-0.843993,0.070083,0.467123,0.316779,0.070463,0.042483,0.235999,0.046857,0.00515,0.018468,both
Odisha,Urad,1997,Summer,odisha,1997,summer,Odisha,Maize,Maize,Summer,20.5431241,84.6897321,1997-03-01,1997-06-28,4.0,Landsat 5/7 SR,0.6,0.05,datasets\test_images\1997\rgb\odisha_1997_maize_rgb.png,datasets\test_images\1997\ndvi\odisha_1997_maize_ndvi.png,0.120004,0.060737,0.026462,0.013185,0.531939,0.284682,0.03978,0.06716,0.197375,0.08983,0.03397,0.018383,0.736365,0.45367,0.077009,0.105764,-0.135616,-0.468333,-0.668768,0.064684,0.367765,0.25141,0.072154,0.029487,0.259278,0.095765,0.029323,0.029982,both
Odisha,Urad,1997,Winter,odisha,1997,winter,Odisha,Maize,Maize,Winter,20.5431241,84.6897321,1997-07-01,1997-10-28,5.0,Landsat 5/7 SR,0.6,0.05,datasets\test_images\1997\rgb\odisha_1997_maize_rgb.png,datasets\test_images\1997\ndvi\odisha_1997_maize_ndvi.png,0.182965,0.037388,0.007818,0.010514,0.747412,0.511232,-0.032301,0.084561,0.190294,0.059409,0.009467,0.014866,0.897599,0.742775,-0.088522,0.090622,0.113191,-0.683077,-0.843993,0.070083,0.467123,0.316779,0.070463,0.042483,0.235999,0.046857,0.00515,0.018468,both
Andhra Pradesh,Urad,1997,Kharif,andhra pradesh,1997,kharif,Andhra Pradesh,Maize; Moong(Green Gram); Rice,Maize,Kharif,15.9240905,80.1863809,1997-07-01,1997-10-28,6.0,Landsat 5/7 SR,0.6,0.05,datasets\test_images\1997\rgb\andhra_pradesh_1997_maize_rgb.png,datasets\test_images\1997\ndvi\andhra_pradesh_1997_maize_ndvi.png,0.140505,0.069766,0.033805,0.008555,0.711315,0.125884,-0.096871,0.047928,0.182277,0.092297,0.04871,0.010731,0.7821440000000001,0.226536,-0.20898000000000003,0.06511,0.19521,-0.3178,-0.755999,0.059764000000000005,0.46632500000000005,0.1836,0.071604,0.033294,0.215772,0.110767,0.042852,0.014572999999999997,both
Andhra Pradesh,Urad,1997,Rabi,andhra pradesh,1997,rabi,Andhra Pradesh,Maize; Moong(Green Gram); Rice,Maize,Rabi,15.9240905,80.1863809,1997-11-01,1998-04-28,2.0,Landsat 5/7 SR,0.6,0.05,datasets\test_images\1997\rgb\andhra_pradesh_1997_maize_rgb.png,datasets\test_images\1997\ndvi\andhra_pradesh_1997_maize_ndvi.png,1.602213,0.137865,0.043513,0.081692,1.162916,0.536599,-0.082888,0.198125,0.597803,0.155633,0.05146,0.082139,0.852456,0.501314,-0.124006,0.17241699999999996,0.211948,-0.441784,-0.749424,0.144566,0.81981,0.395616,0.076898,0.128345,0.590542,0.135944,0.03133,0.086078,both
Gujarat,Urad,1997,Kharif,gujarat,1997,kharif,Gujarat,Moong(Green Gram); Rice,Moong(Green Gram),Kharif,22.3850051,71.745261,1997-07-01,1997-10-28,12.0,Landsat 5/7 SR,0.6,0.05,datasets\test_images\1997\rgb\gujarat_1997_moong_green_gram_kharif_rgb.png,datasets\test_images\1997\ndvi\gujarat_1997_moong_green_gram_kharif_ndvi.png,0.22955,0.06704,0.039415,0.012977,0.781747,0.236745,-0.093751,0.094692,0.256858,0.094648,0.054595,0.017151,0.804776,0.37896,-0.198466,0.121647,0.15864,-0.411726,-0.755522,0.095999,0.523772,0.22788,0.060356,0.044457,0.275722,0.102906,0.043678,0.023962,both
Maharashtra,Urad,1997,Kharif,maharashtra,1997,kharif,Maharashtra,Maize; Moong(Green Gram); Rice,Maize,Kharif,19.5670323,76.4164557,1997-07-01,1997-10-28,7.0,Landsat 5/7 SR,0.6,0.05,datasets\test_images\1997\rgb\maharashtra_1997_maize_rgb.png,datasets\test_images\1997\ndvi\maharashtra_1997_maize_ndvi.png,0.197348,0.055206,0.035565,0.007563,0.6824369999999998,0.263327,-0.125349,0.104325,0.222098,0.078998,0.05014,0.010891,0.79825,0.444436,-0.284917,0.129301,0.217539,-0.451584,-0.736824,0.09793800000000001,0.433352,0.217641,0.08566999999999998,0.051662999999999994,0.225934,0.07993,0.041423,0.015163000000000001,both
Punjab,Urad,1997,Kharif,punjab,1997,kharif,Punjab,Maize; Rice,Maize,Kharif,30.9293211,75.5004841,1997-07-01,1997-10-28,7.0,Landsat 5/7 SR,0.6,0.05,datasets\test_images\1997\rgb\punjab_1997_maize_rgb.png,datasets\test_images\1997\ndvi\punjab_1997_maize_ndvi.png,0.158325,0.060725,0.039415,0.011495,0.691409,0.291918,-0.015801,0.090713,0.206409,0.096848,0.057428,0.015205,0.788904,0.443561,-0.04426,0.123608,0.024821,-0.450964,-0.707046,0.099858,0.456549,0.262522,0.061662,0.040398,0.234995,0.099488,0.047156,0.022863,both
Uttar Pradesh,Urad,1997,Kharif,uttar pradesh,1997,kharif,Uttar Pradesh,Maize; Moong(Green Gram); Rice,Maize,Kharif,27.1303344,80.859666,1997-07-01,1997-10-28,2.0,Landsat 5/7 SR,0.6,0.05,datasets\test_images\1997\rgb\uttar_pradesh_1997_maize_rgb.png,datasets\test_images\1997\ndvi\uttar_pradesh_1997_maize_ndvi.png,0.29797,0.058117,0.026408,0.01548,0.741739,0.399675,-0.013838999999999999,0.097755,0.337267,0.084359,0.040625,0.020597,0.8293,0.57357,-0.032045,0.121973,0.050117,-0.548593,-0.780269,0.10241,0.51588,0.291008,0.076925,0.04577899999999999,0.33410499999999993,0.078848,0.031495,0.024807,both
Uttar Pradesh,Urad,1997,Summer,uttar pradesh,1997,summer,Uttar Pradesh,Maize; Moong(Green Gram); Rice,Maize,Summer,27.1303344,80.859666,1997-03-01,1997-06-28,1.0,Landsat 5/7 SR,0.6,0.05,datasets\test_images\1997\rgb\uttar_pradesh_1997_maize_rgb.png,datasets\test_images\1997\ndvi\uttar_pradesh_1997_maize_ndvi.png,0.200263,0.091567,0.049095,0.013267,0.522714,0.20002700000000004,0.0038810000000000003,0.049675,0.262935,0.126619,0.071342,0.019965,0.602657,0.289606,0.011155,0.074576,0.010587,-0.329227,-0.567854,0.055208,0.39213000000000003,0.249591,0.08204,0.021981,0.29291,0.13902,0.074257,0.027529,both
Bihar,Urad,1998,Kharif,bihar,1998,kharif,Bihar,Maize; Rice,Maize,Kharif,25.6440845,85.906508,1998-07-01,1998-10-28,2.0,Landsat 5/7 SR,0.6,0.05,datasets\test_images\1998\rgb\bihar_1998_maize_rgb.png,datasets\test_images\1998\ndvi\bihar_1998_maize_ndvi.png,0.32443849999999996,0.08045550000000001,0.037985,0.025053,0.80729,0.3488165,-0.033365,0.14817550000000002,0.36947050000000004,0.102171,0.038975,0.031752999999999997,0.790624,0.47741,-0.10227,0.1251995,0.244547,-0.40400400000000003,-0.695922,0.119529,0.543573,0.253926,0.049315,0.0973775,0.361454,0.085875,0.026737,0.031974,both
Gujarat,Urad,1998,Kharif,gujarat,1998,kharif,Gujarat,Maize; Moong(Green Gram); Rice,Maize,Kharif,22.3850051,71.745261,1998-07-01,1998-10-28,2.0,Landsat 5/7 SR,0.6,0.05,datasets\test_images\1998\rgb\gujarat_1998_maize_rgb.png,datasets\test_images\1998\ndvi\gujarat_1998_maize_ndvi.png,0.283863,0.061354,0.02352,0.016701,0.7643080000000001,0.249378,-0.110759,0.089843,0.316367,0.089941,0.030284999999999996,0.021935,0.8370289999999999,0.411246,-0.255831,0.12031600000000002,0.174868,-0.431931,-0.7517619999999999,0.09536099999999999,0.508799,0.229181,0.051955,0.048491,0.325855,0.095252,0.025637000000000004,0.027851,both
Haryana,Urad,1998,Kharif,haryana,1998,kharif,Haryana,Maize; Moong(Green Gram); Rice,Maize,Kharif,29.0,76.0,1998-07-01,1998-10-28,2.0,Landsat 5/7 SR,0.6,0.05,datasets\test_images\1998\rgb\haryana_1998_maize_rgb.png,datasets\test_images\1998\ndvi\haryana_1998_maize_ndvi.png,0.19606899999999997,0.083205,0.045767,0.020201,0.867187,0.390758,0.047099,0.125684,0.246957,0.126915,0.075082,0.026678999999999998,0.758903,0.479887,0.075129,0.137756,-0.12075799999999999,-0.469767,-0.696219,0.10201900000000001,0.668216,0.353033,0.133713,0.043153,0.280178,0.12474800000000001,0.057098,0.038714,both
Himachal Pradesh,Urad,1998,Kharif,himachal pradesh,1998,kharif,Himachal Pradesh,Maize; Moong(Green Gram); Rice,Maize,Kharif,31.929235200000004,77.1828462,1998-07-01,1998-10-28,4.0,Landsat 5/7 SR,0.6,0.05,datasets\test_images\1998\rgb\himachal_pradesh_1998_maize_rgb.png,datasets\test_images\1998\ndvi\himachal_pradesh_1998_maize_ndvi.png,0.838276,0.040501,-0.004337,0.032663,0.734606,0.300265,-0.099985,0.11701,0.515,0.063976,0.006634999999999999,0.038488,0.950103,0.589297,-0.199983,0.12153600000000002,0.245636,-0.536535,-0.831582,0.105661,0.629895,0.213199,0.011392,0.095418,0.53007,0.05698899999999999,0.002098,0.039979,both
Maharashtra,Urad,1998,Kharif,maharashtra,1998,kharif,Maharashtra,Maize; Moong(Green Gram); Rice,Maize,Kharif,19.5670323,76.4164557,1998-07-01,1998-10-28,9.0,Landsat 5/7 SR,0.6,0.05,datasets\test_images\1998\rgb\maharashtra_1998_maize_rgb.png,datasets\test_images\1998\ndvi\maharashtra_1998_maize_ndvi.png,0.236287,0.055096,0.030862,0.009771,0.74173,0.333048,-0.134267,0.10740299999999998,0.273275,0.082533,0.044612000000000006,0.012267,0.834526,0.518379,-0.24922,0.123676,0.277474,-0.497379,-0.754807,0.09741700000000002,0.496465,0.252219,0.06323,0.05163700000000001,0.27465,0.077363,0.036362,0.015779,both
Punjab,Urad,1998,Kharif,punjab,1998,kharif,Punjab,Maize; Moong(Green Gram); Rice,Maize,Kharif,30.9293211,75.5004841,1998-07-01,1998-10-28,11.0,Landsat 5/7 SR,0.6,0.05,datasets\test_images\1998\rgb\punjab_1998_maize_rgb.png,datasets\test_images\1998\ndvi\punjab_1998_maize_ndvi.png,0.17123600000000003,0.07717,0.047995,0.008477,0.646518,0.224538,-0.088476,0.104431,0.228849,0.107689,0.055447,0.012661,0.697315,0.326467,-0.211857,0.125398,0.160199,-0.3582910000000001,-0.629511,0.102455,0.48310000000000003,0.24069299999999996,0.070188,0.052083,0.252966,0.11272900000000001,0.05487,0.018865,both
Tripura,Urad,1998,Kharif,tripura,1998,kharif,Tripura,Maize; Moong(Green Gram); Rice,Maize,Kharif,23.775082299999998,91.7025091,1998-07-01,1998-10-28,3.0,Landsat 5/7 SR,0.6,0.05,datasets\test_images\1998\rgb\tripura_1998_maize_rgb.png,datasets\test_images\1998\ndvi\tripura_1998_maize_ndvi.png,1.602213,0.033522,0.008835,0.022754,0.958481,0.61588,-0.11789299999999998,0.097169,0.4701199999999999,0.056899,0.014555,0.022359,1.173058,0.818083,-0.251291,0.085839,-0.144737,-0.735831,-0.8526000000000001,0.071263,0.637843,0.371276,0.09441499999999999,0.061888,0.524075,0.037921,-0.024523,0.025136000000000002,both
Tripura,Urad,1998,Rabi,tripura,1998,rabi,Tripura,Moong(Green Gram); Urad,Moong(Green Gram),Rabi,23.7750823,91.7025091,1998-11-01,1999-04-28,26.0,Landsat 5/7 SR T1/T2,0.6,0.25,datasets\test_images\1998\rgb\tripura_1998_moong(green_gram)_rabi_rgb.png,datasets\test_images\1998\ndvi\tripura_1998_moong(green_gram)_rabi_ndvi.png,0.137136,0.046137,0.018735,0.010315,0.767744,0.35737,-0.045581,0.089599,0.215621,0.064229,0.027617,0.014061,0.844795,0.595543,-0.156931,0.122638,0.239027,-0.56247,-0.792373,0.093504,0.477765,0.24004,0.03034,0.040784,0.274128,0.059033,0.01846,0.020655,both
Uttar Pradesh,Urad,1998,Kharif,uttar pradesh,1998,kharif,Uttar Pradesh,Maize; Moong(Green Gram); Rice,Maize,Kharif,27.1303344,80.859666,1998-07-01,1998-10-28,6.0,Landsat 5/7 SR,0.6,0.05,datasets\test_images\1998\rgb\uttar_pradesh_1998_maize_rgb.png,datasets\test_images\1998\ndvi\uttar_pradesh_1998_maize_ndvi.png,0.863109,0.078113,0.031082,0.019002,0.746104,0.352937,-0.041299,0.111055,0.414171,0.10921399999999999,0.046207,0.023653999999999998,0.8167810000000001,0.474555,-0.132621,0.138882,0.183474,-0.442769,-0.726042,0.10867,0.508235,0.288048,0.065966,0.045717,0.320025,0.10235900000000002,0.028415,0.031815,both
Uttar Pradesh,Urad,1998,Summer,uttar pradesh,1998,summer,Uttar Pradesh,Maize; Moong(Green Gram); Rice,Maize,Summer,27.1303344,80.859666,1998-03-01,1998-06-28,3.0,Landsat 5/7 SR T1/T2,0.6,0.25,datasets\test_images\1998\rgb\uttar_pradesh_1998_maize_summer_rgb.png,datasets\test_images\1998\ndvi\uttar_pradesh_1998_maize_summer_ndvi.png,0.2411,0.107385,0.050552999999999994,0.019827,0.541205,0.17892,-0.045417000000000006,0.059039,0.30094,0.158415,0.07412,0.029987,0.687996,0.239831,-0.09272600000000002,0.085599,0.103742,-0.293247,-0.611775,0.064255,0.477737,0.295362,0.09051,0.028005,0.340705,0.178914,0.067713,0.039732,both
Bihar,Urad,1999,Kharif,bihar,1999,kharif,Bihar,Maize; Moong(Green Gram); Rice,Maize,Kharif,25.6440845,85.90650799999999,1999-07-01,1999-10-28,10.0,Landsat 5/7 SR,0.6,0.05,datasets\test_images\1999\rgb\bihar_1999_maize_kharif_rgb.png,datasets\test_images\1999\ndvi\bihar_1999_maize_kharif_ndvi.png,1.602213,0.11387399999999999,0.033255,0.050237,0.87431,0.366585,-0.089986,0.120291,0.51071,0.137153,0.042275,0.043347,0.8154020000000001,0.4156389999999999,-0.311363,0.13472,0.404997,-0.36265300000000006,-0.720297,0.127099,0.664215,0.297612,0.033695,0.071294,0.512305,0.121944,0.028580000000000005,0.04545,both
Gujarat,Urad,1999,Kharif,gujarat,1999,kharif,Gujarat,Maize; Moong(Green Gram); Rice,Maize,Kharif,22.3850051,71.745261,1999-07-01,1999-10-28,12.0,Landsat 5/7 SR,0.6,0.05,datasets\test_images\1999\rgb\gujarat_1999_maize_kharif_rgb.png,datasets\test_images\1999\ndvi\gujarat_1999_maize_kharif_ndvi.png,0.214535,0.065049,0.041546,0.011617999999999998,0.716965,0.211614,-0.097783,0.080473,0.253901,0.089764,0.054691,0.016613,0.781356,0.353477,-0.220913,0.112837,0.19276799999999997,-0.403256,-0.719493,0.085088,0.461554,0.213955,0.081641,0.036296,0.276699,0.101948,0.047954,0.023568999999999996,both
Haryana,Urad,1999,Kharif,haryana,1999,kharif,Haryana,Maize; Moong(Green Gram); Rice,Maize,Kharif,29.0,76.0,1999-07-01,1999-10-28,3.0,Landsat 5/7 SR,0.6,0.05,datasets\test_images\1999\rgb\haryana_1999_maize_kharif_rgb.png,datasets\test_images\1999\ndvi\haryana_1999_maize_kharif_ndvi.png,0.165832,0.10240299999999998,0.071727,0.011146999999999999,0.609077,0.170247,0.004919,0.067301,0.239945,0.145045,0.09700000000000002,0.017378,0.640326,0.23429,0.007004,0.084916,-0.053756,-0.293976,-0.589715,0.058901,0.444132,0.284059,0.129532,0.021361,0.299262,0.165446,0.08869500000000001,0.027311,both
Himachal Pradesh,Urad,1999,Kharif,himachal pradesh,1999,kharif,Himachal Pradesh,Maize; Moong(Green Gram); Rice,Maize,Kharif,31.929235200000004,77.1828462,1999-07-01,1999-10-28,4.0,Landsat 5/7 SR,0.6,0.05,datasets\test_images\1999\rgb\himachal_pradesh_1999_maize_kharif_rgb.png,datasets\test_images\1999\ndvi\himachal_pradesh_1999_maize_kharif_ndvi.png,0.240399,0.03651,-0.00156,0.020933999999999998,0.789797,0.342511,-0.082104,0.12727,0.286489,0.055373,-7.5e-05,0.029006,1.935799,0.654879,-0.185685,0.120583,0.200999,-0.608051,-1.005129,0.094125,0.538581,0.225411,0.010485,0.095045,0.309327,0.049716,-0.00563,0.031224,both
Karnataka,Urad,1999,Kharif,karnataka,1999,kharif,Karnataka,Maize; Moong(Green Gram); Rice,Maize,Kharif,14.9562045,75.7896741,1999-07-01,1999-10-28,3.0,Landsat 5/7 SR,0.6,0.05,datasets\test_images\1999\rgb\karnataka_1999_maize_kharif_rgb.png,datasets\test_images\1999\ndvi\karnataka_1999_maize_kharif_ndvi.png,0.23922999999999997,0.069891,0.034988,0.014663,0.745677,0.23877399999999996,-0.126139,0.119488,0.266895,0.09666000000000001,0.04458500000000001,0.020850999999999998,0.800483,0.361424,-0.296158,0.151194,0.196504,-0.407615,-0.715988,0.126134,0.50829,0.240986,0.073653,0.074242,0.28015,0.108449,0.045492,0.028738,both
Karnataka,Urad,1999,Rabi,karnataka,1999,rabi,Karnataka,Maize; Moong(Green Gram); Rice,Maize,Rabi,14.9562045,75.7896741,1999-11-01,2000-04-28,6.0,Landsat 5/7 SR,0.6,0.05,datasets\test_images\1999\rgb\karnataka_1999_maize_rabi_rgb.png,datasets\test_images\1999\ndvi\karnataka_1999_maize_rabi_ndvi.png,0.129807,0.06763,0.035153,0.010244,0.556506,0.155318,-0.079132,0.06040700000000001,0.18931700000000004,0.096172,0.050828000000000005,0.017267,0.717517,0.255877,-0.328837,0.09688199999999998,0.35857,-0.401249,-0.7067640000000001,0.086737,0.423714,0.230915,0.032787,0.04517000000000001,0.261972,0.134808,0.04447500000000001,0.034292,both
Madhya Pradesh,Urad,1999,Kharif,madhya pradesh,1999,kharif,Madhya Pradesh,Maize; Rice,Maize,Kharif,23.8143419,77.5340719,1999-07-01,1999-10-28,6.0,Landsat 5/7 SR,0.6,0.05,datasets\test_images\1999\rgb\madhya_pradesh_1999_maize_kharif_rgb.png,datasets\test_images\1999\ndvi\madhya_pradesh_1999_maize_kharif_ndvi.png,0.150653,0.049769,-0.076745,0.012474,0.734349,0.278911,-0.0783,0.101193,0.181453,0.068934,0.03606,0.014451,0.845918,0.480267,-0.228751,0.137098,0.173609,-0.524445,-0.782805,0.094521,0.454871,0.224573,0.049232,0.043976,0.194213,0.077518,0.026957,0.021388,both
Madhya Pradesh,Urad,1999,Rabi,madhya pradesh,1999,rabi,Madhya Pradesh,Urad,Urad,Rabi,23.8143419,77.5340719,1999-11-01,2000-04-28,21.0,Landsat 5/7 SR T1/T2,0.6,0.25,datasets\test_images\1999\rgb\madhya_pradesh_1999_urad_rabi_rgb.png,datasets\test_images\1999\ndvi\madhya_pradesh_1999_urad_rabi_ndvi.png,0.134373,0.073409,0.040185,0.009459,0.677542,0.177263,-0.066113,0.053832,0.194446,0.098766,0.048627,0.013552,0.770773,0.29879,-0.202738,0.076484,0.402381,-0.362107,-0.712516,0.062866,0.462145,0.231472,0.029433,0.03436,0.256858,0.110941,0.036032,0.023167,both
Maharashtra,Urad,1999,Kharif,maharashtra,1999,kharif,Maharashtra,Maize; Moong(Green Gram); Rice,Maize,Kharif,19.5670323,76.4164557,1999-07-01,1999-10-28,6.0,Landsat 5/7 SR,0.6,0.05,datasets\test_images\1999\rgb\maharashtra_1999_maize_kharif_rgb.png,datasets\test_images\1999\ndvi\maharashtra_1999_maize_kharif_ndvi.png,0.140257,0.046491,0.029226,0.005882000000000001,0.7812579999999999,0.314157,-0.110696,0.107141,0.17257,0.064044,0.039772,0.007993,0.851381,0.537946,-0.272405,0.128097,0.22571,-0.543371,-0.789043,0.0926,0.477737,0.226544,0.039305,0.049105,0.217587,0.065059,0.032375,0.013136,both
Odisha,Urad,1999,Kharif,odisha,1999,kharif,Odisha,Maize; Moong(Green Gram); Rice,Maize,Kharif,20.5431241,84.6897321,1999-07-01,1999-10-28,3.0,Landsat 5/7 SR,0.6,0.05,datasets\test_images\1999\rgb\odisha_1999_maize_kharif_rgb.png,datasets\test_images\1999\ndvi\odisha_1999_maize_kharif_ndvi.png,0.191628,0.028018,0.005535000000000001,0.013407999999999998,0.768029,0.495901,-0.049035,0.08351599999999999,0.22110700000000003,0.048713,0.0112,0.016149,0.934969,0.788011,-0.143337,0.103009,0.143337,-0.716008,-0.839833,0.077684,0.454143,0.291744,0.073487,0.040816,0.218963,0.035409,0.003995,0.01964,both
Odisha,Urad,1999,Rabi,odisha,1999,rabi,Odisha,Maize; Moong(Green Gram),Maize,Rabi,20.5431241,84.6897321,1999-11-01,2000-04-28,5.0,Landsat 5/7 SR,0.6,0.05,datasets\test_images\1999\rgb\odisha_1999_maize_rabi_rgb.png,datasets\test_images\1999\ndvi\odisha_1999_maize_rabi_ndvi.png,0.09623,0.043486,0.012465,0.012246,0.635324,0.351682,-0.074461,0.08615,0.151395,0.061166,0.022117,0.01694,0.838358,0.608947,-0.165826,0.132796,0.142116,-0.589086,-0.780685,0.08684,0.389627,0.237982,0.06411,0.035153,0.192508,0.059108,0.014802,0.026623,both
Punjab,Urad,1999,Kharif,punjab,1999,kharif,Punjab,Maize; Moong(Green Gram); Rice,Maize,Kharif,30.9293211,75.5004841,1999-07-01,1999-10-28,7.0,Landsat 5/7 SR,0.6,0.05,datasets\test_images\1999\rgb\punjab_1999_maize_kharif_rgb.png,datasets\test_images\1999\ndvi\punjab_1999_maize_kharif_ndvi.png,0.17419299999999996,0.069352,0.031633,0.010302,0.68555,0.293484,-0.054315,0.129745,0.230237,0.093425,0.050442999999999995,0.015474999999999997,0.795922,0.43332299999999996,-0.130746,0.161356,0.084924,-0.432623,-0.7205369999999999,0.126088,0.472224,0.243044,0.077736,0.052595,0.252787,0.09511200000000002,0.03452,0.024472000000000004,both
Tamil Nadu,Urad,1999,Kharif,tamil nadu,1999,kharif,Tamil Nadu,Maize; Moong(Green Gram); Rice,Maize,Kharif,11.332372299999998,78.6098639,1999-07-01,1999-10-28,1.0,Landsat 5/7 SR,0.6,0.05,datasets\test_images\1999\rgb\tamil_nadu_1999_maize_kharif_rgb.png,datasets\test_images\1999\ndvi\tamil_nadu_1999_maize_kharif_ndvi.png,0.156537,0.03188,0.011338,0.009503,0.757625,0.364895,0.058844,0.110967,0.18857500000000002,0.057777,0.023025,0.013807,0.89086,0.627861,0.102953,0.160085,-0.22932300000000003,-0.630482,-0.820958,0.08588999999999998,0.472953,0.257597,0.09193999999999998,0.039523,0.225123,0.059569000000000004,0.01604,0.028731999999999997,both
Uttar Pradesh,Urad,1999,Kharif,uttar pradesh,1999,kharif,Uttar Pradesh,Maize; Moong(Green Gram); Rice,Maize,Kharif,27.1303344,80.859666,1999-07-01,1999-10-28,3.0,Landsat 5/7 SR,0.6,0.05,datasets\test_images\1999\rgb\uttar_pradesh_1999_maize_kharif_rgb.png,datasets\test_images\1999\ndvi\uttar_pradesh_1999_maize_kharif_ndvi.png,0.18401,0.09245200000000002,0.045685,0.020105,0.584072,0.26873,-0.017014,0.088175,0.242695,0.133748,0.06939,0.028266,0.699163,0.366569,-0.045284,0.125316,0.013332000000000002,-0.387924,-0.655846,0.096209,0.41952000000000006,0.296428,0.12060900000000001,0.026414000000000003,0.280494,0.143313,0.05687699999999999,0.038485,both
Uttar Pradesh,Urad,1999,Summer,uttar pradesh,1999,summer,Uttar Pradesh,Moong(Green Gram); Rice,Moong(Green Gram),Summer,27.1303344,80.859666,1999-03-01,1999-06-28,1.0,Landsat 5/7 SR,0.6,0.05,datasets\test_images\1999\rgb\uttar_pradesh_1999_moong_green_gram_summer_rgb.png,datasets\test_images\1999\ndvi\uttar_pradesh_1999_moong_green_gram_summer_ndvi.png,0.20249,0.091509,0.043733,0.016182,0.572993,0.166685,-0.075216,0.052788,0.284935,0.138362,-0.006895,0.025522,0.68527,0.244001,-0.202972,0.082703,0.241523,-0.328322,-1.061774,0.067825,0.415697,0.272146,0.053495,0.032253,0.323737,0.167512,0.05762,0.036121,both
Bihar,Urad,2000,Kharif,bihar,2000,kharif,Bihar,Maize; Moong(Green Gram); Rice,Maize,Kharif,25.6440845,85.90650799999999,2000-07-01,2000-10-28,12.0,Landsat 5/7 SR,0.6,0.05,datasets\test_images\2000\rgb\bihar_2000_maize_kharif_rgb.png,datasets\test_images\2000\ndvi\bihar_2000_maize_kharif_ndvi.png,0.12264400000000002,0.047797,0.027369999999999995,0.010096,0.708942,0.309948,-0.016098,0.116332,0.153554,0.068515,0.032677,0.014301,0.839473,0.52913,-0.051533,0.130269,0.137561,-0.473442,-0.743656,0.13371,0.434645,0.215527,0.03177,0.068215,0.16839,0.058652,0.023328,0.015466,both
Chhattisgarh,Urad,2000,Kharif,chhattisgarh,2000,kharif,Chhattisgarh,Maize; Moong(Green Gram); Rice,Maize,Kharif,21.663735899999995,81.8406351,2000-07-01,2000-10-28,5.0,Landsat 5/7 SR,0.6,0.05,datasets\test_images\2000\rgb\chhattisgarh_2000_maize_kharif_rgb.png,datasets\test_images\2000\ndvi\chhattisgarh_2000_maize_kharif_ndvi.png,0.119358,0.049103,0.02935,0.007877,0.756916,0.38967899999999994,-0.12786,0.080121,0.174825,0.07887,0.039814,0.012250000000000002,0.833092,0.5882,-0.274168,0.098365,0.310507,-0.564818,-0.7500110000000001,0.06611,0.482866,0.28611,0.065251,0.037844,0.191793,0.074008,0.03166,0.020161,both
Chhattisgarh,Urad,2000,Rabi,chhattisgarh,2000,rabi,Chhattisgarh,Moong(Green Gram); Urad,Moong(Green Gram),Rabi,21.6637359,81.8406351,2000-11-01,2001-04-28,7.0,Landsat 5/7 SR T1/T2,0.6,0.25,datasets\test_images\2000\rgb\chhattisgarh_2000_moong(green_gram)_rabi_rgb.png,datasets\test_images\2000\ndvi\chhattisgarh_2000_moong(green_gram)_rabi_ndvi.png,0.21613,0.083216,0.038755,0.01033,0.527904,0.131468,-0.150748,0.035757,0.26629,0.11728,0.03815,0.017641,0.663059,0.20844,-0.400221,0.059069,0.467678,-0.312131,-0.618049,0.050319,0.38597,0.230592,0.029213,0.029657,0.329829,0.147986,0.036087,0.027841,both
Gujarat,Urad,2000,Kharif,gujarat,2000,kharif,Gujarat,Maize; Moong(Green Gram); Rice,Maize,Kharif,22.3850051,71.745261,2000-07-01,2000-10-28,18.0,Landsat 5/7 SR,0.6,0.05,datasets\test_images\2000\rgb\gujarat_2000_maize_kharif_rgb.png,datasets\test_images\2000\ndvi\gujarat_2000_maize_kharif_ndvi.png,0.24593999999999996,0.073063,0.048215,0.011828,0.555312,0.165243,-0.042925,0.061419,0.300638,0.100726,0.06499,0.017269,0.6679530000000001,0.279825,-0.081859,0.08943,-0.051384000000000006,-0.3507179999999999,-0.630502,0.067445,0.40082,0.205615,0.107093,0.03451,0.315969,0.116753,0.063134,0.02383,both
Haryana,Urad,2000,Kharif,haryana,2000,kharif,Haryana,Maize; Moong(Green Gram); Rice,Maize,Kharif,29.0,76.0,2000-07-01,2000-10-28,3.0,Landsat 5/7 SR,0.6,0.05,datasets\test_images\2000\rgb\haryana_2000_maize_kharif_rgb.png,datasets\test_images\2000\ndvi\haryana_2000_maize_kharif_ndvi.png,0.183405,0.081459,0.042096,0.019864,0.720577,0.331649,-0.014084,0.124095,0.253117,0.121456,0.060947,0.027940000000000003,0.745437,0.423316,-0.02292,0.146709,-0.056569,-0.453664,-0.696816,0.09973899999999998,0.494815,0.33517,0.112593,0.039062,0.314003,0.135179,0.050113,0.044576,both
Himachal Pradesh,Urad,2000,Kharif,himachal pradesh,2000,kharif,Himachal Pradesh,Maize; Moong(Green Gram); Rice,Maize,Kharif,31.929235200000004,77.1828462,2000-07-01,2000-10-28,4.0,Landsat 5/7 SR,0.6,0.05,datasets\test_images\2000\rgb\himachal_pradesh_2000_maize_kharif_rgb.png,datasets\test_images\2000\ndvi\himachal_pradesh_2000_maize_kharif_ndvi.png,0.18676,0.03485,-0.000515,0.018794,0.660519,0.259705,-0.126224,0.087696,0.235957,0.052753,0.000502,0.026768,1.110288,0.580992,-0.311897,0.157612,0.404218,-0.575176,-0.9597760000000001,0.111684,0.439073,0.189477,0.012987,0.072358,0.25397,0.055488,-0.0008449999999999999,0.035605,both
Maharashtra,Urad,2000,Kharif,maharashtra,2000,kharif,Maharashtra,Maize; Moong(Green Gram); Rice,Maize,Kharif,19.5670323,76.4164557,2000-07-01,2000-10-28,9.0,Landsat 5/7 SR,0.6,0.05,datasets\test_images\2000\rgb\maharashtra_2000_maize_kharif_rgb.png,datasets\test_images\2000\ndvi\maharashtra_2000_maize_kharif_ndvi.png,0.11245500000000001,0.054828999999999996,0.037215,0.00649,0.638799,0.264395,-0.102935,0.08905800000000001,0.170755,0.07658,0.052862,0.008891,0.77747,0.448199,-0.20736,0.11626200000000002,0.16438,-0.469015,-0.715716,0.085015,0.41248,0.217538,0.07038,0.040942,0.205639,0.080165,0.044104,0.014686,both
Odisha,Urad,2000,Kharif,odisha,2000,kharif,Odisha,Maize; Moong(Green Gram); Rice,Maize,Kharif,20.5431241,84.6897321,2000-07-01,2000-10-28,4.0,Landsat 5/7 SR,0.6,0.05,datasets\test_images\2000\rgb\odisha_2000_maize_kharif_rgb.png,datasets\test_images\2000\ndvi\odisha_2000_maize_kharif_ndvi.png,0.180353,0.035217,0.013551,0.010002,0.807057,0.522095,0.018506,0.089094,0.211125,0.059241999999999996,0.018364,0.013638000000000003,0.913517,0.7529340000000001,0.03219,0.09694200000000001,-0.014199999999999999,-0.68717,-0.823357,0.075183,0.48920499999999995,0.322517,0.12032,0.039856,0.21662499999999998,0.04513,0.011956,0.017908,both
Tamil Nadu,Urad,2000,Kharif,tamil nadu,2000,kharif,Tamil Nadu,Maize; Moong(Green Gram); Rice,Maize,Kharif,11.332372299999998,78.6098639,2000-07-01,2000-10-28,2.0,Landsat 5/7 SR,0.6,0.05,datasets\test_images\2000\rgb\tamil_nadu_2000_maize_kharif_rgb.png,datasets\test_images\2000\ndvi\tamil_nadu_2000_maize_kharif_ndvi.png,0.106694,0.032813,0.010182,0.0093,0.738643,0.413421,0.087687,0.094692,0.151643,0.057418,0.025087,0.012741,0.885061,0.6693700000000001,0.18648699999999999,0.128526,-0.279938,-0.649116,-0.813298,0.076435,0.475139,0.276476,0.107202,0.036055,0.206973,0.05399600000000001,0.016673,0.022838,both
Uttar Pradesh,Urad,2000,Kharif,uttar pradesh,2000,kharif,Uttar Pradesh,Maize; Moong(Green Gram); Rice,Maize,Kharif,27.1303344,80.859666,2000-07-01,2000-10-28,4.0,Landsat 5/7 SR,0.6,0.05,datasets\test_images\2000\rgb\uttar_pradesh_2000_maize_kharif_rgb.png,datasets\test_images\2000\ndvi\uttar_pradesh_2000_maize_kharif_ndvi.png,0.165351,0.072567,0.044199999999999996,0.011508,0.637144,0.348554,0.003409,0.079427,0.22565899999999997,0.107935,0.065018,0.017512,0.765707,0.4795559999999999,0.007452,0.10293400000000001,-0.015274000000000001,-0.47227,-0.697267,0.076638,0.463754,0.301314,0.11828500000000002,0.031615,0.247232,0.106774,0.04717,0.025891,both
Uttar Pradesh,Urad,2000,Rabi,uttar pradesh,2000,rabi,Uttar Pradesh,Maize; Moong(Green Gram),Maize,Rabi,27.1303344,80.859666,2000-11-01,2001-04-28,3.0,Landsat 5/7 SR,0.6,0.05,datasets\test_images\2000\rgb\uttar_pradesh_2000_maize_rabi_rgb.png,datasets\test_images\2000\ndvi\uttar_pradesh_2000_maize_rabi_ndvi.png,0.159068,0.080531,0.038453,0.014455,0.554813,0.229918,-0.045482,0.064833,0.217257,0.110165,0.052065,0.01809,0.674674,0.338194,-0.090695,0.093822,0.117373,-0.37518,-0.634832,0.076363,0.362815,0.244419,0.075082,0.027626,0.263045,0.1181,0.04552,0.023498,both
Uttarakhand,Urad,2000,Kharif,uttarakhand,2000,kharif,Uttarakhand,Maize; Moong(Green Gram); Rice,Maize,Kharif,30.0417376,79.089691,2000-07-01,2000-10-28,8.0,Landsat 5/7 SR,0.6,0.05,datasets\test_images\2000\rgb\uttarakhand_2000_maize_kharif_rgb.png,datasets\test_images\2000\ndvi\uttarakhand_2000_maize_kharif_ndvi.png,0.821034,0.03111,-0.033859,0.021464,0.719236,0.38218,0.101503,0.076683,0.257449,0.050442999999999995,0.00658,0.023834000000000004,0.942171,0.704122,0.163238,0.12369800000000002,-0.248082,-0.666441,-0.8565270000000001,0.09186,0.485327,0.243355,0.050166999999999996,0.053842,0.255359,0.045153,0.0031700000000000005,0.027982999999999997,both
Uttarakhand,Urad,2000,Rabi,uttarakhand,2000,rabi,Uttarakhand,Maize; Moong(Green Gram); Rice,Maize,Rabi,30.0417376,79.089691,2000-11-01,2001-04-28,11.0,Landsat 5/7 SR,0.6,0.05,datasets\test_images\2000\rgb\uttarakhand_2000_maize_rabi_rgb.png,datasets\test_images\2000\ndvi\uttarakhand_2000_maize_rabi_ndvi.png,0.123262,0.038159,0.00394,0.018429,0.561143,0.23252400000000004,0.024141,0.080857,0.17283100000000004,0.053643,0.005617,0.02821,0.821268,0.530188,0.137514,0.160636,-0.1862,-0.550069,-0.784583,0.11045100000000001,0.36996499999999993,0.17655999999999997,0.015091,0.066295,0.214893,0.060203,0.003844,0.039903,both
Bihar,Urad,2001,Kharif,bihar,2001,kharif,Bihar,Moong(Green Gram); Rice,Moong(Green Gram),Kharif,25.6440845,85.906508,2001-07-01,2001-10-28,6.0,Landsat 5/7 SR,0.6,0.05,datasets\test_images\2001\rgb\bihar_2001_moong_green_gram_kharif_rgb.png,datasets\test_images\2001\ndvi\bihar_2001_moong_green_gram_kharif_ndvi.png,0.360588,0.069386,0.024812,0.018099,0.999066,0.417791,0.009504,0.128086,0.38003,0.084227,0.018652,0.019769,0.866311,0.565948,0.017177,0.11625,0.061351,-0.518818,-0.791818,0.109856,0.610893,0.277607,0.03408,0.069947,0.391855,0.074089,0.01098,0.022443,both
Chhattisgarh,Urad,2001,Kharif,chhattisgarh,2001,kharif,Chhattisgarh,Maize; Moong(Green Gram); Rice,Maize,Kharif,21.663735899999995,81.8406351,2001-07-01,2001-10-28,7.0,Landsat 5/7 SR,0.6,0.05,datasets\test_images\2001\rgb\chhattisgarh_2001_maize_kharif_rgb.png,datasets\test_images\2001\ndvi\chhattisgarh_2001_maize_kharif_ndvi.png,0.106419,0.04963700000000001,0.029927,0.009413,0.6942119999999999,0.356069,-0.12100499999999999,0.087111,0.19116,0.079054,0.042151,0.01425,0.817269,0.557363,-0.24652700000000002,0.121112,0.328663,-0.54538,-0.7529910000000001,0.090053,0.444504,0.270676,0.056891,0.038733,0.21872900000000003,0.077331,0.035152,0.023698,both
Chhattisgarh,Urad,2001,Rabi,chhattisgarh,2001,rabi,Chhattisgarh,Moong(Green Gram); Urad,Moong(Green Gram),Rabi,21.6637359,81.8406351,2001-11-01,2002-04-28,10.0,Landsat 5/7 SR T1/T2,0.6,0.25,datasets\test_images\2001\rgb\chhattisgarh_2001_moong(green_gram)_rabi_rgb.png,datasets\test_images\2001\ndvi\chhattisgarh_2001_moong(green_gram)_rabi_ndvi.png,0.195258,0.074215,0.040446,0.010543,0.676226,0.166949,-0.188459,0.054573,0.24,0.099679,0.043031,0.01657,0.772622,0.280222,-0.40367,0.091237,0.419647,-0.361203,-0.718655,0.070154,0.43305,0.216907,0.033778,0.028368,0.2994,0.121551,0.037985,0.028608,both
Gujarat,Urad,2001,Kharif,gujarat,2001,kharif,Gujarat,Maize; Moong(Green Gram); Rice,Maize,Kharif,22.3850051,71.745261,2001-07-01,2001-10-28,8.0,Landsat 5/7 SR,0.6,0.05,datasets\test_images\2001\rgb\gujarat_2001_maize_kharif_rgb.png,datasets\test_images\2001\ndvi\gujarat_2001_maize_kharif_ndvi.png,0.211647,0.076673,0.033695,0.018251,0.679423,0.24533400000000002,-0.049969999999999994,0.074507,0.254273,0.104699,0.045245,0.022928,0.77658,0.368187,-0.092887,0.102005,0.09139000000000001,-0.40881799999999996,-0.700383,0.081061,0.4511450000000001,0.249418,0.054017,0.039881,0.276823,0.115328,0.041423,0.027982999999999997,both
Haryana,Urad,2001,Kharif,haryana,2001,kharif,Haryana,Maize; Moong(Green Gram); Rice,Maize,Kharif,29.0,76.0,2001-07-01,2001-10-28,4.0,Landsat 5/7 SR,0.6,0.05,datasets\test_images\2001\rgb\haryana_2001_maize_kharif_rgb.png,datasets\test_images\2001\ndvi\haryana_2001_maize_kharif_ndvi.png,0.156634,0.08892499999999999,0.05968199999999999,0.011687999999999999,0.699144,0.338954,0.007228000000000001,0.10635100000000001,0.22960499999999998,0.130081,0.089052,0.014889,0.7182499999999999,0.431679,0.012054,0.112964,-0.031732,-0.44754999999999995,-0.663621,0.078536,0.515,0.322635,0.132833,0.039453,0.278253,0.136659,0.075165,0.026843999999999996,both
Himachal Pradesh,Urad,2001,Kharif,himachal pradesh,2001,kharif,Himachal Pradesh,Maize; Moong(Green Gram); Rice,Maize,Kharif,31.929235200000004,77.1828462,2001-07-01,2001-10-28,5.0,Landsat 5/7 SR,0.6,0.05,datasets\test_images\2001\rgb\himachal_pradesh_2001_maize_kharif_rgb.png,datasets\test_images\2001\ndvi\himachal_pradesh_2001_maize_kharif_ndvi.png,0.170343,0.040953,0.0035,0.019092,0.676929,0.26574,-0.080985,0.088999,0.2147,0.061197,0.005507000000000001,0.028273000000000003,0.856763,0.543272,-0.23124,0.133263,0.26986,-0.539607,-0.7974419999999999,0.098277,0.48820099999999994,0.203219,0.019904,0.077187,0.237828,0.064049,0.004586,0.03707,both
Maharashtra,Urad,2001,Kharif,maharashtra,2001,kharif,Maharashtra,Maize; Moong(Green Gram); Rice,Maize,Kharif,19.5670323,76.4164557,2001-07-01,2001-10-28,11.0,Landsat 5/7 SR,0.6,0.05,datasets\test_images\2001\rgb\maharashtra_2001_maize_kharif_rgb.png,datasets\test_images\2001\ndvi\maharashtra_2001_maize_kharif_ndvi.png,0.105126,0.042454,0.02033,0.006113,0.833517,0.35162999999999994,-0.150064,0.131709,0.158064,0.064218,0.03837,0.007674,0.9018479999999999,0.573433,-0.342014,0.142671,0.33614499999999997,-0.566343,-0.828944,0.103084,0.525285,0.24764700000000003,0.04303100000000001,0.064934,0.17826299999999998,0.062228,0.024124999999999997,0.013165000000000001,both
Mizoram,Urad,2001,Kharif,mizoram,2001,kharif,Mizoram,Maize; Moong(Green Gram); Rice,Maize,Kharif,23.2146169,92.8687612,2001-07-01,2001-10-28,17.0,Landsat 5/7 SR,0.6,0.05,datasets\test_images\2001\rgb\mizoram_2001_maize_kharif_rgb.png,datasets\test_images\2001\ndvi\mizoram_2001_maize_kharif_ndvi.png,0.191518,0.023375999999999997,0.003775,0.009597,0.970554,0.6792409999999999,0.033785,0.09696699999999998,0.219183,0.054553,0.013235000000000002,0.013692000000000001,0.9701020000000001,0.869976,0.075204,0.055752,-0.106213,-0.771401,-0.869619,0.047295,0.684895,0.42284799999999995,0.108357,0.07448,0.20865,0.028721,0.00405,0.012439,both
Mizoram,Urad,2001,Rabi,mizoram,2001,rabi,Mizoram,Maize; Moong(Green Gram),Maize,Rabi,23.2146169,92.8687612,2001-11-01,2002-04-28,11.0,Landsat 5/7 SR,0.6,0.05,datasets\test_images\2001\rgb\mizoram_2001_maize_rabi_rgb.png,datasets\test_images\2001\ndvi\mizoram_2001_maize_rabi_ndvi.png,0.0904,0.025996,0.005233,0.008183,0.704514,0.428724,0.102902,0.095122,0.172598,0.046327,0.00889,0.012132,0.92465,0.746099,0.186053,0.107178,-0.284336,-0.695196,-0.836811,0.069972,0.490195,0.26222,0.05663,0.054856,0.227982,0.036879,0.003445,0.015887,both
Odisha,Urad,2001,Kharif,odisha,2001,kharif,Odisha,Maize; Moong(Green Gram); Rice,Maize,Kharif,20.5431241,84.6897321,2001-07-01,2001-10-28,3.0,Landsat 5/7 SR,0.6,0.05,datasets\test_images\2001\rgb\odisha_2001_maize_kharif_rgb.png,datasets\test_images\2001\ndvi\odisha_2001_maize_kharif_ndvi.png,0.184312,0.032208,0.011942,0.009011,0.770312,0.50179,-0.054942,0.09053700000000002,0.218275,0.05514,0.023685,0.013702,0.8966660000000001,0.758886,-0.132351,0.105862,0.124336,-0.692199,-0.802965,0.07379,0.46638,0.304928,0.07984,0.036893,0.217423,0.041937,0.01384,0.020251,both
Tamil Nadu,Urad,2001,Kharif,tamil nadu,2001,kharif,Tamil Nadu,Moong(Green Gram); Rice,Moong(Green Gram),Kharif,11.3323723,78.6098639,2001-07-01,2001-10-28,2.0,Landsat 5/7 SR,0.6,0.05,datasets\test_images\2001\rgb\tamil_nadu_2001_moong_green_gram_kharif_rgb.png,datasets\test_images\2001\ndvi\tamil_nadu_2001_moong_green_gram_kharif_ndvi.png,0.1344,0.040908,0.019698,0.009182,0.7565,0.397901,0.081135,0.128767,0.165915,0.068103,0.031413,0.012318,0.859178,0.610283,0.173303,0.154162,-0.248887,-0.610665,-0.796651,0.083673,0.506338,0.287632,0.092573,0.048883,0.22867,0.068661,0.023767,0.026776,both
Uttar Pradesh,Urad,2001,Kharif,uttar pradesh,2001,kharif,Uttar Pradesh,Maize; Moong(Green Gram); Rice,Maize,Kharif,27.1303344,80.859666,2001-07-01,2001-10-28,6.0,Landsat 5/7 SR,0.6,0.05,datasets\test_images\2001\rgb\uttar_pradesh_2001_maize_kharif_rgb.png,datasets\test_images\2001\ndvi\uttar_pradesh_2001_maize_kharif_ndvi.png,0.171828,0.070141,0.031578,0.015602,0.632365,0.358962,-0.016797,0.079657,0.231393,0.106857,0.052422,0.022234,0.783486,0.483838,-0.044273,0.11341,-0.007758999999999999,-0.467128,-0.69923,0.09049999999999998,0.44724,0.308279,0.09986,0.035191,0.260625,0.10455200000000002,0.038178,0.030023000000000005,both
Uttar Pradesh,Urad,2001,Rabi,uttar pradesh,2001,rabi,Uttar Pradesh,Maize; Moong(Green Gram),Maize,Rabi,27.1303344,80.859666,2001-11-01,2002-04-28,3.0,Landsat 5/7 SR,0.6,0.05,datasets\test_images\2001\rgb\uttar_pradesh_2001_maize_rabi_rgb.png,datasets\test_images\2001\ndvi\uttar_pradesh_2001_maize_rabi_ndvi.png,0.150625,0.081459,0.04134,0.013567,0.522288,0.209495,-0.006736,0.074742,0.21173,0.111779,0.053605,0.021286,0.703766,0.319718,-0.011899,0.117466,-0.0174,-0.366055,-0.659729,0.083712,0.368865,0.266141,0.06873,0.032007,0.26728,0.124074,0.045217,0.03103,both
Uttarakhand,Urad,2001,Kharif,uttarakhand,2001,kharif,Uttarakhand,Maize; Moong(Green Gram); Rice,Maize,Kharif,30.0417376,79.089691,2001-07-01,2001-10-28,6.0,Landsat 5/7 SR,0.6,0.05,datasets\test_images\2001\rgb\uttarakhand_2001_maize_kharif_rgb.png,datasets\test_images\2001\ndvi\uttarakhand_2001_maize_kharif_ndvi.png,0.169586,0.030527,0.003637,0.014098,0.7014650000000001,0.36718199999999995,0.085631,0.075898,0.199809,0.048794,0.008532,0.021241,0.959619,0.690956,0.152573,0.125599,-0.253844,-0.658173,-0.8609589999999999,0.088824,0.45835,0.231652,0.043622,0.051957,0.216213,0.045054000000000004,0.002345,0.027035,both
Uttarakhand,Urad,2001,Rabi,uttarakhand,2001,rabi,Uttarakhand,Maize; Moong(Green Gram); Rice,Maize,Rabi,30.0417376,79.089691,2001-11-01,2002-04-28,5.0,Landsat 5/7 SR,0.6,0.05,datasets\test_images\2001\rgb\uttarakhand_2001_maize_rabi_rgb.png,datasets\test_images\2001\ndvi\uttarakhand_2001_maize_rabi_ndvi.png,0.12499500000000001,0.037648,0.003665,0.018037,0.546733,0.218036,0.015238,0.082694,0.176681,0.051444,0.005521000000000001,0.02774,0.864988,0.521125,0.093676,0.152797,0.027885000000000004,-0.545085,-0.791184,0.107238,0.3547580000000001,0.16721700000000003,0.011984,0.068605,0.223569,0.05831,0.00174,0.039028,both
Bihar,Urad,2002,Kharif,bihar,2002,kharif,Bihar,Moong(Green Gram); Rice,Moong(Green Gram),Kharif,25.6440845,85.906508,2002-07-01,2002-10-28,6.0,Landsat 5/7 SR,0.6,0.05,datasets\test_images\2002\rgb\bihar_2002_moong_green_gram_kharif_rgb.png,datasets\test_images\2002\ndvi\bihar_2002_moong_green_gram_kharif_ndvi.png,0.133658,0.056137,0.028607,0.008662,0.775845,0.397756,0.011477,0.098822,0.157266,0.078932,0.033214,0.011633,0.83217,0.588499,0.044015,0.097009,0.085891,-0.529758,-0.749392,0.093573,0.482798,0.268424,0.032031,0.056396,0.160869,0.066376,0.0211,0.013905,both
Chhattisgarh,Urad,2002,Kharif,chhattisgarh,2002,kharif,Chhattisgarh,Maize; Moong(Green Gram); Rice,Maize,Kharif,21.663735899999995,81.8406351,2002-07-01,2002-10-28,5.0,Landsat 5/7 SR,0.6,0.05,datasets\test_images\2002\rgb\chhattisgarh_2002_maize_kharif_rgb.png,datasets\test_images\2002\ndvi\chhattisgarh_2002_maize_kharif_ndvi.png,0.114407,0.051343,0.029762,0.00943,0.655723,0.288257,-0.164372,0.084053,0.19577999999999998,0.082337,0.043402,0.01541,0.799671,0.482888,-0.338452,0.116168,0.314357,-0.48838700000000007,-0.73636,0.08933799999999999,0.42698600000000003,0.247119,0.041587,0.043346,0.223252,0.08495199999999999,0.033269,0.025844999999999996,both
Chhattisgarh,Urad,2002,Rabi,chhattisgarh,2002,rabi,Chhattisgarh,Moong(Green Gram); Urad,Moong(Green Gram),Rabi,21.6637359,81.8406351,2002-11-01,2003-04-28,14.0,Landsat 5/7 SR T1/T2,0.6,0.25,datasets\test_images\2002\rgb\chhattisgarh_2002_moong(green_gram)_rabi_rgb.png,datasets\test_images\2002\ndvi\chhattisgarh_2002_moong(green_gram)_rabi_ndvi.png,0.175348,0.069483,0.034603,0.009933,0.709027,0.189869,-0.153653,0.054876,0.217299,0.091915,0.037985,0.015649,0.780857,0.312784,-0.348595,0.092398,0.448226,-0.410121,-0.724218,0.068847,0.450485,0.222814,0.027782,0.027113,0.281319,0.115797,0.029817,0.028222,both
Gujarat,Urad,2002,Kharif,gujarat,2002,kharif,Gujarat,Maize; Moong(Green Gram); Rice,Maize,Kharif,22.3850051,71.745261,2002-07-01,2002-10-28,13.0,Landsat 5/7 SR,0.6,0.05,datasets\test_images\2002\rgb\gujarat_2002_maize_kharif_rgb.png,datasets\test_images\2002\ndvi\gujarat_2002_maize_kharif_ndvi.png,0.212913,0.081399,0.038686,0.018578,0.6342,0.152961,-0.100449,0.064135,0.254286,0.10731799999999998,0.053371,0.022004,0.758963,0.251486,-0.193828,0.104248,0.158291,-0.325381,-0.695774,0.089937,0.427179,0.21085,0.064192,0.033217,0.279765,0.125894,0.05157,0.028174999999999995,both
Haryana,Urad,2002,Kharif,haryana,2002,kharif,Haryana,Maize; Moong(Green Gram); Rice,Maize,Kharif,29.0,76.0,2002-07-01,2002-10-28,5.0,Landsat 5/7 SR,0.6,0.05,datasets\test_images\2002\rgb\haryana_2002_maize_kharif_rgb.png,datasets\test_images\2002\ndvi\haryana_2002_maize_kharif_ndvi.png,0.16866499999999998,0.08605599999999998,0.037765,0.019641,0.686312,0.27995,0.028525,0.125723,0.246243,0.126992,0.055365,0.026683,0.773451,0.374231,0.065536,0.156028,-0.082208,-0.41834,-0.7099290000000001,0.108904,0.463053,0.314012,0.110475,0.032222,0.298878,0.141603,0.04519,0.042544,both
Himachal Pradesh,Urad,2002,Kharif,himachal pradesh,2002,kharif,Himachal Pradesh,Maize; Moong(Green Gram); Rice,Maize,Kharif,31.929235200000004,77.1828462,2002-07-01,2002-10-28,2.0,Landsat 5/7 SR,0.6,0.05,datasets\test_images\2002\rgb\himachal_pradesh_2002_maize_kharif_rgb.png,datasets\test_images\2002\ndvi\himachal_pradesh_2002_maize_kharif_ndvi.png,0.18713100000000002,0.048161,-0.006180000000000001,0.024422,0.639659,0.272451,-0.086488,0.085706,0.216006,0.066297,-0.000817,0.030906,1.741375,0.552297,-0.249447,0.14927,0.374033,-0.538068,-1.09253,0.11514799999999999,0.438275,0.20575599999999997,0.008367,0.071536,0.236274,0.067243,-0.003787,0.036762,both
Karnataka,Urad,2002,Kharif,karnataka,2002,kharif,Karnataka,Maize; Moong(Green Gram); Rice,Maize,Kharif,14.9562045,75.7896741,2002-07-01,2002-10-28,2.0,Landsat 5/7 SR,0.6,0.05,datasets\test_images\2002\rgb\karnataka_2002_maize_kharif_rgb.png,datasets\test_images\2002\ndvi\karnataka_2002_maize_kharif_ndvi.png,0.161405,0.062549,0.022833000000000003,0.013496,0.760834,0.20597199999999996,-0.120709,0.099978,0.21045100000000003,0.093288,0.035895,0.019567,0.872613,0.334703,-0.42834900000000004,0.148213,0.381484,-0.417648,-0.7988940000000001,0.125848,0.452877,0.236209,0.031481,0.063607,0.288483,0.115172,0.02297,0.032674,both
Karnataka,Urad,2002,Rabi,karnataka,2002,rabi,Karnataka,Maize; Moong(Green Gram); Rice,Maize,Rabi,14.9562045,75.7896741,2002-11-01,2003-04-28,5.0,Landsat 5/7 SR,0.6,0.05,datasets\test_images\2002\rgb\karnataka_2002_maize_rabi_rgb.png,datasets\test_images\2002\ndvi\karnataka_2002_maize_rabi_ndvi.png,0.150873,0.071144,0.044502999999999994,0.009035,0.577212,0.160899,-0.098723,0.060055,0.214824,0.099642,0.060384,0.016243,0.708244,0.263771,-0.325314,0.095593,0.352665,-0.380005,-0.664741,0.079179,0.384705,0.228665,0.042275,0.041326,0.277716,0.13087,0.052794,0.032635,both
Maharashtra,Urad,2002,Kharif,maharashtra,2002,kharif,Maharashtra,Maize; Moong(Green Gram); Rice,Maize,Kharif,19.5670323,76.4164557,2002-07-01,2002-10-28,6.0,Landsat 5/7 SR,0.6,0.05,datasets\test_images\2002\rgb\maharashtra_2002_maize_kharif_rgb.png,datasets\test_images\2002\ndvi\maharashtra_2002_maize_kharif_ndvi.png,0.1124,0.046203,0.02759,0.006535,0.728634,0.310907,-0.146151,0.104337,0.16542,0.068253,0.0431,0.008063,0.854877,0.526084,-0.336865,0.128776,0.269463,-0.531249,-0.790197,0.089916,0.463988,0.23197,0.043045,0.04658500000000001,0.21267899999999998,0.068987,0.033461,0.014175,both
Mizoram,Urad,2002,Kharif,mizoram,2002,kharif,Mizoram,Maize; Moong(Green Gram); Rice,Maize,Kharif,23.2146169,92.8687612,2002-07-01,2002-10-28,10.0,Landsat 5/7 SR,0.6,0.05,datasets\test_images\2002\rgb\mizoram_2002_maize_kharif_rgb.png,datasets\test_images\2002\ndvi\mizoram_2002_maize_kharif_ndvi.png,0.293955,0.027392,-0.000982,0.019087,0.989761,0.6774809999999999,0.10084900000000001,0.105007,0.325167,0.054814,0.001988,0.02149,1.118276,0.8629060000000001,0.20726199999999997,0.074323,-0.18468000000000004,-0.769451,-0.961367,0.061493,0.67219,0.415394,0.069748,0.07872,0.336223,0.031417,-0.003925,0.022147,both
Mizoram,Urad,2002,Rabi,mizoram,2002,rabi,Mizoram,Maize; Moong(Green Gram),Maize,Rabi,23.2146169,92.8687612,2002-11-01,2003-04-28,18.0,Landsat 5/7 SR,0.6,0.05,datasets\test_images\2002\rgb\mizoram_2002_maize_rabi_rgb.png,datasets\test_images\2002\ndvi\mizoram_2002_maize_rabi_ndvi.png,0.094855,0.028684,0.008395,0.008364,0.732789,0.437151,0.132256,0.087958,0.168376,0.047125,0.014101,0.011718,0.88069,0.735549,0.189427,0.098823,-0.330613,-0.694638,-0.816139,0.064001,0.469474,0.269823,0.079813,0.051819,0.232905,0.039273,0.007708,0.015718,both
Odisha,Urad,2002,Kharif,odisha,2002,kharif,Odisha,Maize; Moong(Green Gram); Rice,Maize,Kharif,20.5431241,84.6897321,2002-07-01,2002-10-28,3.0,Landsat 5/7 SR,0.6,0.05,datasets\test_images\2002\rgb\odisha_2002_maize_rgb.png,datasets\test_images\2002\ndvi\odisha_2002_maize_ndvi.png,0.090854,0.025218,0.00515,0.008165,0.732824,0.495679,-0.031968,0.09083800000000002,0.183845,0.047811,0.010485,0.013654,0.910673,0.785924,-0.057337,0.113894,-0.013043,-0.719834,-0.84016,0.080705,0.44895900000000005,0.296592,0.080418,0.038041,0.24979000000000004,0.035494,0.006827,0.019893,both
Punjab,Urad,2002,Kharif,punjab,2002,kharif,Punjab,Maize; Moong(Green Gram); Rice,Maize,Kharif,30.9293211,75.5004841,2002-07-01,2002-10-28,9.0,Landsat 5/7 SR,0.6,0.05,datasets\test_images\2002\rgb\punjab_2002_maize_rgb.png,datasets\test_images\2002\ndvi\punjab_2002_maize_ndvi.png,0.18318500000000001,0.05573999999999999,0.01879,0.018615,0.7267420000000001,0.391856,-0.013189,0.127855,0.234693,0.088901,0.037132,0.023418000000000005,0.8834240000000001,0.535436,-0.029873,0.175562,0.010402,-0.532458,-0.8119299999999999,0.132496,0.480212,0.307833,0.082439,0.042863000000000005,0.277675,0.090518,0.022145,0.035906,both
Uttarakhand,Urad,2002,Kharif,uttarakhand,2002,kharif,Uttarakhand,Maize; Moong(Green Gram); Rice,Maize,Kharif,30.0417376,79.089691,2002-07-01,2002-10-28,5.0,Landsat 5/7 SR,0.6,0.05,datasets\test_images\2002\rgb\uttarakhand_2002_maize_rgb.png,datasets\test_images\2002\ndvi\uttarakhand_2002_maize_ndvi.png,0.118601,0.028835,9e-05,0.015452,0.630488,0.35113,0.075713,0.083067,0.162271,0.04716499999999999,0.005301,0.023239,0.97586,0.685225,0.180102,0.152342,-0.250597,-0.663271,-0.85966,0.10540699999999999,0.4250610000000001,0.22677500000000003,0.047486,0.05344000000000001,0.19791100000000003,0.045578,0.001451,0.031298,both
Uttarakhand,Urad,2002,Rabi,uttarakhand,2002,rabi,Uttarakhand,Maize; Moong(Green Gram); Rice,Maize,Rabi,30.0417376,79.089691,2002-11-01,2003-04-28,8.0,Landsat 5/7 SR,0.6,0.05,datasets\test_images\2002\rgb\uttarakhand_2002_maize_rgb.png,datasets\test_images\2002\ndvi\uttarakhand_2002_maize_ndvi.png,0.130756,0.034769,0.004875,0.018458,0.520479,0.231422,0.020199,0.083407,0.180119,0.049743,0.005397,0.028326,0.851929,0.546875,0.114365,0.160975,-0.092866,-0.571105,-0.8106589999999999,0.109792,0.364176,0.175859,0.01494,0.069602,0.220434,0.057008,0.0026199999999999995,0.039861,both
Bihar,Urad,2003,Kharif,bihar,2003,kharif,Bihar,Maize; Moong(Green Gram); Rice,Maize,Kharif,25.6440845,85.90650799999999,2003-07-01,2003-10-28,2.0,Landsat 5/7 SR,0.6,0.05,datasets\test_images\2003\rgb\bihar_2003_maize_rgb.png,datasets\test_images\2003\ndvi\bihar_2003_maize_ndvi.png,1.602213,0.085345,0.016893,0.053851,0.89154,0.372485,-0.133277,0.16949500000000003,0.42691799999999996,0.10698199999999998,0.022888000000000002,0.046348,0.85177,0.476478,-0.34873,0.17992,0.39570299999999997,-0.4183160000000001,-0.765966,0.173976,0.582458,0.273579,0.019092,0.098082,0.44471,0.093597,0.013455,0.047238,both
Chhattisgarh,Urad,2003,Kharif,chhattisgarh,2003,kharif,Chhattisgarh,Maize; Moong(Green Gram); Rice,Maize,Kharif,21.663735899999995,81.8406351,2003-07-01,2003-10-28,2.0,Landsat 5/7 SR,0.6,0.05,datasets\test_images\2003\rgb\chhattisgarh_2003_maize_rgb.png,datasets\test_images\2003\ndvi\chhattisgarh_2003_maize_ndvi.png,0.29841,0.09297499999999999,0.04794,0.023413,0.891123,0.413934,-0.156975,0.142323,0.321757,0.10654599999999999,0.042605,0.028474,0.827246,0.503012,-0.24792500000000003,0.140707,0.276504,-0.449708,-0.733409,0.115116,0.506172,0.287704,0.067823,0.074415,0.328385,0.094736,0.024344999999999995,0.036235,both
Chhattisgarh,Urad,2003,Rabi,chhattisgarh,2003,rabi,Chhattisgarh,Moong(Green Gram); Urad,Moong(Green Gram),Rabi,21.6637359,81.8406351,2003-11-01,2004-04-28,35.0,Landsat 5/7 SR T1/T2,0.6,0.25,datasets\test_images\2003\rgb\chhattisgarh_2003_moong(green_gram)_rabi_rgb.png,datasets\test_images\2003\ndvi\chhattisgarh_2003_moong(green_gram)_rabi_ndvi.png,0.180256,0.067381,0.034877,0.008756,0.693742,0.200871,-0.165481,0.059038,0.224614,0.093916,0.037806,0.013259,0.802326,0.340939,-0.39065,0.099013,0.464321,-0.389927,-0.721796,0.083574,0.436103,0.218124,0.028085,0.028265,0.26992,0.105167,0.031798,0.021842,both
Gujarat,Urad,2003,Kharif,gujarat,2003,kharif,Gujarat,Maize; Moong(Green Gram); Rice,Maize,Kharif,22.3850051,71.745261,2003-07-01,2003-10-28,4.0,Landsat 5/7 SR,0.6,0.05,datasets\test_images\2003\rgb\gujarat_2003_maize_rgb.png,datasets\test_images\2003\ndvi\gujarat_2003_maize_ndvi.png,0.242475,0.058978,0.03001,0.013687,0.781899,0.269687,-0.145941,0.11328500000000001,0.282061,0.084339,0.037463,0.016651,0.8346240000000001,0.432159,-0.322782,0.147808,0.310467,-0.46914000000000006,-0.761883,0.10815199999999998,0.499655,0.238689,0.03991,0.04733400000000001,0.289775,0.093009,0.02913,0.025427,both
Haryana,Urad,2003,Kharif,haryana,2003,kharif,Haryana,Maize; Moong(Green Gram); Rice,Maize,Kharif,29.0,76.0,2003-07-01,2003-10-28,2.0,Landsat 5/7 SR,0.6,0.05,datasets\test_images\2003\rgb\haryana_2003_maize_rgb.png,datasets\test_images\2003\ndvi\haryana_2003_maize_ndvi.png,0.179693,0.109395,0.028938000000000002,0.025738,0.769872,0.270987,-0.026831000000000004,0.122923,0.221218,0.137482,0.052835,0.023328,0.8106110000000001,0.3346,-0.05834799999999999,0.148934,0.060999,-0.35365399999999997,-0.7434629999999999,0.116546,0.479855,0.290608,0.114105,0.037572,0.266895,0.144658,0.038892,0.034434,both
Madhya Pradesh,Urad,2003,Kharif,madhya pradesh,2003,kharif,Madhya Pradesh,Maize; Moong(Green Gram); Rice,Maize,Kharif,23.8143419,77.5340719,2003-07-01,2003-10-28,9.0,Landsat 5/7 SR,0.6,0.05,datasets\test_images\2003\rgb\madhya_pradesh_2003_maize_rgb.png,datasets\test_images\2003\ndvi\madhya_pradesh_2003_maize_ndvi.png,0.34362,0.05146799999999999,0.014802000000000001,0.013842,0.869617,0.394245,-0.036869,0.119404,0.387978,0.078098,0.024482,0.014576,0.888992,0.580318,-0.10308,0.124096,0.209844,-0.555515,-0.779786,0.085267,0.56648,0.282971,0.038727,0.061004,0.39785,0.072364,0.0123,0.020045,both
Madhya Pradesh,Urad,2003,Rabi,madhya pradesh,2003,rabi,Madhya Pradesh,Moong(Green Gram); Urad,Moong(Green Gram),Rabi,23.8143419,77.5340719,2003-11-01,2004-04-28,28.0,Landsat 5/7 SR T1/T2,0.6,0.25,datasets\test_images\2003\rgb\madhya_pradesh_2003_moong(green_gram)_rabi_rgb.png,datasets\test_images\2003\ndvi\madhya_pradesh_2003_moong(green_gram)_rabi_ndvi.png,0.148232,0.067375,0.019395,0.011265,0.801225,0.160126,-0.110453,0.061692,0.229907,0.086866,0.036362,0.015476,0.894482,0.291961,-0.354415,0.101969,0.518599,-0.374334,-0.824943,0.079745,0.490992,0.216844,0.019478,0.035967,0.31843,0.103597,0.022172,0.024476,both
Maharashtra,Urad,2003,Kharif,maharashtra,2003,kharif,Maharashtra,Maize; Moong(Green Gram); Rice,Maize,Kharif,19.5670323,76.4164557,2003-07-01,2003-10-28,3.0,Landsat 5/7 SR,0.6,0.05,datasets\test_images\2003\rgb\maharashtra_2003_maize_rgb.png,datasets\test_images\2003\ndvi\maharashtra_2003_maize_ndvi.png,0.198723,0.04284000000000001,0.014431,0.008039,0.8125620000000001,0.369848,-0.11114799999999998,0.13789,0.212857,0.063832,0.019257,0.009406,0.8765139999999999,0.586502,-0.259011,0.147197,0.270891,-0.587246,-0.79296,0.103893,0.517558,0.259958,0.054403,0.066825,0.22085999999999997,0.063373,0.015613999999999998,0.016206,both
Odisha,Urad,2003,Kharif,odisha,2003,kharif,Odisha,Maize; Moong(Green Gram); Rice,Maize,Kharif,20.5431241,84.6897321,2003-07-01,2003-10-28,3.0,Landsat 5/7 SR,0.6,0.05,datasets\test_images\2003\rgb\odisha_2003_maize_rgb.png,datasets\test_images\2003\ndvi\odisha_2003_maize_ndvi.png,0.257985,0.036725,-0.006785,0.020388,0.9375300000000001,0.545643,-0.050223,0.133937,0.271267,0.056442,-0.002688,0.023668000000000005,1.352709,0.777511,-0.095907,0.122322,0.130986,-0.7061480000000001,-1.079825,0.094482,0.640427,0.328283,0.041505,0.07794,0.275695,0.041672999999999995,-0.010497,0.026775000000000004,both
Punjab,Urad,2003,Kharif,punjab,2003,kharif,Punjab,Maize; Moong(Green Gram); Rice,Maize,Kharif,30.9293211,75.5004841,2003-07-01,2003-10-28,6.0,Landsat 5/7 SR,0.6,0.05,datasets\test_images\2003\rgb\punjab_2003_maize_rgb.png,datasets\test_images\2003\ndvi\punjab_2003_maize_ndvi.png,0.40841,0.067197,0.012822,0.017815,1.006121,0.316877,-0.026294,0.141644,0.437753,0.09289399999999999,0.020577,0.021109,0.969271,0.46454900000000005,-0.059056,0.17280700000000002,0.035263,-0.480899,-0.862842,0.130651,0.685858,0.270613,0.045712,0.057836,0.440062,0.09798999999999998,0.00614,0.033432,both
Uttar Pradesh,Urad,2003,Kharif,uttar pradesh,2003,kharif,Uttar Pradesh,Maize; Moong(Green Gram); Rice,Maize,Kharif,27.1303344,80.859666,2003-07-01,2003-10-28,1.0,Landsat 5/7 SR,0.6,0.05,datasets\test_images\2003\rgb\uttar_pradesh_2003_maize_rgb.png,datasets\test_images\2003\ndvi\uttar_pradesh_2003_maize_ndvi.png,0.12252,0.047467,0.01637,0.011616,0.7149959999999999,0.323563,-0.09815999999999998,0.159194,0.184752,0.075164,0.033447,0.017321,0.889987,0.505445,-0.350907,0.239387,0.398233,-0.48473499999999997,-0.808716,0.220676,0.44259200000000004,0.245291,0.027727,0.079595,0.219073,0.071484,0.021209999999999996,0.025031,both
Uttar Pradesh,Urad,2003,Summer,uttar pradesh,2003,summer,Uttar Pradesh,Maize; Moong(Green Gram); Rice,Maize,Summer,27.1303344,80.859666,2003-03-01,2003-06-28,2.0,Landsat 5/7 SR,0.6,0.05,datasets\test_images\2003\rgb\uttar_pradesh_2003_maize_rgb.png,datasets\test_images\2003\ndvi\uttar_pradesh_2003_maize_ndvi.png,0.153856,0.077708,0.047926,0.011886,0.439355,0.201371,0.03296,0.043187,0.209159,0.11014799999999998,0.06928,0.018018,0.585585,0.315819,0.079315,0.072274,-0.118074,-0.378893,-0.565448,0.053285,0.371134,0.241776,0.098306,0.020205,0.255139,0.12863,0.067644,0.025723,both
Uttarakhand,Urad,2003,Kharif,uttarakhand,2003,kharif,Uttarakhand,Maize; Moong(Green Gram); Rice,Maize,Kharif,30.0417376,79.089691,2003-07-01,2003-10-28,2.0,Landsat 5/7 SR,0.6,0.05,datasets\test_images\2003\rgb\uttarakhand_2003_maize_rgb.png,datasets\test_images\2003\ndvi\uttarakhand_2003_maize_ndvi.png,0.10615800000000002,0.025393,0.0027570000000000003,0.014077,0.61394,0.333609,0.077707,0.073322,0.166602,0.043384,0.00471,0.021802,0.965922,0.6993810000000001,0.122962,0.138153,-0.211408,-0.673441,-0.858961,0.0938,0.426766,0.211318,0.03298,0.054194,0.197815,0.041395,0.001162,0.028766,both
Uttarakhand,Urad,2003,Summer,uttarakhand,2003,summer,Uttarakhand,Maize; Moong(Green Gram); Rice,Maize,Summer,30.0417376,79.089691,2003-03-01,2003-06-28,3.0,Landsat 5/7 SR,0.6,0.05,datasets\test_images\2003\rgb\uttarakhand_2003_maize_rgb.png,datasets\test_images\2003\ndvi\uttarakhand_2003_maize_ndvi.png,0.120183,0.037874,0.007185,0.018242,0.516744,0.270612,0.067987,0.066457,0.166355,0.058224,0.011117999999999998,0.024966,0.847103,0.553317,0.128928,0.159115,-0.23829,-0.58197,-0.787152,0.106344,0.36012,0.207842,0.039525,0.039423,0.208842,0.063965,0.006552,0.036503,both
Andhra Pradesh,Urad,2004,Kharif,andhra pradesh,2004,kharif,Andhra Pradesh,Maize; Moong(Green Gram); Rice,Maize,Kharif,15.9240905,80.1863809,2004-07-01,2004-10-28,12.0,Landsat 5/7 SR,0.6,0.05,datasets\test_images\2004\rgb\andhra_pradesh_2004_maize_rgb.png,datasets\test_images\2004\ndvi\andhra_pradesh_2004_maize_ndvi.png,0.836118,0.071263,0.035015,0.014105,0.83399,0.212454,-0.044596,0.102373,0.291233,0.09119899999999999,0.04755499999999999,0.013685999999999999,0.839098,0.338385,-0.102056,0.12493,0.104751,-0.362851,-0.771951,0.09685700000000001,0.52314,0.20838900000000002,0.068593,0.050127,0.300706,0.09762,0.038975,0.018585,both
Andhra Pradesh,Urad,2004,Rabi,andhra pradesh,2004,rabi,Andhra Pradesh,Maize; Moong(Green Gram); Rice,Maize,Rabi,15.9240905,80.1863809,2004-11-01,2005-04-28,33.0,Landsat 5/7 SR,0.6,0.05,datasets\test_images\2004\rgb\andhra_pradesh_2004_maize_rgb.png,datasets\test_images\2004\ndvi\andhra_pradesh_2004_maize_ndvi.png,0.11831200000000001,0.063151,0.03991,0.008093,0.676789,0.28155,-0.021827,0.096103,0.161845,0.08497899999999999,0.048902,0.011201999999999998,0.80105,0.43926099999999996,-0.04932,0.116178,0.083072,-0.462234,-0.749669,0.086387,0.428348,0.246298,0.078437,0.037643,0.196523,0.089098,0.038453,0.017542,both
Assam,Urad,2004,Rabi,assam,2004,rabi,Assam,Moong(Green Gram); Urad,Moong(Green Gram),Rabi,26.4073841,93.2551303,2004-11-01,2005-04-28,58.0,Landsat 5/7 SR T1/T2,0.6,0.25,datasets\test_images\2004\rgb\assam_2004_moong(green_gram)_rabi_rgb.png,datasets\test_images\2004\ndvi\assam_2004_moong(green_gram)_rabi_ndvi.png,0.210025,0.042636,0.007598,0.026096,0.806278,0.350172,-0.129355,0.128878,0.257132,0.060162,0.01263,0.031715,0.913507,0.609111,-0.364671,0.210504,0.460061,-0.574176,-0.844997,0.18211,0.557487,0.231043,0.028731,0.049855,0.28576,0.055435,0.006222,0.038284,both
Bihar,Urad,2004,Kharif,bihar,2004,kharif,Bihar,Maize; Moong(Green Gram); Rice,Maize,Kharif,25.6440845,85.90650799999999,2004-07-01,2004-10-28,10.0,Landsat 5/7 SR,0.6,0.05,datasets\test_images\2004\rgb\bihar_2004_maize_rgb.png,datasets\test_images\2004\ndvi\bihar_2004_maize_ndvi.png,0.155644,0.066259,0.027286999999999995,0.011641333333333332,0.755635,0.394369,-0.023705,0.09765666666666667,0.18211199999999997,0.090801,0.037903,0.013281333333333334,0.8411209999999999,0.5503713333333333,-0.08452,0.107572,0.202503,-0.5174173333333333,-0.762347,0.09085899999999998,0.484227,0.2869683333333333,0.049728,0.04876666666666666,0.182415,0.08227433333333334,0.027535,0.018625666666666665,both
Chhattisgarh,Urad,2004,Kharif,chhattisgarh,2004,kharif,Chhattisgarh,Maize; Moong(Green Gram); Rice,Maize,Kharif,21.663735899999995,81.8406351,2004-07-01,2004-10-28,8.0,Landsat 5/7 SR,0.6,0.05,datasets\test_images\2004\rgb\chhattisgarh_2004_maize_rgb.png,datasets\test_images\2004\ndvi\chhattisgarh_2004_maize_ndvi.png,0.094979,0.045714,0.025693000000000004,0.008217,0.7739569999999999,0.381183,-0.13367,0.081732,0.16971,0.073238,0.037683,0.013055000000000002,0.857884,0.598396,-0.314159,0.10798199999999998,0.398318,-0.568633,-0.774925,0.084796,0.49586,0.270989,0.043898,0.039985,0.2037,0.067797,0.027121999999999997,0.020184,both
Chhattisgarh,Urad,2004,Rabi,chhattisgarh,2004,rabi,Chhattisgarh,Moong(Green Gram); Urad,Moong(Green Gram),Rabi,21.6637359,81.8406351,2004-11-01,2005-04-28,39.0,Landsat 5/7 SR T1/T2,0.6,0.25,datasets\test_images\2004\rgb\chhattisgarh_2004_moong(green_gram)_rabi_rgb.png,datasets\test_images\2004\ndvi\chhattisgarh_2004_moong(green_gram)_rabi_ndvi.png,0.176269,0.072687,0.04233,0.009043,0.656751,0.182916,-0.14222,0.051624,0.216116,0.09737,0.045658,0.014177,0.756799,0.304462,-0.330837,0.086048,0.359384,-0.368998,-0.703522,0.07021,0.419974,0.216918,0.037628,0.026708,0.286172,0.11336,0.040653,0.023772,both
Gujarat,Urad,2004,Kharif,gujarat,2004,kharif,Gujarat,Maize; Moong(Green Gram); Rice,Maize,Kharif,22.3850051,71.745261,2004-07-01,2004-10-28,8.0,Landsat 5/7 SR,0.6,0.05,datasets\test_images\2004\rgb\gujarat_2004_maize_rgb.png,datasets\test_images\2004\ndvi\gujarat_2004_maize_ndvi.png,0.212431,0.070945,0.03661,0.0114,0.8969239999999999,0.239376,-0.114406,0.093368,0.228739,0.094314,0.042742,0.016035,0.768047,0.371292,-0.22204100000000002,0.117373,0.137179,-0.417381,-0.7084800000000001,0.088092,0.543174,0.23318000000000003,0.064014,0.043524,0.276451,0.105388,0.042577,0.023411,both
Haryana,Urad,2004,Kharif,haryana,2004,kharif,Haryana,Maize; Moong(Green Gram); Rice,Maize,Kharif,29.0,76.0,2004-07-01,2004-10-28,5.0,Landsat 5/7 SR,0.6,0.05,datasets\test_images\2004\rgb\haryana_2004_maize_rgb.png,datasets\test_images\2004\ndvi\haryana_2004_maize_ndvi.png,0.17430200000000004,0.101734,0.03265,0.025613,0.75494,0.296477,-0.004165,0.135795,0.233482,0.141225,0.047115,0.029691,0.819206,0.36425899999999994,-0.012159999999999999,0.159998,0.000757,-0.392962,-0.7439240000000001,0.118512,0.509583,0.330181,0.080968,0.039301,0.274458,0.153244,0.043623,0.04411099999999999,both
Madhya Pradesh,Urad,2004,Kharif,madhya pradesh,2004,kharif,Madhya Pradesh,Maize; Rice,Maize,Kharif,23.8143419,77.5340719,2004-07-01,2004-10-28,16.0,Landsat 5/7 SR,0.6,0.05,datasets\test_images\2004\rgb\madhya_pradesh_2004_maize_rgb.png,datasets\test_images\2004\ndvi\madhya_pradesh_2004_maize_ndvi.png,0.21228,0.059915,0.030202,0.009332,0.753419,0.273822,-0.020038,0.108441,0.2356,0.084092,0.04695,0.010235,0.818248,0.435554,-0.046039,0.131994,0.115537,-0.455904,-0.740225,0.094054,0.49564,0.233536,0.06642,0.05001,0.240715,0.087616,0.029817,0.017033,both
Madhya Pradesh,Urad,2004,Rabi,madhya pradesh,2004,rabi,Madhya Pradesh,Urad,Urad,Rabi,23.8143419,77.5340719,2004-11-01,2005-04-28,41.0,Landsat 5/7 SR T1/T2,0.6,0.25,datasets\test_images\2004\rgb\madhya_pradesh_2004_urad_rabi_rgb.png,datasets\test_images\2004\ndvi\madhya_pradesh_2004_urad_rabi_ndvi.png,0.13473,0.068559,0.03023,0.008499,0.625487,0.165702,-0.069109,0.056421,0.187777,0.091346,0.038315,0.012606,0.76713,0.289236,-0.33541,0.087516,0.42281,-0.3674,-0.693924,0.070267,0.428128,0.210417,0.02308,0.032361,0.237415,0.107713,0.027397,0.020962,both
Maharashtra,Urad,2004,Kharif,maharashtra,2004,kharif,Maharashtra,Maize; Moong(Green Gram); Rice,Maize,Kharif,19.5670323,76.4164557,2004-07-01,2004-10-28,11.0,Landsat 5/7 SR,0.6,0.05,datasets\test_images\2004\rgb\maharashtra_2004_maize_rgb.png,datasets\test_images\2004\ndvi\maharashtra_2004_maize_ndvi.png,0.829022,0.053618,0.02902,0.015169999999999998,0.809953,0.341633,-0.128817,0.114107,0.3935739999999999,0.076824,0.040323,0.016001,0.84434,0.53623,-0.261287,0.124666,0.199955,-0.513325,-0.772901,0.093215,0.547918,0.248323,0.08492700000000002,0.05709,0.4071179999999999,0.071975,0.02836,0.018765,both
Punjab,Urad,2004,Kharif,punjab,2004,kharif,Punjab,Maize; Moong(Green Gram); Rice,Maize,Kharif,30.9293211,75.5004841,2004-07-01,2004-10-28,9.0,Landsat 5/7 SR,0.6,0.05,datasets\test_images\2004\rgb\punjab_2004_maize_rgb.png,datasets\test_images\2004\ndvi\punjab_2004_maize_ndvi.png,0.15827,0.084657,0.035373,0.014850999999999998,0.6772589999999999,0.353013,0.023713,0.09549,0.222208,0.11114,0.061332,0.016568,0.791509,0.441908,0.048426,0.114996,-0.118504,-0.444839,-0.731594,0.088163,0.445205,0.309489,0.116992,0.035246,0.250092,0.116379,0.045973999999999994,0.02444,both
Tripura,Urad,2004,Kharif,tripura,2004,kharif,Tripura,Maize; Moong(Green Gram); Rice,Maize,Kharif,23.775082299999998,91.7025091,2004-07-01,2004-10-28,13.0,Landsat 5/7 SR,0.6,0.05,datasets\test_images\2004\rgb\tripura_2004_maize_rgb.png,datasets\test_images\2004\ndvi\tripura_2004_maize_ndvi.png,0.194323,0.030746,0.004394,0.01188,0.930503,0.617485,-0.03487,0.100609,0.228216,0.053512,0.013785,0.015466,1.029834,0.8296550000000001,-0.087183,0.07508,0.078052,-0.747541,-0.946304,0.063921,0.63985,0.37229399999999996,0.06257,0.065791,0.272299,0.03442,0.00504,0.016053,both
Uttarakhand,Urad,2004,Kharif,uttarakhand,2004,kharif,Uttarakhand,Maize; Moong(Green Gram); Rice,Maize,Kharif,30.0417376,79.089691,2004-07-01,2004-10-28,4.0,Landsat 5/7 SR,0.6,0.05,datasets\test_images\2004\rgb\uttarakhand_2004_maize_rgb.png,datasets\test_images\2004\ndvi\uttarakhand_2004_maize_ndvi.png,0.47490499999999997,0.031265,-0.005933,0.020265,0.792865,0.323437,0.044231,0.098564,0.480048,0.047356,-0.001202,0.026836,1.144245,0.666375,0.072158,0.138324,-0.076328,-0.644655,-1.028858,0.101592,0.559385,0.209423,0.025252,0.072519,0.48408999999999996,0.045720000000000004,-0.004007,0.031191,both
Uttarakhand,Urad,2004,Summer,uttarakhand,2004,summer,Uttarakhand,Maize; Moong(Green Gram); Rice,Maize,Summer,30.0417376,79.089691,2004-03-01,2004-06-28,20.0,Landsat 5/7 SR T1/T2; Landsat 5/7 SR,0.6,0.25,datasets\test_images\2004\rgb\uttarakhand_2004_maize_summer_rgb.png,datasets\test_images\2004\ndvi\uttarakhand_2004_maize_summer_ndvi.png,0.15957166666666667,0.05611633333333333,0.008005,0.019950333333333334,0.6013229999999999,0.24175899999999997,-0.016013333333333338,0.07619966666666667,0.22021833333333332,0.07948366666666666,0.012263666666666668,0.026306666666666662,0.8375833333333333,0.4358423333333333,-0.054793,0.14918299999999998,0.053029333333333324,-0.47943533333333327,-0.7612519999999999,0.10412033333333333,0.382606,0.2261053333333333,0.057253,0.03758,0.2902333333333333,0.08981166666666666,0.008358333333333334,0.03865866666666667,both
West Bengal,Urad,2004,Kharif,west bengal,2004,kharif,West Bengal,Maize; Moong(Green Gram); Rice,Maize,Kharif,22.996494800000004,87.6855882,2004-07-01,2004-10-28,10.0,Landsat 5/7 SR,0.6,0.05,datasets\test_images\2004\rgb\west_bengal_2004_maize_rgb.png,datasets\test_images\2004\ndvi\west_bengal_2004_maize_ndvi.png,0.42746733333333337,0.04836133333333333,0.010438666666666666,0.019473,0.6667283333333334,0.4194736666666667,-0.122123,0.115776,0.30622900000000003,0.07254866666666666,0.019275999999999998,0.02588233333333333,0.9288533333333334,0.6366856666666667,-0.4266400000000001,0.16902933333333334,0.43537,-0.5833116666666666,-0.836264,0.141792,0.511572,0.2767986666666667,0.040515,0.04581233333333334,0.36644533333333335,0.062217333333333326,0.008862333333333333,0.033819666666666665,both
West Bengal,Urad,2004,Rabi,west bengal,2004,rabi,West Bengal,Moong(Green Gram); Urad,Moong(Green Gram),Rabi,22.9964948,87.6855882,2004-11-01,2005-04-28,41.0,Landsat 5/7 SR T1/T2,0.6,0.25,datasets\test_images\2004\rgb\west_bengal_2004_moong(green_gram)_rabi_rgb.png,datasets\test_images\2004\ndvi\west_bengal_2004_moong(green_gram)_rabi_ndvi.png,0.166712,0.076048,0.043623,0.011544,0.564572,0.214105,-0.134442,0.058548,0.254713,0.106642,0.05773,0.017317,0.680115,0.332771,-0.219016,0.087049,0.269019,-0.36166,-0.620741,0.064111,0.394055,0.229003,0.060123,0.029234,0.32008,0.114515,0.052835,0.026035,both
Bihar,Urad,2005,Kharif,bihar,2005,kharif,Bihar,Maize; Moong(Green Gram); Rice,Maize,Kharif,25.6440845,85.90650799999999,2005-07-01,2005-10-28,10.0,Landsat 5/7 SR,0.6,0.05,datasets\test_images\2005\rgb\bihar_2005_maize_rgb.png,datasets\test_images\2005\ndvi\bihar_2005_maize_ndvi.png,1.602213,0.085025,0.032183,0.03384633333333333,0.8533240000000001,0.4135246666666667,-0.04699866666666667,0.11199766666666666,0.448849,0.10881866666666666,0.04124833333333333,0.029425666666666666,0.848901,0.5135586666666666,-0.136883,0.12974633333333332,0.23597100000000001,-0.476384,-0.7604296666666667,0.115784,0.6029546666666666,0.316153,0.032458,0.056940333333333336,0.45351,0.09895033333333332,0.029936666666666667,0.032506,both
Chhattisgarh,Urad,2005,Kharif,chhattisgarh,2005,kharif,Chhattisgarh,Maize; Moong(Green Gram); Rice,Maize,Kharif,21.663735899999995,81.8406351,2005-07-01,2005-10-28,3.0,Landsat 5/7 SR,0.6,0.05,datasets\test_images\2005\rgb\chhattisgarh_2005_maize_rgb.png,datasets\test_images\2005\ndvi\chhattisgarh_2005_maize_ndvi.png,0.10035500000000001,0.046874,0.025252,0.008176,0.692091,0.365832,-0.156967,0.082578,0.187943,0.074698,0.04024,0.012791000000000002,0.8359960000000001,0.578855,-0.347742,0.112241,0.377383,-0.55701,-0.757295,0.08791900000000001,0.44256499999999993,0.267055,0.046235,0.037182,0.195532,0.070605,0.028443,0.020894,both
Chhattisgarh,Urad,2005,Rabi,chhattisgarh,2005,rabi,Chhattisgarh,Moong(Green Gram); Urad,Moong(Green Gram),Rabi,21.6637359,81.8406351,2005-11-01,2006-04-28,28.0,Landsat 5/7 SR T1/T2,0.6,0.25,datasets\test_images\2005\rgb\chhattisgarh_2005_moong(green_gram)_rabi_rgb.png,datasets\test_images\2005\ndvi\chhattisgarh_2005_moong(green_gram)_rabi_ndvi.png,0.18126,0.071451,0.040433,0.009046,0.58516,0.180652,-0.149931,0.05246,0.24176,0.097269,0.04541,0.014397,0.714996,0.299998,-0.365145,0.08899,0.481625,-0.376165,-0.672047,0.075865,0.384512,0.219698,0.033777,0.029129,0.296457,0.116297,0.038865,0.02534,both
Gujarat,Urad,2005,Kharif,gujarat,2005,kharif,Gujarat,Maize; Moong(Green Gram); Rice,Maize,Kharif,22.3850051,71.745261,2005-07-01,2005-10-28,6.0,Landsat 5/7 SR,0.6,0.05,datasets\test_images\2005\rgb\gujarat_2005_maize_rgb.png,datasets\test_images\2005\ndvi\gujarat_2005_maize_ndvi.png,0.228656,0.065097,0.02979,0.012953,0.696561,0.287385,-0.096356,0.111404,0.280343,0.089797,0.045767,0.016938,0.8129690000000002,0.442272,-0.284004,0.141387,0.320538,-0.471819,-0.758851,0.106696,0.46588499999999994,0.252046,0.047349,0.046236,0.299895,0.09685300000000001,0.033214,0.025727,both
Haryana,Urad,2005,Kharif,haryana,2005,kharif,Haryana,Maize; Moong(Green Gram); Rice,Maize,Kharif,29.0,76.0,2005-07-01,2005-10-28,6.0,Landsat 5/7 SR,0.6,0.05,datasets\test_images\2005\rgb\haryana_2005_maize_rgb.png,datasets\test_images\2005\ndvi\haryana_2005_maize_ndvi.png,0.15398,0.094454,0.062515,0.012251,0.595099,0.308723,0.044614999999999995,0.09108299999999998,0.223473,0.134737,0.09064699999999999,0.015716,0.724075,0.381408,0.085163,0.10198599999999998,-0.126622,-0.401063,-0.653864,0.070065,0.435525,0.322314,0.131898,0.029921,0.26739,0.141699,0.075908,0.026315,both
Himachal Pradesh,Urad,2005,Kharif,himachal pradesh,2005,kharif,Himachal Pradesh,Maize; Moong(Green Gram); Rice,Maize,Kharif,31.929235200000004,77.1828462,2005-07-01,2005-10-28,4.0,Landsat 5/7 SR,0.6,0.05,datasets\test_images\2005\rgb\himachal_pradesh_2005_maize_rgb.png,datasets\test_images\2005\ndvi\himachal_pradesh_2005_maize_ndvi.png,0.167152,0.031298,-0.00717,0.016797,0.797149,0.367542,-0.080477,0.12233500000000001,0.198613,0.051382000000000004,-0.00189,0.025455999999999996,1.3548350000000002,0.700792,-0.168465,0.11578300000000001,0.178424,-0.646402,-1.176708,0.093154,0.545883,0.235096,0.014032999999999999,0.09232999999999998,0.22622299999999998,0.043777,-0.002784,0.026618,both
Madhya Pradesh,Urad,2005,Kharif,madhya pradesh,2005,kharif,Madhya Pradesh,Maize; Moong(Green Gram); Rice,Maize,Kharif,23.8143419,77.5340719,2005-07-01,2005-10-28,14.0,Landsat 5/7 SR,0.6,0.05,datasets\test_images\2005\rgb\madhya_pradesh_2005_maize_rgb.png,datasets\test_images\2005\ndvi\madhya_pradesh_2005_maize_ndvi.png,0.242833,0.043887,0.006181,0.010357,0.922069,0.40522300000000006,-0.040603,0.128008,0.272973,0.070774,0.01362,0.012602999999999998,0.930549,0.609105,-0.166895,0.132057,0.19501899999999997,-0.59486,-0.841608,0.090252,0.61048,0.29142,0.030642,0.064349,0.273852,0.067464,0.005178,0.020661,both
Madhya Pradesh,Urad,2005,Rabi,madhya pradesh,2005,rabi,Madhya Pradesh,Urad,Urad,Rabi,23.8143419,77.5340719,2005-11-01,2006-04-28,35.0,Landsat 5/7 SR T1/T2,0.6,0.25,datasets\test_images\2005\rgb\madhya_pradesh_2005_urad_rabi_rgb.png,datasets\test_images\2005\ndvi\madhya_pradesh_2005_urad_rabi_ndvi.png,0.142568,0.070012,0.029597,0.010028,0.695024,0.195141,-0.107122,0.074768,0.201033,0.094068,0.038068,0.014783,0.833378,0.315912,-0.369694,0.104443,0.527568,-0.399011,-0.748875,0.077673,0.463273,0.230892,0.020083,0.037888,0.260267,0.113815,0.025995,0.026968,both
Maharashtra,Urad,2005,Kharif,maharashtra,2005,kharif,Maharashtra,Maize; Moong(Green Gram); Rice,Maize,Kharif,19.5670323,76.4164557,2005-07-01,2005-10-28,11.0,Landsat 5/7 SR,0.6,0.05,datasets\test_images\2005\rgb\maharashtra_2005_maize_rgb.png,datasets\test_images\2005\ndvi\maharashtra_2005_maize_ndvi.png,0.11383,0.049102,0.027286999999999995,0.007633,0.8120189999999999,0.305246,-0.103672,0.09847,0.138003,0.073594,0.048902,0.010128,0.8718470000000001,0.513368,-0.395205,0.12238,0.444575,-0.511919,-0.782242,0.093625,0.524295,0.232699,0.031247,0.045902,0.154585,0.07185,0.034575,0.014392,both
Mizoram,Urad,2005,Kharif,mizoram,2005,kharif,Mizoram,Maize; Moong(Green Gram); Rice,Maize,Kharif,23.2146169,92.8687612,2005-07-01,2005-10-28,19.0,Landsat 5/7 SR,0.6,0.05,datasets\test_images\2005\rgb\mizoram_2005_maize_rgb.png,datasets\test_images\2005\ndvi\mizoram_2005_maize_ndvi.png,0.151615,0.028454666666666666,0.007946,0.007011,0.9352226666666666,0.6531243333333333,0.100634,0.09609566666666668,0.18835499999999997,0.05725,0.016434,0.012296333333333333,0.949608,0.838565,0.16870299999999996,0.047709,-0.197917,-0.750212,-0.8445233333333334,0.041745333333333336,0.6580320000000001,0.40698666666666666,0.12502233333333335,0.071981,0.186567,0.034879,0.006405999999999999,0.010354,both
Mizoram,Urad,2005,Rabi,mizoram,2005,rabi,Mizoram,Maize; Moong(Green Gram),Maize,Rabi,23.2146169,92.8687612,2005-11-01,2006-04-28,27.0,Landsat 5/7 SR,0.6,0.05,datasets\test_images\2005\rgb\mizoram_2005_maize_rgb.png,datasets\test_images\2005\ndvi\mizoram_2005_maize_ndvi.png,0.099338,0.041668,0.010403,0.01098,0.644979,0.378413,0.094262,0.092008,0.1729,0.062169,0.015655,0.014472,0.846869,0.636127,0.180419,0.119586,-0.206402,-0.607883,-0.792189,0.077085,0.462915,0.255689,0.06048,0.052094,0.228643,0.055606,0.00922,0.019904,both
Punjab,Urad,2005,Kharif,punjab,2005,kharif,Punjab,Maize; Moong(Green Gram); Rice,Maize,Kharif,30.9293211,75.5004841,2005-07-01,2005-10-28,9.0,Landsat 5/7 SR,0.6,0.05,datasets\test_images\2005\rgb\punjab_2005_maize_rgb.png,datasets\test_images\2005\ndvi\punjab_2005_maize_ndvi.png,0.179692,0.062478,0.025775000000000003,0.014003,0.764059,0.418204,0.008782,0.137457,0.216543,0.085899,0.040653,0.015635,0.850972,0.563747,0.022907,0.153941,-0.035295,-0.557859,-0.767359,0.11048399999999998,0.46265399999999995,0.306809,0.064,0.051137999999999996,0.257738,0.084991,0.026298,0.024417000000000005,both
Tripura,Urad,2005,Kharif,tripura,2005,kharif,Tripura,Maize; Moong(Green Gram); Rice,Maize,Kharif,23.775082299999998,91.7025091,2005-07-01,2005-10-28,11.0,Landsat 5/7 SR,0.6,0.05,datasets\test_images\2005\rgb\tripura_2005_maize_rgb.png,datasets\test_images\2005\ndvi\tripura_2005_maize_ndvi.png,0.214342,0.032187,0.005507000000000001,0.012346000000000001,0.935331,0.624336,0.057069,0.09568700000000001,0.24165,0.058425,0.018075,0.015586999999999998,0.9518299999999998,0.8212160000000001,0.092711,0.072038,-0.142095,-0.736004,-0.8458580000000001,0.059396,0.667212,0.38237799999999994,0.077832,0.064378,0.256582,0.03776,0.004463,0.015858,both
Tripura,Urad,2005,Rabi,tripura,2005,rabi,Tripura,Moong(Green Gram); Urad,Moong(Green Gram),Rabi,23.7750823,91.7025091,2005-11-01,2006-04-28,54.0,Landsat 5/7 SR T1/T2,0.6,0.25,datasets\test_images\2005\rgb\tripura_2005_moong(green_gram)_rabi_rgb.png,datasets\test_images\2005\ndvi\tripura_2005_moong(green_gram)_rabi_ndvi.png,0.142072,0.051733,0.017388,0.010921,0.704476,0.297704,-0.031052,0.072125,0.21426,0.068624,0.024854,0.01392,0.836145,0.513875,-0.17192,0.118536,0.212104,-0.505617,-0.785679,0.088568,0.432197,0.217453,0.033942,0.026954,0.293488,0.067392,0.018322,0.020178,both
Uttarakhand,Urad,2005,Kharif,uttarakhand,2005,kharif,Uttarakhand,Maize; Moong(Green Gram); Rice,Maize,Kharif,30.0417376,79.089691,2005-07-01,2005-10-28,8.0,Landsat 5/7 SR,0.6,0.05,datasets\test_images\2005\rgb\uttarakhand_2005_maize_rgb.png,datasets\test_images\2005\ndvi\uttarakhand_2005_maize_ndvi.png,0.327697,0.028787999999999998,-0.006564999999999999,0.021187,0.825958,0.359429,0.027954999999999997,0.089196,0.32987,0.046612999999999995,-0.003265,0.026529,1.908105,0.707103,0.167516,0.133738,-0.225916,-0.671789,-1.219754,0.096566,0.539283,0.226012,0.015985,0.066713,0.326212,0.041828,-0.004833,0.029678,both
Uttarakhand,Urad,2005,Summer,uttarakhand,2005,summer,Uttarakhand,Maize; Moong(Green Gram); Rice,Maize,Summer,30.0417376,79.089691,2005-03-01,2005-06-28,10.0,Landsat 5/7 SR,0.6,0.05,datasets\test_images\2005\rgb\uttarakhand_2005_maize_rgb.png,datasets\test_images\2005\ndvi\uttarakhand_2005_maize_ndvi.png,0.130578,0.046106,0.01439,0.018495,0.584466,0.300689,0.084128,0.084945,0.17301,0.070354,0.023053,0.024426,0.831827,0.535314,0.145298,0.15247,-0.21897,-0.545347,-0.764231,0.102726,0.379315,0.23411400000000002,0.074065,0.038459,0.210355,0.073249,0.018405,0.035801,both
Bihar,Urad,2006,Kharif,bihar,2006,kharif,Bihar,Maize; Moong(Green Gram); Rice,Maize,Kharif,25.6440845,85.90650799999999,2006-07-01,2006-10-28,12.0,Landsat 5/7 SR,0.6,0.05,datasets\test_images\2006\rgb\bihar_2006_maize_kharif_rgb.png,datasets\test_images\2006\ndvi\bihar_2006_maize_kharif_ndvi.png,0.159219,0.076487,0.03562,0.01146,0.667306,0.380374,-0.066216,0.093663,0.204168,0.09925,0.055145,0.011668,0.809749,0.510408,-0.119441,0.108415,0.162431,-0.468612,-0.724106,0.10197,0.443555,0.281144,0.056519999999999994,0.046826,0.205873,0.088014,0.035208,0.015664,both
Chhattisgarh,Urad,2006,Kharif,chhattisgarh,2006,kharif,Chhattisgarh,Maize; Moong(Green Gram); Rice,Maize,Kharif,21.663735899999995,81.8406351,2006-07-01,2006-10-28,6.0,Landsat 5/7 SR,0.6,0.05,datasets\test_images\2006\rgb\chhattisgarh_2006_maize_kharif_rgb.png,datasets\test_images\2006\ndvi\chhattisgarh_2006_maize_kharif_ndvi.png,0.10710599999999999,0.047688,0.028580000000000005,0.009605,0.7252519999999999,0.37645899999999993,-0.12166499999999998,0.087756,0.181604,0.07478,0.04398,0.015398,0.826092,0.58932,-0.272918,0.122035,0.33725,-0.563893,-0.750124,0.091101,0.462571,0.27097,0.052478,0.038583,0.201665,0.070275,0.03243,0.024538,both
Chhattisgarh,Urad,2006,Rabi,chhattisgarh,2006,rabi,Chhattisgarh,Moong(Green Gram); Urad,Moong(Green Gram),Rabi,21.6637359,81.8406351,2006-11-01,2007-04-28,40.0,Landsat 5/7 SR T1/T2,0.6,0.25,datasets\test_images\2006\rgb\chhattisgarh_2006_moong(green_gram)_rabi_rgb.png,datasets\test_images\2006\ndvi\chhattisgarh_2006_moong(green_gram)_rabi_ndvi.png,0.164293,0.080443,0.048655,0.008232,0.594207,0.171051,-0.122732,0.04801,0.220255,0.107432,0.054457,0.013759,0.710759,0.272248,-0.276944,0.07685,0.326462,-0.335359,-0.669225,0.062085,0.399445,0.218807,0.04398,0.02541,0.273083,0.123387,0.048559,0.023213,both
Gujarat,Urad,2006,Kharif,gujarat,2006,kharif,Gujarat,Maize; Moong(Green Gram); Rice,Maize,Kharif,22.3850051,71.745261,2006-07-01,2006-10-28,6.0,Landsat 5/7 SR,0.6,0.05,datasets\test_images\2006\rgb\gujarat_2006_maize_kharif_rgb.png,datasets\test_images\2006\ndvi\gujarat_2006_maize_kharif_ndvi.png,0.267046,0.059118,0.030505,0.013454,0.812176,0.325518,-0.10334899999999998,0.126452,0.324439,0.083151,0.04607,0.016567,0.841954,0.48983099999999996,-0.24454,0.152201,0.262143,-0.510547,-0.769799,0.11064999999999998,0.507094,0.26363,0.056052,0.052397,0.350206,0.08826,0.034822,0.026473,both
Haryana,Urad,2006,Kharif,haryana,2006,kharif,Haryana,Maize; Moong(Green Gram); Rice,Maize,Kharif,29.0,76.0,2006-07-01,2006-10-28,4.0,Landsat 5/7 SR,0.6,0.05,datasets\test_images\2006\rgb\haryana_2006_maize_kharif_rgb.png,datasets\test_images\2006\ndvi\haryana_2006_maize_kharif_ndvi.png,0.166369,0.089885,0.035675,0.015442000000000003,0.756342,0.331501,0.029552,0.127668,0.225645,0.128272,0.04777499999999999,0.020639,0.817929,0.415289,0.040938,0.141221,-0.048873,-0.44532299999999997,-0.742808,0.097561,0.505925,0.329773,0.08877799999999998,0.040624,0.27982,0.138169,0.035043,0.035263,both
Himachal Pradesh,Urad,2006,Kharif,himachal pradesh,2006,kharif,Himachal Pradesh,Maize; Moong(Green Gram); Rice,Maize,Kharif,31.929235200000004,77.1828462,2006-07-01,2006-10-28,2.0,Landsat 5/7 SR,0.6,0.05,datasets\test_images\2006\rgb\himachal_pradesh_2006_maize_kharif_rgb.png,datasets\test_images\2006\ndvi\himachal_pradesh_2006_maize_kharif_ndvi.png,0.300019,0.030887,-0.00299,0.017339,0.660028,0.294826,-0.106273,0.102502,0.366514,0.048904,0.000736,0.026059,1.72672,0.64426,-0.327471,0.132646,0.391199,-0.614231,-0.942813,0.100429,0.511205,0.199707,0.011612000000000003,0.08597,0.360258,0.047444999999999994,-0.0032099999999999997,0.031501,both
Madhya Pradesh,Urad,2006,Kharif,madhya pradesh,2006,kharif,Madhya Pradesh,Maize; Moong(Green Gram); Rice,Maize,Kharif,23.8143419,77.5340719,2006-07-01,2006-10-28,11.0,Landsat 5/7 SR,0.6,0.05,datasets\test_images\2006\rgb\madhya_pradesh_2006_maize_kharif_rgb.png,datasets\test_images\2006\ndvi\madhya_pradesh_2006_maize_kharif_ndvi.png,0.130742,0.057376,0.030284999999999996,0.009718,0.7548369999999999,0.313117,-0.027211,0.09535299999999998,0.164237,0.083236,0.04409,0.011520999999999998,0.8623629999999999,0.482214,-0.057918,0.123089,0.07113,-0.505513,-0.764729,0.075603,0.45329,0.265409,0.075344,0.038369,0.194653,0.088377,0.03111,0.022261,both
Madhya Pradesh,Urad,2006,Rabi,madhya pradesh,2006,rabi,Madhya Pradesh,Moong(Green Gram); Urad,Moong(Green Gram),Rabi,23.8143419,77.5340719,2006-11-01,2007-04-28,40.0,Landsat 5/7 SR T1/T2,0.6,0.25,datasets\test_images\2006\rgb\madhya_pradesh_2006_moong(green_gram)_rabi_rgb.png,datasets\test_images\2006\ndvi\madhya_pradesh_2006_moong(green_gram)_rabi_ndvi.png,0.139529,0.06671,0.036142,0.008036,0.699063,0.202339,-0.102266,0.071542,0.182113,0.088201,0.048407,0.011796,0.817413,0.340444,-0.315467,0.105573,0.492949,-0.404833,-0.741092,0.074401,0.440117,0.221358,0.02539,0.032264,0.232245,0.101766,0.037655,0.02273,both
Maharashtra,Urad,2006,Kharif,maharashtra,2006,kharif,Maharashtra,Maize; Moong(Green Gram); Rice,Maize,Kharif,19.5670323,76.4164557,2006-07-01,2006-10-28,8.0,Landsat 5/7 SR,0.6,0.05,datasets\test_images\2006\rgb\maharashtra_2006_maize_kharif_rgb.png,datasets\test_images\2006\ndvi\maharashtra_2006_maize_kharif_ndvi.png,0.13946,0.044816,0.017882,0.006967999999999999,0.870663,0.402393,-0.071428,0.1416,0.172474,0.068589,0.02517,0.008969,0.88088,0.610253,-0.19566000000000003,0.141503,0.226681,-0.588415,-0.797532,0.10478,0.563592,0.276208,0.048187,0.06907,0.170851,0.062472,0.01714,0.014906,both
Nagaland,Urad,2006,Rabi,nagaland,2006,rabi,Nagaland,Maize; Rice,Maize,Rabi,26.1630556,94.5884911,2006-11-01,2007-04-28,19.0,Landsat 5/7 SR,0.6,0.05,datasets\test_images\2006\rgb\nagaland_2006_maize_rabi_rgb.png,datasets\test_images\2006\ndvi\nagaland_2006_maize_rabi_ndvi.png,0.091143,0.029615,0.00559,0.009252,0.751809,0.350402,0.068401,0.107245,0.139776,0.043795,0.008615,0.015285,0.86901,0.677967,0.187597,0.105049,-0.237424,-0.649168,-0.827091,0.080985,0.52116,0.219017,0.04728,0.071478,0.181054,0.040075,0.007598,0.019656,both
Punjab,Urad,2006,Kharif,punjab,2006,kharif,Punjab,Maize; Moong(Green Gram); Rice,Maize,Kharif,30.9293211,75.5004841,2006-07-01,2006-10-28,13.0,Landsat 5/7 SR,0.6,0.05,datasets\test_images\2006\rgb\punjab_2006_maize_kharif_rgb.png,datasets\test_images\2006\ndvi\punjab_2006_maize_kharif_ndvi.png,0.16443,0.07408,0.035744,0.014711,0.784191,0.339957,0.023119,0.10552,0.201418,0.0956,0.04788499999999999,0.017013,0.8348939999999999,0.45362600000000003,0.049965,0.131709,-0.037793,-0.464382,-0.750452,0.09786100000000002,0.464634,0.280858,0.071398,0.03946,0.25771,0.100084,0.03078,0.024807,both
Tripura,Urad,2006,Kharif,tripura,2006,kharif,Tripura,Maize; Moong(Green Gram); Rice,Maize,Kharif,23.775082299999998,91.7025091,2006-07-01,2006-10-28,22.0,Landsat 5/7 SR,0.6,0.05,datasets\test_images\2006\rgb\tripura_2006_maize_kharif_rgb.png,datasets\test_images\2006\ndvi\tripura_2006_maize_kharif_ndvi.png,0.21701,0.035374,0.007102,0.015958,0.9904319999999999,0.646051,0.056916,0.111436,0.252513,0.06082400000000001,0.014363,0.017856,0.939596,0.815347,0.182935,0.073034,-0.082166,-0.7320290000000002,-0.840728,0.064303,0.687947,0.397352,0.082452,0.074874,0.232768,0.038667,0.008725,0.017507,both
Tripura,Urad,2006,Rabi,tripura,2006,rabi,Tripura,Moong(Green Gram); Urad,Moong(Green Gram),Rabi,23.7750823,91.7025091,2006-11-01,2007-04-28,56.0,Landsat 5/7 SR T1/T2,0.6,0.25,datasets\test_images\2006\rgb\tripura_2006_moong(green_gram)_rabi_rgb.png,datasets\test_images\2006\ndvi\tripura_2006_moong(green_gram)_rabi_ndvi.png,0.142045,0.04238,0.019257,0.009978,0.702147,0.351005,-0.016528,0.082077,0.218385,0.061277,0.026091,0.013492,0.844079,0.60366,-0.049235,0.120282,0.117567,-0.574536,-0.766833,0.084613,0.43382,0.23932,0.041051,0.033857,0.273303,0.056137,0.018529,0.020393,both
Uttarakhand,Urad,2006,Kharif,uttarakhand,2006,kharif,Uttarakhand,Maize; Moong(Green Gram); Rice,Maize,Kharif,30.0417376,79.089691,2006-07-01,2006-10-28,10.0,Landsat 5/7 SR,0.6,0.05,datasets\test_images\2006\rgb\uttarakhand_2006_maize_kharif_rgb.png,datasets\test_images\2006\ndvi\uttarakhand_2006_maize_kharif_ndvi.png,0.21728500000000003,0.028830000000000005,-0.002248,0.014664000000000002,0.73054,0.333566,0.041934,0.086704,0.230127,0.045886,0.000915,0.021978,1.268779,0.68402,0.196762,0.13762,-0.21106,-0.653713,-0.963031,0.094294,0.50862,0.212882,0.025418,0.059569000000000004,0.232575,0.042901,-0.002413,0.028286999999999996,both
Uttarakhand,Urad,2006,Rabi,uttarakhand,2006,rabi,Uttarakhand,Maize; Moong(Green Gram); Rice,Maize,Rabi,30.0417376,79.089691,2006-11-01,2007-04-28,15.0,Landsat 5/7 SR,0.6,0.05,datasets\test_images\2006\rgb\uttarakhand_2006_maize_rabi_rgb.png,datasets\test_images\2006\ndvi\uttarakhand_2006_maize_rabi_ndvi.png,0.11481999999999999,0.036503,0.004435,0.017167,0.547724,0.236472,0.034496,0.071272,0.16872,0.05213700000000001,0.006525,0.025942000000000003,0.8352720000000001,0.536096,0.111439,0.144443,-0.1741,-0.556235,-0.7906210000000001,0.09747,0.42634,0.17876499999999998,0.022530000000000005,0.059481,0.21152399999999996,0.05818199999999999,0.00493,0.036026,both
Andhra Pradesh,Urad,2007,Kharif,andhra pradesh,2007,kharif,Andhra Pradesh,Maize; Moong(Green Gram); Rice,Maize,Kharif,15.9240905,80.1863809,2007-07-01,2007-10-28,12.0,Landsat 5/7 SR,0.6,0.05,datasets\test_images\2007\rgb\andhra_pradesh_2007_maize_kharif_rgb.png,datasets\test_images\2007\ndvi\andhra_pradesh_2007_maize_kharif_ndvi.png,0.232438,0.086775,0.035854,0.013415000000000002,0.8498769999999999,0.181555,-0.099014,0.10085099999999998,0.275819,0.118576,0.059298,0.016432,0.839312,0.2704,-0.146711,0.12060900000000001,0.10679699999999999,-0.307007,-0.758353,0.098103,0.521078,0.230971,0.093012,0.047925,0.28928,0.129242,0.043705,0.022635,both
Andhra Pradesh,Urad,2007,Rabi,andhra pradesh,2007,rabi,Andhra Pradesh,Maize; Moong(Green Gram); Rice,Maize,Rabi,15.9240905,80.1863809,2007-11-01,2008-04-28,25.0,Landsat 5/7 SR,0.6,0.05,datasets\test_images\2007\rgb\andhra_pradesh_2007_maize_rabi_rgb.png,datasets\test_images\2007\ndvi\andhra_pradesh_2007_maize_rabi_ndvi.png,0.11218,0.05685500000000001,0.031358,0.00816,0.715864,0.323997,-0.028625,0.124516,0.159329,0.081415,0.045657,0.010002,0.837312,0.491344,-0.057529,0.141199,0.116248,-0.491282,-0.771605,0.106723,0.459079,0.257556,0.061759,0.055062,0.189648,0.081037,0.034878,0.016457,both
Bihar,Urad,2007,Kharif,bihar,2007,kharif,Bihar,Moong(Green Gram); Rice,Moong(Green Gram),Kharif,25.6440845,85.906508,2007-07-01,2007-10-28,5.0,Landsat 5/7 SR,0.6,0.05,datasets\test_images\2007\rgb\bihar_2007_moong_green_gram_kharif_rgb.png,datasets\test_images\2007\ndvi\bihar_2007_moong_green_gram_kharif_ndvi.png,1.602213,0.060162,-0.001037,0.023821,0.756495,0.281732,-0.119149,0.154009,0.408438,0.081386,0.003555,0.027404,1.122627,0.459865,-0.404663,0.198594,0.55839,-0.390865,-0.892744,0.210237,0.513103,0.212719,0.00823,0.092121,0.400187,0.070983,-0.0031,0.029438,both
Chhattisgarh,Urad,2007,Kharif,chhattisgarh,2007,kharif,Chhattisgarh,Maize; Moong(Green Gram); Rice,Maize,Kharif,21.663735899999995,81.8406351,2007-07-01,2007-10-28,7.0,Landsat 5/7 SR,0.6,0.05,datasets\test_images\2007\rgb\chhattisgarh_2007_maize_kharif_rgb.png,datasets\test_images\2007\ndvi\chhattisgarh_2007_maize_kharif_ndvi.png,0.842566,0.045206,0.011034999999999998,0.016409,0.943797,0.402724,-0.138691,0.089723,0.271281,0.075233,0.03001,0.018952,0.878866,0.618812,-0.306126,0.11531399999999999,0.312523,-0.5741,-0.796172,0.098432,0.598531,0.281351,0.030587,0.049062,0.278789,0.065678,0.01527,0.022548,both
Chhattisgarh,Urad,2007,Rabi,chhattisgarh,2007,rabi,Chhattisgarh,Moong(Green Gram); Urad,Moong(Green Gram),Rabi,21.6637359,81.8406351,2007-11-01,2008-04-28,26.0,Landsat 5/7 SR T1/T2,0.6,0.25,datasets\test_images\2007\rgb\chhattisgarh_2007_moong(green_gram)_rabi_rgb.png,datasets\test_images\2007\ndvi\chhattisgarh_2007_moong(green_gram)_rabi_ndvi.png,0.18808,0.073777,0.04222,0.008263,0.583268,0.167629,-0.138594,0.050548,0.245472,0.097035,0.049287,0.012265,0.707401,0.284573,-0.303447,0.085804,0.373517,-0.346554,-0.666025,0.071809,0.387537,0.206576,0.032595,0.025642,0.268242,0.111829,0.040598,0.021495,both
Gujarat,Urad,2007,Kharif,gujarat,2007,kharif,Gujarat,Maize; Moong(Green Gram); Rice,Maize,Kharif,22.3850051,71.745261,2007-07-01,2007-10-28,7.0,Landsat 5/7 SR,0.6,0.05,datasets\test_images\2007\rgb\gujarat_2007_maize_kharif_rgb.png,datasets\test_images\2007\ndvi\gujarat_2007_maize_kharif_ndvi.png,0.3082,0.06338,0.03111,0.014526000000000002,0.704935,0.3333380000000001,-0.155571,0.104215,0.381556,0.091457,0.039607,0.018609,0.818883,0.48795800000000006,-0.436159,0.131984,0.367246,-0.49645,-0.7556030000000001,0.10515000000000001,0.465555,0.274811,0.04425500000000001,0.046824,0.401893,0.092714,0.032403,0.023772,both
Haryana,Urad,2007,Kharif,haryana,2007,kharif,Haryana,Maize; Moong(Green Gram); Rice,Maize,Kharif,29.0,76.0,2007-07-01,2007-10-28,3.0,Landsat 5/7 SR,0.6,0.05,datasets\test_images\2007\rgb\haryana_2007_maize_kharif_rgb.png,datasets\test_images\2007\ndvi\haryana_2007_maize_kharif_ndvi.png,0.163165,0.099875,0.036362,0.015818,0.700784,0.364569,0.023929999999999996,0.10454199999999998,0.223225,0.135175,0.052368,0.018,0.8076,0.435681,0.029317,0.110572,-0.048336,-0.440838,-0.736589,0.080401,0.522617,0.33362,0.127387,0.039647,0.265905,0.136606,0.036747,0.026946,both
Himachal Pradesh,Urad,2007,Kharif,himachal pradesh,2007,kharif,Himachal Pradesh,Maize; Moong(Green Gram); Rice,Maize,Kharif,31.929235200000004,77.1828462,2007-07-01,2007-10-28,2.0,Landsat 5/7 SR,0.6,0.05,datasets\test_images\2007\rgb\himachal_pradesh_2007_maize_kharif_rgb.png,datasets\test_images\2007\ndvi\himachal_pradesh_2007_maize_kharif_ndvi.png,0.173959,0.033281,-0.002495,0.017094,0.704724,0.314071,-0.078757,0.10845699999999998,0.195051,0.051651,6.2e-05,0.025538999999999996,1.4026000000000003,0.632412,-0.20236599999999996,0.124316,0.222595,-0.59821,-0.9949910000000001,0.098937,0.4709999999999999,0.21089,0.007653,0.085045,0.221218,0.04842,-0.002633,0.02986,both
Madhya Pradesh,Urad,2007,Kharif,madhya pradesh,2007,kharif,Madhya Pradesh,Maize; Rice,Maize,Kharif,23.8143419,77.5340719,2007-07-01,2007-10-28,14.0,Landsat 5/7 SR,0.6,0.05,datasets\test_images\2007\rgb\madhya_pradesh_2007_maize_kharif_rgb.png,datasets\test_images\2007\ndvi\madhya_pradesh_2007_maize_kharif_ndvi.png,0.207825,0.053514,0.027507,0.010289,0.925064,0.344739,-0.025513,0.167435,0.246737,0.080138,0.041697,0.011495,0.847677,0.508492,-0.070975,0.188474,0.108585,-0.531704,-0.776015,0.113957,0.631655,0.276186,0.047473,0.067811,0.24825,0.084155,0.02759,0.027326,both
Madhya Pradesh,Urad,2007,Rabi,madhya pradesh,2007,rabi,Madhya Pradesh,Urad,Urad,Rabi,23.8143419,77.5340719,2007-11-01,2008-04-28,37.0,Landsat 5/7 SR T1/T2,0.6,0.25,datasets\test_images\2007\rgb\madhya_pradesh_2007_urad_rabi_rgb.png,datasets\test_images\2007\ndvi\madhya_pradesh_2007_urad_rabi_ndvi.png,0.132145,0.072068,0.033007,0.008621,0.691902,0.167352,-0.084196,0.058872,0.190211,0.096462,0.049315,0.013207,0.845638,0.277234,-0.323166,0.086923,0.407267,-0.380649,-0.780336,0.065359,0.444215,0.228485,0.031632,0.033371,0.264269,0.120539,0.033227,0.024682,both
Maharashtra,Urad,2007,Kharif,maharashtra,2007,kharif,Maharashtra,Maize; Moong(Green Gram); Rice,Maize,Kharif,19.5670323,76.4164557,2007-07-01,2007-10-28,14.0,Landsat 5/7 SR,0.6,0.05,datasets\test_images\2007\rgb\maharashtra_2007_maize_kharif_rgb.png,datasets\test_images\2007\ndvi\maharashtra_2007_maize_kharif_ndvi.png,0.13572,0.042715,0.025404,0.00707,0.85676,0.459753,-0.068732,0.139007,0.162739,0.073391,0.049755,0.008041,0.880289,0.649137,-0.18363699999999997,0.128116,0.241633,-0.610087,-0.7881170000000001,0.093028,0.57451,0.318254,0.072387,0.071879,0.171525,0.062674,0.031426,0.014761000000000002,both
Punjab,Urad,2007,Kharif,punjab,2007,kharif,Punjab,Maize; Moong(Green Gram); Rice,Maize,Kharif,30.9293211,75.5004841,2007-07-01,2007-10-28,15.0,Landsat 5/7 SR,0.6,0.05,datasets\test_images\2007\rgb\punjab_2007_maize_kharif_rgb.png,datasets\test_images\2007\ndvi\punjab_2007_maize_kharif_ndvi.png,0.155218,0.06045999999999999,0.015985,0.015509,0.7429549999999999,0.36454499999999995,0.019465,0.111354,0.203398,0.082516,0.033145,0.018822,0.910186,0.522246,0.047639999999999995,0.141868,-0.040361,-0.53902,-0.842428,0.10690499999999999,0.45275399999999993,0.285422,0.071068,0.042863000000000005,0.265877,0.08814700000000002,0.01791,0.028392,both
Tripura,Urad,2007,Kharif,tripura,2007,kharif,Tripura,Maize; Moong(Green Gram); Rice,Maize,Kharif,23.775082299999998,91.7025091,2007-07-01,2007-10-28,13.0,Landsat 5/7 SR,0.6,0.05,datasets\test_images\2007\rgb\tripura_2007_maize_kharif_rgb.png,datasets\test_images\2007\ndvi\tripura_2007_maize_kharif_ndvi.png,1.602213,0.03141,0.002015,0.020485,1.021999,0.618149,-0.076987,0.098437,0.42375500000000005,0.054583,0.009495,0.021613000000000004,0.969467,0.83008,0.092817,0.078738,-0.158341,-0.744808,-0.8532730000000001,0.06704,0.652775,0.370435,0.071782,0.066451,0.405413,0.034989,0.00174,0.021332,both
Tripura,Urad,2007,Rabi,tripura,2007,rabi,Tripura,Moong(Green Gram); Urad,Moong(Green Gram),Rabi,23.7750823,91.7025091,2007-11-01,2008-04-28,54.0,Landsat 5/7 SR T1/T2,0.6,0.25,datasets\test_images\2007\rgb\tripura_2007_moong(green_gram)_rabi_rgb.png,datasets\test_images\2007\ndvi\tripura_2007_moong(green_gram)_rabi_ndvi.png,0.125256,0.048522,0.018267,0.009893,0.727485,0.350872,-0.025795,0.071524,0.199451,0.068159,0.025418,0.013234,0.847622,0.580597,-0.081017,0.109187,0.226122,-0.55029,-0.779259,0.084845,0.458652,0.242285,0.026765,0.031933,0.247343,0.062518,0.018075,0.018254,both
Uttar Pradesh,Urad,2007,Kharif,uttar pradesh,2007,kharif,Uttar Pradesh,Maize; Moong(Green Gram); Rice,Maize,Kharif,27.1303344,80.859666,2007-07-01,2007-10-28,4.0,Landsat 5/7 SR,0.6,0.05,datasets\test_images\2007\rgb\uttar_pradesh_2007_maize_kharif_rgb.png,datasets\test_images\2007\ndvi\uttar_pradesh_2007_maize_kharif_ndvi.png,0.202985,0.058263,0.02066,0.014123000000000002,0.707809,0.401216,-0.012303,0.10110000000000001,0.22487500000000002,0.087763,0.040047,0.018712,0.8551860000000001,0.569173,-0.026151999999999998,0.132446,0.00106,-0.543536,-0.789275,0.098715,0.46385000000000004,0.299027,0.09488199999999998,0.039689,0.237855,0.082652,0.026641,0.027421,both
Uttar Pradesh,Urad,2007,Summer,uttar pradesh,2007,summer,Uttar Pradesh,Maize; Moong(Green Gram); Rice,Maize,Summer,27.1303344,80.859666,2007-03-01,2007-06-28,29.0,Landsat 5/7 SR T1/T2,0.6,0.25,datasets\test_images\2007\rgb\uttar_pradesh_2007_maize_summer_rgb.png,datasets\test_images\2007\ndvi\uttar_pradesh_2007_maize_summer_ndvi.png,0.282405,0.097109,0.026462,0.019679,0.7001940000000001,0.204376,-0.04554,0.067112,0.330833,0.138839,0.041285,0.027647999999999995,0.833952,0.284949,-0.108335,0.10571000000000001,0.158902,-0.343785,-0.733294,0.075928,0.477408,0.283159,0.069638,0.024857,0.383413,0.160194,0.031523,0.040117,both
Uttarakhand,Urad,2007,Kharif,uttarakhand,2007,kharif,Uttarakhand,Maize; Moong(Green Gram); Rice,Maize,Kharif,30.0417376,79.089691,2007-07-01,2007-10-28,4.0,Landsat 5/7 SR,0.6,0.05,datasets\test_images\2007\rgb\uttarakhand_2007_maize_kharif_rgb.png,datasets\test_images\2007\ndvi\uttarakhand_2007_maize_kharif_ndvi.png,0.3016,0.029929,-0.002523,0.019674,0.8102,0.3517219999999999,0.067533,0.095322,0.33636,0.04644,0.002235,0.02507,1.004369,0.697647,0.173712,0.143257,-0.17796599999999999,-0.665018,-0.888829,0.106005,0.546323,0.22034,0.031481,0.063646,0.33930299999999997,0.042678,0.00017199999999999998,0.029544,both
Uttarakhand,Urad,2007,Summer,uttarakhand,2007,summer,Uttarakhand,Maize; Moong(Green Gram); Rice,Maize,Summer,30.0417376,79.089691,2007-03-01,2007-06-28,15.0,Landsat 5/7 SR T1/T2,0.6,0.25,datasets\test_images\2007\rgb\uttarakhand_2007_maize_summer_rgb.png,datasets\test_images\2007\ndvi\uttarakhand_2007_maize_summer_ndvi.png,0.204786,0.046996,0.001713,0.015837,0.654495,0.287703,-0.093178,0.077575,0.242887,0.069883,0.00603,0.021388,0.872936,0.508639,-0.231746,0.127758,0.261167,-0.523064,-0.8020010000000001,0.091656,0.409812,0.22596000000000002,0.021319999999999995,0.041642,0.293529,0.074107,0.0029219999999999997,0.029868999999999996,both
Bihar,Urad,2008,Kharif,bihar,2008,kharif,Bihar,Moong(Green Gram); Rice,Moong(Green Gram),Kharif,25.6440845,85.906508,2008-07-01,2008-10-28,10.0,Landsat 5/7 SR,0.6,0.05,datasets\test_images\2008\rgb\bihar_2008_moong_green_gram_kharif_rgb.png,datasets\test_images\2008\ndvi\bihar_2008_moong_green_gram_kharif_ndvi.png,0.145593,0.059993,0.030615,0.008852,0.721567,0.405391,-0.008511,0.106992,0.173794,0.084588,0.042275,0.011788,0.811203,0.580583,-0.039414,0.108843,0.202074,-0.51767,-0.746983,0.107911,0.450705,0.275125,0.04409,0.058763,0.179266,0.06991,0.032952,0.013343,both
Chhattisgarh,Urad,2008,Kharif,chhattisgarh,2008,kharif,Chhattisgarh,Maize; Moong(Green Gram); Rice,Maize,Kharif,21.663735899999995,81.8406351,2008-07-01,2008-10-28,8.0,Landsat 5/7 SR,0.6,0.05,datasets\test_images\2008\rgb\chhattisgarh_2008_maize_kharif_rgb.png,datasets\test_images\2008\ndvi\chhattisgarh_2008_maize_kharif_ndvi.png,0.135775,0.060956,0.019395,0.008925,0.720132,0.361905,-0.063456,0.077343,0.19765,0.085713,0.048022,0.013215,0.810511,0.55147,-0.116215,0.09655799999999999,0.17051399999999997,-0.514735,-0.734201,0.068959,0.453373,0.263269,0.069748,0.03579,0.193937,0.080887,0.034685,0.020492,both
Chhattisgarh,Urad,2008,Rabi,chhattisgarh,2008,rabi,Chhattisgarh,Moong(Green Gram); Urad,Moong(Green Gram),Rabi,21.6637359,81.8406351,2008-11-01,2009-04-28,39.0,Landsat 5/7 SR T1/T2,0.6,0.25,datasets\test_images\2008\rgb\chhattisgarh_2008_moong(green_gram)_rabi_rgb.png,datasets\test_images\2008\ndvi\chhattisgarh_2008_moong(green_gram)_rabi_ndvi.png,0.163412,0.079217,0.046194,0.008526,0.593758,0.157125,-0.15172,0.043488,0.224806,0.107779,0.050635,0.014242,0.69417,0.256457,-0.326154,0.071408,0.349262,-0.325685,-0.642078,0.057706,0.388445,0.219461,0.042,0.026502,0.270663,0.126025,0.044351,0.024892,both
Gujarat,Urad,2008,Kharif,gujarat,2008,kharif,Gujarat,Maize; Moong(Green Gram); Rice,Maize,Kharif,22.3850051,71.745261,2008-07-01,2008-10-28,13.0,Landsat 5/7 SR,0.6,0.05,datasets\test_images\2008\rgb\gujarat_2008_maize_kharif_rgb.png,datasets\test_images\2008\ndvi\gujarat_2008_maize_kharif_ndvi.png,0.317151,0.061317,0.036692,0.011704,0.664131,0.264813,-0.108547,0.08404099999999999,0.406526,0.087077,0.050855000000000004,0.016127,0.783581,0.430432,-0.260684,0.11649,0.267963,-0.454107,-0.718492,0.092244,0.456164,0.231824,0.050401,0.036672,0.404986,0.092293,0.04145,0.021977,both
Haryana,Urad,2008,Kharif,haryana,2008,kharif,Haryana,Maize; Moong(Green Gram); Rice,Maize,Kharif,29.0,76.0,2008-07-01,2008-10-28,7.0,Landsat 5/7 SR,0.6,0.05,datasets\test_images\2008\rgb\haryana_2008_maize_kharif_rgb.png,datasets\test_images\2008\ndvi\haryana_2008_maize_kharif_ndvi.png,0.162065,0.097406,0.048517,0.015155999999999998,0.650876,0.284927,0.027048,0.08905400000000001,0.2532,0.137146,0.068263,0.017292,0.7199459999999999,0.358183,0.061674,0.104867,-0.054462,-0.37889100000000003,-0.658021,0.076568,0.464097,0.307432,0.10806900000000001,0.032801,0.288483,0.144179,0.059559,0.025899999999999996,both
Himachal Pradesh,Urad,2008,Kharif,himachal pradesh,2008,kharif,Himachal Pradesh,Maize; Moong(Green Gram); Rice,Maize,Kharif,31.929235200000004,77.1828462,2008-07-01,2008-10-28,9.0,Landsat 5/7 SR,0.6,0.05,datasets\test_images\2008\rgb\himachal_pradesh_2008_maize_kharif_rgb.png,datasets\test_images\2008\ndvi\himachal_pradesh_2008_maize_kharif_ndvi.png,0.172597,0.036664,0.001052,0.016959,0.693654,0.320873,-0.09069699999999999,0.109597,0.22340400000000002,0.057788,0.007212,0.024639000000000005,0.863658,0.615375,-0.206268,0.10674100000000002,0.253872,-0.571584,-0.787132,0.09127999999999999,0.51148,0.21841999999999998,0.020138,0.08339199999999998,0.220695,0.05219100000000001,0.00548,0.027069,both
Madhya Pradesh,Urad,2008,Kharif,madhya pradesh,2008,kharif,Madhya Pradesh,Maize; Rice,Maize,Kharif,23.8143419,77.5340719,2008-07-01,2008-10-28,25.0,Landsat 5/7 SR,0.6,0.05,datasets\test_images\2008\rgb\madhya_pradesh_2008_maize_kharif_rgb.png,datasets\test_images\2008\ndvi\madhya_pradesh_2008_maize_kharif_ndvi.png,0.828239,0.060406,-0.04193,0.011733,0.817367,0.296154,-0.662915,0.089686,0.336827,0.084352,-0.00662,0.011249,0.966481,0.444655,-0.074055,0.107811,0.05799,-0.47539,-1.400789,0.073552,0.464153,0.259034,0.062158,0.037173,0.409689,0.09482,0.012823,0.018582,both
Maharashtra,Urad,2008,Kharif,maharashtra,2008,kharif,Maharashtra,Maize; Moong(Green Gram); Rice,Maize,Kharif,19.5670323,76.4164557,2008-07-01,2008-10-28,10.0,Landsat 5/7 SR,0.6,0.05,datasets\test_images\2008\rgb\maharashtra_2008_maize_kharif_rgb.png,datasets\test_images\2008\ndvi\maharashtra_2008_maize_kharif_ndvi.png,0.213545,0.055041,0.032567,0.010114,0.7063039999999999,0.297457,-0.08504,0.108759,0.249845,0.077711,0.048559,0.012610000000000001,0.814514,0.482607,-0.272512,0.142301,0.314391,-0.484076,-0.746549,0.121574,0.45290500000000006,0.233405,0.040515,0.050099,0.23621900000000004,0.078224,0.040323,0.017457,both
Manipur,Urad,2008,Kharif,manipur,2008,kharif,Manipur,Maize; Moong(Green Gram); Rice,Maize,Kharif,24.7208818,93.9229386,2008-07-01,2008-10-28,5.0,Landsat 5/7 SR,0.6,0.05,datasets\test_images\2008\rgb\manipur_2008_maize_kharif_rgb.png,datasets\test_images\2008\ndvi\manipur_2008_maize_kharif_ndvi.png,1.602213,0.042741,0.001575,0.022816,0.894755,0.41894500000000007,-0.108884,0.116913,0.450513,0.068776,0.010265,0.026777,0.971404,0.65974,-0.378524,0.142599,0.3925,-0.593257,-0.8425439999999998,0.125189,0.626265,0.2748,0.031082,0.068672,0.446938,0.055802,0.0015199999999999999,0.028730999999999996,both
Nagaland,Urad,2008,Rabi,nagaland,2008,rabi,Nagaland,Maize,Maize,Rabi,26.1630556,94.5884911,2008-11-01,2009-04-28,21.0,Landsat 5/7 SR,0.6,0.05,datasets\test_images\2008\rgb\nagaland_2008_maize_rabi_rgb.png,datasets\test_images\2008\ndvi\nagaland_2008_maize_rabi_ndvi.png,0.12087,0.032872,0.005054,0.010361,0.784406,0.359779,0.080838,0.107103,0.161818,0.047299,0.008862,0.014965,0.897429,0.650831,0.167259,0.111207,-0.259336,-0.635656,-0.84963,0.084439,0.53359,0.232423,0.052257,0.068614,0.202545,0.045892,0.006332,0.019895,both
Punjab,Urad,2008,Kharif,punjab,2008,kharif,Punjab,Maize; Moong(Green Gram); Rice,Maize,Kharif,30.9293211,75.5004841,2008-07-01,2008-10-28,17.0,Landsat 5/7 SR,0.6,0.05,datasets\test_images\2008\rgb\punjab_2008_maize_kharif_rgb.png,datasets\test_images\2008\ndvi\punjab_2008_maize_kharif_ndvi.png,0.162931,0.06525,0.031385,0.01213,0.620721,0.335879,-0.025787999999999995,0.095698,0.21005299999999996,0.094294,0.057235,0.014931,0.76419,0.462644,-0.05288,0.125193,0.022873999999999995,-0.467263,-0.7214740000000001,0.09988800000000002,0.4215,0.278931,0.091789,0.036489,0.252513,0.09565,0.050113,0.021937,both
Tripura,Urad,2008,Kharif,tripura,2008,kharif,Tripura,Maize; Moong(Green Gram); Rice,Maize,Kharif,23.775082299999998,91.7025091,2008-07-01,2008-10-28,16.0,Landsat 5/7 SR,0.6,0.05,datasets\test_images\2008\rgb\tripura_2008_maize_kharif_rgb.png,datasets\test_images\2008\ndvi\tripura_2008_maize_kharif_ndvi.png,0.135665,0.031736,0.014115,0.007175999999999999,0.861529,0.610008,0.069386,0.08681500000000002,0.167538,0.062162,0.028883000000000002,0.011553,0.9027249999999999,0.809085,0.162048,0.062666,-0.151732,-0.723351,-0.823797,0.052489,0.606809,0.388433,0.099118,0.057322000000000005,0.201748,0.040167,0.013455,0.011853999999999998,both
Uttar Pradesh,Urad,2008,Kharif,uttar pradesh,2008,kharif,Uttar Pradesh,Maize; Moong(Green Gram); Rice,Maize,Kharif,27.1303344,80.859666,2008-07-01,2008-10-28,5.0,Landsat 5/7 SR,0.6,0.05,datasets\test_images\2008\rgb\uttar_pradesh_2008_maize_kharif_rgb.png,datasets\test_images\2008\ndvi\uttar_pradesh_2008_maize_kharif_ndvi.png,0.150983,0.060295999999999995,0.024702,0.015464,0.645835,0.28461,-0.059781,0.124213,0.212527,0.08922400000000001,0.03958,0.023976,0.848716,0.448262,-0.170967,0.181388,0.206581,-0.451454,-0.775811,0.153971,0.398318,0.243935,0.05509,0.051949,0.25122,0.091237,0.028442,0.033174,both
Uttar Pradesh,Urad,2008,Summer,uttar pradesh,2008,summer,Uttar Pradesh,Maize; Moong(Green Gram); Rice,Maize,Summer,27.1303344,80.859666,2008-03-01,2008-06-28,31.0,Landsat 5/7 SR T1/T2,0.6,0.25,datasets\test_images\2008\rgb\uttar_pradesh_2008_maize_summer_rgb.png,datasets\test_images\2008\ndvi\uttar_pradesh_2008_maize_summer_ndvi.png,0.270085,0.100868,0.04541,0.014723,0.588868,0.165329,-0.029377,0.05133200000000001,0.35198,0.143023,0.064578,0.021733,0.651908,0.234884,-0.075396,0.080685,0.119183,-0.303099,-0.635153,0.057011,0.430328,0.266661,0.082521,0.022388,0.369883,0.165948,0.060535,0.032498,both
Uttarakhand,Urad,2008,Kharif,uttarakhand,2008,kharif,Uttarakhand,Maize; Moong(Green Gram); Rice,Maize,Kharif,30.0417376,79.089691,2008-07-01,2008-10-28,12.0,Landsat 5/7 SR,0.6,0.05,datasets\test_images\2008\rgb\uttarakhand_2008_maize_kharif_rgb.png,datasets\test_images\2008\ndvi\uttarakhand_2008_maize_kharif_ndvi.png,0.18137,0.031765,-0.026764,0.016757,0.606597,0.297204,-0.026262999999999998,0.074471,0.21233500000000002,0.048622,-0.005933,0.024281,1.059347,0.630146,0.082086,0.154758,-0.169115,-0.621071,-1.143228,0.115325,0.40989499999999995,0.198201,0.029542,0.052921,0.346783,0.04905299999999999,-0.001849,0.031433,both
Uttarakhand,Urad,2008,Summer,uttarakhand,2008,summer,Uttarakhand,Maize; Rice,Maize,Summer,30.0417376,79.089691,2008-03-01,2008-06-28,17.0,Landsat 5/7 SR T1/T2,0.6,0.25,datasets\test_images\2008\rgb\uttarakhand_2008_maize_summer_rgb.png,datasets\test_images\2008\ndvi\uttarakhand_2008_maize_summer_ndvi.png,0.174454,0.052544,0.003775,0.016419,0.644579,0.234542,-0.075951,0.078321,0.252568,0.077481,0.014582,0.022606,0.840548,0.434839,-0.161956,0.142457,0.2022,-0.460391,-0.760597,0.101673,0.395788,0.20696,0.039717,0.038235,0.298602,0.082497,0.013895,0.031803,both
Jammu and Kashmir,Urad,2008,Rabi,jammu and kashmir,2008,rabi,Jammu and Kashmir,Urad,Urad,Rabi,33.6649297,75.1629584,2008-11-01,2009-04-28,54.0,Landsat 5/7 SR T1/T2,0.6,0.25,datasets\test_images\2008\rgb\jammu_and_kashmir_2008_urad_rabi_rgb.png,datasets\test_images\2008\ndvi\jammu_and_kashmir_2008_urad_rabi_ndvi.png,0.832763,0.062353,-0.00585,0.019423,102.75,0.152904,-712.5,0.565263,0.531143,0.076344,-0.001945,0.02374,0.934045,0.314442,-0.381443,0.121375,0.543699,-0.349294,-1.086543,0.121077,0.617273,0.160204,0.008807,0.052418,0.57066,0.083836,0.002785,0.031089,both
Bihar,Urad,2009,Kharif,bihar,2009,kharif,Bihar,Moong(Green Gram); Rice,Moong(Green Gram),Kharif,25.6440845,85.906508,2009-07-01,2009-10-28,7.0,Landsat 5/7 SR,0.6,0.05,datasets\test_images\2009\rgb\bihar_2009_moong_green_gram_kharif_rgb.png,datasets\test_images\2009\ndvi\bihar_2009_moong_green_gram_kharif_ndvi.png,0.132461,0.054984,0.02099,0.01147,0.76052,0.417611,-0.017897,0.101894,0.163646,0.080526,0.028222,0.01465,0.857862,0.594041,-0.04998,0.111442,0.219745,-0.558261,-0.782422,0.098376,0.473035,0.290237,0.030739,0.0473,0.172611,0.072609,0.020426,0.01913,both
Chhattisgarh,Urad,2009,Kharif,chhattisgarh,2009,kharif,Chhattisgarh,Maize; Moong(Green Gram); Rice,Maize,Kharif,21.663735899999995,81.8406351,2009-07-01,2009-10-28,5.0,Landsat 5/7 SR,0.6,0.05,datasets\test_images\2009\rgb\chhattisgarh_2009_maize_kharif_rgb.png,datasets\test_images\2009\ndvi\chhattisgarh_2009_maize_kharif_ndvi.png,0.836544,0.063142,0.028443,0.023923,0.813894,0.40891800000000006,-0.099381,0.103251,0.304515,0.08964699999999999,0.042509,0.024110000000000003,0.834628,0.574643,-0.209689,0.127625,0.283173,-0.529092,-0.758626,0.09947,0.503821,0.289385,0.06576,0.042634,0.313246,0.079397,0.027769,0.029684,both
Chhattisgarh,Urad,2009,Rabi,chhattisgarh,2009,rabi,Chhattisgarh,Moong(Green Gram); Urad,Moong(Green Gram),Rabi,21.6637359,81.8406351,2009-11-01,2010-04-28,32.0,Landsat 5/7 SR T1/T2,0.6,0.25,datasets\test_images\2009\rgb\chhattisgarh_2009_moong(green_gram)_rabi_rgb.png,datasets\test_images\2009\ndvi\chhattisgarh_2009_moong(green_gram)_rabi_ndvi.png,0.189606,0.071793,0.039539,0.008705,0.666624,0.199284,-0.164184,0.056393,0.244744,0.094643,0.042124,0.012789,0.743634,0.3301,-0.338545,0.089824,0.354709,-0.388517,-0.709433,0.074865,0.432129,0.219511,0.039388,0.027014,0.282309,0.107514,0.038315,0.020474,both
Gujarat,Urad,2009,Kharif,gujarat,2009,kharif,Gujarat,Maize; Moong(Green Gram); Rice,Maize,Kharif,22.3850051,71.745261,2009-07-01,2009-10-28,15.0,Landsat 5/7 SR,0.6,0.05,datasets\test_images\2009\rgb\gujarat_2009_maize_kharif_rgb.png,datasets\test_images\2009\ndvi\gujarat_2009_maize_kharif_ndvi.png,0.287245,0.073096,0.049398,0.011895999999999999,0.703668,0.187026,-0.033579,0.076199,0.3616599999999999,0.098127,0.064688,0.01753,0.7587259999999999,0.302046,-0.066953,0.103008,0.140508,-0.37373800000000007,-0.7041,0.079028,0.466064,0.21756300000000003,0.063808,0.038022,0.396709,0.115914,0.060865,0.023595,both
Haryana,Urad,2009,Kharif,haryana,2009,kharif,Haryana,Maize; Moong(Green Gram); Rice,Maize,Kharif,29.0,76.0,2009-07-01,2009-10-28,12.0,Landsat 5/7 SR,0.6,0.05,datasets\test_images\2009\rgb\haryana_2009_maize_kharif_rgb.png,datasets\test_images\2009\ndvi\haryana_2009_maize_kharif_ndvi.png,0.181067,0.086964,0.039676,0.018107,0.723132,0.314067,0.057504,0.12495099999999999,0.242241,0.126789,0.060645,0.025134,0.775316,0.403032,0.071347,0.149093,-0.082029,-0.427419,-0.703583,0.108682,0.49517300000000003,0.318395,0.11528699999999999,0.036088,0.277304,0.135753,0.047005,0.038593,both
Himachal Pradesh,Urad,2009,Kharif,himachal pradesh,2009,kharif,Himachal Pradesh,Maize; Moong(Green Gram); Rice,Maize,Kharif,31.929235200000004,77.1828462,2009-07-01,2009-10-28,11.0,Landsat 5/7 SR,0.6,0.05,datasets\test_images\2009\rgb\himachal_pradesh_2009_maize_kharif_rgb.png,datasets\test_images\2009\ndvi\himachal_pradesh_2009_maize_kharif_ndvi.png,0.16652,0.040469,0.004256,0.018333,0.687761,0.302542,-0.065184,0.091601,0.200923,0.061073999999999996,0.010444,0.024957999999999998,0.8505980000000001,0.578839,-0.141561,0.118427,0.204344,-0.547882,-0.769451,0.09146899999999998,0.473654,0.212467,0.027039999999999998,0.071772,0.224957,0.057624,0.0070610000000000004,0.030624,both
Maharashtra,Urad,2009,Kharif,maharashtra,2009,kharif,Maharashtra,Maize; Moong(Green Gram); Rice,Maize,Kharif,19.5670323,76.4164557,2009-07-01,2009-10-28,21.0,Landsat 5/7 SR,0.6,0.05,datasets\test_images\2009\rgb\maharashtra_2009_maize_kharif_rgb.png,datasets\test_images\2009\ndvi\maharashtra_2009_maize_kharif_ndvi.png,0.117157,0.048117,0.03375,0.006051,0.714981,0.352358,-0.061602,0.147254,0.159549,0.07061,0.049067,0.00903,0.84056,0.540587,-0.22962800000000003,0.195187,0.373632,-0.518219,-0.778234,0.210836,0.44933,0.252515,0.032925,0.076062,0.18086100000000002,0.067173,0.038631,0.013552,both
Manipur,Urad,2009,Kharif,manipur,2009,kharif,Manipur,Maize; Moong(Green Gram); Rice,Maize,Kharif,24.7208818,93.9229386,2009-07-01,2009-10-28,7.0,Landsat 5/7 SR,0.6,0.05,datasets\test_images\2009\rgb\manipur_2009_maize_kharif_rgb.png,datasets\test_images\2009\ndvi\manipur_2009_maize_kharif_ndvi.png,1.602213,0.04488899999999999,0.008395,0.01854,0.818332,0.427513,-0.051528,0.097194,0.448093,0.072495,0.027562,0.021288,0.8838880000000001,0.648806,-0.134186,0.115539,0.115111,-0.593542,-0.8150689999999999,0.099515,0.601543,0.285761,0.069445,0.051433,0.445012,0.060832,0.019478,0.023236999999999997,both
Nagaland,Urad,2009,Kharif,nagaland,2009,kharif,Nagaland,Maize; Moong(Green Gram); Rice,Maize,Kharif,26.163055599999996,94.5884911,2009-07-01,2009-10-28,6.0,Landsat 5/7 SR,0.6,0.05,datasets\test_images\2009\rgb\nagaland_2009_maize_kharif_rgb.png,datasets\test_images\2009\ndvi\nagaland_2009_maize_kharif_ndvi.png,0.220145,0.023857,-0.004255,0.00997,0.969008,0.606845,0.081014,0.114537,0.248745,0.046801,-0.0007069999999999998,0.015281999999999999,1.105141,0.844469,0.148115,0.057812,-0.227665,-0.776609,-1.018366,0.05109,0.686683,0.370979,0.068097,0.086787,0.23615,0.031473,-0.00354,0.013479,both
Nagaland,Urad,2009,Rabi,nagaland,2009,rabi,Nagaland,Maize,Maize,Rabi,26.1630556,94.5884911,2009-11-01,2010-04-28,17.0,Landsat 5/7 SR,0.6,0.05,datasets\test_images\2009\rgb\nagaland_2009_maize_rabi_rgb.png,datasets\test_images\2009\ndvi\nagaland_2009_maize_rabi_ndvi.png,0.114339,0.031462,0.005026,0.009062,0.732828,0.333545,0.060934,0.102458,0.16597,0.046483,0.010829,0.015152,0.86547,0.669408,0.157187,0.102939,-0.222466,-0.647956,-0.811212,0.073942,0.530345,0.21706,0.037325,0.069442,0.200304,0.043224,0.00878,0.020547,both
Punjab,Urad,2009,Kharif,punjab,2009,kharif,Punjab,Maize; Moong(Green Gram); Rice,Maize,Kharif,30.9293211,75.5004841,2009-07-01,2009-10-28,30.0,Landsat 5/7 SR,0.6,0.05,datasets\test_images\2009\rgb\punjab_2009_maize_kharif_rgb.png,datasets\test_images\2009\ndvi\punjab_2009_maize_kharif_ndvi.png,0.15101,0.065509,0.040543,0.010895999999999998,0.6682609999999999,0.466736,0.06718,0.10710000000000001,0.20042799999999997,0.09350200000000002,0.064536,0.014223,0.762514,0.591455,0.124622,0.11827899999999998,-0.175667,-0.553689,-0.7051919999999999,0.089626,0.4419600000000001,0.33388599999999996,0.09482799999999998,0.039133,0.243286,0.084023,0.048792,0.022681999999999997,both
Tripura,Urad,2009,Kharif,tripura,2009,kharif,Tripura,Maize; Moong(Green Gram); Rice,Maize,Kharif,23.775082299999998,91.7025091,2009-07-01,2009-10-28,15.0,Landsat 5/7 SR,0.6,0.05,datasets\test_images\2009\rgb\tripura_2009_maize_kharif_rgb.png,datasets\test_images\2009\ndvi\tripura_2009_maize_kharif_ndvi.png,1.602213,0.037978,0.007598,0.020186,1.100825,0.608465,-0.076956,0.09324,0.48788500000000007,0.06008,0.016067,0.019173,0.985792,0.806842,0.180314,0.076209,-0.188906,-0.719623,-0.8716240000000001,0.065951,0.715145,0.365377,0.09931,0.06112700000000001,0.495585,0.039563,0.001383,0.019021,both
Tripura,Urad,2009,Rabi,tripura,2009,rabi,Tripura,Moong(Green Gram); Urad,Moong(Green Gram),Rabi,23.7750823,91.7025091,2009-11-01,2010-04-28,63.0,Landsat 5/7 SR T1/T2,0.6,0.25,datasets\test_images\2009\rgb\tripura_2009_moong(green_gram)_rabi_rgb.png,datasets\test_images\2009\ndvi\tripura_2009_moong(green_gram)_rabi_ndvi.png,0.117212,0.040959,0.010678,0.012267,0.724548,0.343811,-0.028385,0.084089,0.17598,0.056957,0.01582,0.014754,0.863417,0.608328,-0.056338,0.133886,0.103678,-0.582298,-0.818909,0.102129,0.446223,0.220064,0.036335,0.034034,0.246408,0.050944,0.009962,0.021543,both
Uttar Pradesh,Urad,2009,Kharif,uttar pradesh,2009,kharif,Uttar Pradesh,Maize; Moong(Green Gram); Rice,Maize,Kharif,27.1303344,80.859666,2009-07-01,2009-10-28,10.0,Landsat 5/7 SR,0.6,0.05,datasets\test_images\2009\rgb\uttar_pradesh_2009_maize_kharif_rgb.png,datasets\test_images\2009\ndvi\uttar_pradesh_2009_maize_kharif_ndvi.png,0.164898,0.067357,0.041807000000000004,0.011142,0.714788,0.384957,-0.039162,0.091416,0.230664,0.101738,0.05927000000000001,0.017066,0.7493219999999999,0.506863,-0.090399,0.11052,0.057199,-0.479919,-0.678718,0.090075,0.45252,0.31309,0.09502,0.036529,0.248553,0.095713,0.049783,0.022374999999999996,both
Uttar Pradesh,Urad,2009,Summer,uttar pradesh,2009,summer,Uttar Pradesh,Maize; Moong(Green Gram); Rice,Maize,Summer,27.1303344,80.859666,2009-03-01,2009-06-28,42.0,Landsat 5/7 SR T1/T2,0.6,0.25,datasets\test_images\2009\rgb\uttar_pradesh_2009_maize_summer_rgb.png,datasets\test_images\2009\ndvi\uttar_pradesh_2009_maize_summer_ndvi.png,0.30776,0.099566,0.037765,0.017392,0.591275,0.18208,-0.037464,0.061588,0.40014600000000006,0.14593,0.06136,0.025650999999999997,0.6869929999999999,0.254821,-0.082091,0.09768,0.149158,-0.310603,-0.620547,0.070675,0.446167,0.277562,0.072443,0.02272,0.427179,0.167538,0.053687000000000006,0.037289,both
Uttarakhand,Urad,2009,Kharif,uttarakhand,2009,kharif,Uttarakhand,Maize; Moong(Green Gram); Rice,Maize,Kharif,30.0417376,79.089691,2009-07-01,2009-10-28,21.0,Landsat 5/7 SR,0.6,0.05,datasets\test_images\2009\rgb\uttarakhand_2009_maize_kharif_rgb.png,datasets\test_images\2009\ndvi\uttarakhand_2009_maize_kharif_ndvi.png,0.123455,0.030601,0.005315,0.014576,0.622977,0.347153,0.078487,0.068911,0.17983000000000002,0.05079999999999999,0.009289,0.022337,0.868637,0.66563,0.19947499999999999,0.12050500000000001,-0.225023,-0.632783,-0.8154369999999999,0.086966,0.417251,0.22613000000000003,0.03529,0.05154899999999999,0.212032,0.046834999999999995,0.006594,0.027622999999999998,both
Uttarakhand,Urad,2009,Rabi,uttarakhand,2009,rabi,Uttarakhand,Maize; Moong(Green Gram); Rice,Maize,Rabi,30.0417376,79.089691,2009-11-01,2010-04-28,27.0,Landsat 5/7 SR,0.6,0.05,datasets\test_images\2009\rgb\uttarakhand_2009_maize_rabi_rgb.png,datasets\test_images\2009\ndvi\uttarakhand_2009_maize_rabi_ndvi.png,0.138635,0.039195,0.006951,0.018914,0.540281,0.2427,0.031096,0.077472,0.205817,0.056548999999999995,0.00834,0.028944,0.828843,0.528348,0.127021,0.151319,-0.201125,-0.543486,-0.788999,0.10402,0.377473,0.18655999999999998,0.020674,0.063449,0.253283,0.061969,0.006634999999999999,0.039813,both
West Bengal,Urad,2009,Kharif,west bengal,2009,kharif,West Bengal,Moong(Green Gram); Rice,Moong(Green Gram),Kharif,22.9964948,87.6855882,2009-07-01,2009-10-28,10.0,Landsat 5/7 SR,0.6,0.05,datasets\test_images\2009\rgb\west_bengal_2009_moong_green_gram_kharif_rgb.png,datasets\test_images\2009\ndvi\west_bengal_2009_moong_green_gram_kharif_ndvi.png,0.218509,0.048557,0.026462,0.013199,0.75044,0.452787,-0.058504,0.109293,0.265864,0.071354,0.04101,0.022281,0.848204,0.643183,-0.1251,0.13801,0.181193,-0.605221,-0.781619,0.111162,0.459615,0.296012,0.073983,0.043652,0.317468,0.063235,0.03001,0.032495,both
West Bengal,Urad,2009,Rabi,west bengal,2009,rabi,West Bengal,Maize; Moong(Green Gram),Maize,Rabi,22.9964948,87.6855882,2009-11-01,2010-04-28,17.0,Landsat 5/7 SR,0.6,0.05,datasets\test_images\2009\rgb\west_bengal_2009_maize_rabi_rgb.png,datasets\test_images\2009\ndvi\west_bengal_2009_maize_rabi_ndvi.png,0.155726,0.085119,0.056465,0.011982,0.498648,0.203268,-0.046823,0.056143,0.237058,0.115216,0.077585,0.018473,0.625924,0.303142,-0.097559,0.079145,0.09876,-0.350645,-0.567743,0.057925,0.380882,0.243482,0.083621,0.030759,0.299661,0.126064,0.072085,0.028478,both
Madhya Pradesh,Urad,2009,Kharif,madhya pradesh,2009,kharif,Madhya Pradesh,Moong(Green Gram); Rice,Moong(Green Gram),Kharif,23.8143419,77.5340719,2009-07-01,2009-10-28,38.0,Landsat 5/7 SR,0.6,0.05,datasets\test_images\2009\rgb\madhya_pradesh_2009_moong_green_gram_kharif_rgb.png,datasets\test_images\2009\ndvi\madhya_pradesh_2009_moong_green_gram_kharif_ndvi.png,0.105992,0.05269,0.030835,0.005919,0.712774,0.337205,-0.061469,0.099261,0.156537,0.078055,0.050979,0.007905,0.830404,0.506228,-0.142003,0.111538,0.125851,-0.518837,-0.756889,0.07548,0.456095,0.272437,0.058748,0.043751,0.179473,0.081644,0.040199,0.014657,both
Madhya Pradesh,Urad,2009,Rabi,madhya pradesh,2009,rabi,Madhya Pradesh,Moong(Green Gram); Urad,Moong(Green Gram),Rabi,23.8143419,77.5340719,2009-11-01,2010-04-28,62.0,Landsat 5/7 SR T1/T2,0.6,0.25,datasets\test_images\2009\rgb\madhya_pradesh_2009_moong(green_gram)_rabi_rgb.png,datasets\test_images\2009\ndvi\madhya_pradesh_2009_moong(green_gram)_rabi_ndvi.png,0.1487,0.06128,0.031027,0.007481,0.646175,0.198634,-0.087491,0.060503,0.195642,0.083509,0.044241,0.009997,0.789468,0.360806,-0.260656,0.094618,0.312969,-0.39809,-0.72326,0.069081,0.426106,0.223946,0.03265,0.034689,0.233208,0.088443,0.032691,0.015799,both
Bihar,Urad,2010,Kharif,bihar,2010,kharif,Bihar,Moong(Green Gram); Rice,Moong(Green Gram),Kharif,25.6440845,85.906508,2010-07-01,2010-10-28,8.0,Landsat 5/7 SR,0.6,0.05,datasets\test_images\2010\rgb\bihar_2010_moong_green_gram_kharif_rgb.png,datasets\test_images\2010\ndvi\bihar_2010_moong_green_gram_kharif_ndvi.png,0.228038,0.077617,0.036885,0.017019,0.785493,0.420075,0.035063,0.090461,0.25562,0.099688,0.048655,0.01887,0.79823,0.531873,0.053357,0.102079,0.030541,-0.498027,-0.729523,0.086015,0.482275,0.307222,0.06191,0.038328,0.253723,0.091534,0.031921,0.02232,both
Chhattisgarh,Urad,2010,Kharif,chhattisgarh,2010,kharif,Chhattisgarh,Maize; Moong(Green Gram); Rice,Maize,Kharif,21.663735899999995,81.8406351,2010-07-01,2010-10-28,3.0,Landsat 5/7 SR,0.6,0.05,datasets\test_images\2010\rgb\chhattisgarh_2010_maize_kharif_rgb.png,datasets\test_images\2010\ndvi\chhattisgarh_2010_maize_kharif_ndvi.png,0.13363,0.04719,0.024427,0.00836,0.778473,0.37652,-0.045834999999999994,0.092067,0.15145,0.064043,0.033887,0.011242999999999998,0.871292,0.595871,-0.110698,0.120155,0.21539,-0.600638,-0.792771,0.084293,0.49729,0.26056,0.055695,0.034488,0.1894,0.065629,0.022530000000000005,0.020394,both
Chhattisgarh,Urad,2010,Rabi,chhattisgarh,2010,rabi,Chhattisgarh,Moong(Green Gram); Urad,Moong(Green Gram),Rabi,21.6637359,81.8406351,2010-11-01,2011-04-28,29.0,Landsat 5/7 SR T1/T2,0.6,0.25,datasets\test_images\2010\rgb\chhattisgarh_2010_moong(green_gram)_rabi_rgb.png,datasets\test_images\2010\ndvi\chhattisgarh_2010_moong(green_gram)_rabi_ndvi.png,0.195739,0.069405,0.039992,0.008407,0.648064,0.190938,-0.203999,0.05761,0.244964,0.09113,0.04222,0.012438,0.748627,0.321621,-0.433642,0.094128,0.485557,-0.384234,-0.679034,0.081185,0.410899,0.209586,0.029804,0.028717,0.285073,0.105423,0.035483,0.021784,both
Gujarat,Urad,2010,Kharif,gujarat,2010,kharif,Gujarat,Maize; Moong(Green Gram); Rice,Maize,Kharif,22.3850051,71.745261,2010-07-01,2010-10-28,5.0,Landsat 5/7 SR,0.6,0.05,datasets\test_images\2010\rgb\gujarat_2010_maize_kharif_rgb.png,datasets\test_images\2010\ndvi\gujarat_2010_maize_kharif_ndvi.png,0.264241,0.063979,0.032939,0.014309,0.759534,0.300632,-0.10417,0.11367,0.323504,0.08393,0.04750000000000001,0.016832,0.8161900000000001,0.453178,-0.239321,0.14117,0.128903,-0.502082,-0.758527,0.09957699999999998,0.47628,0.257014,0.06411,0.046046,0.367834,0.095734,0.04183499999999999,0.026937,both
Gujarat,Urad,2010,Summer,gujarat,2010,summer,Gujarat,Maize; Moong(Green Gram); Rice,Maize,Summer,22.3850051,71.745261,2010-03-01,2010-06-28,23.0,Landsat 5/7 SR T1/T2,0.6,0.25,datasets\test_images\2010\rgb\gujarat_2010_maize_summer_rgb.png,datasets\test_images\2010\ndvi\gujarat_2010_maize_summer_ndvi.png,0.259003,0.084692,0.049315,0.012734,0.620802,0.081121,-0.058766000000000006,0.029378,0.317935,0.11234700000000002,0.06268,0.018622,0.712777,0.136249,-0.134606,0.0401,0.103643,-0.259844,-0.664749,0.03896,0.468745,0.193033,0.064481,0.035156,0.368728,0.145677,0.065568,0.02498,both
Haryana,Urad,2010,Kharif,haryana,2010,kharif,Haryana,Maize; Moong(Green Gram); Rice,Maize,Kharif,29.0,76.0,2010-07-01,2010-10-28,10.0,Landsat 5/7 SR,0.6,0.05,datasets\test_images\2010\rgb\haryana_2010_maize_kharif_rgb.png,datasets\test_images\2010\ndvi\haryana_2010_maize_kharif_ndvi.png,0.191792,0.08658,0.043568,0.016151,0.7601330000000001,0.326125,0.027552000000000004,0.131463,0.24904800000000002,0.126972,0.06147,0.020686,0.7805589999999999,0.41991700000000004,0.08036,0.152304,-0.05064,-0.436817,-0.7107389999999999,0.108873,0.505375,0.318015,0.098925,0.039688,0.279902,0.130449,0.048545,0.034122,both
Himachal Pradesh,Urad,2010,Kharif,himachal pradesh,2010,kharif,Himachal Pradesh,Maize; Moong(Green Gram); Rice,Maize,Kharif,31.929235200000004,77.1828462,2010-07-01,2010-10-28,8.0,Landsat 5/7 SR,0.6,0.05,datasets\test_images\2010\rgb\himachal_pradesh_2010_maize_kharif_rgb.png,datasets\test_images\2010\ndvi\himachal_pradesh_2010_maize_kharif_ndvi.png,0.175237,0.034131,0.001438,0.015995,0.7354439999999999,0.340984,-0.09331,0.119107,0.21120799999999998,0.052694,0.005095,0.024356,0.906775,0.645559,-0.243395,0.097549,0.319928,-0.605282,-0.787169,0.085949,0.560375,0.22433899999999998,0.017662,0.093377,0.23043,0.047953,0.001052,0.025383,both
Madhya Pradesh,Urad,2010,Kharif,madhya pradesh,2010,kharif,Madhya Pradesh,Maize; Moong(Green Gram); Rice,Maize,Kharif,23.8143419,77.5340719,2010-07-01,2010-10-28,11.0,Landsat 5/7 SR,0.6,0.05,datasets\test_images\2010\rgb\madhya_pradesh_2010_maize_kharif_rgb.png,datasets\test_images\2010\ndvi\madhya_pradesh_2010_maize_kharif_ndvi.png,0.832213,0.048610999999999994,-0.022171,0.009743,1.587512,0.364763,-0.271442,0.09483000000000001,0.36251300000000003,0.07655,0.01263,0.009431,0.918047,0.558244,-0.101302,0.119784,-0.036831,-0.57181,-1.007234,0.068358,0.514203,0.288129,0.068125,0.030446,0.44086,0.080522,0.020069,0.022158,both
Madhya Pradesh,Urad,2010,Rabi,madhya pradesh,2010,rabi,Madhya Pradesh,Moong(Green Gram); Urad,Moong(Green Gram),Rabi,23.8143419,77.5340719,2010-11-01,2011-04-28,40.0,Landsat 5/7 SR T1/T2,0.6,0.25,datasets\test_images\2010\rgb\madhya_pradesh_2010_moong(green_gram)_rabi_rgb.png,datasets\test_images\2010\ndvi\madhya_pradesh_2010_moong(green_gram)_rabi_ndvi.png,0.157046,0.07192,0.03265,0.009612,0.793954,0.220792,-0.057979,0.104614,0.224201,0.098441,0.036802,0.0139,0.836497,0.34489,-0.160329,0.132927,0.319905,-0.40275,-0.767605,0.089017,0.505279,0.242079,0.028883,0.049288,0.291645,0.112115,0.032622,0.026438,both
Maharashtra,Urad,2010,Kharif,maharashtra,2010,kharif,Maharashtra,Maize; Moong(Green Gram); Rice,Maize,Kharif,19.5670323,76.4164557,2010-07-01,2010-10-28,4.0,Landsat 5/7 SR,0.6,0.05,datasets\test_images\2010\rgb\maharashtra_2010_maize_kharif_rgb.png,datasets\test_images\2010\ndvi\maharashtra_2010_maize_kharif_ndvi.png,0.21634999999999996,0.045222000000000005,0.024041999999999997,0.009651,0.843667,0.396592,-0.088592,0.163806,0.24517,0.070464,0.03914,0.013247,0.8766089999999999,0.584152,-0.194921,0.20952,0.353488,-0.533,-0.800792,0.2399,0.598023,0.271775,0.026421,0.08795400000000002,0.241155,0.060407999999999996,0.024482,0.015146,both
Manipur,Urad,2010,Kharif,manipur,2010,kharif,Manipur,Maize; Moong(Green Gram); Rice,Maize,Kharif,24.7208818,93.9229386,2010-07-01,2010-10-28,4.0,Landsat 5/7 SR,0.6,0.05,datasets\test_images\2010\rgb\manipur_2010_maize_kharif_rgb.png,datasets\test_images\2010\ndvi\manipur_2010_maize_kharif_ndvi.png,0.331162,0.048262,0.012327,0.020439,0.913113,0.44964999999999994,-0.042531000000000006,0.117112,0.381983,0.076762,0.020165,0.024108,0.890024,0.649114,-0.129909,0.129997,0.188899,-0.582967,-0.813832,0.11557,0.646697,0.299698,0.049865,0.064378,0.371175,0.06204099999999999,0.015847,0.025815,both
Nagaland,Urad,2010,Rabi,nagaland,2010,rabi,Nagaland,Maize; Rice,Maize,Rabi,26.1630556,94.5884911,2010-11-01,2011-04-28,20.0,Landsat 5/7 SR,0.6,0.05,datasets\test_images\2010\rgb\nagaland_2010_maize_rabi_rgb.png,datasets\test_images\2010\ndvi\nagaland_2010_maize_rabi_ndvi.png,0.10052,0.026573,0.002318,0.009121,0.78758,0.349237,0.071086,0.096886,0.164141,0.041672,0.009192,0.01514,0.886294,0.683974,0.139241,0.112983,-0.248827,-0.671308,-0.848032,0.078466,0.542637,0.220884,0.040378,0.065335,0.21789,0.039847,0.005452,0.02018,both
Punjab,Urad,2010,Kharif,punjab,2010,kharif,Punjab,Maize; Moong(Green Gram); Rice,Maize,Kharif,30.9293211,75.5004841,2010-07-01,2010-10-28,18.0,Landsat 5/7 SR,0.6,0.05,datasets\test_images\2010\rgb\punjab_2010_maize_kharif_rgb.png,datasets\test_images\2010\ndvi\punjab_2010_maize_kharif_ndvi.png,0.176489,0.068757,0.030229999999999996,0.014175,0.788374,0.448483,-0.058177,0.149758,0.22614,0.092433,0.048077,0.017281,0.828201,0.554677,-0.092707,0.17474200000000004,0.08777,-0.536367,-0.754836,0.137265,0.504605,0.32101,0.091005,0.055946,0.272065,0.088271,0.034713,0.026725,both
Tamil Nadu,Urad,2010,Kharif,tamil nadu,2010,kharif,Tamil Nadu,Maize; Moong(Green Gram); Rice,Maize,Kharif,11.332372299999998,78.6098639,2010-07-01,2010-10-28,2.0,Landsat 5/7 SR,0.6,0.05,datasets\test_images\2010\rgb\tamil_nadu_2010_maize_kharif_rgb.png,datasets\test_images\2010\ndvi\tamil_nadu_2010_maize_kharif_ndvi.png,0.157253,0.060523,0.008697,0.025405,0.616994,0.40454000000000007,0.150401,0.065478,0.183872,0.083773,0.025885000000000002,0.025211,0.8142429999999999,0.58509,0.300374,0.08977799999999998,-0.310893,-0.552779,-0.765302,0.081148,0.41523,0.283941,0.140285,0.04291,0.173642,0.076083,0.018267,0.023892,both
Tripura,Urad,2010,Kharif,tripura,2010,kharif,Tripura,Maize; Moong(Green Gram); Rice,Maize,Kharif,23.775082299999998,91.7025091,2010-07-01,2010-10-28,5.0,Landsat 5/7 SR,0.6,0.05,datasets\test_images\2010\rgb\tripura_2010_maize_kharif_rgb.png,datasets\test_images\2010\ndvi\tripura_2010_maize_kharif_ndvi.png,0.10315999999999999,0.037602,0.002812,0.016985,0.8106909999999999,0.545523,0.103211,0.111859,0.12846,0.058278,0.011034999999999998,0.018897,0.9695269999999999,0.772665,0.307234,0.075485,-0.348242,-0.701606,-0.866098,0.062665,0.534112,0.330192,0.066447,0.077511,0.111382,0.042882,0.0019049999999999998,0.017549,both
Tripura,Urad,2010,Rabi,tripura,2010,rabi,Tripura,Moong(Green Gram); Urad,Moong(Green Gram),Rabi,23.7750823,91.7025091,2010-11-01,2011-04-28,71.0,Landsat 5/7 SR T1/T2,0.6,0.25,datasets\test_images\2010\rgb\tripura_2010_moong(green_gram)_rabi_rgb.png,datasets\test_images\2010\ndvi\tripura_2010_moong(green_gram)_rabi_ndvi.png,0.121943,0.044836,0.018735,0.010782,0.72764,0.332384,-0.019435,0.072942,0.191628,0.062093,0.026394,0.014286,0.827742,0.575758,-0.062106,0.114927,0.132554,-0.554043,-0.78398,0.086127,0.458474,0.226263,0.034657,0.030328,0.249391,0.057966,0.018941,0.020032,both
Uttar Pradesh,Urad,2010,Kharif,uttar pradesh,2010,kharif,Uttar Pradesh,Maize; Moong(Green Gram); Rice,Maize,Kharif,27.1303344,80.859666,2010-07-01,2010-10-28,6.0,Landsat 5/7 SR,0.6,0.05,datasets\test_images\2010\rgb\uttar_pradesh_2010_maize_kharif_rgb.png,datasets\test_images\2010\ndvi\uttar_pradesh_2010_maize_kharif_ndvi.png,0.202738,0.089468,0.024344999999999995,0.03857,0.733246,0.363359,-0.103725,0.112097,0.270168,0.12188899999999998,0.037683,0.040264,0.858419,0.452107,-0.465007,0.18598100000000004,0.473091,-0.437398,-0.79901,0.157526,0.466737,0.304507,0.04871,0.038944,0.313398,0.114664,0.029817,0.043419000000000006,both
Uttar Pradesh,Urad,2010,Summer,uttar pradesh,2010,summer,Uttar Pradesh,Maize; Moong(Green Gram); Rice,Maize,Summer,27.1303344,80.859666,2010-03-01,2010-06-28,34.0,Landsat 5/7 SR T1/T2,0.6,0.25,datasets\test_images\2010\rgb\uttar_pradesh_2010_maize_summer_rgb.png,datasets\test_images\2010\ndvi\uttar_pradesh_2010_maize_summer_ndvi.png,0.273935,0.101446,0.041780000000000005,0.01748,0.493759,0.180898,-0.035958,0.05524199999999999,0.3558299999999999,0.145642,0.063698,0.025664000000000003,0.649008,0.254062,-0.079987,0.09058700000000001,0.100547,-0.314244,-0.604799,0.062921,0.437422,0.272485,0.08556000000000001,0.022009,0.392762,0.166593,0.055833,0.036443,both
Uttarakhand,Urad,2010,Kharif,uttarakhand,2010,kharif,Uttarakhand,Maize; Moong(Green Gram); Rice,Maize,Kharif,30.0417376,79.089691,2010-07-01,2010-10-28,14.0,Landsat 5/7 SR,0.6,0.05,datasets\test_images\2010\rgb\uttarakhand_2010_maize_kharif_rgb.png,datasets\test_images\2010\ndvi\uttarakhand_2010_maize_kharif_ndvi.png,0.115934,0.027952999999999995,0.003225,0.01287,0.639444,0.330313,0.06783,0.070152,0.167785,0.045451,0.005975,0.020265,0.903617,0.680415,0.103947,0.11725999999999999,-0.17395799999999997,-0.654667,-0.853835,0.082133,0.4381380000000001,0.211306,0.0376,0.054976,0.19611,0.042734,0.003912,0.025182,both
Uttarakhand,Urad,2010,Rabi,uttarakhand,2010,rabi,Uttarakhand,Maize; Moong(Green Gram); Rice,Maize,Rabi,30.0417376,79.089691,2010-11-01,2011-04-28,34.0,Landsat 5/7 SR,0.6,0.05,datasets\test_images\2010\rgb\uttarakhand_2010_maize_rabi_rgb.png,datasets\test_images\2010\ndvi\uttarakhand_2010_maize_rabi_ndvi.png,0.12725,0.033958,0.00526,0.017928,0.503646,0.225306,0.026172,0.075786,0.176901,0.04891199999999999,0.0070750000000000006,0.027674,0.836647,0.539047,0.090557,0.145153,-0.173002,-0.560216,-0.7929210000000001,0.101634,0.36595,0.16971900000000004,0.018144,0.066733,0.22658,0.054764,0.00537,0.037738,both
Jammu and Kashmir,Urad,2010,Kharif,jammu and kashmir,2010,kharif,Jammu and Kashmir,Maize; Moong(Green Gram); Rice,Maize,Kharif,33.6649297,75.1629584,2010-07-01,2010-10-28,16.0,Landsat 5/7 SR,0.6,0.05,datasets\test_images\2010\rgb\jammu_and_kashmir_2010_maize_kharif_rgb.png,datasets\test_images\2010\ndvi\jammu_and_kashmir_2010_maize_kharif_ndvi.png,0.138676,0.05016,0.020138,0.011919,0.587914,0.288016,0.05668399999999999,0.074971,0.17459100000000002,0.071294,0.031137,0.015901,0.8098680000000001,0.49289200000000005,0.07479,0.123323,-0.107041,-0.51358,-0.752488,0.094575,0.388596,0.229521,0.108976,0.033968,0.194817,0.076208,0.025954,0.022320999999999997,both
West Bengal,Urad,2010,Kharif,west bengal,2010,kharif,West Bengal,Moong(Green Gram); Rice,Moong(Green Gram),Kharif,22.9964948,87.6855882,2010-07-01,2010-10-28,6.0,Landsat 5/7 SR,0.6,0.05,datasets\test_images\2010\rgb\west_bengal_2010_moong_green_gram_kharif_rgb.png,datasets\test_images\2010\ndvi\west_bengal_2010_moong_green_gram_kharif_ndvi.png,0.35715,0.063914,0.01428,0.029722,0.725226,0.398498,-0.106461,0.148935,0.405605,0.091324,0.022723,0.040611,0.921012,0.570339,-0.331965,0.204436,0.309039,-0.523135,-0.815277,0.17543,0.505073,0.286416,0.057909,0.054347,0.41105,0.082011,0.008505,0.050197,both
West Bengal,Urad,2010,Rabi,west bengal,2010,rabi,West Bengal,Maize; Moong(Green Gram),Maize,Rabi,22.9964948,87.6855882,2010-11-01,2011-04-28,11.0,Landsat 5/7 SR,0.6,0.05,datasets\test_images\2010\rgb\west_bengal_2010_maize_rabi_rgb.png,datasets\test_images\2010\ndvi\west_bengal_2010_maize_rabi_ndvi.png,0.143612,0.079775,0.054265,0.011742,0.453538,0.214246,-0.079107,0.060878,0.226333,0.113347,0.075522,0.018378,0.586556,0.327224,-0.128008,0.084989,0.119575,-0.345389,-0.553444,0.062225,0.366087,0.235675,0.082452,0.028742,0.28213,0.117532,0.067424,0.028213,both
Bihar,Urad,2011,Kharif,bihar,2011,kharif,Bihar,Moong(Green Gram); Rice,Moong(Green Gram),Kharif,25.6440845,85.906508,2011-07-01,2011-10-28,8.0,Landsat 5/7 SR,0.6,0.05,datasets\test_images\2011\rgb\bihar_2011_moong_green_gram_kharif_rgb.png,datasets\test_images\2011\ndvi\bihar_2011_moong_green_gram_kharif_ndvi.png,0.300528,0.076284,0.01175,0.022034,0.926982,0.464924,-0.029249,0.121712,0.317275,0.104879,0.012767,0.024948,0.986968,0.567127,-0.105909,0.117862,0.209473,-0.519625,-0.799127,0.099121,0.601983,0.342197,0.036637,0.067846,0.31436,0.091873,0.00075,0.028489,both
Chhattisgarh,Urad,2011,Kharif,chhattisgarh,2011,kharif,Chhattisgarh,Maize; Moong(Green Gram); Rice,Maize,Kharif,21.663735899999995,81.8406351,2011-07-01,2011-10-28,5.0,Landsat 5/7 SR,0.6,0.05,datasets\test_images\2011\rgb\chhattisgarh_2011_maize_kharif_rgb.png,datasets\test_images\2011\ndvi\chhattisgarh_2011_maize_kharif_ndvi.png,0.193786,0.053697,0.030807,0.009666,0.770791,0.357802,-0.106749,0.08653,0.22955,0.08007,0.042963,0.014622000000000001,0.82475,0.547721,-0.23558200000000004,0.114548,0.280753,-0.531102,-0.7395359999999999,0.0862,0.500205,0.264922,0.05542,0.035654,0.231406,0.078075,0.031124,0.023026,both
Chhattisgarh,Urad,2011,Rabi,chhattisgarh,2011,rabi,Chhattisgarh,Moong(Green Gram); Urad,Moong(Green Gram),Rabi,21.6637359,81.8406351,2011-11-01,2012-04-28,21.0,Landsat 5/7 SR T1/T2,0.6,0.25,datasets\test_images\2011\rgb\chhattisgarh_2011_moong(green_gram)_rabi_rgb.png,datasets\test_images\2011\ndvi\chhattisgarh_2011_moong(green_gram)_rabi_ndvi.png,0.17873,0.075946,0.042605,0.008234,0.675939,0.194997,-0.156195,0.057341,0.233345,0.098171,0.051048,0.011575,0.745267,0.314593,-0.335053,0.087942,0.374403,-0.37002,-0.69506,0.074201,0.429255,0.218495,0.036802,0.027061,0.304708,0.11124,0.040831,0.020122,both
Gujarat,Urad,2011,Kharif,gujarat,2011,kharif,Gujarat,Maize; Moong(Green Gram); Rice,Maize,Kharif,22.3850051,71.745261,2011-07-01,2011-10-28,3.0,Landsat 5/7 SR,0.6,0.05,datasets\test_images\2011\rgb\gujarat_2011_maize_kharif_rgb.png,datasets\test_images\2011\ndvi\gujarat_2011_maize_kharif_ndvi.png,0.344335,0.055703,0.021457,0.020447,0.8148969999999999,0.382287,-0.106924,0.108473,0.3789580000000001,0.083382,0.03265,0.023271,0.860407,0.562829,-0.305686,0.132953,0.292182,-0.540731,-0.770136,0.105641,0.540382,0.283533,0.059614,0.05351,0.392487,0.078409,0.024096999999999997,0.02717,both
Gujarat,Urad,2011,Summer,gujarat,2011,summer,Gujarat,Maize; Moong(Green Gram); Rice,Maize,Summer,22.3850051,71.745261,2011-03-01,2011-06-28,12.0,Landsat 5/7 SR T1/T2,0.6,0.25,datasets\test_images\2011\rgb\gujarat_2011_maize_summer_rgb.png,datasets\test_images\2011\ndvi\gujarat_2011_maize_summer_ndvi.png,0.241251,0.08643,0.052203,0.011409,0.641072,0.12225199999999999,-0.087904,0.044158,0.292539,0.11025800000000001,0.059930000000000004,0.016304,0.715215,0.19311200000000003,-0.22808400000000004,0.05931,0.207535,-0.326955,-0.694689,0.055234,0.462448,0.220596,0.063505,0.034638,0.35594,0.146532,0.066833,0.022511,both
Haryana,Urad,2011,Kharif,haryana,2011,kharif,Haryana,Maize; Moong(Green Gram); Rice,Maize,Kharif,29.0,76.0,2011-07-01,2011-10-28,6.0,Landsat 5/7 SR,0.6,0.05,datasets\test_images\2011\rgb\haryana_2011_maize_kharif_rgb.png,datasets\test_images\2011\ndvi\haryana_2011_maize_kharif_ndvi.png,0.18038,0.09613100000000001,0.033007,0.02426,0.783363,0.381264,0.039623,0.132312,0.23878999999999997,0.127353,0.05762,0.024089,0.8198659999999999,0.450749,0.057719,0.150694,-0.045457,-0.44004,-0.753146,0.115705,0.536615,0.33213,0.11182200000000002,0.044926,0.282213,0.123349,0.03892,0.034553,both
Himachal Pradesh,Urad,2011,Kharif,himachal pradesh,2011,kharif,Himachal Pradesh,Maize; Moong(Green Gram); Rice,Maize,Kharif,31.929235200000004,77.1828462,2011-07-01,2011-10-28,10.0,Landsat 5/7 SR,0.6,0.05,datasets\test_images\2011\rgb\himachal_pradesh_2011_maize_kharif_rgb.png,datasets\test_images\2011\ndvi\himachal_pradesh_2011_maize_kharif_ndvi.png,0.142622,0.0362,-0.001257,0.01714,0.694187,0.34466,-0.080063,0.109153,0.170508,0.053669,0.001548,0.024689,1.092767,0.658129,-0.184636,0.114052,0.266997,-0.618168,-0.86829,0.09389399999999999,0.48102399999999995,0.225911,0.021622,0.083826,0.190129,0.049347,-0.000653,0.026834,both
Madhya Pradesh,Urad,2011,Kharif,madhya pradesh,2011,kharif,Madhya Pradesh,Maize; Moong(Green Gram); Rice,Maize,Kharif,23.8143419,77.5340719,2011-07-01,2011-10-28,25.0,Landsat 5/7 SR,0.6,0.05,datasets\test_images\2011\rgb\madhya_pradesh_2011_maize_kharif_rgb.png,datasets\test_images\2011\ndvi\madhya_pradesh_2011_maize_kharif_ndvi.png,0.134084,0.065597,0.032939,0.010248,0.64756,0.260408,-0.072482,0.090243,0.187049,0.093115,0.05751,0.012722000000000002,0.798596,0.407011,-0.176427,0.12617,0.20085300000000003,-0.447932,-0.716104,0.104923,0.403928,0.24639599999999998,0.046675,0.044036,0.20447,0.102809,0.040735,0.023539,both
Madhya Pradesh,Urad,2011,Rabi,madhya pradesh,2011,rabi,Madhya Pradesh,Moong(Green Gram); Urad,Moong(Green Gram),Rabi,23.8143419,77.5340719,2011-11-01,2012-04-28,47.0,Landsat 5/7 SR T1/T2,0.6,0.25,datasets\test_images\2011\rgb\madhya_pradesh_2011_moong(green_gram)_rabi_rgb.png,datasets\test_images\2011\ndvi\madhya_pradesh_2011_moong(green_gram)_rabi_ndvi.png,0.156716,0.069822,0.032018,0.008843,0.676591,0.186049,-0.127532,0.065452,0.20997,0.091964,0.049315,0.0126,0.819107,0.30586,-0.293123,0.097976,0.418401,-0.387797,-0.742478,0.075851,0.416247,0.238347,0.025912,0.038025,0.254259,0.109552,0.035235,0.022492,both
Maharashtra,Urad,2011,Kharif,maharashtra,2011,kharif,Maharashtra,Maize; Moong(Green Gram); Rice,Maize,Kharif,19.5670323,76.4164557,2011-07-01,2011-10-28,17.0,Landsat 5/7 SR,0.6,0.05,datasets\test_images\2011\rgb\maharashtra_2011_maize_kharif_rgb.png,datasets\test_images\2011\ndvi\maharashtra_2011_maize_kharif_ndvi.png,0.141302,0.048886000000000006,0.034465,0.004979,0.827889,0.40038599999999996,-0.05534,0.173208,0.15431,0.073386,0.044942,0.006764,0.8422680000000001,0.574191,-0.23450000000000001,0.222633,0.40967899999999996,-0.521804,-0.775834,0.251737,0.517613,0.274879,0.030064999999999998,0.091136,0.152055,0.062637,0.03276,0.012306,both
Manipur,Urad,2011,Kharif,manipur,2011,kharif,Manipur,Maize; Moong(Green Gram); Rice,Maize,Kharif,24.7208818,93.9229386,2011-07-01,2011-10-28,5.0,Landsat 5/7 SR,0.6,0.05,datasets\test_images\2011\rgb\manipur_2011_maize_kharif_rgb.png,datasets\test_images\2011\ndvi\manipur_2011_maize_kharif_ndvi.png,0.26541,0.048578,0.011805000000000001,0.019563,0.868912,0.443286,-0.047337,0.116637,0.34708500000000003,0.074749,0.01857,0.021372,0.9063310000000001,0.647624,-0.155045,0.131951,0.148299,-0.587086,-0.8107320000000001,0.10959800000000001,0.584602,0.293349,0.058088,0.061888,0.357205,0.061584,0.008532,0.024895,both
Nagaland,Urad,2011,Kharif,nagaland,2011,kharif,Nagaland,Maize; Rice,Maize,Kharif,26.1630556,94.5884911,2011-07-01,2011-10-28,5.0,Landsat 5/7 SR,0.6,0.05,datasets\test_images\2011\rgb\nagaland_2011_maize_kharif_rgb.png,datasets\test_images\2011\ndvi\nagaland_2011_maize_kharif_ndvi.png,0.219595,0.02422,-0.011598,0.016439,1.061695,0.590352,0.084529,0.168221,0.25771,0.043375,-0.008243,0.022862,1.626978,0.861538,0.267392,0.087195,-0.282721,-0.787025,-1.50521,0.072503,0.741353,0.353577,0.036225,0.124917,0.242997,0.028182,-0.009755,0.02077,both
Nagaland,Urad,2011,Rabi,nagaland,2011,rabi,Nagaland,Maize; Rice,Maize,Rabi,26.1630556,94.5884911,2011-11-01,2012-04-28,12.0,Landsat 5/7 SR,0.6,0.05,datasets\test_images\2011\rgb\nagaland_2011_maize_rabi_rgb.png,datasets\test_images\2011\ndvi\nagaland_2011_maize_rabi_ndvi.png,0.092792,0.024183,0.00218,0.008585,0.765549,0.40366,0.052211,0.120703,0.135926,0.038349,0.00416,0.014817,0.967372,0.757404,0.192302,0.092192,-0.277198,-0.718693,-0.865471,0.066567,0.540575,0.244563,0.04068,0.083292,0.17939,0.033287,0.000887,0.018113,both
Punjab,Urad,2011,Kharif,punjab,2011,kharif,Punjab,Maize; Moong(Green Gram); Rice,Maize,Kharif,30.9293211,75.5004841,2011-07-01,2011-10-28,20.0,Landsat 5/7 SR,0.6,0.05,datasets\test_images\2011\rgb\punjab_2011_maize_kharif_rgb.png,datasets\test_images\2011\ndvi\punjab_2011_maize_kharif_ndvi.png,0.150323,0.073236,0.040776,0.010867999999999997,0.833008,0.482367,0.006682999999999999,0.128758,0.18742,0.09332800000000001,0.050249999999999996,0.012277000000000001,0.874616,0.601368,0.014943,0.137618,-0.026125,-0.562837,-0.819331,0.107725,0.504522,0.3298,0.08847500000000001,0.05374199999999999,0.22455900000000004,0.08292,0.03353,0.019664,both
Tripura,Urad,2011,Kharif,tripura,2011,kharif,Tripura,Maize; Moong(Green Gram); Rice,Maize,Kharif,23.775082299999998,91.7025091,2011-07-01,2011-10-28,13.0,Landsat 5/7 SR,0.6,0.05,datasets\test_images\2011\rgb\tripura_2011_maize_kharif_rgb.png,datasets\test_images\2011\ndvi\tripura_2011_maize_kharif_ndvi.png,1.602213,0.041104,0.007047,0.026782,0.9553920000000001,0.603749,-0.062735,0.096306,0.46187,0.065915,0.021044999999999998,0.026238,0.960433,0.793027,0.17023599999999997,0.087185,-0.15814,-0.707312,-0.845201,0.073422,0.65987,0.37439399999999995,0.079703,0.067491,0.452053,0.044657,0.005068,0.027024000000000003,both
Tripura,Urad,2011,Rabi,tripura,2011,rabi,Tripura,Moong(Green Gram); Urad,Moong(Green Gram),Rabi,23.7750823,91.7025091,2011-11-01,2012-04-28,46.0,Landsat 5/7 SR T1/T2,0.6,0.25,datasets\test_images\2011\rgb\tripura_2011_moong(green_gram)_rabi_rgb.png,datasets\test_images\2011\ndvi\tripura_2011_moong(green_gram)_rabi_ndvi.png,0.128955,0.047165,0.014266,0.009945,0.848326,0.378369,0.007449,0.089032,0.196825,0.064702,0.022117,0.012014,0.902214,0.619722,0.010726,0.118209,0.057285,-0.578663,-0.842618,0.085632,0.545305,0.251806,0.07181,0.036378,0.253777,0.057246,0.011227,0.018358,both
Uttar Pradesh,Urad,2011,Kharif,uttar pradesh,2011,kharif,Uttar Pradesh,Maize; Moong(Green Gram); Rice,Maize,Kharif,27.1303344,80.859666,2011-07-01,2011-10-28,5.0,Landsat 5/7 SR,0.6,0.05,datasets\test_images\2011\rgb\uttar_pradesh_2011_maize_kharif_rgb.png,datasets\test_images\2011\ndvi\uttar_pradesh_2011_maize_kharif_ndvi.png,0.837176,0.068645,0.02528,0.017936,0.698737,0.377205,-0.044851,0.105431,0.275076,0.098764,0.046868,0.022258,0.8545409999999999,0.522492,-0.120251,0.142097,0.110749,-0.49820899999999996,-0.773002,0.11204600000000002,0.4459199999999999,0.298052,0.082508,0.035917,0.285705,0.093872,0.029845,0.03082,both
Uttar Pradesh,Urad,2011,Summer,uttar pradesh,2011,summer,Uttar Pradesh,Maize; Moong(Green Gram); Rice,Maize,Summer,27.1303344,80.859666,2011-03-01,2011-06-28,30.0,Landsat 5/7 SR T1/T2,0.6,0.25,datasets\test_images\2011\rgb\uttar_pradesh_2011_maize_summer_rgb.png,datasets\test_images\2011\ndvi\uttar_pradesh_2011_maize_summer_ndvi.png,0.284523,0.085843,0.040185,0.014474,0.586635,0.202391,-0.026772,0.058629999999999995,0.369937,0.12178700000000002,0.058912,0.019981,0.700314,0.29872,-0.056165,0.099757,0.071543,-0.344749,-0.64919,0.071033,0.434521,0.24927599999999997,0.08754,0.019218,0.400518,0.136821,0.0497,0.029289,both
Uttarakhand,Urad,2011,Kharif,uttarakhand,2011,kharif,Uttarakhand,Maize; Rice,Maize,Kharif,30.0417376,79.089691,2011-07-01,2011-10-28,16.0,Landsat 5/7 SR,0.6,0.05,datasets\test_images\2011\rgb\uttarakhand_2011_maize_kharif_rgb.png,datasets\test_images\2011\ndvi\uttarakhand_2011_maize_kharif_ndvi.png,0.118422,0.029669,0.003225,0.012456,0.691072,0.362363,0.085864,0.07292,0.15156,0.047556,0.00702,0.019992,0.901058,0.694435,0.158639,0.110611,-0.22273,-0.66244,-0.851689,0.080948,0.450815,0.227488,0.041972,0.054426,0.178042,0.043258,0.00515,0.023896,both
Uttarakhand,Urad,2011,Summer,uttarakhand,2011,summer,Uttarakhand,Maize; Moong(Green Gram); Rice,Maize,Summer,30.0417376,79.089691,2011-03-01,2011-06-28,19.0,Landsat 5/7 SR T1/T2,0.6,0.25,datasets\test_images\2011\rgb\uttarakhand_2011_maize_summer_rgb.png,datasets\test_images\2011\ndvi\uttarakhand_2011_maize_summer_ndvi.png,0.192288,0.050756,-0.065608,0.017124,0.67511,0.238591,-0.08672200000000001,0.060569000000000005,0.24132,0.072659,-0.034175,0.023194000000000003,1.021389,0.44908,-0.220282,0.122377,0.342714,-0.479905,-1.424389,0.090872,0.414047,0.205361,0.015599999999999998,0.0378,0.859905,0.080131,0.002001,0.031165,both
West Bengal,Urad,2011,Kharif,west bengal,2011,kharif,West Bengal,Moong(Green Gram); Rice,Moong(Green Gram),Kharif,22.9964948,87.6855882,2011-07-01,2011-10-28,9.0,Landsat 5/7 SR,0.6,0.05,datasets\test_images\2011\rgb\west_bengal_2011_moong_green_gram_kharif_rgb.png,datasets\test_images\2011\ndvi\west_bengal_2011_moong_green_gram_kharif_ndvi.png,0.2873,0.063564,0.01186,0.013423,0.712986,0.371106,-0.100933,0.118676,0.337212,0.093353,0.025363,0.021204,0.85423,0.543149,-0.196603,0.152799,0.228922,-0.489384,-0.792242,0.128298,0.470092,0.271603,0.061607,0.048712,0.340265,0.081204,0.019588,0.028671,both
West Bengal,Urad,2011,Rabi,west bengal,2011,rabi,West Bengal,Maize; Moong(Green Gram),Maize,Rabi,22.9964948,87.6855882,2011-11-01,2012-04-28,12.0,Landsat 5/7 SR,0.6,0.05,datasets\test_images\2011\rgb\west_bengal_2011_maize_rabi_rgb.png,datasets\test_images\2011\ndvi\west_bengal_2011_maize_rabi_ndvi.png,0.165502,0.082655,0.050443,0.012938,0.48841,0.209723,-0.122652,0.05598,0.235091,0.110774,0.06972,0.018361,0.62771,0.311095,-0.18476,0.075456,0.207141,-0.352957,-0.599285,0.055008,0.369717,0.235624,0.083442,0.030346,0.283477,0.123305,0.063656,0.027777,both
Bihar,Urad,2012,Kharif,bihar,2012,kharif,Bihar,Moong(Green Gram); Rice,Moong(Green Gram),Kharif,25.6440845,85.906508,2012-07-01,2012-10-28,5.0,Landsat 5/7 SR,0.6,0.05,datasets\test_images\2012\rgb\bihar_2012_moong_green_gram_kharif_rgb.png,datasets\test_images\2012\ndvi\bihar_2012_moong_green_gram_kharif_ndvi.png,1.602213,0.074148,0.01296,0.038182,2.142566,0.480088,-0.04802,0.112866,0.442757,0.095848,0.025005,0.030274,0.872966,0.597829,-0.136101,0.115628,0.217984,-0.546833,-0.775974,0.096256,0.649338,0.32844,0.041697,0.059883,0.867413,0.082676,0.010072,0.033374,both
Chhattisgarh,Urad,2012,Kharif,chhattisgarh,2012,kharif,Chhattisgarh,Maize; Moong(Green Gram); Rice,Maize,Kharif,21.663735899999995,81.8406351,2012-07-01,2012-10-28,2.0,Landsat 5/7 SR,0.6,0.05,datasets\test_images\2012\rgb\chhattisgarh_2012_maize_kharif_rgb.png,datasets\test_images\2012\ndvi\chhattisgarh_2012_maize_kharif_ndvi.png,0.09511600000000002,0.036818,0.013785,0.010059,0.817316,0.4248,-0.124848,0.101184,0.166932,0.063299,0.030174999999999997,0.015456,0.895882,0.66714,-0.30997,0.135574,0.314949,-0.631979,-0.815909,0.09922400000000002,0.544673,0.285427,0.039965,0.041972,0.187805,0.056967,0.017882,0.025158,both
Chhattisgarh,Urad,2012,Rabi,chhattisgarh,2012,rabi,Chhattisgarh,Moong(Green Gram); Urad,Moong(Green Gram),Rabi,21.6637359,81.8406351,2012-11-01,2013-04-28,18.0,Landsat 5/7 SR T1/T2,0.6,0.25,datasets\test_images\2012\rgb\chhattisgarh_2012_moong(green_gram)_rabi_rgb.png,datasets\test_images\2012\ndvi\chhattisgarh_2012_moong(green_gram)_rabi_ndvi.png,0.197898,0.073322,0.037462,0.00883,0.713764,0.187224,-0.226859,0.053977,0.279655,0.098377,0.04574,0.012841,0.765882,0.297216,-0.424803,0.084499,0.442994,-0.367755,-0.715655,0.073025,0.453813,0.219666,0.031303,0.026544,0.339275,0.115814,0.034685,0.020943,both
Gujarat,Urad,2012,Kharif,gujarat,2012,kharif,Gujarat,Maize; Moong(Green Gram); Rice,Maize,Kharif,22.3850051,71.745261,2012-07-01,2012-10-28,6.0,Landsat 5/7 SR,0.6,0.05,datasets\test_images\2012\rgb\gujarat_2012_maize_kharif_rgb.png,datasets\test_images\2012\ndvi\gujarat_2012_maize_kharif_ndvi.png,0.297406,0.05743800000000001,0.035579,0.011461,0.782828,0.286995,-0.085073,0.091984,0.346439,0.08231,0.051034,0.015538000000000001,0.826994,0.461868,-0.195937,0.116936,0.139566,-0.486138,-0.7444320000000001,0.084941,0.512924,0.241803,0.053191999999999996,0.045265,0.37591899999999995,0.087964,0.041794,0.022429999999999995,both
Gujarat,Urad,2012,Summer,gujarat,2012,summer,Gujarat,Maize; Moong(Green Gram); Rice,Maize,Summer,22.3850051,71.745261,2012-03-01,2012-06-28,16.0,Landsat 5/7 SR T1/T2,0.6,0.25,datasets\test_images\2012\rgb\gujarat_2012_maize_summer_rgb.png,datasets\test_images\2012\ndvi\gujarat_2012_maize_summer_ndvi.png,0.24540400000000004,0.08683800000000001,0.05049699999999999,0.011976,0.625396,0.09749400000000001,-0.105543,0.038131,0.301174,0.11619600000000001,0.068565,0.017895,0.6982399999999999,0.152353,-0.287398,0.049486,0.276278,-0.274698,-0.669988,0.047606,0.420758,0.212762,0.059847000000000004,0.037403,0.36557900000000004,0.151111,0.062061,0.024045,both
Haryana,Urad,2012,Kharif,haryana,2012,kharif,Haryana,Maize; Moong(Green Gram); Rice,Maize,Kharif,29.0,76.0,2012-07-01,2012-10-28,3.0,Landsat 5/7 SR,0.6,0.05,datasets\test_images\2012\rgb\haryana_2012_maize_kharif_rgb.png,datasets\test_images\2012\ndvi\haryana_2012_maize_kharif_ndvi.png,0.165076,0.075424,0.030036999999999998,0.017254,0.819228,0.366099,-0.016901,0.170782,0.228038,0.110338,0.048545,0.022654999999999998,0.836834,0.465395,-0.037,0.18623599999999998,0.033427,-0.48939,-0.774399,0.132552,0.568158,0.331382,0.08281,0.060368,0.277524,0.11863799999999998,0.03573,0.039951,both
Himachal Pradesh,Urad,2012,Kharif,himachal pradesh,2012,kharif,Himachal Pradesh,Maize; Moong(Green Gram); Rice,Maize,Kharif,31.929235200000004,77.1828462,2012-07-01,2012-10-28,2.0,Landsat 5/7 SR,0.6,0.05,datasets\test_images\2012\rgb\himachal_pradesh_2012_maize_kharif_rgb.png,datasets\test_images\2012\ndvi\himachal_pradesh_2012_maize_kharif_ndvi.png,0.148232,0.028263,-0.005794999999999999,0.016536,0.764431,0.342736,-0.116253,0.120707,0.18455999999999997,0.04721,-0.00222,0.024306000000000005,1.696343,0.7039560000000001,-0.35694,0.12725,0.457738,-0.648938,-1.22476,0.104038,0.536175,0.2166,0.013125,0.090167,0.21272,0.040497,-0.007665000000000001,0.026016,both
Madhya Pradesh,Urad,2012,Kharif,madhya pradesh,2012,kharif,Madhya Pradesh,Maize; Moong(Green Gram); Rice,Maize,Kharif,23.8143419,77.5340719,2012-07-01,2012-10-28,11.0,Landsat 5/7 SR,0.6,0.05,datasets\test_images\2012\rgb\madhya_pradesh_2012_maize_kharif_rgb.png,datasets\test_images\2012\ndvi\madhya_pradesh_2012_maize_kharif_ndvi.png,0.163193,0.063302,0.016948,0.017406,0.747144,0.285262,-0.04611400000000001,0.138546,0.195615,0.090536,0.029652,0.020429,0.868265,0.426834,-0.157469,0.1937,0.253339,-0.454247,-0.799051,0.17901599999999998,0.4860149999999999,0.261984,0.040323,0.072011,0.239642,0.09968899999999999,0.022558000000000005,0.038554,both
Madhya Pradesh,Urad,2012,Rabi,madhya pradesh,2012,rabi,Madhya Pradesh,Moong(Green Gram); Urad,Moong(Green Gram),Rabi,23.8143419,77.5340719,2012-11-01,2013-04-28,35.0,Landsat 5/7 SR T1/T2,0.6,0.25,datasets\test_images\2012\rgb\madhya_pradesh_2012_moong(green_gram)_rabi_rgb.png,datasets\test_images\2012\ndvi\madhya_pradesh_2012_moong(green_gram)_rabi_ndvi.png,0.220736,0.058359,0.017745,0.011393,0.837144,0.241235,-0.114893,0.105806,0.265355,0.082297,0.035098,0.01456,0.902516,0.401415,-0.475721,0.155361,0.543814,-0.45687,-0.830331,0.116527,0.49641,0.237368,0.019161,0.045293,0.294161,0.094407,0.01945,0.029035,both
Maharashtra,Urad,2012,Kharif,maharashtra,2012,kharif,Maharashtra,Maize; Moong(Green Gram); Rice,Maize,Kharif,19.5670323,76.4164557,2012-07-01,2012-10-28,6.0,Landsat 5/7 SR,0.6,0.05,datasets\test_images\2012\rgb\maharashtra_2012_maize_kharif_rgb.png,datasets\test_images\2012\ndvi\maharashtra_2012_maize_kharif_ndvi.png,0.167785,0.046794,0.02352,0.008639,0.821632,0.424811,-0.042593,0.175705,0.19242499999999998,0.068477,0.03749,0.00974,0.875254,0.602526,-0.166745,0.202866,0.39198700000000003,-0.564189,-0.802184,0.221861,0.51885,0.28895,0.025032,0.09347,0.183048,0.060922,0.024289999999999996,0.015966,both
Manipur,Urad,2012,Kharif,manipur,2012,kharif,Manipur,Maize; Moong(Green Gram); Rice,Maize,Kharif,24.7208818,93.9229386,2012-07-01,2012-10-28,4.0,Landsat 5/7 SR,0.6,0.05,datasets\test_images\2012\rgb\manipur_2012_maize_kharif_rgb.png,datasets\test_images\2012\ndvi\manipur_2012_maize_kharif_ndvi.png,0.241567,0.061926,0.017168,0.023579,1.014289,0.381699,-0.087158,0.15665,0.27388,0.08832,0.026627,0.025581000000000003,0.910107,0.547971,-0.271699,0.168138,0.379323,-0.495439,-0.82945,0.137878,0.64997,0.274334,0.04747300000000001,0.084125,0.280315,0.077011,0.014253,0.032133,both
Nagaland,Urad,2012,Kharif,nagaland,2012,kharif,Nagaland,Maize; Rice,Maize,Kharif,26.1630556,94.5884911,2012-07-01,2012-10-28,4.0,Landsat 5/7 SR,0.6,0.05,datasets\test_images\2012\rgb\nagaland_2012_maize_kharif_rgb.png,datasets\test_images\2012\ndvi\nagaland_2012_maize_kharif_ndvi.png,0.191435,0.019204,-0.004035,0.010357,1.052815,0.644138,0.087772,0.120472,0.219183,0.04055,-0.002743,0.014866,1.360358,0.888572,0.268407,0.058943,-0.358436,-0.809582,-1.139328,0.0517,0.737585,0.381299,0.033805,0.08906,0.211537,0.022876,-0.006812,0.012972,both
Nagaland,Urad,2012,Rabi,nagaland,2012,rabi,Nagaland,Maize; Rice,Maize,Rabi,26.1630556,94.5884911,2012-11-01,2013-04-28,9.0,Landsat 5/7 SR,0.6,0.05,datasets\test_images\2012\rgb\nagaland_2012_maize_rabi_rgb.png,datasets\test_images\2012\ndvi\nagaland_2012_maize_rabi_ndvi.png,0.111548,0.029803,-0.001175,0.010499,0.772625,0.376382,0.090944,0.104452,0.173918,0.043913,0.004325,0.014931,1.010472,0.696643,0.161431,0.11244,-0.247534,-0.674355,-0.890798,0.083216,0.537523,0.242794,0.038892,0.071608,0.20942,0.041181,-0.00035,0.020231,both
Punjab,Urad,2012,Kharif,punjab,2012,kharif,Punjab,Maize; Moong(Green Gram); Rice,Maize,Kharif,30.9293211,75.5004841,2012-07-01,2012-10-28,14.0,Landsat 5/7 SR,0.6,0.05,datasets\test_images\2012\rgb\punjab_2012_maize_kharif_rgb.png,datasets\test_images\2012\ndvi\punjab_2012_maize_kharif_ndvi.png,0.168363,0.078734,0.021044999999999998,0.014924,0.765416,0.349131,0.01351,0.104518,0.211483,0.104717,0.036802,0.016197,0.878349,0.458802,0.031984,0.124485,-0.047559,-0.462307,-0.819452,0.098576,0.47102700000000003,0.294235,0.07357,0.041424,0.256858,0.105161,0.027686,0.023206999999999995,both
Tamil Nadu,Urad,2012,Kharif,tamil nadu,2012,kharif,Tamil Nadu,Maize; Moong(Green Gram); Rice,Maize,Kharif,11.332372299999998,78.6098639,2012-07-01,2012-10-28,1.0,Landsat 5/7 SR,0.6,0.05,datasets\test_images\2012\rgb\tamil_nadu_2012_maize_kharif_rgb.png,datasets\test_images\2012\ndvi\tamil_nadu_2012_maize_kharif_ndvi.png,0.111245,0.026772,0.005617,0.008979,0.754797,0.434922,0.078139,0.11444,0.15519,0.053293,0.01747,0.013278,0.9096189999999998,0.711134,0.143816,0.15196,-0.278241,-0.682395,-0.8288220000000001,0.080716,0.474273,0.285547,0.08369,0.04316699999999999,0.202738,0.048633,0.01076,0.027396,both
Tripura,Urad,2012,Kharif,tripura,2012,kharif,Tripura,Maize; Moong(Green Gram); Rice,Maize,Kharif,23.775082299999998,91.7025091,2012-07-01,2012-10-28,6.0,Landsat 5/7 SR,0.6,0.05,datasets\test_images\2012\rgb\tripura_2012_maize_kharif_rgb.png,datasets\test_images\2012\ndvi\tripura_2012_maize_kharif_ndvi.png,0.235765,0.035783,-0.0042,0.02043,1.043957,0.581029,0.105278,0.123755,0.245555,0.05446,-0.000103,0.023231,1.266466,0.8120660000000001,0.25654,0.079503,-0.2644,-0.7249880000000001,-1.002367,0.067948,0.75128,0.339062,0.08237,0.086586,0.234913,0.036128,-0.010195,0.021937,both
Tripura,Urad,2012,Rabi,tripura,2012,rabi,Tripura,Moong(Green Gram); Urad,Moong(Green Gram),Rabi,23.7750823,91.7025091,2012-11-01,2013-04-28,38.0,Landsat 5/7 SR T1/T2,0.6,0.25,datasets\test_images\2012\rgb\tripura_2012_moong(green_gram)_rabi_rgb.png,datasets\test_images\2012\ndvi\tripura_2012_moong(green_gram)_rabi_ndvi.png,0.209159,0.043455,0.005865,0.012276,0.660281,0.310565,-0.048081,0.072171,0.232891,0.059762,0.007405,0.01531,1.041714,0.57285,-0.18443,0.129962,0.26137,-0.563097,-0.83852,0.093455,0.408575,0.217254,0.031839,0.03075,0.28356,0.057342,-0.001202,0.023013,both
Uttar Pradesh,Urad,2012,Kharif,uttar pradesh,2012,kharif,Uttar Pradesh,Maize; Moong(Green Gram); Rice,Maize,Kharif,27.1303344,80.859666,2012-07-01,2012-10-28,5.0,Landsat 5/7 SR,0.6,0.05,datasets\test_images\2012\rgb\uttar_pradesh_2012_maize_kharif_rgb.png,datasets\test_images\2012\ndvi\uttar_pradesh_2012_maize_kharif_ndvi.png,0.174825,0.061762000000000004,0.019367,0.017942,0.776334,0.392808,-0.020338,0.112743,0.230884,0.089488,0.035812,0.021273,0.887318,0.55236,-0.04248,0.14832,0.04451,-0.535144,-0.812831,0.11297,0.519166,0.298802,0.057221,0.039006,0.276575,0.08603500000000001,0.02297,0.030545,both
Uttar Pradesh,Urad,2012,Summer,uttar pradesh,2012,summer,Uttar Pradesh,Maize; Moong(Green Gram); Rice,Maize,Summer,27.1303344,80.859666,2012-03-01,2012-06-28,20.0,Landsat 5/7 SR T1/T2,0.6,0.25,datasets\test_images\2012\rgb\uttar_pradesh_2012_maize_summer_rgb.png,datasets\test_images\2012\ndvi\uttar_pradesh_2012_maize_summer_ndvi.png,0.276438,0.085166,0.035867,0.014073,0.558369,0.192858,-0.016141,0.053792,0.3504669999999999,0.116554,0.058748,0.019894,0.7093409999999999,0.289953,-0.026463,0.087922,0.063804,-0.3521210000000001,-0.654206,0.05938000000000001,0.414873,0.258215,0.080486,0.021855,0.39617299999999994,0.134715,0.046868,0.029607000000000005,both
Uttarakhand,Urad,2012,Kharif,uttarakhand,2012,kharif,Uttarakhand,Maize; Rice,Maize,Kharif,30.0417376,79.089691,2012-07-01,2012-10-28,10.0,Landsat 5/7 SR,0.6,0.05,datasets\test_images\2012\rgb\uttarakhand_2012_maize_kharif_rgb.png,datasets\test_images\2012\ndvi\uttarakhand_2012_maize_kharif_ndvi.png,1.602213,0.030121,-0.002715,0.025322,3.172903,0.344825,-0.010777,0.089429,0.617438,0.048138,-0.000295,0.026383,1.061714,0.69088,-0.413763,0.129995,-0.03185,-0.656752,-1.009395,0.089096,0.66438,0.223215,0.031523,0.066281,1.602213,0.043986,-0.001587,0.031897,both
Uttarakhand,Urad,2012,Summer,uttarakhand,2012,summer,Uttarakhand,Maize; Moong(Green Gram); Rice,Maize,Summer,30.0417376,79.089691,2012-03-01,2012-06-28,15.0,Landsat 5/7 SR T1/T2,0.6,0.25,datasets\test_images\2012\rgb\uttarakhand_2012_maize_summer_rgb.png,datasets\test_images\2012\ndvi\uttarakhand_2012_maize_summer_ndvi.png,0.180064,0.06012900000000001,0.007873,0.017753,0.586494,0.21881399999999998,-0.065024,0.070886,0.240495,0.08046,0.010993999999999999,0.023254,0.829262,0.397208,-0.125533,0.136313,0.144931,-0.438936,-0.78179,0.100207,0.373375,0.204379,0.037999,0.037854,0.2884,0.090517,0.005068,0.033088,both
West Bengal,Urad,2012,Kharif,west bengal,2012,kharif,West Bengal,Moong(Green Gram); Rice,Moong(Green Gram),Kharif,22.9964948,87.6855882,2012-07-01,2012-10-28,3.0,Landsat 5/7 SR,0.6,0.05,datasets\test_images\2012\rgb\west_bengal_2012_moong_green_gram_kharif_rgb.png,datasets\test_images\2012\ndvi\west_bengal_2012_moong_green_gram_kharif_ndvi.png,0.332125,0.044171,0.000557,0.019463,2.577479,0.464811,-0.091956,0.129902,0.365785,0.067779,0.014143,0.02832,0.958766,0.686181,-0.253966,0.167165,0.343296,-0.631469,-0.867852,0.127878,0.555178,0.300752,0.05784,0.055647,0.40148,0.057623,0.005865,0.040572,both
West Bengal,Urad,2012,Rabi,west bengal,2012,rabi,West Bengal,Maize; Moong(Green Gram),Maize,Rabi,22.9964948,87.6855882,2012-11-01,2013-04-28,9.0,Landsat 5/7 SR,0.6,0.05,datasets\test_images\2012\rgb\west_bengal_2012_maize_rabi_rgb.png,datasets\test_images\2012\ndvi\west_bengal_2012_maize_rabi_ndvi.png,0.181191,0.087696,0.042302,0.022073,0.552192,0.217828,-0.023697,0.066467,0.249625,0.117678,0.059325,0.024255,0.688156,0.31425,-0.034302,0.09444,0.033692,-0.358029,-0.598647,0.08019,0.402058,0.258268,0.082095,0.029576,0.331575,0.129857,0.052972,0.033382,both
Bihar,Urad,2013,Kharif,bihar,2013,kharif,Bihar,Moong(Green Gram); Rice,Moong(Green Gram),Kharif,25.6440845,85.906508,2013-07-01,2013-10-28,6.0,Landsat 8 SR,0.6,0.05,datasets\test_images\2013\rgb\bihar_2013_moong_green_gram_kharif_rgb.png,datasets\test_images\2013\ndvi\bihar_2013_moong_green_gram_kharif_ndvi.png,0.334628,0.052753,-0.094813,0.017717,0.925342,0.502667,-0.034955,0.09727,0.378325,0.094577,0.019945,0.022152,0.990128,0.654235,-0.102689,0.102293,0.162878,-0.587538,-0.868953,0.079185,0.605557,0.367182,0.050992,0.053608,0.384403,0.076822,0.002263,0.026296,both
Chhattisgarh,Urad,2013,Kharif,chhattisgarh,2013,kharif,Chhattisgarh,Maize; Moong(Green Gram); Rice,Maize,Kharif,21.663735899999995,81.8406351,2013-07-01,2013-10-28,3.0,Landsat 8 SR,0.6,0.05,datasets\test_images\2013\rgb\chhattisgarh_2013_maize_kharif_rgb.png,datasets\test_images\2013\ndvi\chhattisgarh_2013_maize_kharif_ndvi.png,0.141962,0.025064,-0.056973,0.009741,0.87952,0.414461,-0.17174999999999999,0.10073899999999998,0.208072,0.061863,0.009742,0.014239,6.085749,0.704434,-3.545841,0.11913,15.374512000000001,-0.624595,-1.030174,0.102582,0.563152,0.274634,0.021114000000000004,0.058270999999999996,0.230499,0.04709,-0.015502999999999998,0.019933,both
Chhattisgarh,Urad,2013,Rabi,chhattisgarh,2013,rabi,Chhattisgarh,Maize; Moong(Green Gram),Maize,Rabi,21.6637359,81.8406351,2013-11-01,2014-04-28,11.0,Landsat 8 SR,0.6,0.05,datasets\test_images\2013\rgb\chhattisgarh_2013_maize_rabi_rgb.png,datasets\test_images\2013\ndvi\chhattisgarh_2013_maize_rabi_ndvi.png,0.121929,0.055317,0.012919,0.011068,0.53906,0.211546,-0.166475,0.047853,0.180751,0.090064,0.036816,0.013548,0.789819,0.36613,-0.399738,0.085857,0.48063,-0.433979,-0.724577,0.067269,0.380635,0.234181,0.03177,0.027962,0.221658,0.106089,0.028387,0.022721,both
Gujarat,Urad,2013,Kharif,gujarat,2013,kharif,Gujarat,Maize; Moong(Green Gram); Rice,Maize,Kharif,22.3850051,71.745261,2013-07-01,2013-10-28,9.0,Landsat 8 SR,0.6,0.05,datasets\test_images\2013\rgb\gujarat_2013_maize_kharif_rgb.png,datasets\test_images\2013\ndvi\gujarat_2013_maize_kharif_ndvi.png,0.267981,0.042738,-0.013481,0.011126000000000002,0.758454,0.381526,-0.106814,0.113577,0.348034,0.080002,0.037077,0.015064,0.842628,0.582365,-0.300248,0.139347,0.319739,-0.560983,-0.765613,0.107312,0.540534,0.293182,0.029914,0.05516200000000001,0.375108,0.074898,0.024565,0.022549,both
Gujarat,Urad,2013,Summer,gujarat,2013,summer,Gujarat,Maize; Moong(Green Gram); Rice,Maize,Summer,22.3850051,71.745261,2013-03-01,2013-06-28,10.0,Landsat 8 SR T1/T2,0.6,0.25,datasets\test_images\2013\rgb\gujarat_2013_maize_summer_rgb.png,datasets\test_images\2013\ndvi\gujarat_2013_maize_summer_ndvi.png,0.312957,0.072555,-0.065704,0.014753,0.797429,0.115242,-0.10424499999999999,0.047157,0.38652,0.109336,0.050085,0.021412,0.826124,0.197047,-0.317678,0.061536,0.327835,-0.319847,-0.7573659999999999,0.050604,0.551217,0.21314599999999997,0.0497,0.043780000000000006,0.4488619999999999,0.142191,0.050195,0.027681,both
Haryana,Urad,2013,Kharif,haryana,2013,kharif,Haryana,Maize; Moong(Green Gram); Rice,Maize,Kharif,29.0,76.0,2013-07-01,2013-10-28,6.0,Landsat 8 SR,0.6,0.05,datasets\test_images\2013\rgb\haryana_2013_maize_kharif_rgb.png,datasets\test_images\2013\ndvi\haryana_2013_maize_kharif_ndvi.png,0.245239,0.078416,-0.036554,0.017403,0.713545,0.275018,0.030384000000000005,0.08683599999999998,0.275723,0.132993,0.050896,0.018616,0.871121,0.38399,0.062481,0.113752,0.057055,-0.366453,-0.717047,0.078112,0.529245,0.305119,0.101125,0.040163,0.27773,0.127667,0.030229999999999996,0.029836,both
Himachal Pradesh,Urad,2013,Kharif,himachal pradesh,2013,kharif,Himachal Pradesh,Maize; Moong(Green Gram); Rice,Maize,Kharif,31.929235200000004,77.1828462,2013-07-01,2013-10-28,8.0,Landsat 8 SR,0.6,0.05,datasets\test_images\2013\rgb\himachal_pradesh_2013_maize_kharif_rgb.png,datasets\test_images\2013\ndvi\himachal_pradesh_2013_maize_kharif_ndvi.png,0.267844,0.028751,-0.099708,0.020149,0.649993,0.294275,-0.129214,0.097377,0.301284,0.05052199999999999,-0.056505,0.027689000000000002,1214.074904,0.662867,-222.16739399999997,5.221697,2271.118323,-0.582314,-185.39748999999998,6.3468279999999995,0.548536,0.205596,0.003912,0.08631099999999998,0.305725,0.048144,-0.06943,0.033277,both
Madhya Pradesh,Urad,2013,Kharif,madhya pradesh,2013,kharif,Madhya Pradesh,Maize; Moong(Green Gram); Rice,Maize,Kharif,23.8143419,77.5340719,2013-07-01,2013-10-28,13.0,Landsat 8 SR,0.6,0.05,datasets\test_images\2013\rgb\madhya_pradesh_2013_maize_kharif_rgb.png,datasets\test_images\2013\ndvi\madhya_pradesh_2013_maize_kharif_ndvi.png,0.153045,0.039426,0.007432,0.008501,0.76436,0.338578,-0.052133000000000006,0.12400099999999999,0.196192,0.075758,0.036981,0.009494,0.843378,0.546441,-0.132046,0.164671,0.30088,-0.49854400000000004,-0.7387070000000001,0.194788,0.486758,0.255069,0.025995,0.073596,0.20684899999999998,0.067058,0.017786,0.015891,both
Madhya Pradesh,Urad,2013,Rabi,madhya pradesh,2013,rabi,Madhya Pradesh,Moong(Green Gram); Urad,Moong(Green Gram),Rabi,23.8143419,77.5340719,2013-11-01,2014-04-28,41.0,Landsat 8 SR T1/T2,0.6,0.25,datasets\test_images\2013\rgb\madhya_pradesh_2013_moong(green_gram)_rabi_rgb.png,datasets\test_images\2013\ndvi\madhya_pradesh_2013_moong(green_gram)_rabi_ndvi.png,0.256472,0.045568,0.004903,0.007948,0.655511,0.192252,-0.099699,0.0531,0.285347,0.072932,0.028057,0.009578,0.840977,0.369411,-0.521412,0.099626,0.723098,-0.424211,-0.747507,0.105127,0.443088,0.22518,0.00856,0.048067,0.312105,0.080223,0.01714,0.015327,both
Maharashtra,Urad,2013,Kharif,maharashtra,2013,kharif,Maharashtra,Maize; Moong(Green Gram); Rice,Maize,Kharif,19.5670323,76.4164557,2013-07-01,2013-10-28,7.0,Landsat 8 SR,0.6,0.05,datasets\test_images\2013\rgb\maharashtra_2013_maize_kharif_rgb.png,datasets\test_images\2013\ndvi\maharashtra_2013_maize_kharif_ndvi.png,0.120183,0.033904,-0.039056,0.008162,0.81889,0.385858,-0.078883,0.171401,0.18984,0.067545,0.017333,0.010163,11.540698,0.562667,-2.161243,0.313635,1.5772830000000002,-0.49410099999999996,-0.908852,0.336081,0.537303,0.270019,-0.002949,0.10171199999999998,0.180627,0.054673,-0.004722,0.015623,both
Manipur,Urad,2013,Kharif,manipur,2013,kharif,Manipur,Maize; Moong(Green Gram); Rice,Maize,Kharif,24.7208818,93.9229386,2013-07-01,2013-10-28,4.0,Landsat 8 SR,0.6,0.05,datasets\test_images\2013\rgb\manipur_2013_maize_kharif_rgb.png,datasets\test_images\2013\ndvi\manipur_2013_maize_kharif_ndvi.png,0.353025,0.048623,-0.16205,0.021908,0.868979,0.245984,-0.146457,0.186387,0.51841,0.08747100000000001,-0.00101,0.025981,1.114093,0.407241,-0.6928519999999999,0.258162,0.766755,-0.39055599999999996,-1.012942,0.209145,0.575308,0.21977,0.009605,0.089441,0.445425,0.08444599999999998,-0.018857,0.035822,both
Nagaland,Urad,2013,Rabi,nagaland,2013,rabi,Nagaland,Maize; Rice,Maize,Rabi,26.1630556,94.5884911,2013-11-01,2014-04-28,11.0,Landsat 8 SR,0.6,0.05,datasets\test_images\2013\rgb\nagaland_2013_maize_rabi_rgb.png,datasets\test_images\2013\ndvi\nagaland_2013_maize_rabi_ndvi.png,0.092683,0.018811,-0.00178,0.009622,0.747026,0.364813,0.028521,0.102489,0.147682,0.03967,0.003307,0.014723,0.899659,0.724775,0.144614,0.101785,-0.252695,-0.693941,-0.856784,0.06894,0.544535,0.231862,0.02121,0.070254,0.193552,0.035758,0.00207,0.018927,both
Punjab,Urad,2013,Kharif,punjab,2013,kharif,Punjab,Maize; Moong(Green Gram); Rice,Maize,Kharif,30.9293211,75.5004841,2013-07-01,2013-10-28,12.0,Landsat 8 SR,0.6,0.05,datasets\test_images\2013\rgb\punjab_2013_maize_kharif_rgb.png,datasets\test_images\2013\ndvi\punjab_2013_maize_kharif_ndvi.png,0.199699,0.040436,0.019876,0.015724,0.719049,0.442337,0.00788,0.127895,0.259085,0.078219,0.046661,0.0179,0.853282,0.644802,0.041651,0.161057,-0.013356,-0.59236,-0.776863,0.122657,0.475276,0.319286,0.057963999999999995,0.05246399999999999,0.287273,0.06594,0.027975,0.028014,both
Telangana,Urad,2013,Kharif,telangana,2013,kharif,Telangana,Maize; Moong(Green Gram); Rice,Maize,Kharif,17.8495919,79.1151663,2013-07-01,2013-10-28,12.0,Landsat 8 SR,0.6,0.05,datasets\test_images\2013\rgb\telangana_2013_maize_kharif_rgb.png,datasets\test_images\2013\ndvi\telangana_2013_maize_kharif_ndvi.png,0.152853,0.048925,0.005425,0.012196,0.738269,0.370863,-0.043906,0.096788,0.21646,0.105881,0.043444,0.017576,0.859674,0.523405,-0.083263,0.115238,0.135834,-0.535937,-0.774449,0.071168,0.515357,0.35425900000000005,0.12397799999999999,0.04839000000000001,0.272615,0.11317300000000001,0.028703999999999997,0.031811,both
Telangana,Urad,2013,Rabi,telangana,2013,rabi,Telangana,Maize; Moong(Green Gram); Rice,Maize,Rabi,17.8495919,79.1151663,2013-11-01,2014-04-28,29.0,Landsat 8 SR,0.6,0.05,datasets\test_images\2013\rgb\telangana_2013_maize_rabi_rgb.png,datasets\test_images\2013\ndvi\telangana_2013_maize_rabi_ndvi.png,0.10046499999999998,0.047852,0.011089999999999997,0.011742,0.56413,0.23949300000000004,-0.070236,0.062439,0.161405,0.081044,0.035455,0.013671,0.801468,0.413818,-0.20275999999999997,0.110668,0.295884,-0.49044099999999996,-0.7444159999999999,0.083204,0.38525500000000007,0.24580900000000003,0.03144,0.031098,0.24187,0.10012899999999998,0.02946,0.026567999999999998,both
Tripura,Urad,2013,Kharif,tripura,2013,kharif,Tripura,Maize; Moong(Green Gram); Rice,Maize,Kharif,23.775082299999998,91.7025091,2013-07-01,2013-10-28,9.0,Landsat 8 SR,0.6,0.05,datasets\test_images\2013\rgb\tripura_2013_maize_kharif_rgb.png,datasets\test_images\2013\ndvi\tripura_2013_maize_kharif_ndvi.png,0.401562,0.030213,-0.19824,0.016394,1.106776,0.671277,-0.105054,0.125863,0.423947,0.06565,-0.059228,0.021606,2.44785,0.8323870000000001,-0.854677,0.073842,0.886424,-0.733076,-1.873272,0.060977,0.784803,0.428231,0.003967,0.08822599999999998,0.421418,0.039218,-0.081833,0.021375,both
Tripura,Urad,2013,Rabi,tripura,2013,rabi,Tripura,Moong(Green Gram); Urad,Moong(Green Gram),Rabi,23.7750823,91.7025091,2013-11-01,2014-04-28,41.0,Landsat 8 SR T1/T2,0.6,0.25,datasets\test_images\2013\rgb\tripura_2013_moong(green_gram)_rabi_rgb.png,datasets\test_images\2013\ndvi\tripura_2013_moong(green_gram)_rabi_ndvi.png,0.134964,0.030247,0.004462,0.01129,0.688735,0.347602,-0.090201,0.079664,0.210355,0.052226,0.010458,0.014739,0.875169,0.659629,-0.371167,0.130922,0.418843,-0.617623,-0.810875,0.092836,0.481258,0.230272,0.0156,0.035208,0.275998,0.045296,0.005934,0.022118,both
Uttar Pradesh,Urad,2013,Kharif,uttar pradesh,2013,kharif,Uttar Pradesh,Maize; Moong(Green Gram); Rice,Maize,Kharif,27.1303344,80.859666,2013-07-01,2013-10-28,6.0,Landsat 8 SR,0.6,0.05,datasets\test_images\2013\rgb\uttar_pradesh_2013_maize_kharif_rgb.png,datasets\test_images\2013\ndvi\uttar_pradesh_2013_maize_kharif_ndvi.png,0.142458,0.04741700000000001,0.012533999999999998,0.014420999999999998,0.730741,0.410024,-0.035887,0.090705,0.216707,0.08831300000000002,0.04805,0.018208,0.842603,0.601262,-0.093375,0.125511,0.1262,-0.550619,-0.7549129999999998,0.093289,0.493632,0.311761,0.079703,0.04175199999999999,0.246627,0.077019,0.024372999999999995,0.026215,both
Uttar Pradesh,Urad,2013,Summer,uttar pradesh,2013,summer,Uttar Pradesh,Maize; Moong(Green Gram); Rice,Maize,Summer,27.1303344,80.859666,2013-03-01,2013-06-28,9.0,Landsat 8 SR T1/T2,0.6,0.25,datasets\test_images\2013\rgb\uttar_pradesh_2013_maize_summer_rgb.png,datasets\test_images\2013\ndvi\uttar_pradesh_2013_maize_summer_ndvi.png,0.316725,0.08886699999999999,0.028085,0.020933999999999998,0.596446,0.213831,-0.066785,0.060134,0.401645,0.132932,0.059710000000000006,0.025580000000000002,0.737899,0.301254,-0.116504,0.101439,0.103919,-0.363491,-0.6922289999999999,0.070207,0.496273,0.284036,0.080363,0.027416,0.416426,0.154668,0.051268,0.038513,both
Uttarakhand,Urad,2013,Kharif,uttarakhand,2013,kharif,Uttarakhand,Maize; Moong(Green Gram); Rice,Maize,Kharif,30.0417376,79.089691,2013-07-01,2013-10-28,12.0,Landsat 8 SR,0.6,0.05,datasets\test_images\2013\rgb\uttarakhand_2013_maize_kharif_rgb.png,datasets\test_images\2013\ndvi\uttarakhand_2013_maize_kharif_ndvi.png,0.215126,0.027346,-0.080306,0.011214999999999998,0.7594439999999999,0.416932,0.054344,0.080766,0.225081,0.04666499999999999,-0.046825,0.020193,2.7904649999999998,0.770309,0.199836,0.106801,-0.23721500000000004,-0.684902,-1.8098029999999998,0.07719,0.55911,0.247131,0.017525,0.060411,0.225631,0.0341,-0.060369,0.02176,both
Uttarakhand,Urad,2013,Summer,uttarakhand,2013,summer,Uttarakhand,Maize; Moong(Green Gram); Rice,Maize,Summer,30.0417376,79.089691,2013-03-01,2013-06-28,13.0,Landsat 8 SR T1/T2,0.6,0.25,datasets\test_images\2013\rgb\uttarakhand_2013_maize_summer_rgb.png,datasets\test_images\2013\ndvi\uttarakhand_2013_maize_summer_ndvi.png,0.46049500000000004,0.041724000000000004,-0.074683,0.017445,0.726982,0.311131,-0.047002999999999996,0.087851,0.48450299999999996,0.07443,-0.0035809999999999995,0.020082,3.323128,0.543731,-0.104197,0.136575,0.09610599999999998,-0.534109,-5.468436999999999,0.09158099999999998,0.597473,0.24429899999999996,0.056163,0.041817,0.510325,0.074165,-0.011433,0.029664,both
West Bengal,Urad,2013,Kharif,west bengal,2013,kharif,West Bengal,Moong(Green Gram); Rice,Moong(Green Gram),Kharif,22.9964948,87.6855882,2013-07-01,2013-10-28,7.0,Landsat 8 SR,0.6,0.05,datasets\test_images\2013\rgb\west_bengal_2013_moong_green_gram_kharif_rgb.png,datasets\test_images\2013\ndvi\west_bengal_2013_moong_green_gram_kharif_ndvi.png,0.343455,0.031317,-0.13543,0.016812,0.829471,0.458885,-0.104737,0.114398,0.356875,0.076069,-0.013646,0.022646,1.365219,0.696943,-0.261863,0.149693,0.361202,-0.606284,-1.111038,0.12219,0.638392,0.317744,0.039772,0.05948,0.35528,0.056279,-0.04292,0.030283,both
West Bengal,Urad,2013,Rabi,west bengal,2013,rabi,West Bengal,Maize; Moong(Green Gram),Maize,Rabi,22.9964948,87.6855882,2013-11-01,2014-04-28,10.0,Landsat 8 SR,0.6,0.05,datasets\test_images\2013\rgb\west_bengal_2013_maize_rabi_rgb.png,datasets\test_images\2013\ndvi\west_bengal_2013_maize_rabi_ndvi.png,0.141179,0.054062,0.024056,0.016014,0.552775,0.25605,-0.129446,0.06237,0.211001,0.095768,0.05641,0.018394,0.776011,0.419416,-0.242302,0.100144,0.237935,-0.435821,-0.667699,0.07649,0.37684,0.256105,0.061717,0.037339,0.260171,0.098578,0.040212,0.028525,both
Bihar,Urad,2014,Kharif,bihar,2014,kharif,Bihar,Moong(Green Gram); Rice,Moong(Green Gram),Kharif,25.6440845,85.906508,2014-07-01,2014-10-28,5.0,Landsat 8 SR,0.6,0.05,datasets\test_images\2014\rgb\bihar_2014_moong_green_gram_kharif_rgb.png,datasets\test_images\2014\ndvi\bihar_2014_moong_green_gram_kharif_ndvi.png,0.222304,0.043486,-0.077556,0.010485,0.902472,0.508936,-0.073155,0.113457,0.24649,0.078565,-0.015833,0.013154,1.601724,0.691446,-0.193607,0.095607,0.296506,-0.618407,-1.339667,0.076883,0.634267,0.34234,0.042536,0.062175,0.245486,0.060262,-0.032498,0.016336,both
Chhattisgarh,Urad,2014,Kharif,chhattisgarh,2014,kharif,Chhattisgarh,Maize; Moong(Green Gram); Rice,Maize,Kharif,21.663735899999995,81.8406351,2014-07-01,2014-10-28,4.0,Landsat 8 SR,0.6,0.05,datasets\test_images\2014\rgb\chhattisgarh_2014_maize_kharif_rgb.png,datasets\test_images\2014\ndvi\chhattisgarh_2014_maize_kharif_ndvi.png,0.226773,0.029609,-0.09037100000000002,0.015933,0.770997,0.37695799999999996,-0.21700700000000003,0.105094,0.259099,0.07026,-0.009948,0.020004,1.8441979999999998,0.629526,-0.490152,0.138199,0.530319,-0.577048,-1.578431,0.116932,0.524941,0.271445,0.040886,0.056555,0.282983,0.060212999999999996,-0.018019,0.025295,both
Chhattisgarh,Urad,2014,Rabi,chhattisgarh,2014,rabi,Chhattisgarh,Moong(Green Gram); Urad,Moong(Green Gram),Rabi,21.6637359,81.8406351,2014-11-01,2015-04-28,20.0,Landsat 8 SR T1/T2,0.6,0.25,datasets\test_images\2014\rgb\chhattisgarh_2014_moong(green_gram)_rabi_rgb.png,datasets\test_images\2014\ndvi\chhattisgarh_2014_moong(green_gram)_rabi_ndvi.png,0.228326,0.054008,0.005233,0.013598,0.654572,0.21596,-0.179371,0.066131,0.288771,0.087663,0.02979,0.015843,0.839065,0.376276,-0.457863,0.115182,0.581372,-0.435462,-0.757686,0.098711,0.43558,0.231273,0.012327,0.036525,0.323889,0.102513,0.016728,0.027172,both
Gujarat,Urad,2014,Kharif,gujarat,2014,kharif,Gujarat,Maize; Moong(Green Gram); Rice,Maize,Kharif,22.3850051,71.745261,2014-07-01,2014-10-28,11.0,Landsat 8 SR,0.6,0.05,datasets\test_images\2014\rgb\gujarat_2014_maize_kharif_rgb.png,datasets\test_images\2014\ndvi\gujarat_2014_maize_kharif_ndvi.png,0.300211,0.044971000000000004,-0.002509,0.011908999999999998,0.802223,0.33594300000000005,-0.11350699999999998,0.119821,0.382326,0.080008,0.034107,0.01593,0.846748,0.534678,-0.409888,0.146443,0.36365700000000006,-0.535407,-0.765748,0.10975799999999998,0.551052,0.269932,0.049164000000000006,0.056943,0.414598,0.080342,0.025555000000000005,0.024261999999999995,both
Gujarat,Urad,2014,Summer,gujarat,2014,summer,Gujarat,Maize; Moong(Green Gram); Rice,Maize,Summer,22.3850051,71.745261,2014-03-01,2014-06-28,16.0,Landsat 8 SR T1/T2,0.6,0.25,datasets\test_images\2014\rgb\gujarat_2014_maize_summer_rgb.png,datasets\test_images\2014\ndvi\gujarat_2014_maize_summer_ndvi.png,0.393753,0.068095,0.01681,0.011621,0.631806,0.141374,-0.113753,0.049633000000000004,0.44575499999999996,0.102589,0.041505,0.016967,0.774327,0.237994,-0.36873400000000006,0.070148,0.395392,-0.354749,-0.715896,0.061084,0.518822,0.222324,0.030587,0.036775,0.4778200000000001,0.132375,0.033351,0.022301,both
Haryana,Urad,2014,Kharif,haryana,2014,kharif,Haryana,Maize; Moong(Green Gram); Rice,Maize,Kharif,29.0,76.0,2014-07-01,2014-10-28,7.0,Landsat 8 SR,0.6,0.05,datasets\test_images\2014\rgb\haryana_2014_maize_kharif_rgb.png,datasets\test_images\2014\ndvi\haryana_2014_maize_kharif_ndvi.png,0.204085,0.069814,0.025239,0.017648,0.6926169999999999,0.34012,0.015317000000000002,0.095285,0.289995,0.114274,0.061883,0.021053,0.794705,0.468682,0.078652,0.127567,0.019702,-0.47365299999999994,-0.701965,0.087275,0.489728,0.33042,0.077104,0.033899,0.31403,0.11708800000000001,0.04145,0.035333,both
Himachal Pradesh,Urad,2014,Kharif,himachal pradesh,2014,kharif,Himachal Pradesh,Maize; Moong(Green Gram); Rice,Maize,Kharif,31.929235200000004,77.1828462,2014-07-01,2014-10-28,7.0,Landsat 8 SR,0.6,0.05,datasets\test_images\2014\rgb\himachal_pradesh_2014_maize_kharif_rgb.png,datasets\test_images\2014\ndvi\himachal_pradesh_2014_maize_kharif_ndvi.png,0.276025,0.030793,-0.068454,0.015967,0.8840850000000001,0.401595,-0.105539,0.102767,0.30006,0.057431,-0.042506999999999996,0.022321999999999998,2.649575,0.7100399999999999,-0.237571,0.117645,0.23287099999999997,-0.636981,-14.375827,0.100416,0.597142,0.261041,0.037765,0.074971,0.28653,0.045603,-0.029129,0.024573,both
Madhya Pradesh,Urad,2014,Kharif,madhya pradesh,2014,kharif,Madhya Pradesh,Maize; Moong(Green Gram); Rice,Maize,Kharif,23.8143419,77.5340719,2014-07-01,2014-10-28,22.0,Landsat 8 SR,0.6,0.05,datasets\test_images\2014\rgb\madhya_pradesh_2014_maize_kharif_rgb.png,datasets\test_images\2014\ndvi\madhya_pradesh_2014_maize_kharif_ndvi.png,0.156771,0.041747,0.012272,0.008779,0.659976,0.292285,-0.008657,0.119136,0.207385,0.080582,0.039332,0.013085,0.823052,0.4840229999999999,-0.05257900000000001,0.157393,0.322705,-0.460026,-0.713495,0.169995,0.458185,0.251369,0.020605,0.076759,0.2048,0.076027,0.01989,0.018873,both
Maharashtra,Urad,2014,Kharif,maharashtra,2014,kharif,Maharashtra,Maize; Moong(Green Gram); Rice,Maize,Kharif,19.5670323,76.4164557,2014-07-01,2014-10-28,14.0,Landsat 8 SR,0.6,0.05,datasets\test_images\2014\rgb\maharashtra_2014_maize_kharif_rgb.png,datasets\test_images\2014\ndvi\maharashtra_2014_maize_kharif_ndvi.png,0.111479,0.037358,0.005397,0.007824,0.746343,0.329065,-0.036064,0.141986,0.15167,0.070392,0.035345,0.009324,0.833651,0.525166,-0.335296,0.23033099999999998,0.547301,-0.476751,-0.760536,0.266278,0.48114799999999996,0.245942,0.010237,0.083932,0.158545,0.06218100000000001,0.014734000000000002,0.016225,both
Manipur,Urad,2014,Kharif,manipur,2014,kharif,Manipur,Maize; Moong(Green Gram); Rice,Maize,Kharif,24.7208818,93.9229386,2014-07-01,2014-10-28,6.0,Landsat 8 SR,0.6,0.05,datasets\test_images\2014\rgb\manipur_2014_maize_kharif_rgb.png,datasets\test_images\2014\ndvi\manipur_2014_maize_kharif_ndvi.png,0.362595,0.037697,-0.125365,0.017873,0.973948,0.447321,-0.160598,0.132373,0.39279,0.074762,0.006002,0.021705,1.157635,0.6714540000000001,-0.434398,0.148542,0.446148,-0.589255,-0.8835130000000001,0.121632,0.727548,0.303631,0.0244,0.071449,0.388555,0.056984,-0.0097,0.026215,both
Nagaland,Urad,2014,Kharif,nagaland,2014,kharif,Nagaland,Maize; Moong(Green Gram); Rice,Maize,Kharif,26.163055599999996,94.5884911,2014-07-01,2014-10-28,5.0,Landsat 8 SR,0.6,0.05,datasets\test_images\2014\rgb\nagaland_2014_maize_kharif_rgb.png,datasets\test_images\2014\ndvi\nagaland_2014_maize_kharif_ndvi.png,0.28191,0.024658,-0.18919300000000003,0.012453,1.032112,0.607719,0.073842,0.143105,0.292388,0.04841500000000001,-0.01938,0.018527,1.19957,0.848786,0.186581,0.073091,-0.262478,-0.7652800000000001,-1.070584,0.057373,0.720508,0.364706,0.067575,0.100396,0.283835,0.03015,-0.04272800000000001,0.01797,both
Punjab,Urad,2014,Kharif,punjab,2014,kharif,Punjab,Maize; Moong(Green Gram); Rice,Maize,Kharif,30.9293211,75.5004841,2014-07-01,2014-10-28,15.0,Landsat 8 SR,0.6,0.05,datasets\test_images\2014\rgb\punjab_2014_maize_kharif_rgb.png,datasets\test_images\2014\ndvi\punjab_2014_maize_kharif_ndvi.png,0.171099,0.044147,0.025610000000000004,0.013849,0.6834599999999998,0.487682,0.072249,0.116054,0.23374400000000004,0.08533799999999998,0.05795,0.015866,0.8410920000000001,0.667769,0.11031600000000001,0.141314,-0.130312,-0.577509,-0.7360349999999999,0.09583599999999999,0.48001999999999995,0.336143,0.10679,0.041007,0.253461,0.067589,0.031303,0.025933,both
Telangana,Urad,2014,Kharif,telangana,2014,kharif,Telangana,Maize; Moong(Green Gram); Rice,Maize,Kharif,17.8495919,79.1151663,2014-07-01,2014-10-28,14.0,Landsat 8 SR,0.6,0.05,datasets\test_images\2014\rgb\telangana_2014_maize_kharif_rgb.png,datasets\test_images\2014\ndvi\telangana_2014_maize_kharif_ndvi.png,0.181686,0.043073,-0.031796,0.012663,0.8277199999999999,0.428137,-0.047747000000000005,0.093652,0.24297,0.09454999999999998,0.035345,0.019069,0.872645,0.598885,-0.141428,0.111635,0.203894,-0.590207,-0.7824459999999999,0.07899,0.583943,0.37155200000000005,0.03375,0.048041,0.259085,0.093283,0.012685,0.031965,both
Telangana,Urad,2014,Rabi,telangana,2014,rabi,Telangana,Maize; Moong(Green Gram); Rice,Maize,Rabi,17.8495919,79.1151663,2014-11-01,2015-04-28,28.0,Landsat 8 SR,0.6,0.05,datasets\test_images\2014\rgb\telangana_2014_maize_rabi_rgb.png,datasets\test_images\2014\ndvi\telangana_2014_maize_rabi_ndvi.png,0.11215199999999999,0.054604999999999994,0.013441,0.010798999999999998,0.510392,0.214611,-0.050652,0.047369,0.168913,0.09074699999999998,0.0497,0.013773,0.743718,0.360965,-0.16065,0.08387,0.251144,-0.459544,-0.6919590000000001,0.068998,0.363833,0.25497,0.028938000000000002,0.030722,0.24979000000000004,0.116127,0.03551,0.025418,both
Tripura,Urad,2014,Kharif,tripura,2014,kharif,Tripura,Maize; Moong(Green Gram); Rice,Maize,Kharif,23.775082299999998,91.7025091,2014-07-01,2014-10-28,12.0,Landsat 8 SR,0.6,0.05,datasets\test_images\2014\rgb\tripura_2014_maize_kharif_rgb.png,datasets\test_images\2014\ndvi\tripura_2014_maize_kharif_ndvi.png,0.245775,0.030208,-0.161033,0.010635,0.973664,0.629802,-0.016205,0.10811,0.285952,0.06253,-0.08639800000000002,0.015734,1.456218,0.8214989999999999,-0.04810899999999999,0.073564,0.018019,-0.722638,-1.34847,0.05815499999999999,0.672932,0.391666,0.068565,0.069987,0.281745,0.038281,-0.10815000000000001,0.01661,both
Tripura,Urad,2014,Rabi,tripura,2014,rabi,Tripura,Moong(Green Gram); Urad,Moong(Green Gram),Rabi,23.7750823,91.7025091,2014-11-01,2015-04-28,45.0,Landsat 8 SR T1/T2,0.6,0.25,datasets\test_images\2014\rgb\tripura_2014_moong(green_gram)_rabi_rgb.png,datasets\test_images\2014\ndvi\tripura_2014_moong(green_gram)_rabi_ndvi.png,0.147572,0.029698,0.005095,0.009858,0.884724,0.392041,-0.095075,0.095862,0.22999,0.05397,0.013675,0.013434,0.902079,0.701352,-0.298315,0.127403,0.375704,-0.633788,-0.846114,0.090832,0.585263,0.247207,0.024372,0.046126,0.30743,0.042864,0.006649,0.019813,both
Uttar Pradesh,Urad,2014,Kharif,uttar pradesh,2014,kharif,Uttar Pradesh,Maize; Moong(Green Gram); Rice,Maize,Kharif,27.1303344,80.859666,2014-07-01,2014-10-28,8.0,Landsat 8 SR,0.6,0.05,datasets\test_images\2014\rgb\uttar_pradesh_2014_maize_kharif_rgb.png,datasets\test_images\2014\ndvi\uttar_pradesh_2014_maize_kharif_ndvi.png,0.14419,0.044285,0.015022,0.013096000000000002,0.777348,0.406847,-0.041589,0.092685,0.215222,0.078859,0.0365,0.016976,0.8518469999999999,0.611542,-0.171979,0.125901,0.23130400000000004,-0.577071,-0.769139,0.096657,0.531706,0.300762,0.042797,0.03687,0.261134,0.071379,0.020852,0.024728,both
Uttar Pradesh,Urad,2014,Summer,uttar pradesh,2014,summer,Uttar Pradesh,Maize; Moong(Green Gram); Rice,Maize,Summer,27.1303344,80.859666,2014-03-01,2014-06-28,21.0,Landsat 8 SR T1/T2,0.6,0.25,datasets\test_images\2014\rgb\uttar_pradesh_2014_maize_summer_rgb.png,datasets\test_images\2014\ndvi\uttar_pradesh_2014_maize_summer_ndvi.png,0.336168,0.082705,0.016618,0.020168,0.618844,0.225024,-0.083146,0.05931,0.418668,0.124676,0.051405,0.024116,0.775051,0.331616,-0.26479,0.110867,0.359932,-0.386492,-0.679722,0.077824,0.525257,0.278442,0.046042,0.027053000000000004,0.455243,0.14238,0.039869,0.035893,both
Uttarakhand,Urad,2014,Kharif,uttarakhand,2014,kharif,Uttarakhand,Maize; Moong(Green Gram); Rice,Maize,Kharif,30.0417376,79.089691,2014-07-01,2014-10-28,13.0,Landsat 8 SR,0.6,0.05,datasets\test_images\2014\rgb\uttarakhand_2014_maize_kharif_rgb.png,datasets\test_images\2014\ndvi\uttarakhand_2014_maize_kharif_ndvi.png,0.19979500000000003,0.028105,-0.09088,0.011851,0.731614,0.38116,0.066115,0.073315,0.24473,0.047354,-0.009782,0.018875,1.191433,0.725908,0.233254,0.110531,-0.257559,-0.667066,-1.061176,0.07561,0.4672319999999999,0.233881,0.02825,0.052683,0.24297,0.03852,-0.009178,0.022596999999999996,both
Uttarakhand,Urad,2014,Summer,uttarakhand,2014,summer,Uttarakhand,Maize; Moong(Green Gram); Rice,Maize,Summer,30.0417376,79.089691,2014-03-01,2014-06-28,21.0,Landsat 8 SR T1/T2,0.6,0.25,datasets\test_images\2014\rgb\uttarakhand_2014_maize_summer_rgb.png,datasets\test_images\2014\ndvi\uttarakhand_2014_maize_summer_ndvi.png,0.1828,0.038492,-0.026489,0.01641,0.792882,0.313383,-0.072084,0.082819,0.24104500000000004,0.067669,0.005315,0.020842,3.897256,0.57344,-0.376017,0.13337,0.564404,-0.556422,-1.122154,0.092767,0.47573,0.234772,0.02341,0.045358,0.284825,0.065551,-0.01289,0.028068,both
West Bengal,Urad,2014,Kharif,west bengal,2014,kharif,West Bengal,Moong(Green Gram); Rice,Moong(Green Gram),Kharif,22.9964948,87.6855882,2014-07-01,2014-10-28,8.0,Landsat 8 SR,0.6,0.05,datasets\test_images\2014\rgb\west_bengal_2014_moong_green_gram_kharif_rgb.png,datasets\test_images\2014\ndvi\west_bengal_2014_moong_green_gram_kharif_ndvi.png,0.208691,0.03234,-0.076332,0.018431,0.688445,0.414365,-0.103637,0.106161,0.272326,0.075973,0.007185,0.024708,1.177302,0.663221,-0.202467,0.155706,0.184118,-0.584993,-0.980874,0.126776,0.487088,0.290017,0.067094,0.043942,0.304762,0.059917,-0.018541,0.033273,both
West Bengal,Urad,2014,Rabi,west bengal,2014,rabi,West Bengal,Maize; Moong(Green Gram),Maize,Rabi,22.9964948,87.6855882,2014-11-01,2015-04-28,9.0,Landsat 8 SR,0.6,0.05,datasets\test_images\2014\rgb\west_bengal_2014_maize_rabi_rgb.png,datasets\test_images\2014\ndvi\west_bengal_2014_maize_rabi_ndvi.png,0.140601,0.061951,0.025583,0.015382,0.613507,0.199024,-0.135712,0.052822,0.212445,0.10127,0.056603,0.017916,0.782437,0.338807,-0.274376,0.08759,0.295364,-0.383361,-0.693117,0.063734,0.399445,0.231202,0.065128,0.03418,0.276685,0.113859,0.042577,0.028196,both
Bihar,Urad,2015,Kharif,bihar,2015,kharif,Bihar,Moong(Green Gram); Rice,Moong(Green Gram),Kharif,25.6440845,85.906508,2015-07-01,2015-10-28,7.0,Landsat 8 SR,0.6,0.05,datasets\test_images\2015\rgb\bihar_2015_moong_green_gram_kharif_rgb.png,datasets\test_images\2015\ndvi\bihar_2015_moong_green_gram_kharif_ndvi.png,0.202421,0.052578,-0.055446,0.012677,0.854997,0.459005,-0.028449,0.092599,0.253283,0.093883,0.035909,0.016327,0.958325,0.624169,-0.075347,0.10276,0.167478,-0.563547,-0.833019,0.080226,0.556498,0.338979,0.05223,0.045837,0.244428,0.077967,0.009179,0.021334,both
Chhattisgarh,Urad,2015,Kharif,chhattisgarh,2015,kharif,Chhattisgarh,Maize; Moong(Green Gram); Rice,Maize,Kharif,21.663735899999995,81.8406351,2015-07-01,2015-10-28,5.0,Landsat 8 SR,0.6,0.05,datasets\test_images\2015\rgb\chhattisgarh_2015_maize_kharif_rgb.png,datasets\test_images\2015\ndvi\chhattisgarh_2015_maize_kharif_ndvi.png,0.13264,0.029975,-0.003238,0.010683,0.73446,0.44649199999999994,-0.042365999999999994,0.079635,0.185852,0.073135,0.038755,0.013923,0.921331,0.703698,-0.09759,0.10554999999999999,0.074119,-0.610479,-0.748967,0.070235,0.509335,0.30524,0.086275,0.043065,0.195739,0.053977,0.007295,0.021763,both
Chhattisgarh,Urad,2015,Rabi,chhattisgarh,2015,rabi,Chhattisgarh,Moong(Green Gram); Urad,Moong(Green Gram),Rabi,21.6637359,81.8406351,2015-11-01,2016-04-28,22.0,Landsat 8 SR T1/T2,0.6,0.25,datasets\test_images\2015\rgb\chhattisgarh_2015_moong(green_gram)_rabi_rgb.png,datasets\test_images\2015\ndvi\chhattisgarh_2015_moong(green_gram)_rabi_ndvi.png,0.169022,0.058213,0.009082,0.011897,0.644171,0.193551,-0.149878,0.050061,0.237154,0.093762,0.036679,0.014206,0.821639,0.33856,-0.367499,0.089289,0.455941,-0.399465,-0.739073,0.072132,0.42161,0.225502,0.025418,0.031183,0.281772,0.108904,0.02484,0.024621,both
Gujarat,Urad,2015,Kharif,gujarat,2015,kharif,Gujarat,Maize; Moong(Green Gram); Rice,Maize,Kharif,22.3850051,71.745261,2015-07-01,2015-10-28,12.0,Landsat 8 SR,0.6,0.05,datasets\test_images\2015\rgb\gujarat_2015_maize_kharif_rgb.png,datasets\test_images\2015\ndvi\gujarat_2015_maize_kharif_ndvi.png,0.274265,0.048971999999999995,0.015119,0.012422999999999998,0.7057759999999998,0.307145,-0.053027,0.114162,0.327024,0.08408699999999998,0.04145,0.015428000000000002,0.8331940000000001,0.49154800000000004,-0.145797,0.142142,0.19483400000000003,-0.511465,-0.765659,0.10035699999999999,0.481739,0.262415,0.046125,0.051621,0.371546,0.08883800000000001,0.038672,0.025123999999999997,both
Gujarat,Urad,2015,Summer,gujarat,2015,summer,Gujarat,Maize; Moong(Green Gram); Rice,Maize,Summer,22.3850051,71.745261,2015-03-01,2015-06-28,16.0,Landsat 8 SR T1/T2,0.6,0.25,datasets\test_images\2015\rgb\gujarat_2015_maize_summer_rgb.png,datasets\test_images\2015\ndvi\gujarat_2015_maize_summer_ndvi.png,0.407379,0.068802,0.021375,0.012795,0.770272,0.12715,-0.133957,0.045963,0.46620100000000003,0.1044,0.049838,0.018717,0.754722,0.216487,-0.47217400000000004,0.064309,0.534963,-0.328639,-0.687639,0.054397,0.528585,0.211233,0.026408,0.038569,0.493261,0.133543,0.04436500000000001,0.023732,both
Haryana,Urad,2015,Kharif,haryana,2015,kharif,Haryana,Maize; Moong(Green Gram); Rice,Maize,Kharif,29.0,76.0,2015-07-01,2015-10-28,7.0,Landsat 8 SR,0.6,0.05,datasets\test_images\2015\rgb\haryana_2015_maize_kharif_rgb.png,datasets\test_images\2015\ndvi\haryana_2015_maize_kharif_ndvi.png,0.18659499999999998,0.071511,0.027231999999999996,0.018211,0.6578,0.28753,0.010668000000000002,0.099367,0.24373999999999998,0.112966,0.06356,0.020659,0.807656,0.417781,0.027098,0.144526,0.041477,-0.44069699999999995,-0.734502,0.09818,0.433476,0.285887,0.085244,0.025621999999999995,0.276575,0.11971,0.044063,0.034913,both
Himachal Pradesh,Urad,2015,Kharif,himachal pradesh,2015,kharif,Himachal Pradesh,Maize; Moong(Green Gram); Rice,Maize,Kharif,31.929235200000004,77.1828462,2015-07-01,2015-10-28,7.0,Landsat 8 SR,0.6,0.05,datasets\test_images\2015\rgb\himachal_pradesh_2015_maize_kharif_rgb.png,datasets\test_images\2015\ndvi\himachal_pradesh_2015_maize_kharif_ndvi.png,0.180407,0.027205999999999998,-0.002151,0.014853,0.835022,0.376605,-0.120103,0.117527,0.233015,0.050803999999999995,0.001492,0.023093,0.910743,0.7219219999999998,-0.333969,0.120541,0.361105,-0.653148,-0.834644,0.096762,0.550833,0.23925300000000002,0.01219,0.084762,0.23516,0.040967,0.000832,0.02466,both
Madhya Pradesh,Urad,2015,Kharif,madhya pradesh,2015,kharif,Madhya Pradesh,Maize; Moong(Green Gram); Rice,Maize,Kharif,23.8143419,77.5340719,2015-07-01,2015-10-28,23.0,Landsat 8 SR,0.6,0.05,datasets\test_images\2015\rgb\madhya_pradesh_2015_maize_kharif_rgb.png,datasets\test_images\2015\ndvi\madhya_pradesh_2015_maize_kharif_ndvi.png,0.167524,0.046581000000000004,0.016288,0.010048,0.631855,0.253987,-0.096084,0.105331,0.222661,0.080761,0.0398,0.01436,0.815124,0.417838,-0.228827,0.161586,0.288957,-0.441519,-0.7286069999999999,0.185962,0.413195,0.241941,0.02682,0.072728,0.23004499999999997,0.086856,0.029859,0.022901999999999995,both
Maharashtra,Urad,2015,Kharif,maharashtra,2015,kharif,Maharashtra,Maize; Moong(Green Gram); Rice,Maize,Kharif,19.5670323,76.4164557,2015-07-01,2015-10-28,17.0,Landsat 8 SR,0.6,0.05,datasets\test_images\2015\rgb\maharashtra_2015_maize_kharif_rgb.png,datasets\test_images\2015\ndvi\maharashtra_2015_maize_kharif_ndvi.png,0.15266,0.040525,-0.000886,0.007643,0.67705,0.328501,-0.012036,0.136533,0.206395,0.075265,0.03573,0.010189,0.8436819999999999,0.525303,-0.123379,0.196248,0.379608,-0.474779,-0.765891,0.24676299999999998,0.467411,0.24978200000000003,0.019588,0.081797,0.216048,0.066731,0.021361,0.017053,both
Manipur,Urad,2015,Kharif,manipur,2015,kharif,Manipur,Maize; Moong(Green Gram); Rice,Maize,Kharif,24.7208818,93.9229386,2015-07-01,2015-10-28,5.0,Landsat 8 SR,0.6,0.05,datasets\test_images\2015\rgb\manipur_2015_maize_kharif_rgb.png,datasets\test_images\2015\ndvi\manipur_2015_maize_kharif_ndvi.png,0.198997,0.038669,-0.10056,0.017127,0.8864709999999999,0.374396,-0.150892,0.15577,0.25606,0.076109,0.018872,0.021035,0.958374,0.597413,-0.474115,0.19888000000000003,0.49377999999999994,-0.528524,-0.852255,0.17462600000000003,0.58441,0.266212,0.030229999999999996,0.085239,0.243932,0.061872,0.003417,0.025108000000000002,both
Nagaland,Urad,2015,Rabi,nagaland,2015,rabi,Nagaland,Maize; Rice,Maize,Rabi,26.1630556,94.5884911,2015-11-01,2016-04-28,10.0,Landsat 8 SR,0.6,0.05,datasets\test_images\2015\rgb\nagaland_2015_maize_rabi_rgb.png,datasets\test_images\2015\ndvi\nagaland_2015_maize_rabi_ndvi.png,0.105525,0.017114,-0.001079,0.009541,0.805587,0.389194,0.018286,0.129516,0.168115,0.036896,0.0046,0.016188,0.916641,0.77514,0.117496,0.096969,-0.169912,-0.731806,-0.864904,0.071279,0.566782,0.238875,0.016508,0.087527,0.239945,0.030228,0.00306,0.019414,both
Punjab,Urad,2015,Kharif,punjab,2015,kharif,Punjab,Maize; Moong(Green Gram); Rice,Maize,Kharif,30.9293211,75.5004841,2015-07-01,2015-10-28,15.0,Landsat 8 SR,0.6,0.05,datasets\test_images\2015\rgb\punjab_2015_maize_kharif_rgb.png,datasets\test_images\2015\ndvi\punjab_2015_maize_kharif_ndvi.png,0.166988,0.042594,0.022214,0.016638,0.671564,0.424985,0.030685,0.110906,0.226058,0.082457,0.047995,0.01865,0.841123,0.626831,0.096679,0.143845,-0.069889,-0.58258,-0.7597869999999999,0.10852100000000002,0.454995,0.313241,0.078355,0.04499899999999999,0.251028,0.071716,0.03397,0.027421,both
Telangana,Urad,2015,Kharif,telangana,2015,kharif,Telangana,Maize; Moong(Green Gram); Rice,Maize,Kharif,17.8495919,79.1151663,2015-07-01,2015-10-28,20.0,Landsat 8 SR,0.6,0.05,datasets\test_images\2015\rgb\telangana_2015_maize_kharif_rgb.png,datasets\test_images\2015\ndvi\telangana_2015_maize_kharif_ndvi.png,0.110709,0.040209,0.013042,0.009972,0.7027990000000001,0.40811899999999995,-0.027256,0.086733,0.171855,0.08525,0.042742,0.014133,0.831607,0.596028,-0.068174,0.109672,0.023279000000000005,-0.59803,-0.751434,0.073073,0.506104,0.344933,0.053,0.042446000000000005,0.24503299999999997,0.086621,0.030339999999999995,0.027417,both
Telangana,Urad,2015,Rabi,telangana,2015,rabi,Telangana,Maize; Moong(Green Gram); Rice,Maize,Rabi,17.8495919,79.1151663,2015-11-01,2016-04-28,33.0,Landsat 8 SR,0.6,0.05,datasets\test_images\2015\rgb\telangana_2015_maize_rabi_rgb.png,datasets\test_images\2015\ndvi\telangana_2015_maize_rabi_ndvi.png,0.124596,0.057857,0.01659,0.011048999999999998,0.482284,0.19724299999999997,-0.035689,0.042018,0.17860599999999996,0.097244,0.051652,0.015151,0.732063,0.322445,-0.166485,0.075152,0.24863,-0.446323,-0.698359,0.059693,0.36908499999999994,0.2701,0.035043,0.02911,0.24295600000000003,0.130654,0.0409,0.027063,both
Tripura,Urad,2015,Kharif,tripura,2015,kharif,Tripura,Maize; Moong(Green Gram); Rice,Maize,Kharif,23.775082299999998,91.7025091,2015-07-01,2015-10-28,8.0,Landsat 8 SR,0.6,0.05,datasets\test_images\2015\rgb\tripura_2015_maize_kharif_rgb.png,datasets\test_images\2015\ndvi\tripura_2015_maize_kharif_ndvi.png,0.413993,0.030166,-0.178275,0.019403,0.894724,0.606674,0.035868,0.092619,0.432005,0.062773,-0.027823,0.022075,1.266664,0.811525,0.09144800000000002,0.072598,-0.026159,-0.717912,-1.144537,0.059815,0.627035,0.380681,0.08127,0.063598,0.437973,0.040252,-0.0394,0.023505,both
Tripura,Urad,2015,Rabi,tripura,2015,rabi,Tripura,Maize; Moong(Green Gram),Maize,Rabi,23.7750823,91.7025091,2015-11-01,2016-04-28,22.0,Landsat 8 SR,0.6,0.05,datasets\test_images\2015\rgb\tripura_2015_maize_rabi_rgb.png,datasets\test_images\2015\ndvi\tripura_2015_maize_rabi_ndvi.png,0.088736,0.026308,0.00735,0.008932,0.742454,0.415503,-0.000267,0.081116,0.135816,0.05,0.019532,0.012206,0.886241,0.739051,-0.001027,0.097307,0.069612,-0.659876,-0.801478,0.070527,0.476197,0.259739,0.055393,0.048478,0.161433,0.037562,0.006731,0.017498,both
Uttar Pradesh,Urad,2015,Kharif,uttar pradesh,2015,kharif,Uttar Pradesh,Maize; Moong(Green Gram); Rice,Maize,Kharif,27.1303344,80.859666,2015-07-01,2015-10-28,7.0,Landsat 8 SR,0.6,0.05,datasets\test_images\2015\rgb\uttar_pradesh_2015_maize_kharif_rgb.png,datasets\test_images\2015\ndvi\uttar_pradesh_2015_maize_kharif_ndvi.png,0.143502,0.045942000000000004,0.020028,0.013448999999999997,0.6926229999999999,0.43095100000000003,0.022973000000000004,0.082548,0.22328,0.084522,0.047115,0.017511,0.83365,0.622489,0.071064,0.112166,0.005847000000000001,-0.577421,-0.749496,0.084522,0.468772,0.321697,0.081242,0.036257,0.265877,0.074489,0.029075,0.024909,both
Uttar Pradesh,Urad,2015,Summer,uttar pradesh,2015,summer,Uttar Pradesh,Maize; Moong(Green Gram); Rice,Maize,Summer,27.1303344,80.859666,2015-03-01,2015-06-28,21.0,Landsat 8 SR T1/T2,0.6,0.25,datasets\test_images\2015\rgb\uttar_pradesh_2015_maize_summer_rgb.png,datasets\test_images\2015\ndvi\uttar_pradesh_2015_maize_summer_ndvi.png,0.33988,0.083211,0.008945,0.021874,0.6819419999999999,0.22597,-0.09236899999999999,0.063127,0.435085,0.122881,0.04788499999999999,0.026846,0.791286,0.3358459999999999,-0.24324,0.115073,0.267213,-0.38266399999999995,-0.727668,0.081331,0.53711,0.273009,0.053880000000000004,0.027217,0.47881,0.138599,0.037408,0.038459,both
Uttarakhand,Urad,2015,Kharif,uttarakhand,2015,kharif,Uttarakhand,Maize; Moong(Green Gram); Rice,Maize,Kharif,30.0417376,79.089691,2015-07-01,2015-10-28,13.0,Landsat 8 SR,0.6,0.05,datasets\test_images\2015\rgb\uttarakhand_2015_maize_kharif_rgb.png,datasets\test_images\2015\ndvi\uttarakhand_2015_maize_kharif_ndvi.png,0.10588199999999999,0.028775,0.003912,0.013312,0.7463099999999999,0.384684,0.074152,0.077967,0.151313,0.046021,0.00768,0.021259,0.915572,0.746562,0.213688,0.11864400000000001,-0.26303,-0.670564,-0.815703,0.076726,0.46209000000000006,0.230329,0.026545,0.058096,0.176558,0.037811,0.00251,0.02453,both
Uttarakhand,Urad,2015,Summer,uttarakhand,2015,summer,Uttarakhand,Maize; Moong(Green Gram); Rice,Maize,Summer,30.0417376,79.089691,2015-03-01,2015-06-28,21.0,Landsat 8 SR T1/T2,0.6,0.25,datasets\test_images\2015\rgb\uttarakhand_2015_maize_summer_rgb.png,datasets\test_images\2015\ndvi\uttarakhand_2015_maize_summer_ndvi.png,0.2004,0.036642,-0.037764,0.015597,0.679996,0.319224,-0.137321,0.072735,0.26255,0.063314,0.005136,0.020271,1.335388,0.599489,-0.693901,0.127436,0.801311,-0.56884,-0.831038,0.091746,0.475249,0.228664,0.01076,0.044296,0.322555,0.059393,-0.005548,0.02699,both
Jharkhand,Urad,2015,Autumn,jharkhand,2015,autumn,Jharkhand,Maize; Rice,Maize,Autumn,23.4559809,85.2557301,2015-07-01,2015-10-28,23.0,Landsat 8 SR T1/T2,0.6,0.25,datasets\test_images\2015\rgb\jharkhand_2015_maize_autumn_rgb.png,datasets\test_images\2015\ndvi\jharkhand_2015_maize_autumn_ndvi.png,0.46154,0.037775,-0.199478,0.015022,1.54139,0.405236,-2.51062,0.099904,0.480075,0.080564,-0.113348,0.019823,202.453231,0.619513,-312.523071,0.311655,28.251677,-0.579828,-41.175759,0.109679,0.679698,0.310943,-0.009782,0.055376,0.516128,0.072753,-0.109718,0.028935,both
West Bengal,Urad,2015,Kharif,west bengal,2015,kharif,West Bengal,Moong(Green Gram); Rice,Moong(Green Gram),Kharif,22.9964948,87.6855882,2015-07-01,2015-10-28,8.0,Landsat 8 SR,0.6,0.05,datasets\test_images\2015\rgb\west_bengal_2015_moong_green_gram_kharif_rgb.png,datasets\test_images\2015\ndvi\west_bengal_2015_moong_green_gram_kharif_ndvi.png,0.1509,0.032768,0.01395,0.014594,0.65376,0.388582,-0.092022,0.092586,0.228807,0.072286,0.039126,0.021036,0.830867,0.650528,-0.210071,0.138499,0.219212,-0.584349,-0.753798,0.112604,0.43921,0.269931,0.049177,0.039037,0.289596,0.058693,0.02781,0.029527,both
West Bengal,Urad,2015,Rabi,west bengal,2015,rabi,West Bengal,Maize; Moong(Green Gram),Maize,Rabi,22.9964948,87.6855882,2015-11-01,2016-04-28,11.0,Landsat 8 SR,0.6,0.05,datasets\test_images\2015\rgb\west_bengal_2015_maize_rabi_rgb.png,datasets\test_images\2015\ndvi\west_bengal_2015_maize_rabi_ndvi.png,0.14111,0.064211,0.030807,0.01382,0.544686,0.217693,-0.060554,0.05278,0.201638,0.108537,0.068483,0.015385,0.722755,0.348962,-0.123927,0.079817,0.127905,-0.383305,-0.633004,0.060877,0.383137,0.24988,0.083195,0.034255,0.246683,0.11709,0.042247,0.024102,both
Arunachal Pradesh,Urad,2016,Kharif,arunachal pradesh,2016,kharif,Arunachal Pradesh,Maize; Moong(Green Gram); Rice,Maize,Kharif,28.093770200000005,94.5921326,2016-07-01,2016-10-28,8.0,Landsat 8 SR,0.6,0.05,datasets\test_images\2016\rgb\arunachal_pradesh_2016_maize_kharif_rgb.png,datasets\test_images\2016\ndvi\arunachal_pradesh_2016_maize_kharif_ndvi.png,0.98019,0.029918,-0.19846,0.05207,1.207038,0.581385,0.070729,0.143734,0.977715,0.05414,-0.139445,0.053228,41.638143,0.854606,-27.088509,0.250887,10.2321,-0.76087,-263.736793,1.043185,1.067448,0.35256399999999993,0.020632,0.105915,1.002988,0.033906,-0.13554,0.055158000000000006,both
Arunachal Pradesh,Urad,2016,Rabi,arunachal pradesh,2016,rabi,Arunachal Pradesh,Urad,Urad,Rabi,28.0937702,94.5921326,2016-11-01,2017-04-28,22.0,Landsat 8 SR T1/T2,0.6,0.25,datasets\test_images\2016\rgb\arunachal_pradesh_2016_urad_rabi_rgb.png,datasets\test_images\2016\ndvi\arunachal_pradesh_2016_urad_rabi_ndvi.png,0.850225,0.02646,-0.176818,0.06337,0.949766,0.40959,-0.005261,0.167791,0.804493,0.046137,-0.088763,0.067673,3259.666667,0.797612,-1920.6,2.088504,1743.138174,-0.740925,-5448.666667,3.096255,0.897896,0.262217,-0.011075,0.122698,0.821749,0.03871,-0.101358,0.073451,both
Bihar,Urad,2016,Kharif,bihar,2016,kharif,Bihar,Moong(Green Gram); Rice,Moong(Green Gram),Kharif,25.6440845,85.906508,2016-07-01,2016-10-28,7.0,Landsat 8 SR,0.6,0.05,datasets\test_images\2016\rgb\bihar_2016_moong_green_gram_kharif_rgb.png,datasets\test_images\2016\ndvi\bihar_2016_moong_green_gram_kharif_ndvi.png,0.304762,0.046261,-0.076016,0.016627,0.984225,0.46864,0.002623,0.097334,0.337597,0.082072,-0.001051,0.018591,1.915717,0.664349,-0.007785,0.100396,0.191218,-0.589913,-1.529447,0.078944,0.561943,0.325275,0.036418,0.055427,0.335755,0.065259,-0.002632,0.021493,both
Chhattisgarh,Urad,2016,Kharif,chhattisgarh,2016,kharif,Chhattisgarh,Maize; Moong(Green Gram); Rice,Maize,Kharif,21.663735899999995,81.8406351,2016-07-01,2016-10-28,3.0,Landsat 8 SR,0.6,0.05,datasets\test_images\2016\rgb\chhattisgarh_2016_maize_kharif_rgb.png,datasets\test_images\2016\ndvi\chhattisgarh_2016_maize_kharif_ndvi.png,0.287314,0.030792,-0.081489,0.012712,0.857479,0.41479399999999994,-0.170787,0.10030500000000002,0.343043,0.069616,0.019533,0.017477,1.061788,0.666763,-0.421667,0.1221,0.41581399999999996,-0.613263,-0.903569,0.095889,0.59695,0.294292,0.026847,0.057149,0.36375,0.058245,0.000612,0.023431999999999998,both
Chhattisgarh,Urad,2016,Rabi,chhattisgarh,2016,rabi,Chhattisgarh,Moong(Green Gram); Urad,Moong(Green Gram),Rabi,21.6637359,81.8406351,2016-11-01,2017-04-28,23.0,Landsat 8 SR T1/T2,0.6,0.25,datasets\test_images\2016\rgb\chhattisgarh_2016_moong(green_gram)_rabi_rgb.png,datasets\test_images\2016\ndvi\chhattisgarh_2016_moong(green_gram)_rabi_ndvi.png,0.233235,0.057269,0.005865,0.01274,0.711132,0.200476,-0.15942,0.054425,0.28939,0.091868,0.038755,0.015587,0.821545,0.346569,-0.386805,0.095769,0.361486,-0.422935,-0.74951,0.080454,0.47661,0.238525,0.031,0.035151,0.3368,0.110723,0.029213,0.026838,both
Gujarat,Urad,2016,Kharif,gujarat,2016,kharif,Gujarat,Maize; Moong(Green Gram); Rice,Maize,Kharif,22.3850051,71.745261,2016-07-01,2016-10-28,8.0,Landsat 8 SR,0.6,0.05,datasets\test_images\2016\rgb\gujarat_2016_maize_kharif_rgb.png,datasets\test_images\2016\ndvi\gujarat_2016_maize_kharif_ndvi.png,0.237291,0.041377,0.014830000000000001,0.01014,0.7205660000000002,0.341162,-0.074918,0.097125,0.320025,0.075767,0.048325,0.013157999999999998,0.8441649999999999,0.557009,-0.216981,0.125578,0.260892,-0.543845,-0.7622050000000001,0.098663,0.495379,0.263686,0.05751,0.04721899999999999,0.35698500000000005,0.073075,0.035991,0.020007,both
Gujarat,Urad,2016,Summer,gujarat,2016,summer,Gujarat,Maize; Moong(Green Gram); Rice,Maize,Summer,22.3850051,71.745261,2016-03-01,2016-06-28,16.0,Landsat 8 SR T1/T2,0.6,0.25,datasets\test_images\2016\rgb\gujarat_2016_maize_summer_rgb.png,datasets\test_images\2016\ndvi\gujarat_2016_maize_summer_ndvi.png,0.40412,0.068348,0.007708,0.014082000000000003,0.78469,0.123567,-0.147323,0.050137999999999995,0.4774070000000001,0.102316,0.024111000000000004,0.020541,0.830034,0.214043,-0.484278,0.069972,0.563782,-0.342436,-0.749549,0.060498,0.523222,0.212587,0.014720000000000002,0.043859,0.520541,0.134978,0.018419,0.027443,both
Haryana,Urad,2016,Kharif,haryana,2016,kharif,Haryana,Maize; Moong(Green Gram); Rice,Maize,Kharif,29.0,76.0,2016-07-01,2016-10-28,6.0,Landsat 8 SR,0.6,0.05,datasets\test_images\2016\rgb\haryana_2016_maize_kharif_rgb.png,datasets\test_images\2016\ndvi\haryana_2016_maize_kharif_ndvi.png,0.194707,0.071059,0.02792,0.020147,0.7476889999999999,0.336169,0.025002,0.131373,0.275008,0.113357,0.046785,0.023216,0.8045560000000002,0.453635,0.000193,0.163958,0.096638,-0.471133,-0.750608,0.11517499999999999,0.523085,0.325136,0.063642,0.045957,0.285155,0.12104,0.041038,0.038936,both
Himachal Pradesh,Urad,2016,Kharif,himachal pradesh,2016,kharif,Himachal Pradesh,Maize; Moong(Green Gram); Rice,Maize,Kharif,31.929235200000004,77.1828462,2016-07-01,2016-10-28,7.0,Landsat 8 SR,0.6,0.05,datasets\test_images\2016\rgb\himachal_pradesh_2016_maize_kharif_rgb.png,datasets\test_images\2016\ndvi\himachal_pradesh_2016_maize_kharif_ndvi.png,0.128639,0.028859,-0.009425,0.016312,0.788888,0.353839,-0.155589,0.112576,0.16794999999999996,0.05055099999999999,0.001534,0.023391,0.9728309999999999,0.699307,-0.47253300000000004,0.126578,0.49468400000000007,-0.631305,-0.871263,0.095376,0.50774,0.225548,0.014198,0.081292,0.185963,0.042491,-0.000611,0.026260999999999996,both
Madhya Pradesh,Urad,2016,Kharif,madhya pradesh,2016,kharif,Madhya Pradesh,Maize; Moong(Green Gram); Rice,Maize,Kharif,23.8143419,77.5340719,2016-07-01,2016-10-28,19.0,Landsat 8 SR,0.6,0.05,datasets\test_images\2016\rgb\madhya_pradesh_2016_maize_kharif_rgb.png,datasets\test_images\2016\ndvi\madhya_pradesh_2016_maize_kharif_ndvi.png,0.18703499999999998,0.037546,0.004256,0.009704,0.868137,0.333116,-0.161703,0.147074,0.244262,0.069719,0.027149999999999997,0.012487,0.867953,0.533642,-0.496573,0.222618,0.562778,-0.491511,-0.784696,0.262472,0.555453,0.24861,0.009055,0.08747699999999999,0.230073,0.063047,0.009027,0.019606,both
Maharashtra,Urad,2016,Kharif,maharashtra,2016,kharif,Maharashtra,Maize; Moong(Green Gram); Rice,Maize,Kharif,19.5670323,76.4164557,2016-07-01,2016-10-28,12.0,Landsat 8 SR,0.6,0.05,datasets\test_images\2016\rgb\maharashtra_2016_maize_kharif_rgb.png,datasets\test_images\2016\ndvi\maharashtra_2016_maize_kharif_ndvi.png,0.180078,0.038487,0.006965,0.009042,0.822591,0.36928,-0.031984,0.178945,0.213614,0.070946,0.033612,0.012221000000000001,0.868977,0.546749,-0.698886,0.262958,0.87583,-0.488296,-0.7730960000000001,0.298173,0.579103,0.260461,0.002345,0.103011,0.226264,0.060004,0.016081,0.017518,both
Manipur,Urad,2016,Kharif,manipur,2016,kharif,Manipur,Maize; Moong(Green Gram); Rice,Maize,Kharif,24.7208818,93.9229386,2016-07-01,2016-10-28,6.0,Landsat 8 SR,0.6,0.05,datasets\test_images\2016\rgb\manipur_2016_maize_kharif_rgb.png,datasets\test_images\2016\ndvi\manipur_2016_maize_kharif_ndvi.png,0.44537,0.040785,-0.167798,0.020186,0.914049,0.429006,-0.141447,0.156201,0.4715230000000001,0.074955,0.008313,0.024349,1.359587,0.643999,-0.462239,0.179185,0.48719399999999996,-0.575399,-0.9313759999999999,0.150139,0.641528,0.295277,0.020426,0.082465,0.47039500000000006,0.060412,-0.006634,0.029876,both
Nagaland,Urad,2016,Rabi,nagaland,2016,rabi,Nagaland,Maize; Rice,Maize,Rabi,26.1630556,94.5884911,2016-11-01,2017-04-28,11.0,Landsat 8 SR,0.6,0.05,datasets\test_images\2016\rgb\nagaland_2016_maize_rabi_rgb.png,datasets\test_images\2016\ndvi\nagaland_2016_maize_rabi_ndvi.png,0.108963,0.015725,-0.003485,0.009148,0.800168,0.40413,0.021463,0.12768,0.16124,0.034604,0.001644,0.016074,0.944849,0.791935,0.088503,0.099761,-0.184569,-0.757007,-0.923026,0.070419,0.60399,0.248433,0.017168,0.088728,0.192453,0.029223,0.001204,0.019372,both
Punjab,Urad,2016,Kharif,punjab,2016,kharif,Punjab,Maize; Moong(Green Gram); Rice,Maize,Kharif,30.9293211,75.5004841,2016-07-01,2016-10-28,14.0,Landsat 8 SR,0.6,0.05,datasets\test_images\2016\rgb\punjab_2016_maize_kharif_rgb.png,datasets\test_images\2016\ndvi\punjab_2016_maize_kharif_ndvi.png,0.148865,0.041413,0.0233,0.012064,0.681634,0.443833,0.015517999999999999,0.103028,0.215869,0.082092,0.051982,0.01208,0.853053,0.644113,0.037733,0.120367,-0.059786,-0.588771,-0.729797,0.08918,0.45912,0.322259,0.101455,0.044624,0.238928,0.068154,0.031935,0.021179,both
Telangana,Urad,2016,Kharif,telangana,2016,kharif,Telangana,Maize; Moong(Green Gram); Rice,Maize,Kharif,17.8495919,79.1151663,2016-07-01,2016-10-28,14.0,Landsat 8 SR,0.6,0.05,datasets\test_images\2016\rgb\telangana_2016_maize_kharif_rgb.png,datasets\test_images\2016\ndvi\telangana_2016_maize_kharif_ndvi.png,0.155658,0.03559,0.005452000000000001,0.010338,0.806415,0.451042,-0.121827,0.10356899999999998,0.200317,0.079238,0.02781,0.015828,0.88022,0.64764,-0.264726,0.118027,0.18116600000000002,-0.628269,-0.7898869999999999,0.09733200000000002,0.549678,0.357053,0.031385,0.06167999999999999,0.261175,0.07474,0.019423,0.026408,both
Telangana,Urad,2016,Rabi,telangana,2016,rabi,Telangana,Maize; Moong(Green Gram); Rice,Maize,Rabi,17.8495919,79.1151663,2016-11-01,2017-04-28,33.0,Landsat 8 SR,0.6,0.05,datasets\test_images\2016\rgb\telangana_2016_maize_rabi_rgb.png,datasets\test_images\2016\ndvi\telangana_2016_maize_rabi_ndvi.png,0.115989,0.052186,0.014802000000000001,0.012884,0.517349,0.221113,-0.051156,0.05004,0.173148,0.090642,0.040488,0.01638,0.766665,0.370446,-0.197237,0.091748,0.221104,-0.477272,-0.707804,0.06966,0.382808,0.269573,0.034245,0.033725,0.258466,0.11916,0.034795,0.031662,both
Tripura,Urad,2016,Kharif,tripura,2016,kharif,Tripura,Maize; Moong(Green Gram); Rice,Maize,Kharif,23.775082299999998,91.7025091,2016-07-01,2016-10-28,12.0,Landsat 8 SR,0.6,0.05,datasets\test_images\2016\rgb\tripura_2016_maize_kharif_rgb.png,datasets\test_images\2016\ndvi\tripura_2016_maize_kharif_ndvi.png,0.185165,0.02562,-0.073486,0.006835999999999999,0.9606559999999998,0.651745,-0.090356,0.10635500000000002,0.211538,0.055973,-0.004599,0.013606,1.127147,0.8541849999999999,-0.519833,0.060687,0.561091,-0.7547770000000001,-1.029331,0.051436,0.681568,0.39968999999999993,0.019945,0.07542,0.19267200000000004,0.030948,-0.018321,0.012089,both
Tripura,Urad,2016,Rabi,tripura,2016,rabi,Tripura,Maize; Moong(Green Gram),Maize,Rabi,23.7750823,91.7025091,2016-11-01,2017-04-28,21.0,Landsat 8 SR,0.6,0.05,datasets\test_images\2016\rgb\tripura_2016_maize_rabi_rgb.png,datasets\test_images\2016\ndvi\tripura_2016_maize_rabi_ndvi.png,0.08578,0.027507,0.00856,0.008783,0.717845,0.404421,-0.042793,0.07977,0.134345,0.051195,0.021512,0.011941,0.87166,0.725889,-0.144198,0.100655,0.169749,-0.660623,-0.79282,0.068963,0.4677,0.25307,0.05762,0.04478,0.182497,0.039363,0.006525,0.017936,both
Uttar Pradesh,Urad,2016,Kharif,uttar pradesh,2016,kharif,Uttar Pradesh,Maize; Moong(Green Gram); Rice,Maize,Kharif,27.1303344,80.859666,2016-07-01,2016-10-28,7.0,Landsat 8 SR,0.6,0.05,datasets\test_images\2016\rgb\uttar_pradesh_2016_maize_kharif_rgb.png,datasets\test_images\2016\ndvi\uttar_pradesh_2016_maize_kharif_ndvi.png,0.169737,0.046513,-0.038781,0.015817,0.786469,0.428148,-0.062501,0.111336,0.249914,0.083424,0.027837,0.020451,0.923774,0.617753,-0.203968,0.144623,0.288551,-0.57644,-0.809247,0.110155,0.52292,0.320339,0.046675,0.049276999999999994,0.294863,0.07423,0.011447,0.029428,both
Uttar Pradesh,Urad,2016,Summer,uttar pradesh,2016,summer,Uttar Pradesh,Maize; Moong(Green Gram); Rice,Maize,Summer,27.1303344,80.859666,2016-03-01,2016-06-28,22.0,Landsat 8 SR T1/T2,0.6,0.25,datasets\test_images\2016\rgb\uttar_pradesh_2016_maize_summer_rgb.png,datasets\test_images\2016\ndvi\uttar_pradesh_2016_maize_summer_ndvi.png,0.316478,0.086832,0.025995,0.022619,0.614361,0.211093,-0.047778999999999995,0.051988,0.369168,0.130358,0.05030500000000001,0.029456,0.729931,0.309447,-0.095702,0.09932199999999998,0.104398,-0.371663,-0.679452,0.068973,0.50092,0.28145,0.07016,0.031811,0.410692,0.151676,0.04321,0.04218,both
Uttarakhand,Urad,2016,Kharif,uttarakhand,2016,kharif,Uttarakhand,Maize; Moong(Green Gram); Rice,Maize,Kharif,30.0417376,79.089691,2016-07-01,2016-10-28,14.0,Landsat 8 SR,0.6,0.05,datasets\test_images\2016\rgb\uttarakhand_2016_maize_kharif_rgb.png,datasets\test_images\2016\ndvi\uttarakhand_2016_maize_kharif_ndvi.png,0.09702700000000002,0.028999,-0.013591,0.010881,0.7978739999999999,0.41618400000000005,0.070415,0.079601,0.150487,0.047601,0.003362,0.018862,1.27018,0.76789,0.208251,0.094727,-0.275806,-0.679078,-0.8403139999999999,0.063301,0.538183,0.24786699999999998,0.026737,0.061701,0.165626,0.034429,-0.003403,0.020588,both
Uttarakhand,Urad,2016,Summer,uttarakhand,2016,summer,Uttarakhand,Maize; Moong(Green Gram); Rice,Maize,Summer,30.0417376,79.089691,2016-03-01,2016-06-28,22.0,Landsat 8 SR T1/T2,0.6,0.25,datasets\test_images\2016\rgb\uttarakhand_2016_maize_summer_rgb.png,datasets\test_images\2016\ndvi\uttarakhand_2016_maize_summer_ndvi.png,0.205817,0.043197000000000006,-0.002605,0.017858,0.69821,0.270916,-0.049539,0.077528,0.263072,0.073017,0.015242,0.020994,1.104554,0.507196,-0.174598,0.137479,0.268098,-0.49956400000000006,-0.766877,0.089202,0.422215,0.216668,0.022833000000000003,0.041431,0.30996,0.072659,0.005425,0.030303,both
Jharkhand,Urad,2016,Autumn,jharkhand,2016,autumn,Jharkhand,Maize; Rice,Maize,Autumn,23.4559809,85.2557301,2016-07-01,2016-10-28,23.0,Landsat 8 SR T1/T2,0.6,0.25,datasets\test_images\2016\rgb\jharkhand_2016_maize_autumn_rgb.png,datasets\test_images\2016\ndvi\jharkhand_2016_maize_autumn_ndvi.png,0.632219,0.036836,-0.198708,0.026123,688.800819,0.442675,-293.025756,0.466453,0.622484,0.077988,-0.063353,0.027701,48.655302,0.652552,-17.830645,0.14616,570.605185,-0.606872,-14.150597,0.331006,0.75249,0.335782,-0.029583,0.064838,0.638063,0.067283,-0.066818,0.034319,both
West Bengal,Urad,2016,Kharif,west bengal,2016,kharif,West Bengal,Moong(Green Gram); Rice,Moong(Green Gram),Kharif,22.9964948,87.6855882,2016-07-01,2016-10-28,8.0,Landsat 8 SR,0.6,0.05,datasets\test_images\2016\rgb\west_bengal_2016_moong_green_gram_kharif_rgb.png,datasets\test_images\2016\ndvi\west_bengal_2016_moong_green_gram_kharif_ndvi.png,0.468965,0.031094,-0.198983,0.032781,0.945208,0.504288,-0.157715,0.131915,0.484283,0.072984,-0.119205,0.039005,2.854995,0.745999,-0.535165,0.166909,0.546565,-0.647038,-2.968297,0.140852,0.741545,0.337325,0.016067,0.080222,0.487198,0.051617,-0.108343,0.043434,both
West Bengal,Urad,2016,Rabi,west bengal,2016,rabi,West Bengal,Maize; Moong(Green Gram),Maize,Rabi,22.9964948,87.6855882,2016-11-01,2017-04-28,11.0,Landsat 8 SR,0.6,0.05,datasets\test_images\2016\rgb\west_bengal_2016_maize_rabi_rgb.png,datasets\test_images\2016\ndvi\west_bengal_2016_maize_rabi_ndvi.png,0.143475,0.05849,0.028717,0.014442,0.552891,0.224579,-0.053276,0.0658,0.214782,0.101159,0.063395,0.016687,0.731854,0.372111,-0.124017,0.102284,0.121369,-0.396923,-0.641232,0.069882,0.383137,0.244482,0.084075,0.030681,0.27333,0.107963,0.054086,0.026626,both
Arunachal Pradesh,Urad,2017,Kharif,arunachal pradesh,2017,kharif,Arunachal Pradesh,Maize; Moong(Green Gram); Rice,Maize,Kharif,28.093770200000005,94.5921326,2017-07-01,2017-10-28,8.0,Landsat 8 SR,0.6,0.05,datasets\test_images\2017\rgb\arunachal_pradesh_2017_maize_kharif_rgb.png,datasets\test_images\2017\ndvi\arunachal_pradesh_2017_maize_kharif_ndvi.png,0.162038,0.017948,-0.022818,0.007143,0.954574,0.576413,0.07784,0.128707,0.199094,0.03999,0.002386,0.014535,1.143734,0.880064,0.178832,0.051436,-0.26705,-0.788506,-0.9202559999999999,0.043768,0.678144,0.33743000000000006,0.038755,0.092485,0.244757,0.021661,-0.002041,0.011798999999999999,both
Arunachal Pradesh,Urad,2017,Rabi,arunachal pradesh,2017,rabi,Arunachal Pradesh,Urad,Urad,Rabi,28.0937702,94.5921326,2017-11-01,2018-04-28,11.0,Sentinel-2 SR,0.6,0.25,datasets\test_images\2017\rgb\arunachal_pradesh_2017_urad_rabi_rgb.png,datasets\test_images\2017\ndvi\arunachal_pradesh_2017_urad_rabi_ndvi.png,0.9939,0.02181,0.0,0.014868,7.97844,0.502683,-5.55969,0.155383,0.9356,0.038103,0.0,0.019194,1.0,0.83626,-0.37931,0.103736,0.544715,-0.762259,-1.0,0.089776,1.5022,0.285812,0.0074,0.103232,0.883,0.024756,0.0,0.018243,both
Bihar,Urad,2017,Kharif,bihar,2017,kharif,Bihar,Moong(Green Gram); Rice,Moong(Green Gram),Kharif,25.6440845,85.906508,2017-07-01,2017-10-28,1.0,Sentinel-2 SR,0.6,0.05,datasets\test_images\2017\rgb\bihar_2017_moong_green_gram_kharif_rgb.png,datasets\test_images\2017\ndvi\bihar_2017_moong_green_gram_kharif_ndvi.png,0.2371,0.046348,0.0043,0.02014,0.845209,0.37548,-0.13775,0.145172,0.2847,0.079802,0.0204,0.022004,0.912005,0.568702,-0.648415,0.197013,0.681046,-0.545464,-0.835001,0.158489,0.5834,0.284573,0.0111,0.063644,0.307,0.075047,0.0151,0.032222,both
Chhattisgarh,Urad,2017,Kharif,chhattisgarh,2017,kharif,Chhattisgarh,Maize; Moong(Green Gram); Rice,Maize,Kharif,21.663735899999995,81.8406351,2017-07-01,2017-10-28,4.0,Landsat 8 SR,0.6,0.05,datasets\test_images\2017\rgb\chhattisgarh_2017_maize_kharif_rgb.png,datasets\test_images\2017\ndvi\chhattisgarh_2017_maize_kharif_ndvi.png,0.7319749999999999,0.074975,-0.053288,0.10208,1.079536,0.47835199999999994,0.03394,0.056138,0.7305449999999999,0.127177,0.029872,0.090165,0.952162,0.632203,0.070493,0.17144799999999996,-0.07298,-0.525035,-0.8476750000000001,0.128213,0.850253,0.36973800000000007,0.122355,0.080464,0.738273,0.100001,0.010072,0.10008100000000002,both
Chhattisgarh,Urad,2017,Rabi,chhattisgarh,2017,rabi,Chhattisgarh,Moong(Green Gram); Urad,Moong(Green Gram),Rabi,21.6637359,81.8406351,2017-11-01,2018-04-28,110.0,Sentinel-2 SR,0.6,0.25,datasets\test_images\2017\rgb\chhattisgarh_2017_moong(green_gram)_rabi_rgb.png,datasets\test_images\2017\ndvi\chhattisgarh_2017_moong(green_gram)_rabi_ndvi.png,0.36415,0.073211,0.0152,0.014728,1.263354,0.188599,-0.239482,0.066881,0.4039,0.097454,0.0176,0.01941,0.832351,0.298758,-0.605381,0.10492,0.784153,-0.400088,-0.747357,0.095035,0.54005,0.233498,0.0059,0.040847,0.4442,0.123219,0.0137,0.03345,both
Gujarat,Urad,2017,Kharif,gujarat,2017,kharif,Gujarat,Maize; Moong(Green Gram); Rice,Maize,Kharif,22.3850051,71.745261,2017-07-01,2017-10-28,9.0,Landsat 8 SR,0.6,0.05,datasets\test_images\2017\rgb\gujarat_2017_maize_kharif_rgb.png,datasets\test_images\2017\ndvi\gujarat_2017_maize_kharif_ndvi.png,0.22703400000000004,0.044009,0.017319,0.011226,0.754179,0.34644499999999995,-0.11104200000000002,0.11297600000000001,0.310565,0.077995,0.04134,0.013656,0.834361,0.549108,-0.248026,0.142225,0.258604,-0.544924,-0.758449,0.107393,0.511219,0.271767,0.051501,0.052793,0.33691,0.077457,0.029981999999999998,0.023246,both
Gujarat,Urad,2017,Summer,gujarat,2017,summer,Gujarat,Maize; Moong(Green Gram); Rice,Maize,Summer,22.3850051,71.745261,2017-03-01,2017-06-28,29.0,Sentinel-2 SR,0.6,0.25,datasets\test_images\2017\rgb\gujarat_2017_maize_summer_rgb.png,datasets\test_images\2017\ndvi\gujarat_2017_maize_summer_ndvi.png,0.5232,0.082524,0.00925,0.021018,0.8672299999999998,0.12033900000000002,-0.134545,0.065337,0.5576,0.112678,0.0184,0.026053000000000003,0.879703,0.189986,-0.35522500000000007,0.088187,0.514861,-0.327844,-0.77507,0.073816,0.61705,0.22789099999999998,0.0153,0.04938,0.5887,0.151605,0.01635,0.03454,both
Haryana,Urad,2017,Kharif,haryana,2017,kharif,Haryana,Maize; Moong(Green Gram); Rice,Maize,Kharif,29.0,76.0,2017-07-01,2017-10-28,17.0,Sentinel-2 SR,0.6,0.05,datasets\test_images\2017\rgb\haryana_2017_maize_kharif_rgb.png,datasets\test_images\2017\ndvi\haryana_2017_maize_kharif_ndvi.png,0.45415,0.054832,0.00115,0.027818,1.641434,0.265778,-0.076657,0.147528,0.51215,0.096192,0.0168,0.032933,0.927887,0.426021,-0.18460200000000002,0.225815,0.396325,-0.48657600000000006,-0.844456,0.157083,0.4853,0.279727,0.015599999999999998,0.040394,0.52675,0.11381599999999999,0.013900000000000001,0.054361,both
Himachal Pradesh,Urad,2017,Kharif,himachal pradesh,2017,kharif,Himachal Pradesh,Maize; Moong(Green Gram); Rice,Maize,Kharif,31.929235200000004,77.1828462,2017-07-01,2017-10-28,4.0,Sentinel-2 SR,0.6,0.05,datasets\test_images\2017\rgb\himachal_pradesh_2017_maize_kharif_rgb.png,datasets\test_images\2017\ndvi\himachal_pradesh_2017_maize_kharif_ndvi.png,0.3214,0.036029,0.0,0.0203,5.632915,0.355987,-1.347213,0.117024,0.48645,0.058958,0.0,0.026049,1.0,0.653265,-0.52484,0.16927900000000004,0.594614,-0.60928,-1.0,0.132054,1.1809,0.239437,0.0232,0.073015,0.4976,0.052563,0.0,0.031436,both
Jharkhand,Urad,2017,Kharif,jharkhand,2017,kharif,Jharkhand,Maize; Moong(Green Gram); Rice,Maize,Kharif,23.4559809,85.2557301,2017-07-01,2017-10-28,2.0,Sentinel-2 SR,0.6,0.05,datasets\test_images\2017\rgb\jharkhand_2017_maize_kharif_rgb.png,datasets\test_images\2017\ndvi\jharkhand_2017_maize_kharif_ndvi.png,0.3003,0.042589999999999996,0.01215,0.015420999999999999,3.105378,0.43024900000000005,-0.276252,0.110958,0.32145,0.078066,0.01605,0.018232,0.911737,0.638727,-0.513796,0.148168,0.586109,-0.591117,-0.806391,0.098275,0.57625,0.30691,0.0074,0.043103,0.39265,0.068165,0.012000000000000002,0.031635,both
Madhya Pradesh,Urad,2017,Kharif,madhya pradesh,2017,kharif,Madhya Pradesh,Maize; Moong(Green Gram); Rice,Maize,Kharif,23.8143419,77.5340719,2017-07-01,2017-10-28,3.0,Sentinel-2 SR,0.6,0.05,datasets\test_images\2017\rgb\madhya_pradesh_2017_maize_kharif_rgb.png,datasets\test_images\2017\ndvi\madhya_pradesh_2017_maize_kharif_ndvi.png,0.3914,0.039887,0.0136,0.01163,0.850546,0.318354,-0.178635,0.175175,0.4315,0.070215,0.0234,0.013097,0.903842,0.47847899999999993,-1.0,0.360875,1.0,-0.441886,-0.8395199999999999,0.367076,0.5542,0.237642,0.0,0.093591,0.4402,0.063156,0.017,0.024315,both
Madhya Pradesh,Urad,2017,Summer,madhya pradesh,2017,summer,Madhya Pradesh,Maize; Moong(Green Gram); Rice,Maize,Summer,23.8143419,77.5340719,2017-03-01,2017-06-28,4.0,Sentinel-2 SR,0.6,0.25,datasets\test_images\2017\rgb\madhya_pradesh_2017_maize_summer_rgb.png,datasets\test_images\2017\ndvi\madhya_pradesh_2017_maize_summer_ndvi.png,0.45565000000000005,0.082529,0.015400000000000002,0.017772,0.782647,0.125864,-0.136582,0.04375300000000001,0.46725,0.11698599999999999,0.02995,0.023789999999999995,0.819119,0.193931,-0.460787,0.071018,0.59645,-0.341888,-0.7491879999999999,0.077025,0.62055,0.252671,0.01855,0.051315,0.49815000000000004,0.160967,0.029550000000000003,0.036319,both
Maharashtra,Urad,2017,Kharif,maharashtra,2017,kharif,Maharashtra,Maize; Moong(Green Gram); Rice,Maize,Kharif,19.5670323,76.4164557,2017-07-01,2017-10-28,12.0,Landsat 8 SR,0.6,0.05,datasets\test_images\2017\rgb\maharashtra_2017_maize_kharif_rgb.png,datasets\test_images\2017\ndvi\maharashtra_2017_maize_kharif_ndvi.png,0.202627,0.035595,-0.076003,0.010421,0.8539249999999999,0.397785,-0.027971,0.171612,0.255868,0.067035,0.011145,0.010263,0.884277,0.58709,-0.503147,0.246641,0.740164,-0.513499,-0.78777,0.30235,0.54976,0.274471,0.002029,0.101518,0.270415,0.05435399999999999,-0.017923,0.016619,both
Manipur,Urad,2017,Kharif,manipur,2017,kharif,Manipur,Maize; Moong(Green Gram); Rice,Maize,Kharif,24.7208818,93.9229386,2017-07-01,2017-10-28,1.0,Sentinel-2 SR,0.6,0.05,datasets\test_images\2017\rgb\manipur_2017_maize_kharif_rgb.png,datasets\test_images\2017\ndvi\manipur_2017_maize_kharif_ndvi.png,1.3052,0.04269599999999999,0.011000000000000001,0.022784,1.071831,0.365537,-0.148281,0.18422400000000003,1.268,0.066857,0.0138,0.023915000000000002,0.9301309999999999,0.59207,-0.65812,0.298653,0.724771,-0.509921,-0.8496450000000001,0.268014,1.0491,0.234986,0.006000000000000001,0.082775,1.2112,0.051822,0.0081,0.029763,both
Nagaland,Urad,2017,Rabi,nagaland,2017,rabi,Nagaland,Maize; Rice,Maize,Rabi,26.1630556,94.5884911,2017-11-01,2018-04-28,25.0,Sentinel-2 SR,0.6,0.05,datasets\test_images\2017\rgb\nagaland_2017_maize_rabi_rgb.png,datasets\test_images\2017\ndvi\nagaland_2017_maize_rabi_ndvi.png,0.233,0.021977,0.00265,0.009601,1.183415,0.492349,0.035858,0.131221,0.2453,0.040781,0.00605,0.01368,0.942092,0.809942,0.048224,0.111428,-0.056911,-0.756638,-0.88941,0.076339,0.9803,0.290615,0.0645,0.081556,0.2719,0.029536,0.0027,0.016919,both
Punjab,Urad,2017,Kharif,punjab,2017,kharif,Punjab,Maize; Moong(Green Gram); Rice,Maize,Kharif,30.9293211,75.5004841,2017-07-01,2017-10-28,12.0,Sentinel-2 SR,0.6,0.05,datasets\test_images\2017\rgb\punjab_2017_maize_kharif_rgb.png,datasets\test_images\2017\ndvi\punjab_2017_maize_kharif_ndvi.png,1.006,0.03898,0.0024,0.022142,0.7857410000000001,0.473063,-0.019128,0.149422,1.0368,0.070323,0.0246,0.024132,0.909535,0.663831,-0.051546,0.185491,0.100881,-0.616629,-0.8296420000000001,0.141473,1.0056,0.323428,0.04,0.056393,1.072,0.062923,0.0195,0.033664,both
Telangana,Urad,2017,Kharif,telangana,2017,kharif,Telangana,Maize; Moong(Green Gram); Rice,Maize,Kharif,17.8495919,79.1151663,2017-07-01,2017-10-28,2.0,Sentinel-2 SR,0.6,0.05,datasets\test_images\2017\rgb\telangana_2017_maize_kharif_rgb.png,datasets\test_images\2017\ndvi\telangana_2017_maize_kharif_ndvi.png,0.43085,0.032586,0.0,0.02267,0.9301559999999999,0.472032,-13.438558,0.167536,0.44885,0.076746,0.0,0.028438,1.0,0.665816,-1.0,0.229523,1.0,-0.629986,-1.0,0.181822,0.6347,0.35683099999999995,0.0,0.082146,0.4322,0.069426,0.0,0.04707,both
Telangana,Urad,2017,Rabi,telangana,2017,rabi,Telangana,Maize; Moong(Green Gram); Rice,Maize,Rabi,17.8495919,79.1151663,2017-11-01,2018-04-28,36.0,Sentinel-2 SR,0.6,0.05,datasets\test_images\2017\rgb\telangana_2017_maize_rabi_rgb.png,datasets\test_images\2017\ndvi\telangana_2017_maize_rabi_ndvi.png,0.2789,0.059513,0.01775,0.01675,0.6976429999999999,0.214804,-0.062224,0.065375,0.3149,0.089424,0.024750000000000005,0.021894,0.84192,0.35081200000000007,-0.991597,0.126467,0.995708,-0.472103,-0.764698,0.118165,0.43240000000000006,0.256974,5e-05,0.04447500000000001,0.3529,0.12178,0.0135,0.041391,both
Tripura,Urad,2017,Kharif,tripura,2017,kharif,Tripura,Maize; Moong(Green Gram); Rice,Maize,Kharif,23.775082299999998,91.7025091,2017-07-01,2017-10-28,11.0,Landsat 8 SR,0.6,0.05,datasets\test_images\2017\rgb\tripura_2017_maize_kharif_rgb.png,datasets\test_images\2017\ndvi\tripura_2017_maize_kharif_ndvi.png,0.527595,0.04546999999999999,-0.1934,0.046099,1.061588,0.610321,-0.007981,0.119404,0.544782,0.079909,-0.09233799999999999,0.045539,1.6620920000000001,0.777267,-0.041567,0.132176,0.071512,-0.68298,-1.600799,0.107995,0.756037,0.41323,0.078107,0.076236,0.546763,0.055919,-0.09825,0.049459,both
Tripura,Urad,2017,Rabi,tripura,2017,rabi,Tripura,Maize; Moong(Green Gram),Maize,Rabi,23.7750823,91.7025091,2017-11-01,2018-04-28,10.0,Sentinel-2 SR,0.6,0.05,datasets\test_images\2017\rgb\tripura_2017_maize_rabi_rgb.png,datasets\test_images\2017\ndvi\tripura_2017_maize_rabi_ndvi.png,0.14875,0.038304,0.01835,0.010576,0.903449,0.412912,-0.091304,0.090544,0.20675,0.057111,0.0275,0.013013,0.870448,0.674141,-0.197967,0.109882,0.22967,-0.612283,-0.791316,0.082499,0.62065,0.245464,0.0469,0.042985,0.26775,0.046829,0.0173,0.017459,both
Uttar Pradesh,Urad,2017,Kharif,uttar pradesh,2017,kharif,Uttar Pradesh,Maize; Moong(Green Gram); Rice,Maize,Kharif,27.1303344,80.859666,2017-07-01,2017-10-28,5.0,Sentinel-2 SR,0.6,0.05,datasets\test_images\2017\rgb\uttar_pradesh_2017_maize_kharif_rgb.png,datasets\test_images\2017\ndvi\uttar_pradesh_2017_maize_kharif_ndvi.png,0.3101,0.050891,0.0051,0.024497,1.279893,0.459373,-0.285365,0.137611,0.3432,0.085167,0.0176,0.027628,0.915633,0.631895,-0.492419,0.172474,0.527017,-0.58535,-0.839317,0.135253,0.6507,0.328389,0.010799999999999999,0.05698899999999999,0.36780000000000007,0.074413,0.0116,0.038546,both
Uttar Pradesh,Urad,2017,Summer,uttar pradesh,2017,summer,Uttar Pradesh,Maize; Moong(Green Gram); Rice,Maize,Summer,27.1303344,80.859666,2017-03-01,2017-06-28,20.0,Sentinel-2 SR,0.6,0.25,datasets\test_images\2017\rgb\uttar_pradesh_2017_maize_summer_rgb.png,datasets\test_images\2017\ndvi\uttar_pradesh_2017_maize_summer_ndvi.png,0.5945,0.093319,0.0047,0.038196,4.981663,0.197971,-0.285736,0.104151,0.5999,0.144459,0.01705,0.046756,0.871982,0.291181,-0.272275,0.172374,0.38841300000000006,-0.371613,-0.788592,0.122593,0.56625,0.306635,0.02845,0.035932,0.6082,0.177195,0.02055,0.067989,both
Uttarakhand,Urad,2017,Kharif,uttarakhand,2017,kharif,Uttarakhand,Maize; Moong(Green Gram); Rice,Maize,Kharif,30.0417376,79.089691,2017-07-01,2017-10-28,1.0,Sentinel-2 SR,0.6,0.05,datasets\test_images\2017\rgb\uttarakhand_2017_maize_kharif_rgb.png,datasets\test_images\2017\ndvi\uttarakhand_2017_maize_kharif_ndvi.png,0.3069,0.039121,0.0037,0.018056,1.837097,0.408668,0.021036,0.11906699999999999,0.3563,0.05673,0.0048,0.024287,0.947853,0.690191,0.060761,0.156035,-0.080378,-0.638874,-0.841079,0.105854,0.6531,0.253362,0.0268,0.062112,0.3816,0.048868,0.0017,0.032208,both
Uttarakhand,Urad,2017,Summer,uttarakhand,2017,summer,Uttarakhand,Maize; Moong(Green Gram); Rice,Maize,Summer,30.0417376,79.089691,2017-03-01,2017-06-28,14.0,Sentinel-2 SR,0.6,0.25,datasets\test_images\2017\rgb\uttarakhand_2017_maize_summer_rgb.png,datasets\test_images\2017\ndvi\uttarakhand_2017_maize_summer_ndvi.png,0.5046,0.048489,0.0,0.023292999999999998,0.946576,0.302261,-0.253539,0.108497,0.6298,0.080731,0.0002,0.027648999999999996,1.0,0.503788,-0.959259,0.17464099999999996,0.974771,-0.533017,-0.992832,0.12084,0.80485,0.261183,0.0011,0.05030199999999999,0.7353999999999999,0.088824,0.0,0.041384,both
West Bengal,Urad,2017,Kharif,west bengal,2017,kharif,West Bengal,Moong(Green Gram); Rice,Moong(Green Gram),Kharif,22.9964948,87.6855882,2017-07-01,2017-10-28,3.0,Sentinel-2 SR,0.6,0.05,datasets\test_images\2017\rgb\west_bengal_2017_moong_green_gram_kharif_rgb.png,datasets\test_images\2017\ndvi\west_bengal_2017_moong_green_gram_kharif_ndvi.png,0.2715,0.038552,0.0097,0.018733,0.857266,0.507918,-0.12734,0.159327,0.2837,0.068796,0.0241,0.024307,0.918129,0.718164,-0.392508,0.195795,0.490785,-0.632589,-0.831606,0.158095,0.5553,0.318591,0.0324,0.066621,0.3608,0.050815,0.0146,0.035459,both
West Bengal,Urad,2017,Rabi,west bengal,2017,rabi,West Bengal,Maize; Moong(Green Gram),Maize,Rabi,22.9964948,87.6855882,2017-11-01,2018-04-28,15.0,Sentinel-2 SR,0.6,0.05,datasets\test_images\2017\rgb\west_bengal_2017_maize_rabi_rgb.png,datasets\test_images\2017\ndvi\west_bengal_2017_maize_rabi_ndvi.png,0.2234,0.071862,0.0245,0.021162,0.748335,0.238538,-0.16968,0.111649,0.3031,0.10148,0.0348,0.027347,0.818695,0.361108,-0.429619,0.152299,0.478077,-0.406276,-0.714475,0.109436,0.4559,0.251267,0.0297,0.051539,0.3812,0.113641,0.0291,0.042069,both
Arunachal Pradesh,Urad,2018,Kharif,arunachal pradesh,2018,kharif,Arunachal Pradesh,Maize; Moong(Green Gram); Rice,Maize,Kharif,28.093770200000005,94.5921326,2018-07-01,2018-10-28,9.0,Landsat 8 SR,0.6,0.05,datasets\test_images\2018\rgb\arunachal_pradesh_2018_maize_kharif_rgb.png,datasets\test_images\2018\ndvi\arunachal_pradesh_2018_maize_kharif_ndvi.png,0.41324999999999995,0.019556,-0.199862,0.022412,0.891404,0.507342,0.100997,0.115066,0.46231,0.04763599999999999,-0.167083,0.027099,61.411617,0.839295,-24.575828,0.284426,33.872424,-0.732976,-21.4572,0.17596,0.676645,0.303495,0.01065,0.088552,0.490497,0.029191000000000005,-0.150803,0.029251,both
Arunachal Pradesh,Urad,2018,Rabi,arunachal pradesh,2018,rabi,Arunachal Pradesh,Urad,Urad,Rabi,28.0937702,94.5921326,2018-11-01,2019-04-28,39.0,Sentinel-2 SR,0.6,0.25,datasets\test_images\2018\rgb\arunachal_pradesh_2018_urad_rabi_rgb.png,datasets\test_images\2018\ndvi\arunachal_pradesh_2018_urad_rabi_ndvi.png,1.4788,0.028481,0.0,0.016437,1.947144,0.423945,-0.846208,0.118075,1.4721,0.044172,0.0,0.019392,1.0,0.765278,-0.30466,0.10923,0.473451,-0.684553,-1.0,0.091267,1.43545,0.240203,0.0109,0.069761,1.4514,0.031137,0.0,0.019446,both
Bihar,Urad,2018,Kharif,bihar,2018,kharif,Bihar,Moong(Green Gram); Rice,Moong(Green Gram),Kharif,25.6440845,85.906508,2018-07-01,2018-10-28,3.0,Sentinel-2 SR,0.6,0.05,datasets\test_images\2018\rgb\bihar_2018_moong_green_gram_kharif_rgb.png,datasets\test_images\2018\ndvi\bihar_2018_moong_green_gram_kharif_ndvi.png,0.2405,0.062516,0.0187,0.021471,0.932742,0.433998,-0.096384,0.136966,0.2766,0.090506,0.0242,0.022498,0.893793,0.573313,-0.291399,0.165717,0.356623,-0.537154,-0.789404,0.123557,0.6273,0.310749,0.0278,0.048619,0.3029,0.082952,0.0191,0.032803,both
Chhattisgarh,Urad,2018,Kharif,chhattisgarh,2018,kharif,Chhattisgarh,Maize; Moong(Green Gram); Rice,Maize,Kharif,21.663735899999995,81.8406351,2018-07-01,2018-10-28,7.0,Sentinel-2 SR,0.6,0.05,datasets\test_images\2018\rgb\chhattisgarh_2018_maize_kharif_rgb.png,datasets\test_images\2018\ndvi\chhattisgarh_2018_maize_kharif_ndvi.png,0.225,0.051886999999999996,0.0229,0.015955,0.873207,0.44950699999999993,-0.197259,0.143547,0.2795,0.078813,0.03595,0.02129,0.882305,0.626,-0.41136,0.183183,0.506298,-0.573096,-0.7871,0.135684,0.5483,0.300336,0.0172,0.053953,0.3203,0.068864,0.0205,0.036234,both
Chhattisgarh,Urad,2018,Rabi,chhattisgarh,2018,rabi,Chhattisgarh,Moong(Green Gram); Urad,Moong(Green Gram),Rabi,21.6637359,81.8406351,2018-11-01,2019-04-28,184.0,Sentinel-2 SR,0.6,0.25,datasets\test_images\2018\rgb\chhattisgarh_2018_moong(green_gram)_rabi_rgb.png,datasets\test_images\2018\ndvi\chhattisgarh_2018_moong(green_gram)_rabi_ndvi.png,0.37885,0.076331,0.02575,0.014313,1.315414,0.193299,-0.223907,0.064274,0.38865,0.101359,0.027,0.017277,0.803381,0.304776,-0.452514,0.101597,0.619818,-0.372264,-0.752798,0.087516,0.4663,0.227228,0.0123,0.034775,0.406,0.118292,0.0178,0.02904,both
Gujarat,Urad,2018,Kharif,gujarat,2018,kharif,Gujarat,Maize; Moong(Green Gram); Rice,Maize,Kharif,22.3850051,71.745261,2018-07-01,2018-10-28,8.0,Sentinel-2 SR,0.6,0.05,datasets\test_images\2018\rgb\gujarat_2018_maize_kharif_rgb.png,datasets\test_images\2018\ndvi\gujarat_2018_maize_kharif_ndvi.png,0.445,0.053884999999999995,0.01655,0.022388,0.861231,0.309101,-0.15507,0.132057,0.47665,0.083882,0.03195,0.024473000000000005,0.903445,0.48608,-0.391168,0.18002299999999996,0.497512,-0.516725,-0.812881,0.123603,0.5743,0.266181,0.012000000000000002,0.053498,0.50365,0.091841,0.0182,0.039149,both
Gujarat,Urad,2018,Summer,gujarat,2018,summer,Gujarat,Maize; Moong(Green Gram); Rice,Maize,Summer,22.3850051,71.745261,2018-03-01,2018-06-28,55.0,Sentinel-2 SR,0.6,0.25,datasets\test_images\2018\rgb\gujarat_2018_maize_summer_rgb.png,datasets\test_images\2018\ndvi\gujarat_2018_maize_summer_ndvi.png,0.5945,0.080694,0.0053,0.023945000000000004,1.40371,0.11899,-0.111744,0.067887,0.6214,0.111767,0.014400000000000001,0.028935,0.887685,0.188157,-0.459516,0.092381,0.654198,-0.331976,-0.7778360000000001,0.078545,0.6187,0.228901,0.0183,0.050065,0.635,0.151199,0.0124,0.036562,both
Haryana,Urad,2018,Kharif,haryana,2018,kharif,Haryana,Maize; Moong(Green Gram); Rice,Maize,Kharif,29.0,76.0,2018-07-01,2018-10-28,17.0,Sentinel-2 SR,0.6,0.05,datasets\test_images\2018\rgb\haryana_2018_maize_kharif_rgb.png,datasets\test_images\2018\ndvi\haryana_2018_maize_kharif_ndvi.png,0.446,0.05218999999999999,0.0,0.025915000000000004,1.303073,0.281345,-0.23610699999999998,0.13726,0.5006,0.094072,0.01435,0.031111,0.916211,0.449139,-0.3831879999999999,0.205994,0.426943,-0.490902,-0.845653,0.150216,0.5489,0.278567,0.0309,0.050564,0.51895,0.106412,0.0176,0.048295,both
Himachal Pradesh,Urad,2018,Kharif,himachal pradesh,2018,kharif,Himachal Pradesh,Maize; Moong(Green Gram); Rice,Maize,Kharif,31.929235200000004,77.1828462,2018-07-01,2018-10-28,3.0,Sentinel-2 SR,0.6,0.05,datasets\test_images\2018\rgb\himachal_pradesh_2018_maize_kharif_rgb.png,datasets\test_images\2018\ndvi\himachal_pradesh_2018_maize_kharif_ndvi.png,0.5538,0.029645,0.0,0.021091,7.166508,0.387126,-0.805253,0.127261,0.7033,0.054848,0.0,0.026612,1.0,0.7011379999999999,-0.86722,0.169458,0.906736,-0.647317,-1.0,0.13945,1.3928,0.254389,0.0026999999999999997,0.08683999999999999,0.5292,0.046848,0.0,0.030752,both
Jharkhand,Urad,2018,Kharif,jharkhand,2018,kharif,Jharkhand,Maize; Moong(Green Gram); Rice,Maize,Kharif,23.4559809,85.2557301,2018-07-01,2018-10-28,6.0,Sentinel-2 SR,0.6,0.05,datasets\test_images\2018\rgb\jharkhand_2018_maize_kharif_rgb.png,datasets\test_images\2018\ndvi\jharkhand_2018_maize_kharif_ndvi.png,0.3718000000000001,0.052559,0.0234,0.015702,1.12711,0.40967,-0.262206,0.112165,0.3614,0.081243,0.02835,0.018971,0.8757639999999999,0.597418,-0.477872,0.150749,0.555244,-0.566294,-0.787735,0.098453,0.4839,0.295369,0.024250000000000004,0.036909,0.37085000000000007,0.07496,0.0205,0.032607,both
Madhya Pradesh,Urad,2018,Kharif,madhya pradesh,2018,kharif,Madhya Pradesh,Maize; Moong(Green Gram); Rice,Maize,Kharif,23.8143419,77.5340719,2018-07-01,2018-10-28,4.0,Sentinel-2 SR,0.6,0.05,datasets\test_images\2018\rgb\madhya_pradesh_2018_maize_kharif_rgb.png,datasets\test_images\2018\ndvi\madhya_pradesh_2018_maize_kharif_ndvi.png,0.3445,0.059151,0.0261,0.012309,0.760395,0.21160499999999996,-0.16471,0.139385,0.3526,0.080772,0.03275,0.015798,0.848579,0.328478,-0.522871,0.214607,0.664381,-0.372863,-0.771429,0.230537,0.4811,0.208338,0.00815,0.074717,0.3838,0.091299,0.01955,0.027903,both
Madhya Pradesh,Urad,2018,Summer,madhya pradesh,2018,summer,Madhya Pradesh,Moong(Green Gram); Urad,Moong(Green Gram),Summer,23.8143419,77.5340719,2018-03-01,2018-06-28,12.0,Sentinel-2 SR,0.6,0.25,datasets\test_images\2018\rgb\madhya_pradesh_2018_moong(green_gram)_summer_rgb.png,datasets\test_images\2018\ndvi\madhya_pradesh_2018_moong(green_gram)_summer_ndvi.png,0.45175,0.082259,0.0171,0.016964,0.988297,0.110532,-0.137948,0.043134,0.4649,0.115276,0.0232,0.022245,0.789721,0.17641,-0.411801,0.067037,0.55814,-0.31698,-0.720184,0.074157,0.5997,0.227762,0.0164,0.044898,0.504,0.155367,0.0222,0.031886,both
Maharashtra,Urad,2018,Kharif,maharashtra,2018,kharif,Maharashtra,Maize; Moong(Green Gram); Rice,Maize,Kharif,19.5670323,76.4164557,2018-07-01,2018-10-28,6.0,Sentinel-2 SR,0.6,0.05,datasets\test_images\2018\rgb\maharashtra_2018_maize_kharif_rgb.png,datasets\test_images\2018\ndvi\maharashtra_2018_maize_kharif_ndvi.png,0.23805,0.04325500000000001,0.0084,0.012807,0.947368,0.323175,-0.123879,0.175084,0.2381,0.073181,0.014199999999999999,0.014368,0.925669,0.456331,-1.0,0.34900899999999996,1.0,-0.45398,-0.842298,0.38307399999999997,0.5886,0.259353,0.0,0.098862,0.25455,0.073389,0.01235,0.026833,both
Manipur,Urad,2018,Kharif,manipur,2018,kharif,Manipur,Maize; Moong(Green Gram); Rice,Maize,Kharif,24.7208818,93.9229386,2018-07-01,2018-10-28,5.0,Landsat 8 SR,0.6,0.05,datasets\test_images\2018\rgb\manipur_2018_maize_kharif_rgb.png,datasets\test_images\2018\ndvi\manipur_2018_maize_kharif_ndvi.png,0.255455,0.041024,-0.103338,0.017973,0.8169210000000001,0.357697,-0.115817,0.11672699999999998,0.312628,0.074371,0.012685,0.021013,1.04166,0.591084,-0.3859000000000001,0.156773,0.383904,-0.540088,-0.837924,0.132649,0.547038,0.257719,0.027054000000000005,0.062523,0.35363000000000006,0.06459,-0.002138,0.025712,both
Nagaland,Urad,2018,Rabi,nagaland,2018,rabi,Nagaland,Maize; Rice,Maize,Rabi,26.1630556,94.5884911,2018-11-01,2019-04-28,50.0,Sentinel-2 SR,0.6,0.05,datasets\test_images\2018\rgb\nagaland_2018_maize_rabi_rgb.png,datasets\test_images\2018\ndvi\nagaland_2018_maize_rabi_ndvi.png,0.187,0.025176,0.0032,0.010473,1.145227,0.469386,0.050839,0.122274,0.2103,0.042703,0.00555,0.013929,0.933762,0.782173,0.075598,0.113476,-0.109112,-0.72962,-0.860829,0.075245,0.994,0.281552,0.0666,0.074012,0.261,0.0327,0.00315,0.017778,both
Punjab,Urad,2018,Kharif,punjab,2018,kharif,Punjab,Maize; Moong(Green Gram); Rice,Maize,Kharif,30.9293211,75.5004841,2018-07-01,2018-10-28,5.0,Sentinel-2 SR,0.6,0.05,datasets\test_images\2018\rgb\punjab_2018_maize_kharif_rgb.png,datasets\test_images\2018\ndvi\punjab_2018_maize_kharif_ndvi.png,0.9144,0.029328000000000003,0.0,0.022186,1.561043,0.389145,-0.117149,0.130959,0.904,0.069878,0.0103,0.023314,0.96326,0.631687,-0.32342,0.19168299999999996,0.300094,-0.607682,-0.892261,0.145058,1.0472,0.295617,0.0268,0.055598,0.9696000000000001,0.063966,0.005,0.032932,both
Telangana,Urad,2018,Kharif,telangana,2018,kharif,Telangana,Maize; Moong(Green Gram); Rice,Maize,Kharif,17.8495919,79.1151663,2018-07-01,2018-10-28,1.0,Sentinel-2 SR,0.6,0.05,datasets\test_images\2018\rgb\telangana_2018_maize_kharif_rgb.png,datasets\test_images\2018\ndvi\telangana_2018_maize_kharif_ndvi.png,0.326,0.045463,0.007700000000000001,0.018063,0.941948,0.322101,-0.137559,0.112276,0.3501,0.077407,0.0146,0.022648,0.943149,0.505251,-1.0,0.202426,1.0,-0.553376,-0.8595419999999999,0.17900400000000002,0.5422,0.282098,0.0,0.052014,0.3674,0.09191900000000001,0.0091,0.041353,both
Telangana,Urad,2018,Rabi,telangana,2018,rabi,Telangana,Maize; Moong(Green Gram); Rice,Maize,Rabi,17.8495919,79.1151663,2018-11-01,2019-04-28,57.0,Sentinel-2 SR,0.6,0.05,datasets\test_images\2018\rgb\telangana_2018_maize_rabi_rgb.png,datasets\test_images\2018\ndvi\telangana_2018_maize_rabi_ndvi.png,0.2785,0.069857,0.02255,0.01683,0.658278,0.192476,-0.06796,0.080104,0.3265,0.10043799999999999,0.02975,0.021279000000000003,0.809142,0.30595,-0.464373,0.135863,0.634228,-0.404169,-0.7132900000000001,0.115147,0.4499,0.249655,0.0104,0.044314,0.3402,0.125888,0.0236,0.039412,both
Tripura,Urad,2018,Kharif,tripura,2018,kharif,Tripura,Maize; Moong(Green Gram); Rice,Maize,Kharif,23.775082299999998,91.7025091,2018-07-01,2018-10-28,6.0,Landsat 8 SR,0.6,0.05,datasets\test_images\2018\rgb\tripura_2018_maize_kharif_rgb.png,datasets\test_images\2018\ndvi\tripura_2018_maize_kharif_ndvi.png,0.503615,0.032781,-0.165543,0.041651,0.942803,0.630159,0.110719,0.096549,0.545387,0.079205,-0.084583,0.04452799999999999,2.597179,0.813481,0.165581,0.11530999999999998,-0.137782,-0.688888,-2.369868,0.08634199999999999,0.810543,0.415089,0.10610199999999999,0.075986,0.570468,0.047728,-0.09200800000000002,0.050984,both
Tripura,Urad,2018,Rabi,tripura,2018,rabi,Tripura,Maize; Moong(Green Gram),Maize,Rabi,23.7750823,91.7025091,2018-11-01,2019-04-28,28.0,Sentinel-2 SR,0.6,0.05,datasets\test_images\2018\rgb\tripura_2018_maize_rabi_rgb.png,datasets\test_images\2018\ndvi\tripura_2018_maize_rabi_ndvi.png,0.165,0.030946,0.0126,0.010765,0.92459,0.394415,-0.044908,0.091087,0.2432,0.050317,0.0204,0.014041,0.89195,0.708873,-0.175068,0.124028,0.296483,-0.653057,-0.818389,0.089411,0.7408,0.240141,0.03635,0.045176,0.3096,0.041104,0.0128,0.02059,both
Uttar Pradesh,Urad,2018,Kharif,uttar pradesh,2018,kharif,Uttar Pradesh,Maize; Moong(Green Gram); Rice,Maize,Kharif,27.1303344,80.859666,2018-07-01,2018-10-28,7.0,Sentinel-2 SR,0.6,0.05,datasets\test_images\2018\rgb\uttar_pradesh_2018_maize_kharif_rgb.png,datasets\test_images\2018\ndvi\uttar_pradesh_2018_maize_kharif_ndvi.png,0.2776,0.054958,0.0133,0.024790999999999997,0.854469,0.3438860000000001,-0.34739499999999995,0.130416,0.3127,0.089188,0.023500000000000004,0.030979999999999997,0.892761,0.523921,-0.359923,0.197323,0.434701,-0.52165,-0.821675,0.150923,0.5791,0.286601,0.031,0.04856,0.337,0.09071800000000001,0.01935,0.045839,both
Uttar Pradesh,Urad,2018,Summer,uttar pradesh,2018,summer,Uttar Pradesh,Maize; Moong(Green Gram); Rice,Maize,Summer,27.1303344,80.859666,2018-03-01,2018-06-28,37.0,Sentinel-2 SR,0.6,0.25,datasets\test_images\2018\rgb\uttar_pradesh_2018_maize_summer_rgb.png,datasets\test_images\2018\ndvi\uttar_pradesh_2018_maize_summer_ndvi.png,0.5056,0.06392,0.0,0.034268,3.819396,0.200004,-1.4966420000000002,0.085745,0.5358,0.10629899999999999,0.0,0.041055,1.0,0.33705,-0.653509,0.166416,0.805179,-0.43594,-1.0,0.12452,0.5736,0.272779,0.0079,0.03778,0.552,0.135481,0.0,0.055498,both
Uttarakhand,Urad,2018,Kharif,uttarakhand,2018,kharif,Uttarakhand,Maize; Moong(Green Gram); Rice,Maize,Kharif,30.0417376,79.089691,2018-07-01,2018-10-28,3.0,Sentinel-2 SR,0.6,0.05,datasets\test_images\2018\rgb\uttarakhand_2018_maize_kharif_rgb.png,datasets\test_images\2018\ndvi\uttarakhand_2018_maize_kharif_ndvi.png,0.2831,0.032785,0.004,0.017204,0.868148,0.398642,0.055831,0.10224700000000002,0.309,0.054975,0.0082,0.023189,0.9254479999999999,0.7011280000000001,0.036494,0.164327,-0.056068,-0.658958,-0.87155,0.105397,0.6196,0.259234,0.055,0.052754,0.3309,0.048116,0.0047,0.034097,both
Uttarakhand,Urad,2018,Summer,uttarakhand,2018,summer,Uttarakhand,Maize; Rice,Maize,Summer,30.0417376,79.089691,2018-03-01,2018-06-28,48.0,Sentinel-2 SR,0.6,0.25,datasets\test_images\2018\rgb\uttarakhand_2018_maize_summer_rgb.png,datasets\test_images\2018\ndvi\uttarakhand_2018_maize_summer_ndvi.png,0.6558,0.046754,0.0,0.022916,1.085302,0.310401,-0.383752,0.108978,0.6304,0.07713,0.0,0.027225,1.0,0.521194,-0.90658,0.176752,0.925083,-0.547069,-1.0,0.122371,0.79615,0.258399,0.0027,0.048469,0.6638,0.08404,0.0,0.039914,both
West Bengal,Urad,2018,Kharif,west bengal,2018,kharif,West Bengal,Moong(Green Gram); Rice,Moong(Green Gram),Kharif,22.9964948,87.6855882,2018-07-01,2018-10-28,3.0,Sentinel-2 SR,0.6,0.05,datasets\test_images\2018\rgb\west_bengal_2018_moong_green_gram_kharif_rgb.png,datasets\test_images\2018\ndvi\west_bengal_2018_moong_green_gram_kharif_ndvi.png,0.3625,0.041199,0.0126,0.023005,0.806567,0.477398,-0.142544,0.144165,0.4313,0.070149,0.0265,0.031476,0.902633,0.697756,-0.411266,0.192291,0.434426,-0.622217,-0.823501,0.151883,0.5658,0.309809,0.0344,0.0567,0.4523,0.055887,0.0192,0.047049,both
West Bengal,Urad,2018,Rabi,west bengal,2018,rabi,West Bengal,Maize; Moong(Green Gram),Maize,Rabi,22.9964948,87.6855882,2018-11-01,2019-04-28,29.0,Sentinel-2 SR,0.6,0.05,datasets\test_images\2018\rgb\west_bengal_2018_maize_rabi_rgb.png,datasets\test_images\2018\ndvi\west_bengal_2018_maize_rabi_ndvi.png,0.2841,0.064234,0.0142,0.021318,0.645917,0.242357,-0.182036,0.091135,0.3424,0.099558,0.03,0.027585,0.795601,0.378597,-0.385918,0.132488,0.487066,-0.408578,-0.745052,0.103663,0.4656,0.254536,0.0254,0.048208,0.3851,0.106786,0.0252,0.040389,both
Arunachal Pradesh,Urad,2019,Kharif,arunachal pradesh,2019,kharif,Arunachal Pradesh,Maize; Moong(Green Gram); Rice,Maize,Kharif,28.093770200000005,94.5921326,2019-07-01,2019-10-28,11.0,Sentinel-2 SR,0.6,0.05,datasets\test_images\2019\rgb\arunachal_pradesh_2019_maize_kharif_rgb.png,datasets\test_images\2019\ndvi\arunachal_pradesh_2019_maize_kharif_ndvi.png,0.1803,0.033321,0.007,0.008175,1.050602,0.61299,0.015303000000000002,0.10213299999999999,0.22440000000000002,0.057202,0.017,0.012941,0.9231700000000002,0.834561,0.08677799999999998,0.056473,0.069666,-0.7180909999999999,-0.829068,0.047327,0.74415,0.353029,0.041699999999999994,0.067042,0.2361,0.0311,0.0095,0.01032,both
Arunachal Pradesh,Urad,2019,Rabi,arunachal pradesh,2019,rabi,Arunachal Pradesh,Urad,Urad,Rabi,28.0937702,94.5921326,2019-11-01,2020-04-28,46.0,Sentinel-2 SR,0.6,0.25,datasets\test_images\2019\rgb\arunachal_pradesh_2019_urad_rabi_rgb.png,datasets\test_images\2019\ndvi\arunachal_pradesh_2019_urad_rabi_ndvi.png,1.6084,0.027913,0.0001,0.019918,1.409569,0.430692,-0.957861,0.117618,1.6024,0.043293,0.0,0.021314,1.0,0.774666,-0.376526,0.113294,0.503749,-0.693074,-1.0,0.097383,1.5364,0.243146,0.01285,0.068341,1.5688,0.029972,0.0,0.021567,both
Bihar,Urad,2019,Kharif,bihar,2019,kharif,Bihar,Moong(Green Gram); Rice,Moong(Green Gram),Kharif,25.6440845,85.906508,2019-07-01,2019-10-28,9.0,Sentinel-2 SR,0.6,0.05,datasets\test_images\2019\rgb\bihar_2019_moong_green_gram_kharif_rgb.png,datasets\test_images\2019\ndvi\bihar_2019_moong_green_gram_kharif_ndvi.png,0.2532,0.082813,0.0034,0.023315,2.066629,0.479381,-0.128827,0.138603,0.2755,0.110522,0.02185,0.024654,0.929331,0.577265,-0.382781,0.143926,0.482222,-0.499355,-0.821106,0.118283,0.5794,0.333488,0.0088,0.057784,0.29675,0.087569,0.0122,0.030337,both
Chhattisgarh,Urad,2019,Kharif,chhattisgarh,2019,kharif,Chhattisgarh,Maize; Moong(Green Gram); Rice,Maize,Kharif,21.663735899999995,81.8406351,2019-07-01,2019-10-28,12.0,Sentinel-2 SR,0.6,0.05,datasets\test_images\2019\rgb\chhattisgarh_2019_maize_kharif_rgb.png,datasets\test_images\2019\ndvi\chhattisgarh_2019_maize_kharif_ndvi.png,0.2316,0.102684,0.0497,0.018203,1.132535,0.457586,-0.165848,0.174296,0.2801,0.123381,0.0521,0.019643,0.845881,0.47085099999999996,-0.290618,0.141645,0.23199099999999998,-0.397638,-0.7243340000000001,0.100533,0.6114,0.300278,0.055299999999999995,0.059824999999999996,0.3161,0.10762,0.0305,0.029558,both
Chhattisgarh,Urad,2019,Rabi,chhattisgarh,2019,rabi,Chhattisgarh,Moong(Green Gram); Urad,Moong(Green Gram),Rabi,21.6637359,81.8406351,2019-11-01,2020-04-28,188.0,Sentinel-2 SR,0.6,0.25,datasets\test_images\2019\rgb\chhattisgarh_2019_moong(green_gram)_rabi_rgb.png,datasets\test_images\2019\ndvi\chhattisgarh_2019_moong(green_gram)_rabi_ndvi.png,0.3781,0.069297,0.021,0.01288,2.526674,0.237261,-0.267771,0.077269,0.4239,0.093285,0.02055,0.015449,0.859772,0.371653,-0.571911,0.118789,0.76,-0.409671,-0.764948,0.108942,0.5109,0.233207,0.0045,0.03982,0.4669,0.101766,0.0142,0.026379,both
Gujarat,Urad,2019,Kharif,gujarat,2019,kharif,Gujarat,Maize; Moong(Green Gram); Rice,Maize,Kharif,22.3850051,71.745261,2019-07-01,2019-10-28,21.0,Sentinel-2 SR,0.6,0.05,datasets\test_images\2019\rgb\gujarat_2019_maize_kharif_rgb.png,datasets\test_images\2019\ndvi\gujarat_2019_maize_kharif_ndvi.png,0.4335,0.064375,0.0311,0.019709,1.25621,0.421726,-0.141209,0.172339,0.4573,0.089736,0.04835,0.019775,0.8823060000000001,0.575978,-0.329598,0.193057,0.466142,-0.516779,-0.780309,0.149964,0.5654,0.290945,0.029,0.070027,0.4657,0.075527,0.0244,0.030572,both
Gujarat,Urad,2019,Summer,gujarat,2019,summer,Gujarat,Maize; Moong(Green Gram); Rice,Maize,Summer,22.3850051,71.745261,2019-03-01,2019-06-28,136.0,Sentinel-2 SR,0.6,0.25,datasets\test_images\2019\rgb\gujarat_2019_maize_summer_rgb.png,datasets\test_images\2019\ndvi\gujarat_2019_maize_summer_ndvi.png,0.5022,0.089669,0.024500000000000004,0.023044,0.7830470000000002,0.1069,-0.125338,0.054948,0.5386,0.11949,0.0354,0.02785,0.819858,0.166096,-0.405796,0.07302,0.502122,-0.305858,-0.739103,0.065241,0.5904,0.22807,0.0255,0.04897100000000001,0.5785,0.158697,0.03025,0.035024,both
Haryana,Urad,2019,Kharif,haryana,2019,kharif,Haryana,Maize; Moong(Green Gram); Rice,Maize,Kharif,29.0,76.0,2019-07-01,2019-10-28,72.0,Sentinel-2 SR,0.6,0.05,datasets\test_images\2019\rgb\haryana_2019_maize_kharif_rgb.png,datasets\test_images\2019\ndvi\haryana_2019_maize_kharif_ndvi.png,0.37589999999999996,0.078375,0.0214,0.028367,1.262105,0.328685,-0.041511,0.153721,0.4431,0.11414,0.045500000000000006,0.03061,0.852764,0.442515,-0.166932,0.19960199999999997,0.34825899999999993,-0.452156,-0.7610259999999999,0.138935,0.4802,0.300119,0.0514,0.035944,0.4677,0.115749,0.025899999999999996,0.049077,both
Himachal Pradesh,Urad,2019,Kharif,himachal pradesh,2019,kharif,Himachal Pradesh,Maize; Moong(Green Gram); Rice,Maize,Kharif,31.929235200000004,77.1828462,2019-07-01,2019-10-28,32.0,Sentinel-2 SR,0.6,0.05,datasets\test_images\2019\rgb\himachal_pradesh_2019_maize_kharif_rgb.png,datasets\test_images\2019\ndvi\himachal_pradesh_2019_maize_kharif_ndvi.png,0.5448,0.037916,0.00245,0.020798,1.154433,0.435645,-0.247138,0.130025,0.5672,0.064705,0.0029,0.026714,0.955591,0.69802,-0.440823,0.153489,0.469273,-0.618377,-0.876758,0.124123,0.9704,0.276129,0.0267,0.079229,0.536,0.049376,0.0012,0.028808,both
Jharkhand,Urad,2019,Kharif,jharkhand,2019,kharif,Jharkhand,Maize; Moong(Green Gram); Rice,Maize,Kharif,23.4559809,85.2557301,2019-07-01,2019-10-28,16.0,Sentinel-2 SR,0.6,0.05,datasets\test_images\2019\rgb\jharkhand_2019_maize_kharif_rgb.png,datasets\test_images\2019\ndvi\jharkhand_2019_maize_kharif_ndvi.png,0.2918,0.072998,0.01595,0.02188,1.011575,0.518594,-0.268792,0.14219,0.3568,0.102068,0.0174,0.024722000000000004,0.903584,0.625542,-0.397359,0.144074,0.49877,-0.544253,-0.792109,0.106873,0.6027,0.353772,0.03115,0.055376,0.3869,0.080425,0.00875,0.034337,both
Madhya Pradesh,Urad,2019,Kharif,madhya pradesh,2019,kharif,Madhya Pradesh,Maize; Moong(Green Gram); Rice,Maize,Kharif,23.8143419,77.5340719,2019-07-01,2019-10-28,8.0,Sentinel-2 SR,0.6,0.05,datasets\test_images\2019\rgb\madhya_pradesh_2019_maize_kharif_rgb.png,datasets\test_images\2019\ndvi\madhya_pradesh_2019_maize_kharif_ndvi.png,0.39494999999999997,0.06144,0.0282,0.014622000000000001,0.790578,0.229347,-0.161067,0.142376,0.4052,0.084387,0.03595,0.016193,0.86024,0.355926,-0.429185,0.226348,0.586098,-0.356857,-0.748566,0.255036,0.5047,0.206287,0.0105,0.071815,0.4046,0.082292,0.02025,0.026275000000000003,both
Madhya Pradesh,Urad,2019,Summer,madhya pradesh,2019,summer,Madhya Pradesh,Maize; Moong(Green Gram); Rice,Maize,Summer,23.8143419,77.5340719,2019-03-01,2019-06-28,24.0,Sentinel-2 SR,0.6,0.25,datasets\test_images\2019\rgb\madhya_pradesh_2019_maize_summer_rgb.png,datasets\test_images\2019\ndvi\madhya_pradesh_2019_maize_summer_ndvi.png,0.7589,0.090972,0.0319,0.015431,0.833414,0.107138,-0.159711,0.042025,0.7947000000000001,0.12135999999999998,0.04345000000000001,0.020349,0.728269,0.164307,-0.36754,0.058764000000000004,0.404171,-0.289703,-0.66089,0.06212700000000001,0.7732,0.23324200000000003,0.0331,0.046575,0.8093,0.158428,0.0471,0.029427,both
Maharashtra,Urad,2019,Kharif,maharashtra,2019,kharif,Maharashtra,Maize; Moong(Green Gram); Rice,Maize,Kharif,19.5670323,76.4164557,2019-07-01,2019-10-28,9.0,Sentinel-2 SR,0.6,0.05,datasets\test_images\2019\rgb\maharashtra_2019_maize_kharif_rgb.png,datasets\test_images\2019\ndvi\maharashtra_2019_maize_kharif_ndvi.png,0.226,0.09319300000000001,0.0257,0.013764,1.06637,0.455923,-0.151684,0.212781,0.2676,0.110267,0.0255,0.014203,0.880474,0.500424,-0.42696400000000007,0.23209099999999996,0.582018,-0.415268,-0.792174,0.237461,0.621,0.299264,0.0299,0.09270099999999999,0.2763,0.08789200000000001,0.013,0.018652,both
Nagaland,Urad,2019,Rabi,nagaland,2019,rabi,Nagaland,Maize; Rice,Maize,Rabi,26.1630556,94.5884911,2019-11-01,2020-04-28,58.0,Sentinel-2 SR,0.6,0.05,datasets\test_images\2019\rgb\nagaland_2019_maize_rabi_rgb.png,datasets\test_images\2019\ndvi\nagaland_2019_maize_rabi_ndvi.png,0.1747,0.028744,0.0072,0.010936,1.088619,0.46773,0.050154,0.113919,0.1933,0.04596,0.011,0.013835,0.913233,0.768009,0.079314,0.098818,-0.120787,-0.707344,-0.843609,0.069134,0.8762,0.276145,0.08075,0.067424,0.22825,0.034523,0.0058,0.015727,both
Odisha,Urad,2019,Autumn,odisha,2019,autumn,Odisha,Maize; Moong(Green Gram); Rice,Maize,Autumn,20.5431241,84.6897321,2019-07-01,2019-10-28,37.0,Sentinel-2 SR,0.6,0.25,datasets\test_images\2019\rgb\odisha_2019_maize_autumn_rgb.png,datasets\test_images\2019\ndvi\odisha_2019_maize_autumn_ndvi.png,0.2675,0.052583,0.0138,0.014279,1.344866,0.566281,-0.224935,0.157526,0.30025,0.075759,0.0222,0.018658,0.9041070000000001,0.725244,-0.54307,0.188061,0.584014,-0.611244,-0.8027539999999999,0.160379,0.97045,0.330237,0.02055,0.06695,0.3753,0.048569,0.0112,0.025238,both
Odisha,Urad,2019,Summer,odisha,2019,summer,Odisha,Maize; Moong(Green Gram); Rice,Maize,Summer,20.5431241,84.6897321,2019-03-01,2019-06-28,78.0,Sentinel-2 SR,0.6,0.25,datasets\test_images\2019\rgb\odisha_2019_maize_summer_rgb.png,datasets\test_images\2019\ndvi\odisha_2019_maize_summer_ndvi.png,0.28975,0.05143699999999999,0.01725,0.017984,2.500315,0.328237,-0.226492,0.101231,0.3109,0.08672,0.029275,0.022023,0.881205,0.530914,-0.746162,0.167334,0.8014899999999999,-0.524316,-0.78912,0.12978,0.63375,0.266599,0.0062,0.044182,0.38075,0.082578,0.01915,0.038646,both
Odisha,Urad,2019,Winter,odisha,2019,winter,Odisha,Maize; Moong(Green Gram); Rice,Maize,Winter,20.5431241,84.6897321,2019-07-01,2019-10-28,37.0,Sentinel-2 SR,0.6,0.25,datasets\test_images\2019\rgb\odisha_2019_maize_winter_rgb.png,datasets\test_images\2019\ndvi\odisha_2019_maize_winter_ndvi.png,0.2675,0.052583,0.0138,0.014279,1.344866,0.566281,-0.224935,0.157526,0.30025,0.075759,0.0222,0.018658,0.9041070000000001,0.725244,-0.54307,0.188061,0.584014,-0.611244,-0.8027539999999999,0.160379,0.97045,0.330237,0.02055,0.06695,0.3753,0.048569,0.0112,0.025238,both
Punjab,Urad,2019,Kharif,punjab,2019,kharif,Punjab,Maize; Moong(Green Gram); Rice,Maize,Kharif,30.9293211,75.5004841,2019-07-01,2019-10-28,19.0,Sentinel-2 SR,0.6,0.05,datasets\test_images\2019\rgb\punjab_2019_maize_kharif_rgb.png,datasets\test_images\2019\ndvi\punjab_2019_maize_kharif_ndvi.png,0.2788,0.073519,0.0206,0.020006,0.83948,0.460076,-0.064237,0.158974,0.3142,0.09797499999999999,0.0534,0.020116,0.842349,0.59363,-0.129376,0.186841,0.134694,-0.527783,-0.731499,0.145029,0.5028,0.316707,0.078,0.056722,0.3448,0.079439,0.0326,0.030286999999999998,both
Telangana,Urad,2019,Kharif,telangana,2019,kharif,Telangana,Maize; Moong(Green Gram); Rice,Maize,Kharif,17.8495919,79.1151663,2019-07-01,2019-10-28,22.0,Sentinel-2 SR,0.6,0.05,datasets\test_images\2019\rgb\telangana_2019_maize_kharif_rgb.png,datasets\test_images\2019\ndvi\telangana_2019_maize_kharif_ndvi.png,0.36599999999999994,0.069882,0.0025,0.021288,0.948832,0.478339,-0.157981,0.155597,0.4006,0.103644,0.0030000000000000005,0.022656,0.947723,0.583341,-0.955556,0.173265,0.9655169999999998,-0.523991,-0.814124,0.150668,0.62165,0.350333,0.0001,0.077428,0.3917,0.088048,0.0003,0.03512,both
Telangana,Urad,2019,Rabi,telangana,2019,rabi,Telangana,Maize; Moong(Green Gram); Rice,Maize,Rabi,17.8495919,79.1151663,2019-11-01,2020-04-28,63.0,Sentinel-2 SR,0.6,0.05,datasets\test_images\2019\rgb\telangana_2019_maize_rabi_rgb.png,datasets\test_images\2019\ndvi\telangana_2019_maize_rabi_ndvi.png,0.2641,0.070806,0.03115,0.013411,0.64283,0.23154299999999997,-0.078218,0.078003,0.3083,0.095418,0.0357,0.017497,0.771093,0.354063,-0.365639,0.122744,0.535565,-0.409381,-0.677651,0.122747,0.42619999999999997,0.242092,0.011500000000000002,0.04535,0.3272,0.107698,0.0263,0.031054,both
Tripura,Urad,2019,Kharif,tripura,2019,kharif,Tripura,Maize; Moong(Green Gram); Rice,Maize,Kharif,23.775082299999998,91.7025091,2019-07-01,2019-10-28,10.0,Sentinel-2 SR,0.6,0.05,datasets\test_images\2019\rgb\tripura_2019_maize_kharif_rgb.png,datasets\test_images\2019\ndvi\tripura_2019_maize_kharif_ndvi.png,0.1784,0.051507,0.0088,0.017604,1.287445,0.659906,-0.09840900000000001,0.114974,0.2585,0.073976,0.0155,0.018578,0.920737,0.788351,-0.122656,0.09015,0.16880799999999999,-0.668558,-0.8219850000000001,0.079473,0.6831,0.3755089999999999,0.044000000000000004,0.063237,0.3048,0.043775,0.006599999999999999,0.01741,both
Tripura,Urad,2019,Rabi,tripura,2019,rabi,Tripura,Maize; Moong(Green Gram),Maize,Rabi,23.7750823,91.7025091,2019-11-01,2020-04-28,26.0,Sentinel-2 SR,0.6,0.05,datasets\test_images\2019\rgb\tripura_2019_maize_rabi_rgb.png,datasets\test_images\2019\ndvi\tripura_2019_maize_rabi_ndvi.png,0.1393,0.039243,0.0198,0.010777,0.829998,0.391601,-0.016402,0.085132,0.20055,0.057367,0.028,0.013489,0.866467,0.663995,-0.065628,0.112685,0.165552,-0.60767,-0.76921,0.080696,0.5437,0.240927,0.0465,0.03834,0.2501,0.047719,0.0188,0.019676,both
Uttar Pradesh,Urad,2019,Kharif,uttar pradesh,2019,kharif,Uttar Pradesh,Maize; Moong(Green Gram); Rice,Maize,Kharif,27.1303344,80.859666,2019-07-01,2019-10-28,24.0,Sentinel-2 SR,0.6,0.05,datasets\test_images\2019\rgb\uttar_pradesh_2019_maize_kharif_rgb.png,datasets\test_images\2019\ndvi\uttar_pradesh_2019_maize_kharif_ndvi.png,0.3671,0.065961,0.0217,0.019961,0.873313,0.446064,-0.429359,0.125931,0.3629,0.093369,0.0328,0.02383,0.889285,0.59225,-0.265487,0.158433,0.36534400000000006,-0.532924,-0.801927,0.127479,0.5491,0.308463,0.0369,0.047314,0.32865,0.07915,0.0212,0.031991,both
Uttar Pradesh,Urad,2019,Summer,uttar pradesh,2019,summer,Uttar Pradesh,Maize; Moong(Green Gram); Rice,Maize,Summer,27.1303344,80.859666,2019-03-01,2019-06-28,110.0,Sentinel-2 SR,0.6,0.25,datasets\test_images\2019\rgb\uttar_pradesh_2019_maize_summer_rgb.png,datasets\test_images\2019\ndvi\uttar_pradesh_2019_maize_summer_ndvi.png,0.6002,0.087515,0.0161,0.0325,2.116697,0.228463,-1.41242,0.099558,0.6317,0.125616,0.0238,0.037532,0.847889,0.329493,-0.267388,0.158914,0.40650499999999995,-0.389794,-0.756456,0.109862,0.6481,0.296303,0.0295,0.03508,0.64465,0.14631,0.0182,0.05428,both
Uttarakhand,Urad,2019,Kharif,uttarakhand,2019,kharif,Uttarakhand,Maize; Moong(Green Gram); Rice,Maize,Kharif,30.0417376,79.089691,2019-07-01,2019-10-28,11.0,Sentinel-2 SR,0.6,0.05,datasets\test_images\2019\rgb\uttarakhand_2019_maize_kharif_rgb.png,datasets\test_images\2019\ndvi\uttarakhand_2019_maize_kharif_ndvi.png,0.20010000000000003,0.041361,0.00545,0.016754,0.9753599999999999,0.45354,0.04444,0.112257,0.2337,0.062374000000000006,0.0074,0.023405,0.897738,0.714811,0.099259,0.118813,-0.106628,-0.635248,-0.8142809999999999,0.08630699999999998,0.61625,0.275993,0.0333,0.064481,0.2691,0.046982,0.0052,0.02514,both
Uttarakhand,Urad,2019,Summer,uttarakhand,2019,summer,Uttarakhand,Maize; Moong(Green Gram); Rice,Maize,Summer,30.0417376,79.089691,2019-03-01,2019-06-28,132.0,Sentinel-2 SR,0.6,0.25,datasets\test_images\2019\rgb\uttarakhand_2019_maize_summer_rgb.png,datasets\test_images\2019\ndvi\uttarakhand_2019_maize_summer_ndvi.png,0.5248,0.046128,5e-05,0.022679,0.992883,0.343294,-0.344824,0.12635,0.5728,0.07947,0.0001,0.02527,0.9887640000000001,0.54555,-0.726516,0.17137900000000003,0.770042,-0.552247,-0.994366,0.11894500000000001,0.7208,0.275781,0.0075,0.056747,0.5992,0.080124,0.0002,0.037457,both
West Bengal,Urad,2019,Kharif,west bengal,2019,kharif,West Bengal,Moong(Green Gram); Rice,Moong(Green Gram),Kharif,22.9964948,87.6855882,2019-07-01,2019-10-28,11.0,Sentinel-2 SR,0.6,0.05,datasets\test_images\2019\rgb\west_bengal_2019_moong_green_gram_kharif_rgb.png,datasets\test_images\2019\ndvi\west_bengal_2019_moong_green_gram_kharif_ndvi.png,0.2818,0.074666,0.0361,0.016668,0.901514,0.513346,-0.164758,0.137888,0.3208,0.095559,0.0418,0.022351,0.856746,0.632443,-0.274862,0.151559,0.360381,-0.526577,-0.755075,0.123838,0.5367,0.31229,0.0522,0.050592,0.3801,0.06989,0.0295,0.032238,both
West Bengal,Urad,2019,Rabi,west bengal,2019,rabi,West Bengal,Maize; Moong(Green Gram),Maize,Rabi,22.9964948,87.6855882,2019-11-01,2020-04-28,29.0,Sentinel-2 SR,0.6,0.05,datasets\test_images\2019\rgb\west_bengal_2019_maize_rabi_rgb.png,datasets\test_images\2019\ndvi\west_bengal_2019_maize_rabi_ndvi.png,0.2206,0.07206,0.0311,0.017829,0.605604,0.271068,-0.158045,0.090982,0.28545,0.105161,0.0404,0.023533,0.773174,0.4193,-0.419147,0.124803,0.458233,-0.405696,-0.687805,0.094308,0.43755,0.261886,0.0381,0.044472,0.36765,0.103102,0.0346,0.034075,both
Uttarakhand,Urad,2020,Kharif,uttarakhand,2020,kharif,Uttarakhand,Maize; Moong(Green Gram); Rice,Maize,Kharif,30.0417376,79.089691,2020-07-01,2020-10-28,14.0,Sentinel-2 SR,0.6,0.05,datasets\test_images\2020\rgb\uttarakhand_2020_maize_kharif_rgb.png,datasets\test_images\2020\ndvi\uttarakhand_2020_maize_kharif_ndvi.png,0.23040000000000002,0.037449,0.0068,0.019523,0.89565,0.415553,0.073653,0.11255,0.2805,0.05893,0.00985,0.026331000000000004,0.909147,0.681204,0.07296,0.175135,-0.08969500000000001,-0.642701,-0.8334259999999999,0.116327,0.64055,0.269864,0.0791,0.05183200000000001,0.3244,0.05389,0.0057,0.03787,both
Uttarakhand,Urad,2020,Summer,uttarakhand,2020,summer,Uttarakhand,Maize; Moong(Green Gram); Rice,Maize,Summer,30.0417376,79.089691,2020-03-01,2020-06-28,120.0,Sentinel-2 SR,0.6,0.25,datasets\test_images\2020\rgb\uttarakhand_2020_maize_summer_rgb.png,datasets\test_images\2020\ndvi\uttarakhand_2020_maize_summer_ndvi.png,0.5246,0.043664,0.0001,0.020771,1.627434,0.3597270000000001,-1.63425,0.102773,0.5268,0.076809,0.0037,0.024052,0.920724,0.584,-0.714518,0.155256,0.818705,-0.56677,-0.862969,0.109556,1.0119,0.27551,0.00795,0.049789,0.5734,0.072579,0.0022,0.033449,both
Andhra Pradesh,Urad,1999,Kharif,andhra pradesh,1999,kharif,Andhra Pradesh,Maize; Moong(Green Gram); Rice,Maize,Kharif,15.9240905,80.1863809,1999-07-01,1999-10-28,3.0,Landsat 5/7 SR,0.6,0.05,datasets\test_images\1999\rgb\andhra_pradesh_1999_maize_kharif_rgb.png,datasets\test_images\1999\ndvi\andhra_pradesh_1999_maize_kharif_ndvi.png,0.21926499999999996,0.060575,0.014967,0.01631,1.56881,0.309898,-0.197315,0.17234800000000003,0.24979000000000004,0.08659100000000002,0.018405,0.020449,0.955584,0.461509,-0.385947,0.17848,0.45473500000000006,-0.469073,-0.918967,0.134721,1.602213,0.255275,0.026133,0.08803100000000001,0.26354,0.088275,0.008697,0.029328000000000003,both
Andhra Pradesh,Urad,1999,Rabi,andhra pradesh,1999,rabi,Andhra Pradesh,Maize; Moong(Green Gram); Rice,Maize,Rabi,15.9240905,80.1863809,1999-11-01,2000-04-28,6.0,Landsat 5/7 SR,0.6,0.05,datasets\test_images\1999\rgb\andhra_pradesh_1999_maize_rabi_rgb.png,datasets\test_images\1999\ndvi\andhra_pradesh_1999_maize_rabi_ndvi.png,0.129148,0.05970899999999999,0.031468,0.011635,0.704253,0.310769,-0.062231,0.086775,0.174385,0.082842,0.041642,0.014342,0.820008,0.472647,-0.173948,0.110788,0.24175500000000003,-0.499828,-0.762188,0.081363,0.43321499999999996,0.266032,0.059036,0.034509,0.209888,0.091016,0.034974,0.022344,both
Jammu and Kashmir,Urad,2001,Kharif,jammu and kashmir,2001,kharif,Jammu and Kashmir,Maize; Moong(Green Gram); Rice,Maize,Kharif,33.6649297,75.1629584,2001-07-01,2001-10-28,9.0,Landsat 5/7 SR,0.6,0.05,datasets\test_images\2001\rgb\jammu_and_kashmir_2001_maize_kharif_rgb.png,datasets\test_images\2001\ndvi\jammu_and_kashmir_2001_maize_kharif_ndvi.png,0.12549,0.047745,0.020577,0.010967,0.691517,0.375786,0.076268,0.08350399999999998,0.163055,0.076218,0.031509,0.018639,0.806222,0.562512,0.11434,0.107381,-0.158523,-0.563263,-0.7539859999999999,0.07931,0.452382,0.287614,0.141605,0.043763,0.21261,0.079203,0.02451,0.025051,both
Jammu and Kashmir,Urad,2002,Kharif,jammu and kashmir,2002,kharif,Jammu and Kashmir,Maize; Moong(Green Gram); Rice,Maize,Kharif,33.6649297,75.1629584,2002-07-01,2002-10-28,7.0,Landsat 5/7 SR,0.6,0.05,datasets\test_images\2002\rgb\jammu_and_kashmir_2002_maize_rgb.png,datasets\test_images\2002\ndvi\jammu_and_kashmir_2002_maize_ndvi.png,0.122273,0.048787,0.020577,0.012872,0.557183,0.276995,0.04988,0.074917,0.16058,0.073434,0.03276,0.018083,0.8169080000000001,0.47978000000000004,0.086281,0.134257,-0.1333,-0.517438,-0.754314,0.09386,0.3697730000000001,0.235915,0.127717,0.026057,0.21358599999999997,0.081567,0.025335,0.027821,both
Puducherry,Urad,2002,Rabi,puducherry,2002,rabi,Puducherry,Moong(Green Gram); Urad,Moong(Green Gram),Rabi,10.9156489,79.8069488,2002-11-01,2003-04-28,14.0,Landsat 5/7 SR T1/T2,0.6,0.25,datasets\test_images\2002\rgb\puducherry_2002_moong(green_gram)_rabi_rgb.png,datasets\test_images\2002\ndvi\puducherry_2002_moong(green_gram)_rabi_ndvi.png,1.602213,0.062081,0.005851,0.020219,1.059678,0.202655,-1.221524,0.214423,0.436405,0.07234,0.007735,0.03235,3.622615,0.239793,-17.780193,0.359811,6.248066,-0.134111,-1.038012,0.453705,0.573135,0.17223,0.00064,0.13368,0.45065,0.062517,0.001864,0.039534,both
Uttar Pradesh,Urad,2002,Kharif,uttar pradesh,2002,kharif,Uttar Pradesh,Maize; Moong(Green Gram); Rice,Maize,Kharif,27.1303344,80.859666,2002-07-01,2002-10-28,3.0,Landsat 5/7 SR,0.6,0.05,datasets\test_images\2002\rgb\uttar_pradesh_2002_maize_rgb.png,datasets\test_images\2002\ndvi\uttar_pradesh_2002_maize_ndvi.png,0.172515,0.085208,0.047321,0.016506,0.6705450000000001,0.316361,-0.012822,0.08442500000000001,0.233428,0.12435,0.06147,0.023679999999999996,0.747645,0.43691299999999994,-0.019635,0.10726399999999998,-0.02828,-0.443254,-0.687545,0.081187,0.421583,0.308716,0.104535,0.029548,0.270827,0.130463,0.044805000000000005,0.033465,both
Uttar Pradesh,Urad,2002,Summer,uttar pradesh,2002,summer,Uttar Pradesh,Moong(Green Gram); Rice,Moong(Green Gram),Summer,27.1303344,80.859666,2002-03-01,2002-06-28,2.0,Landsat 5/7 SR,0.6,0.05,datasets\test_images\2002\rgb\uttar_pradesh_2002_moong_green_gram_summer_rgb.png,datasets\test_images\2002\ndvi\uttar_pradesh_2002_moong_green_gram_summer_ndvi.png,0.158078,0.124901,0.070518,0.009803,0.363338,0.167478,-0.006736,0.03867,0.225095,0.17376,0.096697,0.015079,0.488341,0.208233,-0.011899,0.050086,-0.030333,-0.277996,-0.474083,0.036285,0.354139,0.305643,0.134043,0.017293,0.265314,0.20116,0.09502,0.022909,both
Jammu and Kashmir,Urad,2003,Kharif,jammu and kashmir,2003,kharif,Jammu and Kashmir,Maize; Moong(Green Gram); Rice,Maize,Kharif,33.6649297,75.1629584,2003-07-01,2003-10-28,9.0,Landsat 5/7 SR,0.6,0.05,datasets\test_images\2003\rgb\jammu_and_kashmir_2003_maize_rgb.png,datasets\test_images\2003\ndvi\jammu_and_kashmir_2003_maize_ndvi.png,0.134153,0.044161,0.020165,0.012047,0.712848,0.364121,0.047193000000000006,0.100634,0.160676,0.068658,0.031495,0.016747,0.889352,0.591076,0.069647,0.141503,-0.12117700000000002,-0.592987,-0.811814,0.10063099999999998,0.423287,0.259891,0.101235,0.039948,0.203232,0.069946,0.022723000000000004,0.0257,both
Jammu and Kashmir,Urad,2004,Kharif,jammu and kashmir,2004,kharif,Jammu and Kashmir,Maize; Moong(Green Gram); Rice,Maize,Kharif,33.6649297,75.1629584,2004-07-01,2004-10-28,16.0,Landsat 5/7 SR,0.6,0.05,datasets\test_images\2004\rgb\jammu_and_kashmir_2004_maize_rgb.png,datasets\test_images\2004\ndvi\jammu_and_kashmir_2004_maize_ndvi.png,0.127484,0.038381,0.01824,0.013415000000000002,0.726997,0.39196500000000006,0.04849699999999999,0.127602,0.178538,0.061053,0.03265,0.015371000000000001,0.894962,0.639238,0.084168,0.175346,-0.159205,-0.61772,-0.8207299999999998,0.12150500000000002,0.428925,0.260946,0.110475,0.046551,0.23637,0.056934000000000005,0.021939,0.025946,both
Odisha,Urad,2004,Autumn,odisha,2004,autumn,Odisha,Maize; Moong(Green Gram); Rice,Maize,Autumn,20.5431241,84.6897321,2004-07-01,2004-10-28,7.0,Landsat 5/7 SR,0.6,0.05,datasets\test_images\2004\rgb\odisha_2004_maize_rgb.png,datasets\test_images\2004\ndvi\odisha_2004_maize_ndvi.png,0.823426,0.037283,0.002372,0.016218,0.7864679999999998,0.530812,-0.007941,0.081266,0.388307,0.056864,0.006882,0.018959,1.008925,0.764274,-0.013475,0.09194799999999999,0.074149,-0.699307,-0.8753480000000001,0.07406,0.566893,0.323669,0.087018,0.040941,0.37783000000000005,0.043408,-0.00046000000000000007,0.021114000000000004,both
Odisha,Urad,2004,Summer,odisha,2004,summer,Odisha,Maize; Moong(Green Gram); Rice,Maize,Summer,20.5431241,84.6897321,2004-03-01,2004-06-28,8.0,Landsat 5/7 SR,0.6,0.05,datasets\test_images\2004\rgb\odisha_2004_maize_rgb.png,datasets\test_images\2004\ndvi\odisha_2004_maize_ndvi.png,0.114875,0.062255,0.033227,0.012143,0.608477,0.31816,0.036804,0.0855,0.18367999999999998,0.092515,0.05060699999999999,0.016906,0.741027,0.4748029999999999,0.064908,0.117724,-0.117997,-0.481916,-0.6779829999999999,0.070881,0.415271,0.27377,0.131155,0.030187000000000002,0.234005,0.096219,0.042962,0.03011,both
Odisha,Urad,2004,Winter,odisha,2004,winter,Odisha,Maize; Moong(Green Gram); Rice,Maize,Winter,20.5431241,84.6897321,2004-07-01,2004-10-28,7.0,Landsat 5/7 SR,0.6,0.05,datasets\test_images\2004\rgb\odisha_2004_maize_rgb.png,datasets\test_images\2004\ndvi\odisha_2004_maize_ndvi.png,0.823426,0.037283,0.002372,0.016218,0.7864679999999998,0.530812,-0.007941,0.081266,0.388307,0.056864,0.006882,0.018959,1.008925,0.764274,-0.013475,0.09194799999999999,0.074149,-0.699307,-0.8753480000000001,0.07406,0.566893,0.323669,0.087018,0.040941,0.37783000000000005,0.043408,-0.00046000000000000007,0.021114000000000004,both
Jammu and Kashmir,Urad,2005,Kharif,jammu and kashmir,2005,kharif,Jammu and Kashmir,Maize; Moong(Green Gram); Rice,Maize,Kharif,33.6649297,75.1629584,2005-07-01,2005-10-28,15.0,Landsat 5/7 SR,0.6,0.05,datasets\test_images\2005\rgb\jammu_and_kashmir_2005_maize_rgb.png,datasets\test_images\2005\ndvi\jammu_and_kashmir_2005_maize_ndvi.png,0.129464,0.048330000000000005,0.01967,0.013648,0.624987,0.28499,0.039506,0.08636899999999999,0.203838,0.071638,0.030904,0.018193,0.843874,0.486926,0.067074,0.148315,-0.137915,-0.529958,-0.782009,0.103788,0.391168,0.24137700000000004,0.105332,0.039175,0.264076,0.080051,0.02308,0.028119,both
Jammu and Kashmir,Urad,2006,Kharif,jammu and kashmir,2006,kharif,Jammu and Kashmir,Maize; Moong(Green Gram); Rice,Maize,Kharif,33.6649297,75.1629584,2006-07-01,2006-10-28,18.0,Landsat 5/7 SR,0.6,0.05,datasets\test_images\2006\rgb\jammu_and_kashmir_2006_maize_kharif_rgb.png,datasets\test_images\2006\ndvi\jammu_and_kashmir_2006_maize_kharif_ndvi.png,0.139955,0.048699,0.016343,0.013175,0.707501,0.302416,0.036745,0.106771,0.220874,0.06924,0.030119999999999997,0.017554,0.892617,0.504676,0.064203,0.159047,-0.121993,-0.537172,-0.8116850000000001,0.113997,0.438055,0.2472,0.113101,0.04627499999999999,0.282103,0.075516,0.019725,0.026504,both
Jammu and Kashmir,Urad,2007,Kharif,jammu and kashmir,2007,kharif,Jammu and Kashmir,Maize; Moong(Green Gram); Rice,Maize,Kharif,33.6649297,75.1629584,2007-07-01,2007-10-28,14.0,Landsat 5/7 SR,0.6,0.05,datasets\test_images\2007\rgb\jammu_and_kashmir_2007_maize_kharif_rgb.png,datasets\test_images\2007\ndvi\jammu_and_kashmir_2007_maize_kharif_ndvi.png,0.19644000000000003,0.053046,0.019395,0.015931,0.6926450000000001,0.270428,0.038295,0.094248,0.228697,0.075989,0.02836,0.020863000000000003,0.846118,0.463301,0.058555,0.15917,-0.129133,-0.506764,-0.784596,0.11586599999999998,0.4352500000000001,0.234,0.111548,0.035476,0.276163,0.085083,0.020935,0.031395,both
Jammu and Kashmir,Urad,2009,Kharif,jammu and kashmir,2009,kharif,Jammu and Kashmir,Maize; Moong(Green Gram); Rice,Maize,Kharif,33.6649297,75.1629584,2009-07-01,2009-10-28,29.0,Landsat 5/7 SR,0.6,0.05,datasets\test_images\2009\rgb\jammu_and_kashmir_2009_maize_kharif_rgb.png,datasets\test_images\2009\ndvi\jammu_and_kashmir_2009_maize_kharif_ndvi.png,0.146129,0.041711,0.023273,0.011102,0.609782,0.38294500000000004,0.082868,0.081747,0.195326,0.066064,0.034025,0.015364999999999998,0.818251,0.62426,0.113116,0.117408,-0.146579,-0.605416,-0.773292,0.089706,0.413085,0.271978,0.137838,0.042231,0.246559,0.061023,0.028415,0.021808000000000004,both
Jammu and Kashmir,Urad,2011,Kharif,jammu and kashmir,2011,kharif,Jammu and Kashmir,Maize; Moong(Green Gram); Rice,Maize,Kharif,33.6649297,75.1629584,2011-07-01,2011-10-28,15.0,Landsat 5/7 SR,0.6,0.05,datasets\test_images\2011\rgb\jammu_and_kashmir_2011_maize_kharif_rgb.png,datasets\test_images\2011\ndvi\jammu_and_kashmir_2011_maize_kharif_ndvi.png,0.129051,0.040988,0.019065,0.011949,0.687253,0.44865700000000003,0.069066,0.101094,0.18803899999999998,0.062677,0.029776,0.016013,0.868227,0.6694270000000001,0.10171999999999999,0.122848,-0.140539,-0.634876,-0.8178,0.09307700000000001,0.41773299999999997,0.290212,0.117295,0.043565,0.23396399999999998,0.056976,0.02198,0.021624,both
Jammu and Kashmir,Urad,2012,Kharif,jammu and kashmir,2012,kharif,Jammu and Kashmir,Maize; Moong(Green Gram); Rice,Maize,Kharif,33.6649297,75.1629584,2012-07-01,2012-10-28,14.0,Landsat 5/7 SR,0.6,0.05,datasets\test_images\2012\rgb\jammu_and_kashmir_2012_maize_kharif_rgb.png,datasets\test_images\2012\ndvi\jammu_and_kashmir_2012_maize_kharif_ndvi.png,0.125146,0.04255699999999999,0.01725,0.011523,0.650485,0.33596699999999996,0.041569,0.081521,0.165888,0.064507,0.026531,0.016565,0.84511,0.585469,0.07306,0.128301,-0.119085,-0.582057,-0.785173,0.0958,0.41880500000000004,0.245142,0.107711,0.036725,0.197925,0.063929,0.020742,0.023813,both
Puducherry,Urad,2012,Kharif,puducherry,2012,kharif,Puducherry,Rice,Rice,Kharif,10.9156489,79.8069488,2012-07-01,2012-10-28,3.0,Landsat 5/7 SR,0.6,0.05,datasets\test_images\2012\rgb\puducherry_2012_rice_kharif_rgb.png,datasets\test_images\2012\ndvi\puducherry_2012_rice_kharif_ndvi.png,0.308695,0.071638,0.026875,0.017784,1.945819,0.271248,-0.123218,0.14616,0.328027,0.095211,0.038576,0.021722,0.843115,0.383565,-0.426213,0.211797,0.62299,-0.415323,-0.771805,0.238987,0.50939,0.255634,0.019244,0.076794,0.345517,0.105463,0.031165,0.034277,both
Puducherry,Urad,2012,Rabi,puducherry,2012,rabi,Puducherry,Moong(Green Gram); Rice,Moong(Green Gram),Rabi,10.9156489,79.8069488,2012-11-01,2013-04-28,11.0,Landsat 5/7 SR,0.6,0.05,datasets\test_images\2012\rgb\puducherry_2012_moong_green_gram_rabi_rgb.png,datasets\test_images\2012\ndvi\puducherry_2012_moong_green_gram_rabi_ndvi.png,0.254424,0.064049,0.032265,0.01321,0.766285,0.29189,-0.109303,0.118952,0.32789,0.081405,0.037875,0.016183,0.812892,0.449339,-0.28351,0.18222,0.468934,-0.457575,-0.738789,0.192413,0.455572,0.243041,0.026737,0.058326,0.396173,0.084304,0.02869,0.024783,both
Puducherry,Urad,2012,Summer,puducherry,2012,summer,Puducherry,Moong(Green Gram); Rice,Moong(Green Gram),Summer,10.9156489,79.8069488,2012-03-01,2012-06-28,10.0,Landsat 5/7 SR,0.6,0.05,datasets\test_images\2012\rgb\puducherry_2012_moong_green_gram_summer_rgb.png,datasets\test_images\2012\ndvi\puducherry_2012_moong_green_gram_summer_ndvi.png,0.26398,0.083607,0.042495,0.015252,0.663717,0.251464,-0.114719,0.099689,0.325663,0.106028,0.049205,0.019345,0.741469,0.354644,-0.237482,0.144427,0.400755,-0.402488,-0.678884,0.157041,0.444985,0.263717,0.037119,0.057995,0.38278,0.121062,0.042962,0.031501,both
Puducherry,Urad,2013,Kharif,puducherry,2013,kharif,Puducherry,Rice,Rice,Kharif,10.9156489,79.8069488,2013-07-01,2013-10-28,8.0,Landsat 8 SR,0.6,0.05,datasets\test_images\2013\rgb\puducherry_2013_rice_kharif_rgb.png,datasets\test_images\2013\ndvi\puducherry_2013_rice_kharif_ndvi.png,0.308475,0.07333,-0.029692,0.01828,1.548901,0.274354,-0.212382,0.127059,0.375878,0.111598,0.038164,0.021756,0.813985,0.383264,-1.151362,0.186157,0.761834,-0.405466,-0.738401,0.202768,0.48266,0.2828,0.005769,0.069195,0.420043,0.119663,0.012217,0.033351,both
Puducherry,Urad,2013,Rabi,puducherry,2013,rabi,Puducherry,Moong(Green Gram); Rice,Moong(Green Gram),Rabi,10.9156489,79.8069488,2013-11-01,2014-04-28,22.0,Landsat 8 SR,0.6,0.05,datasets\test_images\2013\rgb\puducherry_2013_moong_green_gram_rabi_rgb.png,datasets\test_images\2013\ndvi\puducherry_2013_moong_green_gram_rabi_ndvi.png,0.240248,0.060273,0.015517,0.016906,1.07366,0.287534,-0.119268,0.11093,0.32822,0.092089,0.037793,0.018215,0.835371,0.437554,-0.767035,0.189831,0.907156,-0.441948,-0.738824,0.206079,0.484888,0.257815,0.001988,0.064541,0.392213,0.095352,0.012767,0.030191,both
Puducherry,Urad,2013,Summer,puducherry,2013,summer,Puducherry,Moong(Green Gram); Rice,Moong(Green Gram),Summer,10.9156489,79.8069488,2013-03-01,2013-06-28,10.0,Landsat 8 SR,0.6,0.05,datasets\test_images\2013\rgb\puducherry_2013_moong_green_gram_summer_rgb.png,datasets\test_images\2013\ndvi\puducherry_2013_moong_green_gram_summer_ndvi.png,0.36089,0.078654,0.021182,0.018555,1.564705,0.241851,-0.137343,0.102608,0.426519,0.111086,0.041271,0.022833,0.788469,0.341666,-0.353574,0.154667,0.742438,-0.388657,-0.723249,0.186007,0.526234,0.271735,0.009399,0.066582,0.470299,0.127799,0.017113,0.037787,both
Jammu and Kashmir,Urad,2014,Kharif,jammu and kashmir,2014,kharif,Jammu and Kashmir,Maize; Moong(Green Gram); Rice,Maize,Kharif,33.6649297,75.1629584,2014-07-01,2014-10-28,21.0,Landsat 8 SR,0.6,0.05,datasets\test_images\2014\rgb\jammu_and_kashmir_2014_maize_kharif_rgb.png,datasets\test_images\2014\ndvi\jammu_and_kashmir_2014_maize_kharif_ndvi.png,0.12274,0.033173,0.009949,0.011756,0.622894,0.359747,0.005653000000000001,0.09874500000000001,0.161006,0.059805,0.02748,0.016478,0.874216,0.633436,0.01667,0.15659,0.01124,-0.608989,-0.806162,0.121823,0.41578,0.252615,0.067974,0.043597,0.19098099999999998,0.054102000000000004,0.019546,0.023553,both
Puducherry,Urad,2014,Kharif,puducherry,2014,kharif,Puducherry,Rice,Rice,Kharif,10.9156489,79.8069488,2014-07-01,2014-10-28,16.0,Landsat 8 SR,0.6,0.05,datasets\test_images\2014\rgb\puducherry_2014_rice_kharif_rgb.png,datasets\test_images\2014\ndvi\puducherry_2014_rice_kharif_ndvi.png,0.309534,0.063835,0.015105,0.016592,1.37649,0.275378,-0.117544,0.133163,0.385833,0.096276,0.030202,0.020132,0.852923,0.406459,-0.432417,0.197868,0.666204,-0.43184,-0.787311,0.214306,0.508868,0.263927,0.014775,0.07136,0.444366,0.103733,0.024922,0.031402,both
Puducherry,Urad,2014,Rabi,puducherry,2014,rabi,Puducherry,Moong(Green Gram); Rice,Moong(Green Gram),Rabi,10.9156489,79.8069488,2014-11-01,2015-04-28,17.0,Landsat 8 SR,0.6,0.05,datasets\test_images\2014\rgb\puducherry_2014_moong_green_gram_rabi_rgb.png,datasets\test_images\2014\ndvi\puducherry_2014_moong_green_gram_rabi_ndvi.png,0.272959,0.056992,0.013042,0.016877,1.318133,0.29654,-0.145309,0.116302,0.349698,0.086158,0.029611,0.019486,0.850292,0.449317,-1.236932,0.2225,1.07156,-0.450153,-0.767982,0.251654,0.490869,0.25661,-0.001326,0.069436,0.40599,0.08907,0.005507,0.031228,both
Puducherry,Urad,2014,Summer,puducherry,2014,summer,Puducherry,Moong(Green Gram); Rice,Moong(Green Gram),Summer,10.9156489,79.8069488,2014-03-01,2014-06-28,16.0,Landsat 8 SR,0.6,0.05,datasets\test_images\2014\rgb\puducherry_2014_moong_green_gram_summer_rgb.png,datasets\test_images\2014\ndvi\puducherry_2014_moong_green_gram_summer_ndvi.png,0.293102,0.069821,0.020522,0.016259,1.00648,0.266885,-0.107643,0.104901,0.353575,0.100821,0.042261,0.018084,0.809523,0.388886,-0.296373,0.154907,0.617188,-0.418183,-0.722726,0.180626,0.511205,0.265578,0.015078,0.064112,0.430245,0.110251,0.01824,0.03106,both
Jammu and Kashmir,Urad,2015,Kharif,jammu and kashmir,2015,kharif,Jammu and Kashmir,Maize; Moong(Green Gram); Rice,Maize,Kharif,33.6649297,75.1629584,2015-07-01,2015-10-28,20.0,Landsat 8 SR,0.6,0.05,datasets\test_images\2015\rgb\jammu_and_kashmir_2015_maize_kharif_rgb.png,datasets\test_images\2015\ndvi\jammu_and_kashmir_2015_maize_kharif_ndvi.png,0.11875200000000001,0.035617,0.013427,0.012751,0.7113520000000001,0.403627,0.002037,0.10630100000000002,0.179802,0.061455,0.030725,0.017936,0.8798499999999999,0.656944,0.006369,0.153207,0.011382999999999999,-0.6153,-0.8070689999999999,0.11952999999999998,0.453813,0.27381,0.069569,0.044268,0.202352,0.05363300000000001,0.0189,0.025610000000000004,both
Jammu and Kashmir,Urad,2015,Rabi,jammu and kashmir,2015,rabi,Jammu and Kashmir,Moong(Green Gram); Urad,Moong(Green Gram),Rabi,33.6649297,75.1629584,2015-11-01,2016-04-28,44.0,Landsat 8 SR T1/T2,0.6,0.25,datasets\test_images\2015\rgb\jammu_and_kashmir_2015_moong(green_gram)_rabi_rgb.png,datasets\test_images\2015\ndvi\jammu_and_kashmir_2015_moong(green_gram)_rabi_ndvi.png,0.882345,0.034954,-0.199972,0.023581,25.738636,0.192986,-9.391672,0.083737,0.851421,0.060389,-0.199972,0.030272,8977.941176,0.448449,-2180.201664,7.75599,1067.0,-0.456446,-2338.6,2.532412,0.826245,0.169509,-0.19901,0.069334,0.90869,0.063666,-0.199862,0.037742,both
Jammu and Kashmir,Urad,2016,Kharif,jammu and kashmir,2016,kharif,Jammu and Kashmir,Maize; Moong(Green Gram); Rice,Maize,Kharif,33.6649297,75.1629584,2016-07-01,2016-10-28,20.0,Landsat 8 SR,0.6,0.05,datasets\test_images\2016\rgb\jammu_and_kashmir_2016_maize_kharif_rgb.png,datasets\test_images\2016\ndvi\jammu_and_kashmir_2016_maize_kharif_ndvi.png,0.136188,0.037999,0.014926,0.012213999999999997,0.601512,0.362778,0.040429,0.09276,0.185825,0.064252,0.031206,0.017271,0.852731,0.625672,0.065258,0.147178,-0.085744,-0.597435,-0.783597,0.111893,0.3709,0.250622,0.087897,0.036243,0.207935,0.05973799999999999,0.020866,0.02512,both
Jammu and Kashmir,Urad,2017,Kharif,jammu and kashmir,2017,kharif,Jammu and Kashmir,Maize; Moong(Green Gram); Rice,Maize,Kharif,33.6649297,75.1629584,2017-07-01,2017-10-28,1.0,Sentinel-2 SR,0.6,0.05,datasets\test_images\2017\rgb\jammu_and_kashmir_2017_maize_kharif_rgb.png,datasets\test_images\2017\ndvi\jammu_and_kashmir_2017_maize_kharif_ndvi.png,0.7036000000000001,0.04619399999999999,0.0,0.027301000000000002,3.078089,0.284427,-0.24873899999999996,0.105144,0.5908,0.07526,0.0032999999999999995,0.035872,0.911941,0.515259,-0.429834,0.205788,0.508103,-0.538214,-0.96718,0.157052,0.6165,0.242105,0.0258,0.060894,0.5908,0.084106,0.0088,0.051485,both
Jammu and Kashmir,Urad,2017,Rabi,jammu and kashmir,2017,rabi,Jammu and Kashmir,Urad,Urad,Rabi,33.6649297,75.1629584,2017-11-01,2018-04-28,65.0,Sentinel-2 SR,0.6,0.25,datasets\test_images\2017\rgb\jammu_and_kashmir_2017_urad_rabi_rgb.png,datasets\test_images\2017\ndvi\jammu_and_kashmir_2017_urad_rabi_ndvi.png,1.6936,0.124501,0.0,0.165007,2.368411,0.153703,-2.877857,0.108626,1.64955,0.134987,0.0,0.16121,1.0,0.269174,-0.324786,0.172141,0.489071,-0.306446,-1.0,0.165922,1.5801,0.220921,0.0078,0.133234,1.6201,0.142649,0.0,0.159876,both
Jammu and Kashmir,Urad,2018,Kharif,jammu and kashmir,2018,kharif,Jammu and Kashmir,Maize; Moong(Green Gram); Rice,Maize,Kharif,33.6649297,75.1629584,2018-07-01,2018-10-28,2.0,Sentinel-2 SR,0.6,0.05,datasets\test_images\2018\rgb\jammu_and_kashmir_2018_maize_kharif_rgb.png,datasets\test_images\2018\ndvi\jammu_and_kashmir_2018_maize_kharif_ndvi.png,0.8295,0.05251999999999999,0.0045,0.023749000000000003,2.022037,0.269659,-0.315109,0.10479,0.8857,0.074396,0.0155,0.030034,0.879817,0.48593100000000006,-0.308174,0.195527,0.357628,-0.4977690000000001,-0.8261980000000001,0.149345,0.91685,0.22005700000000003,0.02945,0.046358,0.8987000000000002,0.079615,0.01265,0.042303,both
Jammu and Kashmir,Urad,2019,Kharif,jammu and kashmir,2019,kharif,Jammu and Kashmir,Maize; Moong(Green Gram); Rice,Maize,Kharif,33.6649297,75.1629584,2019-07-01,2019-10-28,22.0,Sentinel-2 SR,0.6,0.05,datasets\test_images\2019\rgb\jammu_and_kashmir_2019_maize_kharif_rgb.png,datasets\test_images\2019\ndvi\jammu_and_kashmir_2019_maize_kharif_ndvi.png,0.3257,0.04542100000000001,0.0128,0.022180999999999996,1.108872,0.379056,-0.088104,0.12425599999999999,0.34789999999999993,0.069402,0.023000000000000003,0.025545,0.899162,0.619505,-0.271514,0.192662,0.305008,-0.564375,-0.832417,0.151489,0.49079999999999996,0.262748,0.0377,0.046227,0.3414,0.059384,0.01595,0.034473,both
Jammu and Kashmir,Urad,2019,Rabi,jammu and kashmir,2019,rabi,Jammu and Kashmir,Urad,Urad,Rabi,33.6649297,75.1629584,2019-11-01,2020-04-28,130.0,Sentinel-2 SR,0.6,0.25,datasets\test_images\2019\rgb\jammu_and_kashmir_2019_urad_rabi_rgb.png,datasets\test_images\2019\ndvi\jammu_and_kashmir_2019_urad_rabi_ndvi.png,1.5674,0.209041,0.0,0.248784,8.392155,0.131772,-13.925439,0.147447,1.5632,0.220826,0.0,0.244174,1.0,0.21884,-0.374202,0.16455,0.480176,-0.240119,-1.0,0.165194,1.5336,0.302683,0.0241,0.195753,1.5536,0.22283,0.0,0.242842,both
Puducherry,Urad,2004,Rabi,puducherry,2004,rabi,Puducherry,Moong(Green Gram); Urad,Moong(Green Gram),Rabi,10.9156489,79.8069488,2004-11-01,2005-04-28,41.0,Landsat 5/7 SR T1/T2,0.6,0.25,datasets\test_images\2004\rgb\puducherry_2004_moong(green_gram)_rabi_rgb.png,datasets\test_images\2004\ndvi\puducherry_2004_moong(green_gram)_rabi_ndvi.png,0.33405,0.056373,0.017333,0.011973,0.759985,0.191847,-0.197748,0.190802,0.417045,0.068315,0.016618,0.025801,0.877209,0.257811,-0.510256,0.321774,0.669152,-0.174398,-0.79807,0.419564,0.493743,0.166466,0.01032,0.123966,0.44812,0.062103,0.009577,0.033681,both
Puducherry,Urad,2005,Rabi,puducherry,2005,rabi,Puducherry,Moong(Green Gram); Urad,Moong(Green Gram),Rabi,10.9156489,79.8069488,2005-11-01,2006-04-28,22.0,Landsat 5/7 SR T1/T2,0.6,0.25,datasets\test_images\2005\rgb\puducherry_2005_moong(green_gram)_rabi_rgb.png,datasets\test_images\2005\ndvi\puducherry_2005_moong(green_gram)_rabi_ndvi.png,1.602213,0.06269,0.01032,0.015548,3.084237,0.162366,-0.183059,0.169046,0.421088,0.075554,0.022943,0.027383,0.824206,0.217025,-0.521986,0.291688,0.627448,-0.157914,-0.757635,0.3869,0.588397,0.163943,0.010017,0.117774,1.602213,0.072253,0.013262,0.037666,both
Sikkim,Urad,1997,Kharif,sikkim,1997,kharif,Sikkim,Maize; Rice,Maize,Kharif,27.6016108,88.4550204,1997-07-01,1997-10-28,5.0,Landsat 5/7 SR,0.6,0.05,datasets\test_images\1997\rgb\sikkim_1997_maize_rgb.png,datasets\test_images\1997\ndvi\sikkim_1997_maize_ndvi.png,0.81387,0.032573,-0.002083,0.024133,0.854756,0.434334,-0.12693,0.143733,0.393615,0.045534,0.003431,0.025941,0.946827,0.747733,-0.187551,0.099357,0.199235,-0.703556,-0.884806,0.090724,0.61499,0.262182,0.015847,0.096295,0.383028,0.038204,0.001052,0.025801,both
Sikkim,Urad,1998,Kharif,sikkim,1998,kharif,Sikkim,Maize; Rice,Maize,Kharif,27.6016108,88.4550204,1998-07-01,1998-10-28,4.0,Landsat 5/7 SR,0.6,0.05,datasets\test_images\1998\rgb\sikkim_1998_maize_kharif_rgb.png,datasets\test_images\1998\ndvi\sikkim_1998_maize_kharif_ndvi.png,0.253943,0.027351,0.002015,0.017326,0.897806,0.435478,-0.142659,0.129902,0.30743,0.041535,0.00504,0.020217,0.905003,0.769973,-0.170893,0.088278,0.225608,-0.717272,-0.866676,0.082331,0.594942,0.254588,0.021402,0.086449,0.301847,0.032966,0.002647,0.01937,both
Sikkim,Urad,1999,Kharif,sikkim,1999,kharif,Sikkim,Maize; Rice,Maize,Kharif,27.6016108,88.4550204,1999-07-01,1999-10-28,6.0,Landsat 5/7 SR,0.6,0.05,datasets\test_images\1999\rgb\sikkim_1999_maize_kharif_rgb.png,datasets\test_images\1999\ndvi\sikkim_1999_maize_kharif_ndvi.png,1.602213,0.059487,0.006965,0.066711,0.928276,0.44178,-0.140063,0.134755,0.47661,0.072017,0.013923,0.053111,0.881598,0.666708,-0.102581,0.133929,0.121035,-0.626124,-0.822722,0.124364,0.671172,0.286506,0.05223,0.095942,0.469212,0.063412,0.009522,0.052613,both
Sikkim,Urad,2000,Kharif,sikkim,2000,kharif,Sikkim,Maize; Rice,Maize,Kharif,27.6016108,88.4550204,2000-07-01,2000-10-28,6.0,Landsat 5/7 SR,0.6,0.05,datasets\test_images\2000\rgb\sikkim_2000_maize_kharif_rgb.png,datasets\test_images\2000\ndvi\sikkim_2000_maize_kharif_ndvi.png,0.227625,0.025693,-0.002248,0.013275,0.832602,0.393628,-0.145466,0.14601,0.261505,0.03684,0.00031,0.017172,0.990811,0.757513,-0.197325,0.097338,0.213926,-0.708892,-0.98675,0.083326,0.570137,0.22595,0.019615,0.091535,0.271653,0.029865,0.000283,0.016801,both
Sikkim,Urad,2001,Kharif,sikkim,2001,kharif,Sikkim,Maize; Rice,Maize,Kharif,27.6016108,88.4550204,2001-07-01,2001-10-28,6.0,Landsat 5/7 SR,0.6,0.05,datasets\test_images\2001\rgb\sikkim_2001_maize_kharif_rgb.png,datasets\test_images\2001\ndvi\sikkim_2001_maize_kharif_ndvi.png,1.602213,0.050407,-0.000515,0.053865,0.836049,0.471846,-0.11866,0.12465,0.463355,0.064103,0.0035,0.045991,1.10679,0.728191,-0.1301,0.152339,0.141241,-0.669174,-0.89953,0.135881,0.567965,0.293626,0.043292,0.080443,0.453813,0.052951,-0.00266,0.046915,both
Sikkim,Urad,2002,Kharif,sikkim,2002,kharif,Sikkim,Maize; Rice,Maize,Kharif,27.6016108,88.4550204,2002-07-01,2002-10-28,3.0,Landsat 5/7 SR,0.6,0.05,datasets\test_images\2002\rgb\sikkim_2002_maize_rgb.png,datasets\test_images\2002\ndvi\sikkim_2002_maize_kharif_ndvi.png,,,,,,,,,,,,,,,,,,,,,,,,,,,,,both
Sikkim,Urad,2003,Kharif,sikkim,2003,kharif,Sikkim,Maize; Rice,Maize,Kharif,27.6016108,88.4550204,2003-07-01,2003-10-28,2.0,Landsat 5/7 SR,0.6,0.05,datasets\test_images\2003\rgb\sikkim_2003_maize_rgb.png,datasets\test_images\2003\ndvi\sikkim_2003_maize_ndvi.png,0.263045,0.032012,0.001328,0.025017,0.958372,0.552948,-0.182224,0.155178,0.309548,0.047937,0.000117,0.028622,1.149592,0.819857,-0.164691,0.137049,0.161446,-0.742777,-0.996924,0.122108,0.65074,0.320765,0.05201,0.098497,0.32668,0.032662,-0.00618,0.02892,both
Sikkim,Urad,2004,Kharif,sikkim,2004,kharif,Sikkim,Maize; Rice,Maize,Kharif,27.6016108,88.4550204,2004-07-01,2004-10-28,7.0,Landsat 5/7 SR,0.6,0.05,datasets\test_images\2004\rgb\sikkim_2004_maize_rgb.png,datasets\test_images\2004\ndvi\sikkim_2004_maize_ndvi.png,0.83191,0.026976,-0.004502,0.022218,0.916052,0.397269,-0.149936,0.153047,0.29632,0.037642,-0.00233,0.023046,1.27548,0.765629,-0.178472,0.108208,0.219787,-0.72091,-1.141148,0.093416,0.588782,0.231726,0.014555,0.097223,0.318348,0.031048,-0.004667,0.023194,both
Sikkim,Urad,2005,Kharif,sikkim,2005,kharif,Sikkim,Maize; Rice,Maize,Kharif,27.6016108,88.4550204,2005-07-01,2005-10-28,6.0,Landsat 5/7 SR,0.6,0.05,datasets\test_images\2005\rgb\sikkim_2005_maize_rgb.png,datasets\test_images\2005\ndvi\sikkim_2005_maize_ndvi.png,0.810144,0.035166,0.002455,0.024338,1.829345,0.451558,-0.118135,0.14079,0.335342,0.047665,0.004353,0.026643,0.947694,0.750185,-0.145893,0.100325,0.189226,-0.699679,-0.91269,0.093808,0.628933,0.268251,0.030065,0.092687,0.81288,0.038839,0.003252,0.026254,both
Sikkim,Urad,2006,Kharif,sikkim,2006,kharif,Sikkim,Maize; Rice,Maize,Kharif,27.6016108,88.4550204,2006-07-01,2006-10-28,13.0,Landsat 5/7 SR,0.6,0.05,datasets\test_images\2006\rgb\sikkim_2006_maize_kharif_rgb.png,datasets\test_images\2006\ndvi\sikkim_2006_maize_kharif_ndvi.png,1.602213,0.044598,0.005755,0.061719,0.857399,0.471906,-0.103184,0.121344,0.438193,0.058691,0.007845,0.038963,0.900818,0.728282,-0.13498,0.121601,0.141882,-0.673268,-0.862162,0.109963,0.59277,0.29328,0.041051,0.080054,0.445068,0.047966,0.004518,0.039616,both
Sikkim,Urad,2007,Kharif,sikkim,2007,kharif,Sikkim,Maize; Rice,Maize,Kharif,27.6016108,88.4550204,2007-07-01,2007-10-28,7.0,Landsat 5/7 SR,0.6,0.05,datasets\test_images\2007\rgb\sikkim_2007_maize_kharif_rgb.png,datasets\test_images\2007\ndvi\sikkim_2007_maize_kharif_ndvi.png,1.602213,0.073354,-0.000543,0.053,0.906895,0.484291,-0.150533,0.140083,0.456672,0.091661,0.000887,0.051586,0.951961,0.633946,-0.17523,0.149522,0.200113,-0.578677,-0.966841,0.136949,0.600442,0.325917,0.044283,0.094247,0.449605,0.07842,0.002015,0.051563,both
Sikkim,Urad,2008,Kharif,sikkim,2008,kharif,Sikkim,Maize; Rice,Maize,Kharif,27.6016108,88.4550204,2008-07-01,2008-10-28,10.0,Landsat 5/7 SR,0.6,0.05,datasets\test_images\2008\rgb\sikkim_2008_maize_kharif_rgb.png,datasets\test_images\2008\ndvi\sikkim_2008_maize_kharif_ndvi.png,0.819356,0.030451,-0.001587,0.029757,0.804299,0.371196,-0.099557,0.144168,0.366885,0.042439,0.003115,0.023972,0.883961,0.709506,-0.15102,0.112609,0.193582,-0.673106,-0.854695,0.097405,0.524405,0.224814,0.014527,0.09158,0.36892,0.036843,0.002716,0.024025,both
Sikkim,Urad,2009,Kharif,sikkim,2009,kharif,Sikkim,Maize; Rice,Maize,Kharif,27.6016108,88.4550204,2009-07-01,2009-10-28,11.0,Landsat 5/7 SR,0.6,0.05,datasets\test_images\2009\rgb\sikkim_2009_maize_kharif_rgb.png,datasets\test_images\2009\ndvi\sikkim_2009_maize_kharif_ndvi.png,0.809635,0.026847,-0.00475,0.018286,0.815277,0.429466,-0.105095,0.137108,0.323903,0.040604,-0.004943,0.021973,1.344996,0.779649,-0.123568,0.102113,0.152736,-0.723753,-1.465889,0.091535,0.538237,0.251714,0.019065,0.088167,0.296155,0.031678,-0.004585,0.021234,both
Sikkim,Urad,2010,Kharif,sikkim,2010,kharif,Sikkim,Maize; Rice,Maize,Kharif,27.6016108,88.4550204,2010-07-01,2010-10-28,7.0,Landsat 5/7 SR,0.6,0.05,datasets\test_images\2010\rgb\sikkim_2010_maize_kharif_rgb.png,datasets\test_images\2010\ndvi\sikkim_2010_maize_kharif_ndvi.png,1.602213,0.113555,0.004408,0.111492,0.883645,0.417403,-0.05209,0.125869,0.408795,0.111522,0.01263,0.076021,0.911268,0.543369,-0.043358,0.200134,0.054739,-0.487855,-0.844069,0.176238,0.58793,0.28027,0.08908,0.094156,0.427275,0.100161,0.00614,0.077976,both
Sikkim,Urad,2011,Kharif,sikkim,2011,kharif,Sikkim,Maize; Rice,Maize,Kharif,27.6016108,88.4550204,2011-07-01,2011-10-28,9.0,Landsat 5/7 SR,0.6,0.05,datasets\test_images\2011\rgb\sikkim_2011_maize_kharif_rgb.png,datasets\test_images\2011\ndvi\sikkim_2011_maize_kharif_ndvi.png,0.278335,0.025928,0.00042,0.015065,0.798519,0.442503,-0.085333,0.128898,0.344225,0.038466,0.003775,0.018711,1.063113,0.784701,-0.128983,0.102316,0.118139,-0.731572,-0.899821,0.087949,0.504962,0.255866,0.029955,0.082531,0.369057,0.030189,-0.001037,0.020073,both
Sikkim,Urad,2012,Kharif,sikkim,2012,kharif,Sikkim,Maize; Rice,Maize,Kharif,27.6016108,88.4550204,2012-07-01,2012-10-28,5.0,Landsat 5/7 SR,0.6,0.05,datasets\test_images\2012\rgb\sikkim_2012_maize_kharif_rgb.png,datasets\test_images\2012\ndvi\sikkim_2012_maize_kharif_ndvi.png,0.3027,0.022135,-0.013577,0.019633,0.88256,0.407765,-0.105061,0.13233,0.369828,0.035637,-0.01047,0.024036,1.522648,0.794645,-0.107796,0.121069,0.127252,-0.741994,-1.440096,0.102635,0.609298,0.234705,0.019285,0.083227,0.42931,0.028238,-0.007775,0.025681,both
Sikkim,Urad,2013,Kharif,sikkim,2013,kharif,Sikkim,Maize; Rice,Maize,Kharif,27.6016108,88.4550204,2013-07-01,2013-10-28,5.0,Landsat 8 SR,0.6,0.05,datasets\test_images\2013\rgb\sikkim_2013_maize_kharif_rgb.png,datasets\test_images\2013\ndvi\sikkim_2013_maize_kharif_ndvi.png,0.40544,0.043134,-0.194363,0.04853,1.05115,0.524805,-0.305291,0.159245,0.411847,0.072907,-0.131057,0.051852,13.374392,0.76548,-0.272897,0.213951,0.270664,-0.651466,-47.598222,0.350206,0.69023,0.321931,0.032183,0.092109,0.409758,0.049711,-0.119425,0.054489,both
Sikkim,Urad,2014,Kharif,sikkim,2014,kharif,Sikkim,Maize; Rice,Maize,Kharif,27.6016108,88.4550204,2014-07-01,2014-10-28,8.0,Landsat 8 SR,0.6,0.05,datasets\test_images\2014\rgb\sikkim_2014_maize_kharif_rgb.png,datasets\test_images\2014\ndvi\sikkim_2014_maize_kharif_ndvi.png,0.319819,0.019586,-0.054044,0.015355,0.924751,0.404416,-0.215191,0.156085,0.34252,0.03556,-0.007307,0.020711,8.241158,0.787271,-34.571429,0.155356,6.235149,-0.740201,-9.764045,0.09597,0.576738,0.239016,0.003967,0.095608,0.352998,0.027867,-0.012711,0.021406,both
Sikkim,Urad,2015,Kharif,sikkim,2015,kharif,Sikkim,Maize; Rice,Maize,Kharif,27.6016108,88.4550204,2015-07-01,2015-10-28,7.0,Landsat 8 SR,0.6,0.05,datasets\test_images\2015\rgb\sikkim_2015_maize_kharif_rgb.png,datasets\test_images\2015\ndvi\sikkim_2015_maize_kharif_ndvi.png,0.83785,0.088411,-0.165378,0.127139,0.978345,0.445175,-0.245857,0.140194,0.814035,0.114477,-0.043828,0.122901,36.282572,0.670923,-2.900131,0.277005,0.451424,-0.596857,-81.636507,0.329054,0.87778,0.33746,0.014967,0.110006,0.81739,0.099875,-0.05832,0.126918,both
Sikkim,Urad,2016,Kharif,sikkim,2016,kharif,Sikkim,Maize; Rice,Maize,Kharif,27.6016108,88.4550204,2016-07-01,2016-10-28,6.0,Landsat 8 SR,0.6,0.05,datasets\test_images\2016\rgb\sikkim_2016_maize_kharif_rgb.png,datasets\test_images\2016\ndvi\sikkim_2016_maize_kharif_ndvi.png,0.308832,0.023306,-0.110488,0.022167,4.420123,0.424309,-8.248356,0.179154,0.350275,0.036923,-0.03984,0.027192,4.921801,0.805826,-0.283802,0.12298,0.284332,-0.741238,-6.198816,0.107195,0.658289,0.243227,0.008862,0.107887,0.318334,0.027762,-0.035481,0.027344,both
Sikkim,Urad,2017,Kharif,sikkim,2017,kharif,Sikkim,Maize; Rice,Maize,Kharif,27.6016108,88.4550204,2017-07-01,2017-10-28,1.0,Sentinel-2 SR,0.6,0.05,datasets\test_images\2017\rgb\sikkim_2017_maize_kharif_rgb.png,datasets\test_images\2017\ndvi\sikkim_2017_maize_kharif_ndvi.png,0.698,0.030967,0.0036,0.023848,1.509851,0.478751,-0.972906,0.157769,0.7518,0.044088,0.0021,0.027643,0.940809,0.788572,-0.324725,0.14436,0.435556,-0.718691,-0.876914,0.11811,1.5576,0.271398,0.0057,0.094533,0.7951,0.031837,0.0017,0.029257,both
Sikkim,Urad,2018,Kharif,sikkim,2018,kharif,Sikkim,Maize; Rice,Maize,Kharif,27.6016108,88.4550204,2018-07-01,2018-10-28,2.0,Sentinel-2 SR,0.6,0.05,datasets\test_images\2018\rgb\sikkim_2018_maize_kharif_rgb.png,datasets\test_images\2018\ndvi\sikkim_2018_maize_kharif_ndvi.png,1.6056,0.036627,0.00215,0.071335,90.232333,0.452283,-54.402292,0.322961,1.5752,0.055302,0.00275,0.070776,0.930663,0.76382,-0.298913,0.165946,0.417591,-0.688877,-0.858067,0.142147,1.532,0.275671,0.01395,0.0935,1.5528,0.041807,0.0018,0.072798,both
Sikkim,Urad,2019,Kharif,sikkim,2019,kharif,Sikkim,Maize; Rice,Maize,Kharif,27.6016108,88.4550204,2019-07-01,2019-10-28,10.0,Sentinel-2 SR,0.6,0.05,datasets\test_images\2019\rgb\sikkim_2019_maize_kharif_rgb.png,datasets\test_images\2019\ndvi\sikkim_2019_maize_kharif_ndvi.png,1.6225,0.05578,0.0012,0.059166,108.269601,0.539209,-31.019496,0.354775,1.5892,0.076037,0.0049,0.065799,0.92447,0.730866,-0.376198,0.157065,0.404631,-0.646525,-0.8321,0.137138,1.5672,0.33704,0.0228,0.142105,1.5656,0.055918,0.0034,0.064392,both
Mizoram,Urad,2004,Kharif,mizoram,2004,kharif,Mizoram,Maize; Moong(Green Gram); Rice,Maize,Kharif,23.2146169,92.8687612,2004-07-01,2004-10-28,12.0,Landsat 5/7 SR,0.6,0.05,datasets\test_images\2004\rgb\mizoram_2004_maize_rgb.png,datasets\test_images\2004\ndvi\mizoram_2004_maize_ndvi.png,0.824925,0.028454999999999998,-0.038163,0.014221,5.459568,0.617604,-44.035785,0.158857,0.323174,0.056502,0.00427,0.015881,0.954003,0.823906,0.073848,0.063574,-0.055164,-0.743805,-1.107247,0.057119,0.669715,0.385831,0.081132,0.075765,0.21505699999999997,0.036596,0.003802,0.013504999999999998,both
Mizoram,Urad,2004,Rabi,mizoram,2004,rabi,Mizoram,Maize; Moong(Green Gram),Maize,Rabi,23.2146169,92.8687612,2004-11-01,2005-04-28,36.0,Landsat 5/7 SR,0.6,0.05,datasets\test_images\2004\rgb\mizoram_2004_maize_rgb.png,datasets\test_images\2004\ndvi\mizoram_2004_maize_ndvi.png,0.094429,0.029903,0.009385,0.008765,0.73599,0.40982,0.097438,0.102413,0.178647,0.050747,0.014555,0.013807,0.867024,0.702851,0.181696,0.110901,-0.252656,-0.660263,-0.797943,0.074006,0.489384,0.263914,0.056327,0.065332,0.22669,0.042609,0.009069,0.017324,both
Odisha,Urad,2005,Autumn,odisha,2005,autumn,Odisha,Maize; Moong(Green Gram); Rice,Maize,Autumn,20.5431241,84.6897321,2005-07-01,2005-10-28,5.0,Landsat 5/7 SR,0.6,0.05,datasets\test_images\2005\rgb\odisha_2005_maize_rgb.png,datasets\test_images\2005\ndvi\odisha_2005_maize_ndvi.png,0.215552,0.042462,0.013538,0.009978,0.844655,0.552396,0.000508,0.095709,0.239065,0.062149,0.021291999999999995,0.012637,0.9245870000000002,0.7441939999999999,0.001016,0.091397,-0.064123,-0.687223,-0.81425,0.072368,0.535818,0.340552,0.123592,0.043562,0.234445,0.049103,0.00966,0.016201,both
Odisha,Urad,2005,Summer,odisha,2005,summer,Odisha,Maize; Moong(Green Gram); Rice,Maize,Summer,20.5431241,84.6897321,2005-03-01,2005-06-28,10.0,Landsat 5/7 SR,0.6,0.05,datasets\test_images\2005\rgb\odisha_2005_maize_rgb.png,datasets\test_images\2005\ndvi\odisha_2005_maize_ndvi.png,0.123428,0.063844,0.031467,0.012807,0.48890800000000006,0.245787,0.004679,0.063537,0.184642,0.090032,0.044736,0.018866,0.705115,0.40188700000000005,0.010197,0.10307899999999999,-0.108985,-0.448458,-0.6511,0.063032,0.343702,0.240951,0.098293,0.030784999999999996,0.249378,0.102777,0.038892,0.03218,both
Odisha,Urad,2005,Winter,odisha,2005,winter,Odisha,Maize; Moong(Green Gram); Rice,Maize,Winter,20.5431241,84.6897321,2005-07-01,2005-10-28,5.0,Landsat 5/7 SR,0.6,0.05,datasets\test_images\2005\rgb\odisha_2005_maize_rgb.png,datasets\test_images\2005\ndvi\odisha_2005_maize_ndvi.png,0.215552,0.042462,0.013538,0.009978,0.844655,0.552396,0.000508,0.095709,0.239065,0.062149,0.021291999999999995,0.012637,0.9245870000000002,0.7441939999999999,0.001016,0.091397,-0.064123,-0.687223,-0.81425,0.072368,0.535818,0.340552,0.123592,0.043562,0.234445,0.049103,0.00966,0.016201,both
Odisha,Urad,2006,Autumn,odisha,2006,autumn,Odisha,Maize; Moong(Green Gram); Rice,Maize,Autumn,20.5431241,84.6897321,2006-07-01,2006-10-28,7.0,Landsat 5/7 SR,0.6,0.05,datasets\test_images\2006\rgb\odisha_2006_maize_autumn_rgb.png,datasets\test_images\2006\ndvi\odisha_2006_maize_autumn_ndvi.png,0.143915,0.033977,0.011324,0.008524,0.724474,0.481886,-0.086683,0.075217,0.180737,0.053704,0.021224000000000003,0.013623000000000001,0.861701,0.748221,-0.160064,0.091651,0.131549,-0.689565,-0.8031099999999999,0.068156,0.44889,0.29108,0.089039,0.035458,0.203975,0.04266699999999999,0.014692000000000002,0.017678,both
Odisha,Urad,2006,Summer,odisha,2006,summer,Odisha,Maize; Moong(Green Gram); Rice,Maize,Summer,20.5431241,84.6897321,2006-03-01,2006-06-28,8.0,Landsat 5/7 SR,0.6,0.05,datasets\test_images\2006\rgb\odisha_2006_maize_summer_rgb.png,datasets\test_images\2006\ndvi\odisha_2006_maize_summer_ndvi.png,0.105415,0.059067,0.024977,0.01152,0.522214,0.280143,-0.053582,0.071023,0.18769500000000003,0.084635,0.037132,0.015293,0.7657000000000002,0.45109400000000005,-0.10805,0.106694,0.03132,-0.463989,-0.682175,0.066739,0.353053,0.24363,0.09686299999999999,0.024616,0.24099,0.09183400000000001,0.027286999999999995,0.026777,both
Odisha,Urad,2006,Winter,odisha,2006,winter,Odisha,Maize; Moong(Green Gram); Rice,Maize,Winter,20.5431241,84.6897321,2006-07-01,2006-10-28,7.0,Landsat 5/7 SR,0.6,0.05,datasets\test_images\2006\rgb\odisha_2006_maize_autumn_rgb.png,datasets\test_images\2006\ndvi\odisha_2006_maize_autumn_ndvi.png,0.143915,0.033977,0.011324,0.008524,0.724474,0.481886,-0.086683,0.075217,0.180737,0.053704,0.021224000000000003,0.013623000000000001,0.861701,0.748221,-0.160064,0.091651,0.131549,-0.689565,-0.8031099999999999,0.068156,0.44889,0.29108,0.089039,0.035458,0.203975,0.04266699999999999,0.014692000000000002,0.017678,both
Odisha,Urad,2007,Autumn,odisha,2007,autumn,Odisha,Maize; Moong(Green Gram); Rice,Maize,Autumn,20.5431241,84.6897321,2007-07-01,2007-10-28,7.0,Landsat 5/7 SR,0.6,0.05,datasets\test_images\2007\rgb\odisha_2007_maize_autumn_rgb.png,datasets\test_images\2007\ndvi\odisha_2007_maize_autumn_ndvi.png,1.602213,0.051057,-0.000515,0.039479,0.839959,0.577477,-0.067348,0.10715199999999998,0.44594700000000004,0.074588,0.003032,0.028418,1.148856,0.736475,-0.04966099999999999,0.115367,0.048563,-0.663649,-0.9170089999999999,0.094185,0.618125,0.365296,0.062432999999999995,0.05449400000000001,0.445398,0.05671400000000001,-0.004612,0.031267,both
Odisha,Urad,2007,Summer,odisha,2007,summer,Odisha,Maize; Moong(Green Gram); Rice,Maize,Summer,20.5431241,84.6897321,2007-03-01,2007-06-28,11.0,Landsat 5/7 SR,0.6,0.05,datasets\test_images\2007\rgb\odisha_2007_maize_summer_rgb.png,datasets\test_images\2007\ndvi\odisha_2007_maize_summer_ndvi.png,0.11894500000000001,0.069099,0.04112,0.011796,0.4765789999999999,0.234958,0.031032,0.056802,0.18879499999999996,0.09754,0.049494,0.015796,0.6723370000000001,0.37545199999999995,0.051038,0.092126,-0.093991,-0.416015,-0.615438,0.05855,0.341585,0.233336,0.107752,0.028845,0.23395,0.106314,0.045905,0.026769,both
Odisha,Urad,2007,Winter,odisha,2007,winter,Odisha,Maize; Moong(Green Gram); Rice,Maize,Winter,20.5431241,84.6897321,2007-07-01,2007-10-28,7.0,Landsat 5/7 SR,0.6,0.05,datasets\test_images\2007\rgb\odisha_2007_maize_autumn_rgb.png,datasets\test_images\2007\ndvi\odisha_2007_maize_autumn_ndvi.png,1.602213,0.051057,-0.000515,0.039479,0.839959,0.577477,-0.067348,0.10715199999999998,0.44594700000000004,0.074588,0.003032,0.028418,1.148856,0.736475,-0.04966099999999999,0.115367,0.048563,-0.663649,-0.9170089999999999,0.094185,0.618125,0.365296,0.062432999999999995,0.05449400000000001,0.445398,0.05671400000000001,-0.004612,0.031267,both
Odisha,Urad,2008,Autumn,odisha,2008,autumn,Odisha,Maize; Moong(Green Gram); Rice,Maize,Autumn,20.5431241,84.6897321,2008-07-01,2008-10-28,9.0,Landsat 5/7 SR,0.6,0.05,datasets\test_images\2008\rgb\odisha_2008_maize_autumn_rgb.png,datasets\test_images\2008\ndvi\odisha_2008_maize_autumn_ndvi.png,0.13396,0.034292,0.015352,0.006486,0.738515,0.49687300000000006,-0.061494,0.071,0.16399,0.054276,0.024482,0.011166,0.8684309999999998,0.754763,-0.10692600000000001,0.078963,0.010388,-0.6942239999999998,-0.796482,0.061991,0.45967,0.299602,0.09530900000000002,0.035345,0.19082999999999997,0.042167,0.014885,0.014135,both
Odisha,Urad,2008,Summer,odisha,2008,summer,Odisha,Maize; Moong(Green Gram); Rice,Maize,Summer,20.5431241,84.6897321,2008-03-01,2008-06-28,13.0,Landsat 5/7 SR,0.6,0.05,datasets\test_images\2008\rgb\odisha_2008_maize_summer_rgb.png,datasets\test_images\2008\ndvi\odisha_2008_maize_summer_ndvi.png,0.108027,0.068416,0.040267,0.010206,0.46300500000000006,0.24915999999999996,0.038278,0.054062,0.18002299999999996,0.093214,0.05311,0.013727999999999999,0.6865770000000001,0.398971,0.059185999999999996,0.088196,-0.104456,-0.428075,-0.62809,0.05375,0.316698,0.23176,0.11311500000000001,0.023446000000000005,0.234129,0.100931,0.050442999999999995,0.023539999999999995,both
Odisha,Urad,2008,Winter,odisha,2008,winter,Odisha,Maize; Moong(Green Gram); Rice,Maize,Winter,20.5431241,84.6897321,2008-07-01,2008-10-28,9.0,Landsat 5/7 SR,0.6,0.05,datasets\test_images\2008\rgb\odisha_2008_maize_autumn_rgb.png,datasets\test_images\2008\ndvi\odisha_2008_maize_autumn_ndvi.png,0.13396,0.034292,0.015352,0.006486,0.738515,0.49687300000000006,-0.061494,0.071,0.16399,0.054276,0.024482,0.011166,0.8684309999999998,0.754763,-0.10692600000000001,0.078963,0.010388,-0.6942239999999998,-0.796482,0.061991,0.45967,0.299602,0.09530900000000002,0.035345,0.19082999999999997,0.042167,0.014885,0.014135,both
Odisha,Urad,2009,Autumn,odisha,2009,autumn,Odisha,Maize; Moong(Green Gram); Rice,Maize,Autumn,20.5431241,84.6897321,2009-07-01,2009-10-28,8.0,Landsat 5/7 SR,0.6,0.05,datasets\test_images\2009\rgb\odisha_2009_maize_autumn_rgb.png,datasets\test_images\2009\ndvi\odisha_2009_maize_autumn_ndvi.png,0.106391,0.030138,0.00977,0.007008999999999999,0.7443079999999999,0.511056,-0.045464,0.078931,0.168335,0.048637999999999994,0.017621,0.011522,0.898793,0.778758,-0.091522,0.085602,-0.002498,-0.722964,-0.8231889999999998,0.0635,0.48747200000000007,0.304072,0.068689,0.038243,0.199053,0.037858,0.011145,0.015646,both
Odisha,Urad,2009,Summer,odisha,2009,summer,Odisha,Maize; Moong(Green Gram); Rice,Maize,Summer,20.5431241,84.6897321,2009-03-01,2009-06-28,14.0,Landsat 5/7 SR,0.6,0.05,datasets\test_images\2009\rgb\odisha_2009_maize_summer_rgb.png,datasets\test_images\2009\ndvi\odisha_2009_maize_summer_ndvi.png,0.11798199999999999,0.073417,0.041656,0.011449,0.460879,0.212865,0.029214,0.058585,0.172405,0.09810599999999998,0.053660000000000006,0.015622000000000002,0.63224,0.339447,0.05912799999999999,0.08844999999999999,-0.086273,-0.398425,-0.608763,0.055789,0.330668,0.23257000000000003,0.111108,0.030972,0.220241,0.110724,0.05030500000000001,0.02614,both
Odisha,Urad,2009,Winter,odisha,2009,winter,Odisha,Maize; Moong(Green Gram); Rice,Maize,Winter,20.5431241,84.6897321,2009-07-01,2009-10-28,8.0,Landsat 5/7 SR,0.6,0.05,datasets\test_images\2009\rgb\odisha_2009_maize_autumn_rgb.png,datasets\test_images\2009\ndvi\odisha_2009_maize_autumn_ndvi.png,0.106391,0.030138,0.00977,0.007008999999999999,0.7443079999999999,0.511056,-0.045464,0.078931,0.168335,0.048637999999999994,0.017621,0.011522,0.898793,0.778758,-0.091522,0.085602,-0.002498,-0.722964,-0.8231889999999998,0.0635,0.48747200000000007,0.304072,0.068689,0.038243,0.199053,0.037858,0.011145,0.015646,both
Odisha,Urad,2010,Autumn,odisha,2010,autumn,Odisha,Maize; Moong(Green Gram); Rice,Maize,Autumn,20.5431241,84.6897321,2010-07-01,2010-10-28,1.0,Landsat 5/7 SR,0.6,0.05,datasets\test_images\2010\rgb\odisha_2010_maize_autumn_rgb.png,datasets\test_images\2010\ndvi\odisha_2010_maize_autumn_ndvi.png,0.09356199999999999,0.027397999999999995,0.007763,0.007341,0.776204,0.539814,0.018635,0.07953,0.17422,0.045952,0.012436999999999998,0.011345,0.91825,0.803159,0.032114,0.087445,-0.045822,-0.748428,-0.8489840000000001,0.062663,0.459753,0.321087,0.084625,0.037545,0.237718,0.035008,0.009495,0.016006,both
Odisha,Urad,2010,Summer,odisha,2010,summer,Odisha,Maize; Moong(Green Gram); Rice,Maize,Summer,20.5431241,84.6897321,2010-03-01,2010-06-28,9.0,Landsat 5/7 SR,0.6,0.05,datasets\test_images\2010\rgb\odisha_2010_maize_summer_rgb.png,datasets\test_images\2010\ndvi\odisha_2010_maize_summer_ndvi.png,0.125078,0.068509,0.037229,0.012746,0.498647,0.237262,0.047256,0.067004,0.17235,0.098569,0.053949,0.015257,0.6725600000000002,0.373175,0.078529,0.10124300000000001,-0.140381,-0.427221,-0.626497,0.062589,0.35429,0.246318,0.124307,0.031289,0.226718,0.108507,0.05041500000000001,0.027343999999999997,both
Odisha,Urad,2010,Winter,odisha,2010,winter,Odisha,Maize; Moong(Green Gram); Rice,Maize,Winter,20.5431241,84.6897321,2010-07-01,2010-10-28,1.0,Landsat 5/7 SR,0.6,0.05,datasets\test_images\2010\rgb\odisha_2010_maize_autumn_rgb.png,datasets\test_images\2010\ndvi\odisha_2010_maize_autumn_ndvi.png,0.09356199999999999,0.027397999999999995,0.007763,0.007341,0.776204,0.539814,0.018635,0.07953,0.17422,0.045952,0.012436999999999998,0.011345,0.91825,0.803159,0.032114,0.087445,-0.045822,-0.748428,-0.8489840000000001,0.062663,0.459753,0.321087,0.084625,0.037545,0.237718,0.035008,0.009495,0.016006,both
Odisha,Urad,2011,Autumn,odisha,2011,autumn,Odisha,Maize; Moong(Green Gram); Rice,Maize,Autumn,20.5431241,84.6897321,2011-07-01,2011-10-28,6.0,Landsat 5/7 SR,0.6,0.05,datasets\test_images\2011\rgb\odisha_2011_maize_autumn_rgb.png,datasets\test_images\2011\ndvi\odisha_2011_maize_autumn_ndvi.png,0.25276,0.031653,0.001273,0.010588,0.836818,0.513269,-0.028613,0.086955,0.266207,0.052363,0.010265,0.015144,0.954436,0.7769530000000001,-0.071388,0.096035,-0.04969199999999999,-0.7082580000000002,-0.860653,0.071247,0.515852,0.307203,0.08644,0.046511,0.27124,0.038934,0.003225,0.018213,both
Odisha,Urad,2011,Summer,odisha,2011,summer,Odisha,Maize; Moong(Green Gram); Rice,Maize,Summer,20.5431241,84.6897321,2011-03-01,2011-06-28,10.0,Landsat 5/7 SR,0.6,0.05,datasets\test_images\2011\rgb\odisha_2011_maize_summer_rgb.png,datasets\test_images\2011\ndvi\odisha_2011_maize_summer_ndvi.png,0.103875,0.063795,0.03199,0.010244,0.551781,0.272849,0.054507,0.072581,0.166355,0.08351599999999999,0.043622,0.012579,0.741678,0.44090999999999997,0.098848,0.109529,-0.11859000000000001,-0.482072,-0.6775480000000002,0.06895,0.36748999999999993,0.23370100000000002,0.093535,0.030183,0.229935,0.089192,0.03793,0.023157,both
Odisha,Urad,2011,Winter,odisha,2011,winter,Odisha,Maize; Moong(Green Gram); Rice,Maize,Winter,20.5431241,84.6897321,2011-07-01,2011-10-28,6.0,Landsat 5/7 SR,0.6,0.05,datasets\test_images\2011\rgb\odisha_2011_maize_autumn_rgb.png,datasets\test_images\2011\ndvi\odisha_2011_maize_autumn_ndvi.png,0.25276,0.031653,0.001273,0.010588,0.836818,0.513269,-0.028613,0.086955,0.266207,0.052363,0.010265,0.015144,0.954436,0.7769530000000001,-0.071388,0.096035,-0.04969199999999999,-0.7082580000000002,-0.860653,0.071247,0.515852,0.307203,0.08644,0.046511,0.27124,0.038934,0.003225,0.018213,both
Odisha,Urad,2012,Autumn,odisha,2012,autumn,Odisha,Maize; Moong(Green Gram); Rice,Maize,Autumn,20.5431241,84.6897321,2012-07-01,2012-10-28,5.0,Landsat 5/7 SR,0.6,0.05,datasets\test_images\2012\rgb\odisha_2012_maize_autumn_rgb.png,datasets\test_images\2012\ndvi\odisha_2012_maize_autumn_ndvi.png,0.295083,0.030336,0.001603,0.015281999999999999,0.8392,0.555771,-0.074679,0.093486,0.3126,0.05417,0.012162,0.01847,0.996254,0.8006160000000001,-0.140405,0.09725100000000002,0.09292300000000002,-0.7194249999999999,-0.864073,0.080232,0.533013,0.332793,0.07819,0.050797,0.30567,0.036813,0.0002,0.020373,both
Odisha,Urad,2012,Summer,odisha,2012,summer,Odisha,Maize; Moong(Green Gram); Rice,Maize,Summer,20.5431241,84.6897321,2012-03-01,2012-06-28,8.0,Landsat 5/7 SR,0.6,0.05,datasets\test_images\2012\rgb\odisha_2012_maize_summer_rgb.png,datasets\test_images\2012\ndvi\odisha_2012_maize_summer_ndvi.png,0.11416,0.073753,0.045657,0.009143,0.45414400000000005,0.207549,0.018883,0.045973999999999994,0.179445,0.09669,0.056822000000000004,0.013449999999999998,0.619568,0.329371,0.029792,0.069397,-0.160441,-0.386248,-0.59329,0.043608,0.317413,0.22256,0.108633,0.027828000000000002,0.228491,0.11149000000000002,0.057469,0.023469,both
Odisha,Urad,2012,Winter,odisha,2012,winter,Odisha,Maize; Moong(Green Gram); Rice,Maize,Winter,20.5431241,84.6897321,2012-07-01,2012-10-28,5.0,Landsat 5/7 SR,0.6,0.05,datasets\test_images\2012\rgb\odisha_2012_maize_autumn_rgb.png,datasets\test_images\2012\ndvi\odisha_2012_maize_autumn_ndvi.png,0.295083,0.030336,0.001603,0.015281999999999999,0.8392,0.555771,-0.074679,0.093486,0.3126,0.05417,0.012162,0.01847,0.996254,0.8006160000000001,-0.140405,0.09725100000000002,0.09292300000000002,-0.7194249999999999,-0.864073,0.080232,0.533013,0.332793,0.07819,0.050797,0.30567,0.036813,0.0002,0.020373,both
Odisha,Urad,2013,Autumn,odisha,2013,autumn,Odisha,Maize; Moong(Green Gram); Rice,Maize,Autumn,20.5431241,84.6897321,2013-07-01,2013-10-28,7.0,Landsat 8 SR,0.6,0.05,datasets\test_images\2013\rgb\odisha_2013_maize_autumn_rgb.png,datasets\test_images\2013\ndvi\odisha_2013_maize_autumn_ndvi.png,0.984287,0.158691,-0.152012,0.18825499999999998,1.039562,0.515626,0.100727,0.076036,0.960473,0.193551,-0.028978,0.165565,1.792914,0.564447,0.013493,0.22742699999999996,-0.005201,-0.491787,-1.329725,0.193182,0.991355,0.447991,0.169476,0.104371,0.950133,0.172185,-0.058127000000000005,0.170013,both
Odisha,Urad,2013,Summer,odisha,2013,summer,Odisha,Maize; Moong(Green Gram); Rice,Maize,Summer,20.5431241,84.6897321,2013-03-01,2013-06-28,5.0,Landsat 8 SR,0.6,0.05,datasets\test_images\2013\rgb\odisha_2013_maize_summer_rgb.png,datasets\test_images\2013\ndvi\odisha_2013_maize_summer_ndvi.png,0.102197,0.04748,0.018212,0.013917,0.575653,0.27984,-0.022293999999999998,0.07518,0.170507,0.082706,0.036197,0.016044,0.787738,0.474196,-0.040398,0.11556099999999998,-0.089846,-0.499284,-0.692088,0.06689,0.36394300000000007,0.251031,0.091871,0.035025,0.22085999999999997,0.087184,0.029515,0.028147999999999996,both
Odisha,Urad,2013,Winter,odisha,2013,winter,Odisha,Maize; Moong(Green Gram); Rice,Maize,Winter,20.5431241,84.6897321,2013-07-01,2013-10-28,7.0,Landsat 8 SR,0.6,0.05,datasets\test_images\2013\rgb\odisha_2013_maize_autumn_rgb.png,datasets\test_images\2013\ndvi\odisha_2013_maize_autumn_ndvi.png,0.984287,0.158691,-0.152012,0.18825499999999998,1.039562,0.515626,0.100727,0.076036,0.960473,0.193551,-0.028978,0.165565,1.792914,0.564447,0.013493,0.22742699999999996,-0.005201,-0.491787,-1.329725,0.193182,0.991355,0.447991,0.169476,0.104371,0.950133,0.172185,-0.058127000000000005,0.170013,both
Odisha,Urad,2014,Autumn,odisha,2014,autumn,Odisha,Maize; Moong(Green Gram); Rice,Maize,Autumn,20.5431241,84.6897321,2014-07-01,2014-10-28,6.0,Landsat 8 SR,0.6,0.05,datasets\test_images\2014\rgb\odisha_2014_maize_autumn_rgb.png,datasets\test_images\2014\ndvi\odisha_2014_maize_autumn_ndvi.png,0.131375,0.027008999999999995,-0.018816,0.005029,0.7948429999999999,0.556482,-0.127437,0.085277,0.176777,0.059309,0.020742,0.011371,0.931273,0.803074,-0.334832,0.075169,0.322969,-0.705976,-0.798547,0.058079,0.496713,0.347647,0.049989,0.04303100000000001,0.19853,0.036648,0.011612000000000003,0.013765,both
Odisha,Urad,2014,Summer,odisha,2014,summer,Odisha,Maize; Moong(Green Gram); Rice,Maize,Summer,20.5431241,84.6897321,2014-03-01,2014-06-28,8.0,Landsat 8 SR,0.6,0.05,datasets\test_images\2014\rgb\odisha_2014_maize_summer_rgb.png,datasets\test_images\2014\ndvi\odisha_2014_maize_summer_ndvi.png,0.08985,0.041159,0.01868,0.01281,0.620487,0.31616,-0.051611,0.05979199999999999,0.142072,0.077536,0.040804,0.0122,0.827822,0.564911,-0.118526,0.113713,0.040399,-0.548762,-0.702068,0.067109,0.420152,0.24339999999999998,0.083937,0.031398,0.170535,0.069819,0.029625,0.024619,both
Odisha,Urad,2014,Winter,odisha,2014,winter,Odisha,Maize; Moong(Green Gram); Rice,Maize,Winter,20.5431241,84.6897321,2014-07-01,2014-10-28,6.0,Landsat 8 SR,0.6,0.05,datasets\test_images\2014\rgb\odisha_2014_maize_autumn_rgb.png,datasets\test_images\2014\ndvi\odisha_2014_maize_autumn_ndvi.png,0.131375,0.027008999999999995,-0.018816,0.005029,0.7948429999999999,0.556482,-0.127437,0.085277,0.176777,0.059309,0.020742,0.011371,0.931273,0.803074,-0.334832,0.075169,0.322969,-0.705976,-0.798547,0.058079,0.496713,0.347647,0.049989,0.04303100000000001,0.19853,0.036648,0.011612000000000003,0.013765,both
Odisha,Urad,2015,Autumn,odisha,2015,autumn,Odisha,Maize; Moong(Green Gram); Rice,Maize,Autumn,20.5431241,84.6897321,2015-07-01,2015-10-28,6.0,Landsat 8 SR,0.6,0.05,datasets\test_images\2015\rgb\odisha_2015_maize_autumn_rgb.png,datasets\test_images\2015\ndvi\odisha_2015_maize_autumn_ndvi.png,0.173381,0.025797,-0.096435,0.007096000000000001,0.941564,0.545557,-0.009626,0.079424,0.211978,0.062181999999999994,0.015751,0.011818,1.049463,0.793533,-0.028482999999999998,0.067271,0.009903,-0.690907,-0.897179,0.051376,0.594255,0.34625900000000004,0.075619,0.045463,0.207399,0.03893,-0.006235,0.013519999999999999,both
Odisha,Urad,2015,Summer,odisha,2015,summer,Odisha,Maize; Moong(Green Gram); Rice,Maize,Summer,20.5431241,84.6897321,2015-03-01,2015-06-28,8.0,Landsat 8 SR,0.6,0.05,datasets\test_images\2015\rgb\odisha_2015_maize_summer_rgb.png,datasets\test_images\2015\ndvi\odisha_2015_maize_summer_ndvi.png,0.09242100000000002,0.046834999999999995,0.024344999999999995,0.012714999999999999,0.48175300000000004,0.286162,0.006188,0.054569,0.153705,0.08748099999999999,0.053811,0.012172,0.738785,0.4933370000000001,0.012818000000000001,0.09688800000000002,-0.050287,-0.494528,-0.648529,0.053786,0.328797,0.24519499999999997,0.115948,0.024104,0.178029,0.086572,0.04079,0.023166000000000003,both
Odisha,Urad,2015,Winter,odisha,2015,winter,Odisha,Maize; Moong(Green Gram); Rice,Maize,Winter,20.5431241,84.6897321,2015-07-01,2015-10-28,6.0,Landsat 8 SR,0.6,0.05,datasets\test_images\2015\rgb\odisha_2015_maize_autumn_rgb.png,datasets\test_images\2015\ndvi\odisha_2015_maize_autumn_ndvi.png,0.173381,0.025797,-0.096435,0.007096000000000001,0.941564,0.545557,-0.009626,0.079424,0.211978,0.062181999999999994,0.015751,0.011818,1.049463,0.793533,-0.028482999999999998,0.067271,0.009903,-0.690907,-0.897179,0.051376,0.594255,0.34625900000000004,0.075619,0.045463,0.207399,0.03893,-0.006235,0.013519999999999999,both
Odisha,Urad,2016,Autumn,odisha,2016,autumn,Odisha,Maize; Moong(Green Gram); Rice,Maize,Autumn,20.5431241,84.6897321,2016-07-01,2016-10-28,4.0,Landsat 8 SR,0.6,0.05,datasets\test_images\2016\rgb\odisha_2016_maize_autumn_rgb.png,datasets\test_images\2016\ndvi\odisha_2016_maize_autumn_ndvi.png,0.157486,0.024900999999999996,-0.008765,0.006179,0.826419,0.556608,-0.078559,0.083876,0.18225,0.055672,0.023809,0.010695000000000001,0.914257,0.810016,-0.16792700000000002,0.070724,0.17723,-0.712076,-0.788582,0.050741,0.518382,0.338463,0.069418,0.042998,0.213985,0.035201,0.012658,0.013244,both
Odisha,Urad,2016,Summer,odisha,2016,summer,Odisha,Maize; Moong(Green Gram); Rice,Maize,Summer,20.5431241,84.6897321,2016-03-01,2016-06-28,7.0,Landsat 8 SR,0.6,0.05,datasets\test_images\2016\rgb\odisha_2016_maize_summer_rgb.png,datasets\test_images\2016\ndvi\odisha_2016_maize_summer_ndvi.png,0.09319099999999998,0.044191,0.017869,0.013294,0.548303,0.326703,-0.043654,0.058755,0.153347,0.08176,0.039319,0.015303000000000002,0.791227,0.547903,-0.11231600000000001,0.103175,0.10019099999999999,-0.51439,-0.672227,0.055443,0.366308,0.260507,0.09610599999999998,0.027029,0.174949,0.077076,0.024111000000000004,0.026306,both
Odisha,Urad,2016,Winter,odisha,2016,winter,Odisha,Maize; Moong(Green Gram); Rice,Maize,Winter,20.5431241,84.6897321,2016-07-01,2016-10-28,4.0,Landsat 8 SR,0.6,0.05,datasets\test_images\2016\rgb\odisha_2016_maize_autumn_rgb.png,datasets\test_images\2016\ndvi\odisha_2016_maize_autumn_ndvi.png,0.157486,0.024900999999999996,-0.008765,0.006179,0.826419,0.556608,-0.078559,0.083876,0.18225,0.055672,0.023809,0.010695000000000001,0.914257,0.810016,-0.16792700000000002,0.070724,0.17723,-0.712076,-0.788582,0.050741,0.518382,0.338463,0.069418,0.042998,0.213985,0.035201,0.012658,0.013244,both
Odisha,Urad,2017,Autumn,odisha,2017,autumn,Odisha,Maize; Moong(Green Gram); Rice,Maize,Autumn,20.5431241,84.6897321,2017-07-01,2017-10-28,2.0,Sentinel-2 SR,0.6,0.05,datasets\test_images\2017\rgb\odisha_2017_maize_autumn_rgb.png,datasets\test_images\2017\ndvi\odisha_2017_maize_autumn_ndvi.png,0.1773,0.042828,0.0201,0.009122,0.924583,0.523106,-0.087268,0.082197,0.19600000000000004,0.063855,0.028,0.012678,0.872642,0.750922,-0.156488,0.068535,0.191883,-0.649958,-0.774873,0.055106999999999996,0.60985,0.302056,0.06115,0.045343,0.2276,0.04269599999999999,0.0175,0.012114,both
Odisha,Urad,2017,Summer,odisha,2017,summer,Odisha,Maize; Moong(Green Gram); Rice,Maize,Summer,20.5431241,84.6897321,2017-03-01,2017-06-28,6.0,Sentinel-2 SR,0.6,0.05,datasets\test_images\2017\rgb\odisha_2017_maize_summer_rgb.png,datasets\test_images\2017\ndvi\odisha_2017_maize_summer_ndvi.png,0.1494,0.05976,0.01885,0.017597,0.591162,0.20830800000000002,-0.11358799999999998,0.07344,0.20319999999999996,0.093399,0.03835,0.021613000000000004,0.8364920000000001,0.352336,-0.19291,0.119112,0.166926,-0.44747699999999996,-0.725429,0.074457,0.4890999999999999,0.244111,0.06115,0.038532,0.27605,0.117703,0.02985,0.035624,both
Odisha,Urad,2017,Winter,odisha,2017,winter,Odisha,Maize; Moong(Green Gram); Rice,Maize,Winter,20.5431241,84.6897321,2017-07-01,2017-10-28,2.0,Sentinel-2 SR,0.6,0.05,datasets\test_images\2017\rgb\odisha_2017_maize_autumn_rgb.png,datasets\test_images\2017\ndvi\odisha_2017_maize_autumn_ndvi.png,0.1773,0.042828,0.0201,0.009122,0.924583,0.523106,-0.087268,0.082197,0.19600000000000004,0.063855,0.028,0.012678,0.872642,0.750922,-0.156488,0.068535,0.191883,-0.649958,-0.774873,0.055106999999999996,0.60985,0.302056,0.06115,0.045343,0.2276,0.04269599999999999,0.0175,0.012114,both
Odisha,Urad,2018,Autumn,odisha,2018,autumn,Odisha,Maize; Moong(Green Gram); Rice,Maize,Autumn,20.5431241,84.6897321,2018-07-01,2018-10-28,2.0,Sentinel-2 SR,0.6,0.05,datasets\test_images\2018\rgb\odisha_2018_maize_autumn_rgb.png,datasets\test_images\2018\ndvi\odisha_2018_maize_autumn_ndvi.png,0.1585,0.038026,0.0155,0.009294,0.9760909999999999,0.528254,-0.105451,0.096732,0.214,0.055947,0.0219,0.013093,0.889217,0.7727150000000002,-0.246498,0.095028,0.365434,-0.686065,-0.8110050000000001,0.068429,0.6601,0.302643,0.0462,0.04735999999999999,0.24735,0.038585,0.0119,0.017002,both
Odisha,Urad,2018,Summer,odisha,2018,summer,Odisha,Maize; Moong(Green Gram); Rice,Maize,Summer,20.5431241,84.6897321,2018-03-01,2018-06-28,10.0,Sentinel-2 SR,0.6,0.05,datasets\test_images\2018\rgb\odisha_2018_maize_summer_rgb.png,datasets\test_images\2018\ndvi\odisha_2018_maize_summer_ndvi.png,0.14635,0.058647,0.0236,0.014913000000000001,0.628253,0.25836,-0.080644,0.079572,0.2169,0.089656,0.050249999999999996,0.016454,0.8352080000000001,0.41114200000000006,-0.218324,0.119919,0.272814,-0.4741,-0.757302,0.066288,0.53815,0.249771,0.05265,0.033677,0.26735,0.102846,0.0321,0.029553,both
Odisha,Urad,2018,Winter,odisha,2018,winter,Odisha,Maize; Moong(Green Gram); Rice,Maize,Winter,20.5431241,84.6897321,2018-07-01,2018-10-28,2.0,Sentinel-2 SR,0.6,0.05,datasets\test_images\2018\rgb\odisha_2018_maize_autumn_rgb.png,datasets\test_images\2018\ndvi\odisha_2018_maize_autumn_ndvi.png,0.1585,0.038026,0.0155,0.009294,0.9760909999999999,0.528254,-0.105451,0.096732,0.214,0.055947,0.0219,0.013093,0.889217,0.7727150000000002,-0.246498,0.095028,0.365434,-0.686065,-0.8110050000000001,0.068429,0.6601,0.302643,0.0462,0.04735999999999999,0.24735,0.038585,0.0119,0.017002,both
