Crop_Year,Area,Production,Annual_Rainfall,Fertilizer,Pesticide,Fertilizer_per_Area,Pesticide_per_Area,Production_per_Area,Season_Autumn,Season_Kharif,Season_Rabi,Season_Summer,Season_Whole Year,Season_Winter,State_Andhra Pradesh,State_Arunachal Pradesh,State_Assam,State_Bihar,State_Chhattisgarh,State_Gujarat,State_Haryana,State_Himachal Pradesh,State_Jammu and Kashmir,State_Jharkhand,State_Karnataka,State_Madhya Pradesh,State_Maharashtra,State_Manipur,State_Mizoram,State_Nagaland,State_Odisha,State_Puducherry,State_Punjab,State_Sikkim,State_Tamil Nadu,State_Telangana,State_Tripura,State_Uttar Pradesh,State_Uttarakhand,State_West Bengal,Crop_Year_scaled,Area_scaled,Production_scaled,Annual_Rainfall_scaled,Fertilizer_scaled,Pesticide_scaled,Fertilizer_per_Area_scaled,Pesticide_per_Area_scaled,Production_per_Area_scaled,Yield
1997,88400.0,24700,927.5,8413028.0,27404.0,95.17,0.31,0.27941176470588236,0,1,0,0,0,0,1,0,0,0,0,0,0,0,0,0,0,0,0,0,0,0,0,0,0,0,0,0,0,0,0,0,-2.003324548985472,-0.024625481809262176,-0.20230169482492463,-0.6979086615126909,-0.14772895670152417,0.021368610468188318,-1.7487095889595448,0.45734236994190436,-1.0350797467637824,0.2525
1997,413000.0,190700,927.5,39305210.0,128030.0,95.17,0.31,0.46174334140435835,0,0,1,0,0,0,1,0,0,0,0,0,0,0,0,0,0,0,0,0,0,0,0,0,0,0,0,0,0,0,0,0,-2.003324548985472,1.6094540648424625,1.2198783405260314,-0.6979086615126909,0.8934545284255219,1.5995672366868665,-1.7487095889595448,0.45734236994190436,-0.40920813597390227,0.388125
1997,131400.0,83700,798.9,12505338.0,40734.0,95.17,0.31,0.636986301369863,0,1,0,0,0,0,0,0,0,0,0,1,0,0,0,0,0,0,0,0,0,0,0,0,0,0,0,0,0,0,0,0,-2.003324548985472,0.19184223385932736,0.3031719321974032,-0.930719008737219,-0.009802617020492213,0.23043373963455666,-1.7487095889595448,0.45734236994190436,0.19233107966385526,0.654705882
1997,525400.0,210300,1156.1,50002318.0,162874.0,95.17,0.31,0.40026646364674534,0,1,0,0,0,0,0,0,0,0,0,0,0,0,0,0,0,0,1,0,0,0,0,0,0,0,0,0,0,0,0,0,-2.003324548985472,2.1752906053343106,1.3877983928927708,-0.28406382966566845,1.2539875651731496,2.146053760368257,-1.7487095889595448,0.45734236994190436,-0.620233747692925,0.489310345
1997,32111.0,8536,1496.6,3056003.87,9954.41,95.17,0.31,0.265827909439133,1,0,0,0,0,0,0,0,0,0,0,0,0,0,0,0,0,0,0,0,0,0,1,0,0,0,0,0,0,0,0,0,-2.003324548985472,-0.30799178988529097,-0.3407843339298214,0.33235859047392563,-0.3282809505225849,-0.25230736757008393,-1.7487095889595448,0.45734236994190436,-1.0817077062784226,0.233181818
1997,2077.0,480,1496.6,197668.09,643.87,95.17,0.31,0.23110255175734232,0,0,0,1,0,0,0,0,0,0,0,0,0,0,0,0,0,0,0,0,0,0,1,0,0,0,0,0,0,0,0,0,-2.003324548985472,-0.45918693808041694,-0.4098029023923955,0.33235859047392563,-0.4246176874058433,-0.3983320673231701,-1.7487095889595448,0.45734236994190436,-1.2009060148824129,0.277826087
1997,118618.0,38610,1496.6,11288875.06,36771.58,95.17,0.31,0.32549865956262963,0,0,0,0,0,1,0,0,0,0,0,0,0,0,0,0,0,0,0,0,0,0,1,0,0,0,0,0,0,0,0,0,-2.003324548985472,0.1274959468436085,-0.08312986174220295,0.33235859047392563,-0.05080202338800267,0.16828791449491667,-1.7487095889595448,0.45734236994190436,-0.876881810659732,0.261333333
1997,4700.0,1900,690.1,447299.0,1457.0,95.17,0.31,0.40425531914893614,0,1,0,0,0,0,0,0,0,0,0,0,0,0,0,0,0,0,0,0,0,0,0,0,1,0,0,0,0,0,0,0,-2.003324548985472,-0.445982407424633,-0.39763726594541743,-1.127684528006493,-0.41620418068530035,-0.38557909444402166,-1.7487095889595448,0.45734236994190436,-0.6065415970321937,0.446666667
1997,4400.0,3300,2804.1,418748.0,1364.0,95.17,0.31,0.75,0,1,0,0,0,0,0,0,0,0,0,0,0,0,0,0,0,0,0,0,0,0,0,0,0,1,0,0,0,0,0,0,-2.003324548985472,-0.4474926473013906,-0.3856429764906503,2.6993844769130426,-0.4171664574737727,-0.38703768836843816,-1.7487095889595448,0.45734236994190436,0.580262050720703,0.69
1997,324558.0,134619,473.9,30888184.86,100612.98,95.17,0.31,0.4147764036012053,0,1,0,0,0,0,0,0,0,0,0,0,0,0,0,0,0,0,0,0,0,0,0,0,0,0,0,0,0,1,0,0,-2.003324548985472,1.1642252809084768,0.7394128070168932,-1.5190810837603266,0.6097689160052933,1.1695640238093792,-1.7487095889595448,0.45734236994190436,-0.5704269086571376,0.477125
1997,72023.0,33793,473.9,6854428.91,22327.13,95.17,0.31,0.4691973397386946,0,0,0,1,0,0,0,0,0,0,0,0,0,0,0,0,0,0,0,0,0,0,0,0,0,0,0,0,0,1,0,0,-2.003324548985472,-0.10706947668145964,-0.12439878481621232,-1.5190810837603266,-0.2002596465842279,-0.05825603186570967,-1.7487095889595448,0.45734236994190436,-0.383621531454757,0.466567164
1997,69271.0,44480,1852.9,6592521.07,21474.01,95.17,0.31,0.6421157482929364,0,1,0,0,0,0,0,0,0,0,0,0,0,0,0,0,0,0,0,0,0,0,0,0,0,0,0,0,0,0,0,1,-2.003324548985472,-0.12092341048424937,-0.03283951952828661,0.9773844591838742,-0.20908693232381395,-0.07163620013235728,-1.7487095889595448,0.45734236994190436,0.20993842594109483,1.825
1997,16694.0,10553,1852.9,1588767.98,5175.14,95.17,0.31,0.6321432850125793,0,0,1,0,0,0,0,0,0,0,0,0,0,0,0,0,0,0,0,0,0,0,0,0,0,0,0,0,0,0,0,1,-2.003324548985472,-0.38560301715186407,-0.32350398976534617,0.9773844591838742,-0.37773235468217714,-0.32726450934584905,-1.7487095889595448,0.45734236994190436,0.1757069353247348,0.628333333
1998,75500.0,30900,1048.3,7459400.0,21895.0,98.8,0.29,0.40927152317880794,0,1,0,0,0,0,1,0,0,0,0,0,0,0,0,0,0,0,0,0,0,0,0,0,0,0,0,0,0,0,0,0,-1.845173048957421,-0.08956579650983904,-0.14918412723952748,-0.4792190040887176,-0.1798698305496303,-0.06503347479644207,-1.6057199415785899,0.19216371223134773,-0.5893229684595993,0.658823529
1998,354800.0,230600,1048.3,35054240.0,102892.0,98.8,0.29,0.6499436302142052,0,0,1,0,0,0,1,0,0,0,0,0,0,0,0,0,0,0,0,0,0,0,0,0,0,0,0,0,0,0,0,0,-1.845173048957421,1.316467528751488,1.5617155899868937,-0.4792190040887176,0.7501807460889255,1.2053077305365163,-1.6057199415785899,0.19216371223134773,0.23680842375414202,0.544117647
1998,25116.0,18601,1332.5,2481460.8,7283.64,98.8,0.29000000000000004,0.7406035992992515,0,1,0,0,0,0,0,0,0,1,0,0,0,0,0,0,0,0,0,0,0,0,0,0,0,0,0,0,0,0,0,0,-1.845173048957421,-0.3432055496783557,-0.2545539600996565,0.03528100120841216,-0.3476452270886815,-0.2941952051562551,-1.6057199415785899,0.19216371223134845,0.5480079532753108,0.751612903
1998,125200.0,75200,775.6,12369760.0,36308.0,98.8,0.29,0.6006389776357828,0,1,0,0,0,0,0,0,0,0,0,1,0,0,0,0,0,0,0,0,0,0,0,0,0,0,0,0,0,0,0,0,-1.845173048957421,0.16063060973967028,0.23034946050774577,-0.9729000436542602,-0.014372108892142932,0.16101721587684126,-1.6057199415785899,0.19216371223134773,0.06756520824834099,0.592941176
1998,1957.0,500,687.6,193351.6,567.53,98.8,0.29,0.2554931016862545,0,1,0,0,0,0,0,0,0,0,0,0,1,0,0,0,0,0,0,0,0,0,0,0,0,0,0,0,0,0,0,0,-1.845173048957421,-0.45979103403112,-0.40963155540018453,-1.1322103901220555,-0.42476316946022574,-0.3995293690456428,-1.6057199415785899,0.19216371223134773,-1.117182981009329,0.151
1998,15155.0,6167,1381.6,1497314.0,4394.95,98.8,0.29,0.4069284064665127,0,1,0,0,0,0,0,0,0,0,0,0,0,1,0,0,0,0,0,0,0,0,0,0,0,0,0,0,0,0,0,0,-1.845173048957421,-0.39335054771963057,-0.3610803851572094,0.12416893315805684,-0.3808147000349638,-0.3395008576672526,-1.6057199415785899,0.19216371223134773,-0.5973659539783286,0.512727273
1998,531500.0,338000,1314.8,52512200.0,154135.0,98.8,0.29,0.6359360301034808,0,1,0,0,0,0,0,0,0,0,0,0,0,0,0,0,0,0,1,0,0,0,0,0,0,0,0,0,0,0,0,0,-1.845173048957421,2.2059988161617152,2.4818489381597413,0.0032378974302305344,1.3385800904929097,2.0089929828900206,-1.6057199415785899,0.19216371223134773,0.18872591712887635,0.601724138
1998,35494.0,9030,1357.1,3506807.2,10293.26,98.80000000000001,0.29,0.25440919592043726,1,0,0,0,0,0,0,0,0,0,0,0,0,0,0,0,0,0,0,0,0,0,1,0,0,0,0,0,0,0,0,0,-1.845173048957421,-0.2909613182083877,-0.3365520632222107,0.07981548442554566,-0.31308717164881417,-0.24699291002934695,-1.6057199415785892,0.19216371223134773,-1.1209035973714545,0.1888
1998,2544.0,529,1357.1,251347.2,737.76,98.80000000000001,0.29,0.20794025157232704,0,0,0,1,0,0,0,0,0,0,0,0,0,0,0,0,0,0,0,0,0,0,1,0,0,0,0,0,0,0,0,0,-1.845173048957421,-0.4568359980055976,-0.4093831022614786,0.07981548442554566,-0.4228084981802872,-0.39685951481173504,-1.6057199415785892,0.19216371223134773,-1.2804129570637306,0.240454545
1998,100561.0,28577,1357.1,9935426.8,29162.69,98.80000000000001,0.29,0.284175773908374,0,0,0,0,0,1,0,0,0,0,0,0,0,0,0,0,0,0,0,0,0,0,1,0,0,0,0,0,0,0,0,0,-1.845173048957421,0.03659460866156846,-0.16908608038483033,0.07981548442554566,-0.09641835363900067,0.048951562607243086,-1.6057199415785892,0.19216371223134773,-1.0187268024884633,0.222666667
1998,4100.0,2000,588.6,405080.0,1189.0,98.8,0.29,0.4878048780487805,0,1,0,0,0,0,0,0,0,0,0,0,0,0,0,0,0,0,0,0,0,0,0,0,1,0,0,0,0,0,0,0,-1.845173048957421,-0.4490028871781482,-0.3967805309843626,-1.3114345298983252,-0.41762712081813325,-0.38978235435524344,-1.6057199415785899,0.19216371223134773,-0.31974927089603394,0.496
1998,4400.0,3049,3183.8,434720.0,1276.0,98.8,0.29,0.6929545454545455,0,1,0,0,0,0,0,0,0,0,0,0,0,0,0,0,0,0,0,0,0,0,0,0,0,1,0,0,0,0,0,0,-1.845173048957421,-0.4474926473013906,-0.38779338124289786,3.3867724150246548,-0.41662814060692105,-0.38841786326466027,-1.6057199415785899,0.19216371223134773,0.3844477481676833,0.64
1998,446130.0,218245,1077.1,44077644.0,129377.7,98.8,0.29,0.48919597426759015,0,1,0,0,0,0,0,0,0,0,0,0,0,0,0,0,0,0,0,0,0,0,0,0,0,0,1,0,0,0,0,0,-1.845173048957421,1.7762348885657269,1.455865985548574,-0.4270810725174392,1.054303621722292,1.6207043015463949,-1.6057199415785899,0.19216371223134773,-0.31497419217958145,0.505925926
1998,1000.0,470,2472.9,98800.0,290.0,98.8,0.29,0.47,0,1,0,0,0,0,0,0,0,0,0,0,0,0,0,0,0,0,0,0,0,0,0,0,0,0,0,0,1,0,0,0,-1.845173048957421,-0.46460869923797676,-0.40988857588850097,2.099798263843341,-0.42794991633399265,-0.4038820956246032,-1.6057199415785899,0.19216371223134773,-0.38086631878256594,0.4725
1998,500.0,230,2472.9,49400.0,145.0,98.8,0.29,0.46,0,0,1,0,0,0,0,0,0,0,0,0,0,0,0,0,0,0,0,0,0,0,0,0,0,0,0,0,1,0,0,0,-1.845173048957421,-0.4671257656992394,-0.41194473979503243,2.099798263843341,-0.42961488335267967,-0.4061562474422418,-1.6057199415785899,0.19216371223134773,-0.4151923319791111,0.4575
1998,287704.0,77017,743.4,28425155.2,83434.16,98.8,0.29000000000000004,0.2676952701387537,0,1,0,0,0,0,0,0,0,0,0,0,0,0,0,0,0,0,0,0,0,0,0,0,0,0,0,0,0,1,0,0,-1.845173048957421,0.9786973461817279,0.24591633475011135,-1.0311931477027036,0.5267554919172801,0.9001347498239487,-1.6057199415785899,0.19216371223134845,-1.0752978014766335,0.327125
1998,69711.0,32249,743.4,6887446.8,20216.19,98.8,0.29,0.4626099180904018,0,0,0,1,0,0,0,0,0,0,0,0,0,0,0,0,0,0,0,0,0,0,0,0,0,0,0,0,0,1,0,0,-1.845173048957421,-0.11870839199833823,-0.13762677261489834,-1.0311931477027036,-0.19914681869198833,-0.09136360454106256,-1.6057199415785899,0.19216371223134773,-0.4062335236978077,0.498235294
1998,58878.0,25071,2152.5,5817146.4,17074.62,98.80000000000001,0.29,0.42581269744216854,0,1,0,0,0,0,0,0,0,0,0,0,0,0,0,0,0,0,0,0,0,0,0,0,0,0,0,0,0,0,0,1,-1.845173048957421,-0.1732431539480552,-0.19912320811941137,1.5197637751128679,-0.23521999411886077,-0.14063537782202187,-1.6057199415785892,0.19216371223134773,-0.5325437118545522,0.402222222
1998,15112.0,9700,2152.5,1493065.6,4382.48,98.80000000000001,0.29,0.6418740074113287,0,0,1,0,0,0,0,0,0,0,0,0,0,0,0,0,0,0,0,0,0,0,0,0,0,0,0,0,0,0,0,1,-1.845173048957421,-0.39356701543529915,-0.3308119389831436,1.5197637751128679,-0.3809578871985709,-0.33969643472356953,-1.6057199415785892,0.19216371223134773,0.2091086258718739,0.649090909
1999,80258.0,48023,650.4,8517781.54,21669.66,106.13,0.27,0.5983577961075531,0,1,0,0,0,0,1,0,0,0,0,0,0,0,0,0,0,0,0,0,0,0,0,0,0,0,0,0,0,0,0,0,-1.68702154892937,-0.06561339206446348,-0.0024853998581152986,-1.1995552184016236,-0.14419836582721837,-0.06856766355910895,-1.316983270696386,-0.07301494547920818,0.05973482152416836,0.607894737
1999,380593.0,246988,650.4,40392335.09,102760.11,106.13000000000001,0.27,0.6489557085915926,0,0,1,0,0,0,1,0,0,0,0,0,0,0,0,0,0,0,0,0,0,0,0,0,0,0,0,0,0,0,0,0,-1.68702154892937,1.446312919222184,1.7021173154045532,-1.1995552184016236,0.9300947596003627,1.2032391934108035,-1.3169832706963853,-0.07301494547920818,0.23341728268864664,0.508
1999,30571.0,23155,1402.7,3244500.23,8254.17,106.13,0.27,0.7574171600536456,0,1,0,0,0,0,0,0,0,1,0,0,0,0,0,0,0,0,0,0,0,0,0,0,0,0,0,0,0,0,0,0,-1.68702154892937,-0.31574435458598,-0.21553824997322119,0.16236720941340346,-0.32192790958042794,-0.27897360126954573,-1.316983270696386,-0.07301494547920818,0.6057222041089357,0.7275
1999,109300.0,38400,458.9,11600009.0,29511.0,106.13,0.27,0.3513266239707228,0,1,0,0,0,0,0,0,0,0,0,1,0,0,0,0,0,0,0,0,0,0,0,0,0,0,0,0,0,0,0,0,-1.68702154892937,0.0805878962715174,-0.08492900516041801,-1.5462362564537007,-0.040315631718080856,0.054414388949323954,-1.316983270696386,-0.07301494547920818,-0.7882247059485212,0.32625
1999,1221.0,502,344.0,129584.73,329.67,106.13,0.27,0.41113841113841115,0,1,0,0,0,0,0,0,0,0,0,0,1,0,0,0,0,0,0,0,0,0,0,0,0,0,0,0,0,0,0,0,-1.68702154892937,-0.46349615586209864,-0.40961442070096343,-1.754244879284947,-0.42691235438805775,-0.40325991905490854,-1.316983270696386,-0.07301494547920818,-0.5829146863858182,1.24
1999,14612.0,5418,1144.9,1550771.56,3945.24,106.13000000000001,0.26999999999999996,0.37079113057760743,0,1,0,0,0,0,0,0,0,0,0,0,0,1,0,0,0,0,0,0,0,0,0,0,0,0,0,0,0,0,0,0,-1.68702154892937,-0.39608408189656186,-0.3674973300155098,-0.30433969194338756,-0.3790129778831524,-0.34655402190111656,-1.3169832706963853,-0.07301494547920892,-0.7214108148833047,0.495454545
1999,118465.0,38477,1203.8,12572690.45,31985.55,106.13,0.27,0.3247963533533111,0,1,0,0,0,0,0,0,0,0,0,0,0,0,0,0,1,0,0,0,0,0,0,0,0,0,0,0,0,0,0,0,-1.68702154892937,0.12672572450646213,-0.08426931924040583,-0.19771038050073847,-0.0075325844723593445,0.09322475019303263,-1.316983270696386,-0.07301494547920818,-0.8792925478806405,0.334736842
1999,5468.0,2035,1203.8,580318.84,1476.36,106.13,0.26999999999999996,0.37216532553035847,0,0,1,0,0,0,0,0,0,0,0,0,0,0,0,0,1,0,0,0,0,0,0,0,0,0,0,0,0,0,0,0,-1.68702154892937,-0.4421161933401335,-0.39648067374799345,-0.19771038050073847,-0.41172090849034043,-0.3852754559668528,-1.316983270696386,-0.07301494547920892,-0.7166937514750289,0.37625
1999,423879.0,132619,1222.9,44986278.27,114447.33,106.13000000000001,0.27,0.3128699463762064,0,1,0,0,0,0,0,0,0,0,0,0,0,0,0,0,0,1,0,0,0,0,0,0,0,0,0,0,0,0,0,0,-1.68702154892937,1.6642203969066156,0.7222781077957973,-0.16313279393784175,1.0849280365319833,1.3865392803497205,-1.3169832706963853,-0.07301494547920818,-0.920231148208987,0.355555556
1999,7079.0,2880,1222.9,751294.27,1911.33,106.13000000000001,0.26999999999999996,0.4068371238875547,0,0,1,0,0,0,0,0,0,0,0,0,0,0,0,0,0,1,0,0,0,0,0,0,0,0,0,0,0,0,0,0,-1.68702154892937,-0.4340062052019452,-0.3892412633270804,-0.16313279393784175,-0.40595838921997957,-0.378453471028106,-1.3169832706963853,-0.07301494547920892,-0.5976792906793212,0.279411765
1999,549000.0,269600,1166.5,58265370.0,148230.0,106.13,0.27,0.49107468123861564,0,1,0,0,0,0,0,0,0,0,0,0,0,0,0,0,0,0,1,0,0,0,0,0,0,0,0,0,0,0,0,0,-1.68702154892937,2.2940961423059085,1.895842224798263,-0.2652362432649289,1.5324836998633442,1.9163801105923908,-1.316983270696386,-0.07301494547920818,-0.30852534015159516,0.554848485
1999,198000.0,71940,1484.3,21013740.0,53460.0,106.13,0.27,0.36333333333333334,0,1,0,0,0,0,0,0,0,0,0,0,0,0,0,0,0,0,0,0,0,0,1,0,0,0,0,0,0,0,0,0,-1.68702154892937,0.5271154864995149,0.20241990077735952,0.3100913488653589,0.27696274151656186,0.43002585019503703,-1.316983270696386,-0.07301494547920818,-0.7470104595457159,0.386666667
1999,285970.0,105570,1484.3,30349996.1,77211.9,106.13000000000001,0.26999999999999996,0.36916459768507187,0,0,1,0,0,0,0,0,0,0,0,0,0,0,0,0,0,0,0,0,0,0,1,0,0,0,0,0,0,0,0,0,-1.68702154892937,0.9699681596940689,0.4905398681800864,0.3100913488653589,0.5916299173164664,0.8025460333493253,-1.3169832706963853,-0.07301494547920892,-0.7269940538366837,0.366333333
1999,3159.0,2467,1434.5875,335264.67,852.93,106.13,0.26999999999999996,0.780943336498892,0,0,1,0,0,0,0,0,0,0,0,0,0,0,0,0,0,0,0,0,0,0,0,1,0,0,0,0,0,0,0,0,-1.68702154892937,-0.45374000625824457,-0.39277957871623675,0.2200945806974015,-0.4199801617462456,-0.39505321091630435,-1.316983270696386,-0.07301494547920892,0.686478188421314,0.763333333
1999,3600.0,1710,364.4,382068.0,972.0,106.13,0.27,0.475,0,1,0,0,0,0,0,0,0,0,0,0,0,0,0,0,0,0,0,0,0,0,0,0,1,0,0,0,0,0,0,0,-1.68702154892937,-0.4515199536394109,-0.3992650623714215,-1.717313844421958,-0.4184027123370407,-0.393185740178882,-1.316983270696386,-0.07301494547920818,-0.36370331218429325,0.402
1999,4400.0,3309,2678.5,466972.0,1188.0,106.13,0.27,0.7520454545454546,0,1,0,0,0,0,0,0,0,0,0,0,0,0,0,0,0,0,0,0,0,0,0,0,0,1,0,0,0,0,0,0,-1.68702154892937,-0.4474926473013906,-0.3855658703441554,2.4720051642271894,-0.41554112610719046,-0.3897980381608824,-1.316983270696386,-0.07301494547920818,0.5872832806927237,0.6775
1999,439604.0,218071,922.8,46655172.52,118693.08,106.13000000000001,0.27,0.4960623652196067,0,1,0,0,0,0,0,0,0,0,0,0,0,0,0,0,0,0,0,0,0,0,0,0,0,0,1,0,0,0,0,0,-1.68702154892937,1.7433821371133267,1.4543752667163388,-0.7064172822899483,1.1411760908624766,1.4531287981410264,-1.3169832706963853,-0.07301494547920818,-0.2914046095364254,0.517777778
1999,271349.0,112667,883.4,28798269.37,73264.23,106.13000000000001,0.26999999999999996,0.41521066965420916,0,1,0,0,0,0,0,0,0,0,0,0,0,0,0,0,0,0,0,0,0,0,0,0,0,0,0,0,0,1,0,0,-1.68702154892937,0.8963641022338259,0.551342348366145,-0.7777448692312111,0.5393308519831662,0.7406315443428589,-1.3169832706963853,-0.07301494547920892,-0.5689362464305155,0.443846154
1999,67969.0,32911,883.4,7213549.97,18351.63,106.13,0.27,0.4842060351042387,0,0,0,1,0,0,0,0,0,0,0,0,0,0,0,0,0,0,0,0,0,0,0,0,0,0,0,0,0,1,0,0,-1.68702154892937,-0.12747785154937735,-0.1319551871727156,-0.7777448692312111,-0.18815590730050497,-0.12060700118310631,-1.316983270696386,-0.07301494547920818,-0.3321026639366974,0.520895522
1999,60254.0,35523,2318.1,6394757.02,16268.58,106.13,0.27,0.589554220466691,0,1,0,0,0,0,0,0,0,0,0,0,0,0,0,0,0,0,0,0,0,0,0,0,0,0,0,0,0,0,0,1,-1.68702154892937,-0.16631618704666035,-0.10957726998996441,1.8195568816477188,-0.215752329504623,-0.1532771525191906,-1.316983270696386,-0.07301494547920818,0.029515656161666647,0.566666667
1999,18527.0,10987,2318.1,1966270.51,5002.29,106.13,0.27,0.5930263939115885,0,0,1,0,0,0,0,0,0,0,0,0,0,0,0,0,0,0,0,0,0,0,0,0,0,0,0,0,0,0,0,1,-1.68702154892937,-0.3763754515048751,-0.31978576003436837,1.8195568816477188,-0.36500909027082296,-0.3299754551505307,-1.316983270696386,-0.07301494547920818,0.04143424331069114,0.636923077
2000,99423.0,28296,935.6,9760355.91,25849.98,98.17,0.26,0.28460215443106723,0,1,0,0,0,0,1,0,0,0,0,0,0,0,0,0,0,0,0,0,0,0,0,0,0,0,0,0,0,0,0,0,-1.5288700489013192,0.03086576539573463,-0.17149350562539428,-0.6832448682582688,-0.10231890541596789,-0.003004337170755403,-1.6305363266612347,-0.2056042743344865,-1.0172632081435915,0.1615
2000,455864.0,362283,935.6,44752168.88,118524.64,98.17,0.26,0.7947172841022762,0,0,1,0,0,0,1,0,0,0,0,0,0,0,0,0,0,0,0,0,0,0,0,0,0,0,0,0,0,0,0,0,-1.5288700489013192,1.8252371384335886,2.6898898887526768,-0.6832448682582688,1.077037663796863,1.4504870179192122,-1.6305363266612347,-0.2056042743344865,0.7337586591415428,0.655454545
2000,32064.0,20298,1207.0,3147722.88,8336.64,98.17,0.26,0.6330464071856288,0,1,0,0,0,0,0,0,0,1,0,0,0,0,0,0,0,0,0,0,0,0,0,0,0,0,0,0,0,0,0,0,-1.5288700489013192,-0.30822839413264963,-0.24001516781055662,-0.19191727699281855,-0.3251896726554467,-0.27768015781850675,-1.6305363266612347,-0.2056042743344865,0.1788069936877536,0.6309375
2000,116722.0,32851,896.4,11458598.74,30347.72,98.17,0.26,0.2814465139391032,0,1,0,0,0,0,0,0,0,0,1,0,0,0,0,0,0,0,0,0,0,0,0,0,0,0,0,0,0,0,0,0,-1.5288700489013192,0.11795123082250046,-0.13246922814934847,-0.7542103862302868,-0.04508169283152119,0.0675373428034938,-1.6305363266612347,-0.2056042743344865,-1.0280952638606626,0.2825
2000,5201.0,1247,896.4,510582.17,1352.26,98.17,0.26,0.23976158431070949,0,0,1,0,0,0,0,0,0,0,1,0,0,0,0,0,0,0,0,0,0,0,0,0,0,0,0,0,0,0,0,0,-1.5288700489013192,-0.4434603068304478,-0.4032317452411052,-0.7542103862302868,-0.41407129827866146,-0.38722181624663876,-1.6305363266612347,-0.2056042743344865,-1.171183008312793,0.210833333
2000,84000.0,24700,379.7,8246280.0,21840.0,98.17,0.26,0.29404761904761906,0,1,0,0,0,0,0,0,0,0,0,1,0,0,0,0,0,0,0,0,0,0,0,0,0,0,0,0,0,0,0,0,-1.5288700489013192,-0.04677566666837366,-0.20230169482492463,-1.6896155682747163,-0.15334899557666626,-0.06589608410658088,-1.6305363266612347,-0.2056042743344865,-0.9848406938360655,0.32875
2000,1527.0,300,383.7,149905.59,397.02,98.17,0.26,0.19646365422396855,0,1,0,0,0,0,0,0,0,0,0,0,1,0,0,0,0,0,0,0,0,0,0,0,0,0,0,0,0,0,0,0,-1.5288700489013192,-0.4619557111878059,-0.4113450253222941,-1.6823741888898165,-0.42622746447527726,-0.40220361474512945,-1.6305363266612347,-0.2056042743344865,-1.3198075402668497,0.115833333
2000,14161.0,4153,1068.4,1390185.37,3681.86,98.17,0.26,0.29327024927618106,0,1,0,0,0,0,0,0,0,0,0,0,0,1,0,0,0,0,0,0,0,0,0,0,0,0,0,0,0,0,0,0,-1.5288700489013192,-0.39835447584462075,-0.37833502727285295,-0.4428310726795959,-0.3844253404338934,-0.3506848226302867,-1.6305363266612347,-0.2056042743344865,-0.9875090943393632,0.401818182
2000,133729.0,51657,1213.3,13128175.93,34769.54,98.17,0.26,0.38628121050781805,0,1,0,0,0,0,0,0,0,0,0,0,0,0,0,0,1,0,0,0,0,0,0,0,0,0,0,0,0,0,0,0,-1.5288700489013192,0.20356672943588888,0.028648348626615874,-0.18051210446160149,0.011189379162448661,0.13688830825363862,-1.6305363266612347,-0.2056042743344865,-0.6682395460733095,0.3965
2000,11924.0,4171,1213.3,1170579.08,3100.24,98.17,0.26,0.34979872525997985,0,0,1,0,0,0,0,0,0,0,0,0,0,0,0,0,1,0,0,0,0,0,0,0,0,0,0,0,0,0,0,0,-1.5288700489013192,-0.40961583119230993,-0.37818081497986306,-0.18051210446160149,-0.39182690379312846,-0.3598068376659764,-1.6305363266612347,-0.2056042743344865,-0.7934693730793159,0.363125
2000,574000.0,205100,1057.8,56349580.0,149240.0,98.17,0.26,0.3573170731707317,0,1,0,0,0,0,0,0,0,0,0,0,0,0,0,0,0,0,1,0,0,0,0,0,0,0,0,0,0,0,0,0,-1.5288700489013192,2.419949465369042,1.3432481749179215,-0.46202072804958055,1.467914324059086,1.932220754287667,-1.6305363266612347,-0.2056042743344865,-0.7676618821192472,0.461818182
2000,109101.0,27258,1066.0,10710445.17,28366.26,98.17,0.26,0.24984188962520967,0,1,0,0,0,0,0,0,0,0,0,0,0,0,0,0,0,0,0,0,0,0,1,0,0,0,0,0,0,0,0,0,-1.5288700489013192,0.07958610381993485,-0.18038641452114304,-0.44717590031053595,-0.07029730050283563,0.03646050928226403,-1.6305363266612347,-0.2056042743344865,-1.136581338987719,0.215666667
2000,3392.0,2123,1434.5875,332992.64,881.92,98.17,0.26,0.6258844339622641,0,1,0,0,0,0,0,0,0,0,0,0,0,0,0,0,0,0,0,0,0,0,0,1,0,0,0,0,0,0,0,0,-1.5288700489013192,-0.45256705328729613,-0.39572674698226523,0.2200945806974015,-0.42005673775870445,-0.394598537390833,-1.6305363266612347,-0.2056042743344865,0.15422279494990168,0.706666667
2000,3392.0,2123,1434.5875,332992.64,881.92,98.17,0.26,0.6258844339622641,0,0,1,0,0,0,0,0,0,0,0,0,0,0,0,0,0,0,0,0,0,0,0,1,0,0,0,0,0,0,0,0,-1.5288700489013192,-0.45256705328729613,-0.39572674698226523,0.2200945806974015,-0.42005673775870445,-0.394598537390833,-1.6305363266612347,-0.2056042743344865,0.15422279494990168,0.706666667
2000,3780.0,2748,2504.8,371082.6,982.8,98.16999999999999,0.26,0.726984126984127,0,1,0,0,0,0,0,0,0,0,0,0,0,0,0,0,0,0,0,0,0,0,0,0,0,1,0,0,0,0,0,0,-1.5288700489013192,-0.4506138097133563,-0.3903721534756728,2.1575482644379167,-0.41877296190560515,-0.39301635507798205,-1.6305363266612354,-0.2056042743344865,0.501257734633416,0.6125
2000,503982.0,244412,971.1,49475912.94,131035.32,98.17,0.26,0.4849617645074626,0,1,0,0,0,0,0,0,0,0,0,0,0,0,0,0,0,0,0,0,0,0,0,0,0,0,1,0,0,0,0,0,-1.5288700489013192,2.067469546399663,1.6800478228077818,-0.6189776262172832,1.236245721785094,1.6467020914495274,-1.6305363266612347,-0.2056042743344865,-0.3295085461898894,0.517777778
2000,322257.0,134130,874.4,31635969.69,83786.82,98.17,0.26,0.4162205941220827,0,1,0,0,0,0,0,0,0,0,0,0,0,0,0,0,0,0,0,0,0,0,0,0,0,0,0,0,0,1,0,0,-1.5288700489013192,1.152641741053746,0.7352233730573352,-0.7940379728472357,0.6349720957426305,0.9056658007205587,-1.6305363266612347,-0.2056042743344865,-0.5654695783693415,0.463768116
2000,62905.0,28929,874.4,6175383.85,16355.3,98.16999999999999,0.26,0.45988395199109766,0,0,1,0,0,0,0,0,0,0,0,0,0,0,0,0,0,0,0,0,0,0,0,0,0,0,0,0,0,1,0,0,-1.5288700489013192,-0.15297070066904567,-0.16607037332191746,-0.7940379728472357,-0.22314603583731157,-0.1519170528941863,-1.6305363266612354,-0.2056042743344865,-0.4155906785276126,0.47546875
2000,10160.0,4481,1413.4,997407.2,2641.6,98.17,0.26,0.44104330708661416,0,1,0,0,0,0,0,0,0,0,0,0,0,0,0,0,0,0,0,0,0,0,0,0,0,0,0,0,0,0,1,0,-1.5288700489013192,-0.41849604166764465,-0.3755249366005932,0.18173789926801046,-0.3976634517438172,-0.36700005828419574,-1.6305363266612347,-0.2056042743344865,-0.48026310108988507,0.466153846
2000,1018.0,345,1413.4,99937.06,264.68,98.17,0.26,0.3388998035363458,0,0,1,0,0,0,0,0,0,0,0,0,0,0,0,0,0,0,0,0,0,0,0,0,0,0,0,0,0,0,1,0,-1.5288700489013192,-0.46451808484537127,-0.41095949458981945,0.18173789926801046,-0.42791159310730703,-0.4042792095833798,-1.6305363266612347,-0.2056042743344865,-0.8308810261706736,0.17
2000,56233.0,27815,1907.7,5520393.61,14620.58,98.17,0.26,0.49463837959916773,0,1,0,0,0,0,0,0,0,0,0,0,0,0,0,0,0,0,0,0,0,0,0,0,0,0,0,0,0,0,0,1,-1.5288700489013192,-0.18655843552813473,-0.17561440078806784,1.0765913567570011,-0.24522168658957633,-0.17912406421207697,-1.6305363266612347,-0.2056042743344865,-0.2962925844563134,0.462222222
2000,13860.0,8813,1907.7,1360636.2,3603.6,98.17,0.26,0.6358585858585859,0,0,1,0,0,0,0,0,0,0,0,0,0,0,0,0,0,0,0,0,0,0,0,0,0,0,0,0,0,0,0,1,-1.5288700489013192,-0.3998697498543009,-0.3384111780876996,1.0765913567570011,-0.3854212593302411,-0.3519122372595861,-1.6305363266612347,-0.2056042743344865,0.1884600819116506,0.612307692
2001,107061.0,44570,928.4,10934139.93,27835.86,102.13,0.26,0.41630472347540187,0,1,0,0,0,0,1,0,0,0,0,0,0,0,0,0,0,0,0,0,0,0,0,0,0,0,0,0,0,0,0,0,-1.3707185488732683,0.06931647265798316,-0.032068458063337295,-0.6962793511510885,-0.06275794022645703,0.028141818771398215,-1.474547620427466,-0.2056042743344865,-0.5651807958401164,0.388095238
2001,519831.0,338499,928.4,53090340.03,135156.06,102.13,0.26,0.6511712460395782,0,0,1,0,0,0,1,0,0,0,0,0,0,0,0,0,0,0,0,0,0,0,0,0,0,0,0,0,0,0,0,0,-1.3707185488732683,2.147255519088767,2.4861240456154046,-0.6962793511510885,1.3580655982283898,1.711330976697916,-1.474547620427466,-0.2056042743344865,0.24102233945634619,0.439545455
2001,41785.0,23243,1824.7,4267502.05,10864.1,102.13,0.26,0.5562522436280962,0,0,1,0,0,0,0,0,1,0,0,0,0,0,0,0,0,0,0,0,0,0,0,0,0,0,0,0,0,0,0,0,-1.3707185488732683,-0.25929158799278085,-0.21478432320749297,0.9263327345203306,-0.2874488753626796,-0.2380399664184445,-1.474547620427466,-0.2056042743344865,-0.08479675348159857,0.55173913
2001,31963.0,21497,1247.0,3264381.19,8310.38,102.13,0.25999999999999995,0.6725588962237588,0,1,0,0,0,0,0,0,0,1,0,0,0,0,0,0,0,0,0,0,0,0,0,0,0,0,0,0,0,0,0,0,-1.3707185488732683,-0.3087368415578247,-0.22974291562750965,-0.11950348314382073,-0.32125784596302237,-0.2780920145545839,-1.474547620427466,-0.20560427433448725,0.3144376157028738,0.666333333
2001,113521.0,34993,1550.0,11593899.73,29515.46,102.13000000000001,0.26,0.3082513367570758,0,1,0,0,0,0,0,0,0,0,1,0,0,0,0,0,0,0,0,0,0,0,0,0,0,0,0,0,0,0,0,0,-1.3707185488732683,0.10183697133749685,-0.1141179652835548,0.4290310052623379,-0.04052153724557586,0.05448433872247338,-1.4745476204274652,-0.2056042743344865,-0.9360849936825839,0.319375
2001,5519.0,1334,1550.0,563655.47,1434.94,102.13,0.26,0.2417104547925349,0,0,1,0,0,0,0,0,0,0,1,0,0,0,0,0,0,0,0,0,0,0,0,0,0,0,0,0,0,0,0,0,-1.3707185488732683,-0.4418594525610847,-0.4024863858249875,0.4290310052623379,-0.4122825271435829,-0.38592507919641555,-1.474547620427466,-0.2056042743344865,-1.1644933129250434,0.250833333
2001,113700.0,64100,666.5,11612181.0,29562.0,102.13,0.26,0.5637642919964819,0,1,0,0,0,0,0,0,0,0,0,1,0,0,0,0,0,0,0,0,0,0,0,0,0,0,0,0,0,0,0,0,-1.3707185488732683,0.10273808113062888,0.13525187983066375,-1.1704086663774018,-0.03990538923728211,0.05521426303690721,-1.474547620427466,-0.2056042743344865,-0.05901088633896912,0.608888889
2001,1999.0,400,483.8,204157.87,519.74,102.13,0.26,0.2001000500250125,0,1,0,0,0,0,0,0,0,0,0,0,1,0,0,0,0,0,0,0,0,0,0,0,0,0,0,0,0,0,0,0,-1.3707185488732683,-0.4595796004483739,-0.4104882903612393,-1.5011586697826995,-0.4243989572508123,-0.4002788981171252,-1.474547620427466,-0.2056042743344865,-1.3073252432414,0.101666667
2001,13268.0,5393,918.1,1355060.84,3449.68,102.13000000000001,0.26,0.40646668676514924,0,1,0,0,0,0,0,0,0,0,0,0,0,1,0,0,0,0,0,0,0,0,0,0,0,0,0,0,0,0,0,0,-1.3707185488732683,-0.4028499565444359,-0.3677115137557735,-0.7149259030672054,-0.38560917006945783,-0.3543262886235236,-1.4745476204274652,-0.2056042743344865,-0.5989508536345393,0.476363636
2001,12936.0,5368,953.8,1321153.68,3363.36,102.13,0.26,0.41496598639455784,0,1,0,0,0,0,0,0,0,0,0,0,0,0,1,0,0,0,0,0,0,0,0,0,0,0,0,0,0,0,0,0,-1.3707185488732683,-0.4045212886747143,-0.3679256974960372,-0.650296592056975,-0.38675196972729875,-0.35568011472627237,-1.474547620427466,-0.2056042743344865,-0.569776146510492,0.492
2001,150588.0,55626,1002.9,15379552.44,39152.88,102.13,0.26,0.3693919834249741,0,1,0,0,0,0,0,0,0,0,0,0,0,0,0,0,1,0,0,0,0,0,0,0,0,0,0,0,0,0,0,0,-1.3707185488732683,0.28843717637674354,0.0626521592308806,-0.56140866010733,0.08706929081825095,0.20563576086279903,-1.474547620427466,-0.2056042743344865,-0.7262135292458247,0.347619048
2001,11853.0,4448,1002.9,1210546.89,3081.78,102.13,0.26,0.37526364633426135,0,0,1,0,0,0,0,0,0,0,0,0,0,0,0,0,1,0,0,0,0,0,0,0,0,0,0,0,0,0,0,0,-1.3707185488732683,-0.40997325462980927,-0.3758076591377413,-0.56140866010733,-0.3904798372858582,-0.3600963607180703,-1.474547620427466,-0.2056042743344865,-0.7060584513948388,0.347142857
2001,587700.0,255300,1035.8,60021801.0,152802.0,102.13,0.26,0.43440530883103623,0,1,0,0,0,0,0,0,0,0,0,0,0,0,0,0,0,0,1,0,0,0,0,0,0,0,0,0,0,0,0,0,-1.3707185488732683,2.488917086407639,1.7733291253674277,-0.5018483146665293,1.5916820740657616,1.9880864699733838,-1.474547620427466,-0.2056042743344865,-0.5030487026618463,0.543636364
2001,28.0,29,2406.4,2859.64,7.28,102.13,0.26,1.0357142857142858,0,1,0,0,0,0,0,0,0,0,0,0,0,0,0,0,0,0,0,0,1,0,0,0,0,0,0,0,0,0,0,0,-1.3707185488732683,-0.46950187643867136,-0.4136667770667526,1.9794103315693818,-0.43118346967733184,-0.40831622115482946,-1.474547620427466,-0.2056042743344865,1.5610052849077125,1.02
2001,36.0,23,2406.4,3676.68,9.36,102.13,0.26,0.6388888888888888,0,0,1,0,0,0,0,0,0,0,0,0,0,0,0,0,0,0,0,0,1,0,0,0,0,0,0,0,0,0,0,0,-1.3707185488732683,-0.4694616033752912,-0.4137181811644159,1.9794103315693818,-0.43115593233617905,-0.40828359883910054,-1.474547620427466,-0.2056042743344865,0.19886190409242158,0.643333333
2001,148934.0,44552,1672.5,15210629.42,38722.84,102.13,0.25999999999999995,0.2991392160285764,0,1,0,0,0,0,0,0,0,0,0,0,0,0,0,0,0,0,0,0,0,0,1,0,0,0,0,0,0,0,0,0,-1.3707185488732683,0.28011072052288666,-0.03222267035632716,0.6507982489248938,0.0813759455349108,0.19889109708585193,-1.474547620427466,-0.20560427433448725,-0.9673632713200823,0.255333333
2001,811.0,267,1434.5875,82827.43,210.86,102.13,0.26,0.32922318125770655,0,0,1,0,0,0,0,0,0,0,0,0,0,0,0,0,0,0,0,0,0,0,0,1,0,0,0,0,0,0,0,0,-1.3707185488732683,-0.46556015036033405,-0.4116277478594422,0.2200945806974015,-0.42848825241200217,-0.4051233120028647,-1.474547620427466,-0.2056042743344865,-0.8640970125741291,0.423333333
2001,3780.0,2709,2372.5,386051.4,982.8,102.13000000000001,0.26,0.7166666666666667,0,1,0,0,0,0,0,0,0,0,0,0,0,0,0,0,0,0,0,0,0,0,0,0,0,1,0,0,0,0,0,0,-1.3707185488732683,-0.4506138097133563,-0.39070628011048414,1.918039641282356,-0.41826845667667145,-0.39301635507798205,-1.4745476204274652,-0.2056042743344865,0.4658420067322187,0.6075
2001,266123.0,104320,481.3,27179141.99,69191.98,102.13,0.26,0.39199918834523884,0,1,0,0,0,0,0,0,0,0,0,0,0,0,0,0,0,0,0,0,0,0,0,0,0,0,1,0,0,0,0,0,-1.3707185488732683,0.8700557235807085,0.4798306811669015,-1.505684531898262,0.48476012957925757,0.6767631668299,-1.474547620427466,-0.2056042743344865,-0.6486120078028236,0.441481481
2001,362868.0,148046,849.9,37059708.84,94345.68,102.13000000000001,0.25999999999999995,0.40798857986926373,0,1,0,0,0,0,0,0,0,0,0,0,0,0,0,0,0,0,0,0,0,0,0,0,0,0,0,0,0,1,0,0,-1.3707185488732683,1.3570829131704223,0.8544466102377202,-0.8383914215797468,0.8177726383076396,1.0712689087287806,-1.4745476204274652,-0.20560427433448725,-0.5937268013569827,0.418985507
2001,60535.0,29710,849.9,6182439.55,15739.1,102.13,0.26,0.49079045180474107,0,0,1,0,0,0,0,0,0,0,0,0,0,0,0,0,0,0,0,0,0,0,0,0,0,0,0,0,0,1,0,0,-1.3707185488732683,-0.16490159569543072,-0.1593792732760795,-0.8383914215797468,-0.22290823203581864,-0.16158141392886868,-1.474547620427466,-0.2056042743344865,-0.3095009864813977,0.4678125
2001,10685.0,6660,1541.3,1091259.05,2778.1,102.13000000000001,0.26,0.6233036967711746,0,1,0,0,0,0,0,0,0,0,0,0,0,0,0,0,0,0,0,0,0,0,0,0,0,0,0,0,0,0,1,0,-1.3707185488732683,-0.41585312188331885,-0.35685668179920926,0.4132810051001808,-0.3945002890941661,-0.36485921881448763,-1.4745476204274652,-0.2056042743344865,0.14536415306208622,0.592307692
2001,992.0,370,1541.3,101312.96,257.92,102.13000000000001,0.26,0.37298387096774194,0,0,1,0,0,0,0,0,0,0,0,0,0,0,0,0,0,0,0,0,0,0,0,0,0,0,0,0,0,0,1,0,-1.3707185488732683,-0.46464897230135693,-0.41074531084955573,0.4132810051001808,-0.42786522006842015,-0.4043852321094987,-1.4745476204274652,-0.2056042743344865,-0.7138840113264692,0.123333333
2001,49291.0,32299,1556.6,5034089.83,12815.66,102.13,0.26,0.6552717534641213,0,1,0,0,0,0,0,0,0,0,0,0,0,0,0,0,0,0,0,0,0,0,0,0,0,0,0,0,0,0,0,1,-1.3707185488732683,-0.22150538627630564,-0.13719840513437093,0.44097928124742236,-0.2616119650260706,-0.2074320786858175,-1.474547620427466,-0.2056042743344865,0.2550977466530858,0.600555556
2001,13499.0,14187,1556.6,1378652.87,3509.74,102.13000000000001,0.26,1.0509667382769095,0,0,1,0,0,0,0,0,0,0,0,0,0,0,0,0,0,0,0,0,0,0,0,0,0,0,0,0,0,0,0,1,-1.3707185488732683,-0.40168707183933255,-0.292370241280615,0.44097928124742236,-0.3848140293436709,-0.35338431925685204,-1.4745476204274652,-0.2056042743344865,1.6133608737021425,0.892727273
2002,110160.0,45241,648.1,10428847.2,27540.0,94.66999999999999,0.25,0.4106844589687727,0,1,0,0,0,0,1,0,0,0,0,0,0,0,0,0,0,0,0,0,0,0,0,0,0,0,0,0,0,0,0,0,-1.2125670488452174,0.08491725058488919,-0.026319766474659636,-1.2037190115479408,-0.07978821816638242,0.023501608035076997,-1.7684051326759302,-0.3381936031897648,-0.5844729232023792,0.240454545
2002,584271.0,330894,648.1,55312935.57,146067.75,94.67,0.25,0.5663365116529829,0,0,1,0,0,0,1,0,0,0,0,0,0,0,0,0,0,0,0,0,0,0,0,0,0,0,0,0,0,0,0,0,-1.2125670488452174,2.4716550446162997,2.4209693518271878,-1.2037190115479408,1.4329754822360985,1.8824678018497067,-1.7684051326759298,-0.3381936031897648,-0.050181481751622445,0.386666667
2002,40381.0,20100,1973.6,3822869.27,10095.25,94.67,0.25,0.4977588469824918,0,0,1,0,0,0,0,0,1,0,0,0,0,0,0,0,0,0,0,0,0,0,0,0,0,0,0,0,0,0,0,0,-1.2125670488452174,-0.2663595106160064,-0.2417115030334451,1.1958930821232248,-0.3024346833409612,-0.25009846038390304,-1.7684051326759298,-0.3381936031897648,-0.2855812639983763,0.498695652
2002,25116.0,18601,1105.8,2377731.72,6279.0,94.67,0.25,0.7406035992992515,0,1,0,0,0,0,0,0,0,1,0,0,0,0,0,0,0,0,0,0,0,0,0,0,0,0,0,0,0,0,0,0,-1.2125670488452174,-0.3432055496783557,-0.2545539600996565,-0.3751241754307832,-0.3511412897825832,-0.3099517836533069,-1.7684051326759298,-0.3381936031897648,0.5480079532753108,0.751612903
2002,116301.0,30317,1001.4,11010215.67,29075.25,94.67,0.25,0.26067703631095174,0,1,0,0,0,0,0,0,0,0,1,0,0,0,0,0,0,0,0,0,0,0,0,0,0,0,0,0,0,0,0,0,-1.2125670488452174,0.11583186086211729,-0.15417889206247692,-0.5641241773766675,-0.060193899780663356,0.047580170642178794,-1.7684051326759298,-0.3381936031897648,-1.0993886001755906,0.259375
2002,6210.0,1403,1001.4,587900.7,1552.5,94.66999999999999,0.25,0.22592592592592592,0,0,1,0,0,0,0,0,0,0,1,0,0,0,0,0,0,0,0,0,0,0,0,0,0,0,0,0,0,0,0,0,-1.2125670488452174,-0.43838086671161974,-0.4018952387018597,-0.5641241773766675,-0.4114653711049092,-0.3840812910055079,-1.7684051326759302,-0.3381936031897648,-1.2186753075426904,0.230833333
2002,121600.0,45300,458.4,11511872.0,30400.0,94.67,0.25,0.3725328947368421,0,1,0,0,0,0,0,0,0,0,0,1,0,0,0,0,0,0,0,0,0,0,0,0,0,0,0,0,0,0,0,0,-1.2125670488452174,0.14250773121857907,-0.02581429284763731,-1.547141428876813,-0.0432861822874334,0.0683572921622948,-1.7684051326759298,-0.3381936031897648,-0.7154320329317888,0.396111111
2002,3475.0,600,353.9,328978.25,868.75,94.67,0.25,0.17266187050359713,0,1,0,0,0,0,0,0,0,0,0,0,1,0,0,0,0,0,0,0,0,0,0,0,0,0,0,0,0,0,0,0,-1.2125670488452174,-0.45214922025472654,-0.4087748204391297,-1.73632246530732,-0.4201920378993957,-0.3948050931110971,-1.7684051326759298,-0.3381936031897648,-1.4015095744755282,0.042857143
2002,12670.0,3065,890.8,1199468.9,3167.5,94.66999999999999,0.25,0.24191002367797948,0,1,0,0,0,0,0,0,0,0,0,0,0,1,0,0,0,0,0,0,0,0,0,0,0,0,0,0,0,0,0,0,-1.2125670488452174,-0.40586036803210607,-0.38765630364912906,-0.7643483173691465,-0.3908532074879502,-0.3587519448987048,-1.7684051326759302,-0.3381936031897648,-1.1638082725055043,0.326363636
2002,14232.0,5961,933.2,1347343.44,3558.0,94.67,0.25,0.41884485666104554,0,1,0,0,0,0,0,0,0,0,0,0,0,0,1,0,0,0,0,0,0,0,0,0,0,0,0,0,0,0,0,0,-1.2125670488452174,-0.39799705240712147,-0.3628452591769823,-0.6875896958892087,-0.3858692756660168,-0.3526274187967193,-1.7684051326759298,-0.3381936031897648,-0.5564615313149777,0.485555556
2002,149369.0,21266,860.8,14140763.23,37342.25,94.67,0.25,0.14237224591448025,0,1,0,0,0,0,0,0,0,0,0,0,0,0,0,0,1,0,0,0,0,0,0,0,0,0,0,0,0,0,0,0,-1.2125670488452174,0.28230056834418515,-0.23172197338754622,-0.8186586627558949,0.04531740462887206,0.17723819185886047,-1.7684051326759298,-0.3381936031897648,-1.5054817798119713,0.139
2002,16084.0,1895,860.8,1522672.28,4021.0,94.67,0.25,0.11781895050982343,0,0,1,0,0,0,0,0,0,0,0,0,0,0,0,0,1,0,0,0,0,0,0,0,0,0,0,0,0,0,0,0,-1.2125670488452174,-0.38867383823460455,-0.39768010269347015,-0.8186586627558949,-0.37996002999750167,-0.3453658167859145,-1.7684051326759298,-0.3381936031897648,-1.5897634540198637,0.118571429
2002,633600.0,359800,967.4,59982912.0,158400.0,94.67,0.25,0.5678661616161617,0,1,0,0,0,0,0,0,0,0,0,0,0,0,0,0,0,0,1,0,0,0,0,0,0,0,0,0,0,0,0,0,-1.2125670488452174,2.719983787551552,2.668617159669686,-0.6256759021483157,1.590371367539654,2.075884413939875,-1.7684051326759298,-0.3381936031897648,-0.04493080326940564,0.583333333
2002,6.0,4,2627.0,568.02,1.5,94.67,0.25,0.6666666666666666,0,1,0,0,0,0,0,0,0,0,0,0,0,0,0,0,0,0,0,0,1,0,0,0,0,0,0,0,0,0,0,0,-1.2125670488452174,-0.46961262736296694,-0.4138809608070163,2.3787724046466048,-0.4312607059469546,-0.4084068735514222,-1.7684051326759298,-0.3381936031897648,0.2942119407494919,0.67
2002,33.0,20,2627.0,3124.11,8.25,94.67,0.25,0.6060606060606061,0,0,1,0,0,0,0,0,0,0,0,0,0,0,0,0,0,0,0,0,1,0,0,0,0,0,0,0,0,0,0,0,-1.2125670488452174,-0.46947670577405876,-0.4137438832132475,2.3787724046466048,-0.4311745560371005,-0.4083010078633597,-1.7684051326759298,-0.3381936031897648,0.08617549713406597,0.606666667
2002,117293.0,27067,1102.8,11104128.31,29323.25,94.67,0.25,0.23076398421048144,0,1,0,0,0,0,0,0,0,0,0,0,0,0,0,0,0,0,0,0,0,0,1,0,0,0,0,0,0,0,0,0,-1.2125670488452174,0.12082572072126242,-0.1820227782967577,-0.380555209969458,-0.05702868827787336,0.05146975444062286,-1.7684051326759298,-0.3381936031897648,-1.2020681822905597,0.202333333
2002,812.0,330,1434.5875,76872.04,203.0,94.66999999999999,0.25,0.4064039408866995,0,0,1,0,0,0,0,0,0,0,0,0,0,0,0,0,0,0,0,0,0,0,0,1,0,0,0,0,0,0,0,0,-1.2125670488452174,-0.4655551162274115,-0.41108800483397767,0.2200945806974015,-0.4286889716009378,-0.4052465867151864,-1.7684051326759302,-0.3381936031897648,-0.5991662352197087,0.446666667
2002,3900.0,1900,301.8,369213.0,975.0,94.67,0.25,0.48717948717948717,0,1,0,0,0,0,0,0,0,0,0,0,0,0,0,0,0,0,0,0,0,0,0,0,1,0,0,0,0,0,0,0,-1.2125670488452174,-0.45000971376265325,-0.39763726594541743,-1.8306414317956397,-0.4188359745035431,-0.39313868876196534,-1.7684051326759298,-0.3381936031897648,-0.3218959884192701,0.593333333
2002,3780.0,2790,2496.2,357852.6,945.0,94.66999999999999,0.25,0.7380952380952381,0,1,0,0,0,0,0,0,0,0,0,0,0,0,0,0,0,0,0,0,0,0,0,0,0,1,0,0,0,0,0,0,-1.2125670488452174,-0.4506138097133563,-0.39001232479202974,2.1419792987603814,-0.41921886299178385,-0.393609202931132,-1.7684051326759302,-0.3381936031897648,0.5393977492962445,0.6425
2002,196888.0,78555,315.9,18639386.96,49222.0,94.67,0.25,0.39898317825362645,0,1,0,0,0,0,0,0,0,0,0,0,0,0,0,0,0,0,0,0,0,0,0,0,0,0,1,0,0,0,0,0,-1.2125670488452174,0.5215175306896668,0.2590929184511341,-1.8051155694638679,0.1969380552347966,0.36355788189743243,-1.7684051326759298,-0.3381936031897648,-0.6246387548268383,0.422962963
2002,401329.0,159899,664.0,37993816.43,100332.25,94.67,0.25,0.39842373713337437,0,1,0,0,0,0,0,0,0,0,0,0,0,0,0,0,0,0,0,0,0,0,0,0,0,0,0,0,0,1,0,0,-1.2125670488452174,1.5507006995036692,0.9559954051715448,-1.1749345284929642,0.8492556004383114,1.1651611090523746,-1.7684051326759298,-0.3381936031897648,-0.6265590931544847,0.453970588
2002,55902.0,29881,664.0,5292242.34,13975.5,94.67,0.25,0.5345247039461916,0,0,0,1,0,0,0,0,0,0,0,0,0,0,0,0,0,0,0,0,0,0,0,0,0,0,0,0,0,1,0,0,-1.2125670488452174,-0.18822473352549063,-0.15791425649267582,-1.1749345284929642,-0.25291124812442556,-0.1892413735536104,-1.7684051326759298,-0.3381936031897648,-0.15937873486655071,0.5371875
2002,9805.0,3680,1610.3,928239.35,2451.25,94.67,0.25,0.37531871494135643,0,1,0,0,0,0,0,0,0,0,0,0,0,0,0,0,0,0,0,0,0,0,0,0,0,0,0,0,0,0,1,0,-1.2125670488452174,-0.4202831588551411,-0.3823873836386421,0.5381947994897021,-0.39999467014469753,-0.3699854706875579,-1.7684051326759298,-0.3381936031897648,-0.7058694228214526,0.400769231
2002,801.0,360,1610.3,75830.67,200.25,94.67,0.25,0.449438202247191,0,0,1,0,0,0,0,0,0,0,0,0,0,0,0,0,0,0,0,0,0,0,0,0,0,0,0,0,0,0,1,0,-1.2125670488452174,-0.4656104916895593,-0.41083098434566123,0.5381947994897021,-0.4287240697123598,-0.40528971718069334,-1.7684051326759298,-0.3381936031897648,-0.4514467728833276,0.3
2002,48645.0,31833,1629.1,4605222.15,12161.25,94.67,0.25,0.6543940795559667,0,1,0,0,0,0,0,0,0,0,0,0,0,0,0,0,0,0,0,0,0,0,0,0,0,0,0,0,0,0,0,1,-1.2125670488452174,-0.224757436144257,-0.14119079005288626,0.572229282598731,-0.2760664294507833,-0.21769571793396178,-1.7684051326759298,-0.3381936031897648,0.2520850420377283,0.523333333
2002,13493.0,8636,1629.1,1277382.31,3373.25,94.67,0.25,0.640035574001334,0,0,1,0,0,0,0,0,0,0,0,0,0,0,0,0,0,0,0,0,0,0,0,0,0,0,0,0,0,0,0,1,-1.2125670488452174,-0.4017172766368677,-0.33992759896876656,0.572229282598731,-0.38822723060609926,-0.3555250018885038,-1.7684051326759298,-0.3381936031897648,0.20279801692262917,0.604545455
2003,95454.0,66827,826.0,9448036.92,22908.96,98.98,0.24,0.7000963815031324,0,1,0,0,0,0,1,0,0,0,0,0,0,0,0,0,0,0,0,0,0,0,0,0,0,0,0,0,0,0,0,0,-1.0544155488171665,0.01088529182623156,0.15861504221862796,-0.8816586634045229,-0.11284523775725602,-0.04913072323083587,-1.598629545840691,-0.4707829320450432,0.40896282401281886,0.656363636
2003,343078.0,133336,826.0,33957860.44,82338.72,98.97999999999999,0.24,0.38864631366628,0,0,1,0,0,0,1,0,0,0,0,0,0,0,0,0,0,0,0,0,0,0,0,0,0,0,0,0,0,0,0,0,-1.0544155488171665,1.257457422633646,0.7284208974665601,-0.8816586634045229,0.7132286042394809,0.8829540817748859,-1.5986295458406916,-0.4707829320450432,-0.6601210898504539,0.408
2003,39588.0,20696,2213.7,3918420.24,9501.12,98.98,0.24000000000000002,0.5227846822269374,0,0,1,0,0,0,0,0,1,0,0,0,0,0,0,0,0,0,0,0,0,0,0,0,0,0,0,0,0,0,0,0,-1.0544155488171665,-0.270351578023569,-0.23660536266555854,1.6305568797018342,-0.2992142539147759,-0.2594166798281352,-1.598629545840691,-0.4707829320450428,-0.19967754891283535,0.519130435
2003,24199.0,18009,1353.9,2395217.02,5807.76,98.98,0.24000000000000002,0.7442043059630563,0,1,0,0,0,0,0,0,0,1,0,0,0,0,0,0,0,0,0,0,0,0,0,0,0,0,0,0,0,0,0,0,-1.0544155488171665,-0.3478218495683114,-0.2596258310691008,0.07402238091762617,-0.35055196897667534,-0.31734262022257614,-1.598629545840691,-0.4707829320450428,0.5603677437211763,0.747878788
2003,115663.0,33645,1643.7,11448323.74,27759.12,98.98,0.24,0.2908881837752782,0,1,0,0,0,0,0,0,0,0,1,0,0,0,0,0,0,0,0,0,0,0,0,0,0,0,0,0,0,0,0,0,-1.0544155488171665,0.11262008405754612,-0.12566675255857343,0.5986603173536155,-0.045427999230650926,0.026938243526669976,-1.598629545840691,-0.4707829320450432,-0.9956857755212658,0.3
2003,5621.0,1438,1643.7,556366.58,1349.04,98.97999999999999,0.24,0.2558263654154065,0,0,1,0,0,0,0,0,0,0,1,0,0,0,0,0,0,0,0,0,0,0,0,0,0,0,0,0,0,0,0,0,-1.0544155488171665,-0.44134597100298717,-0.40159538146549056,0.5986603173536155,-0.4125281903308873,-0.38727231810079593,-1.5986295458406916,-0.4707829320450432,-1.116039019492849,0.265833333
2003,107500.0,71300,902.5,10640350.0,25800.0,98.98,0.24,0.6632558139534884,0,1,0,0,0,0,0,0,0,0,0,1,0,0,0,0,0,0,0,0,0,0,0,0,0,0,0,0,0,0,0,0,-1.0544155488171665,0.07152645701097178,0.19693679702660885,-0.7431672826683146,-0.07265977309836716,-0.003788213776586986,-1.598629545840691,-0.4707829320450432,0.2825038432250892,0.666521739
2003,2419.0,400,592.3,239432.62,580.56,98.98,0.24,0.1653575857792476,0,1,0,0,0,0,0,0,0,0,0,0,1,0,0,0,0,0,0,0,0,0,0,0,0,0,0,0,0,0,0,0,-1.0544155488171665,-0.4574652646209133,-0.4104882903612393,-1.3047362539672929,-0.42321006463254446,-0.39932500905816803,-1.598629545840691,-0.4707829320450432,-1.4265822718594627,0.042857143
2003,14609.0,6090,1430.3,1445998.82,3506.16,98.98,0.24,0.4168663152850982,0,1,0,0,0,0,0,0,0,0,0,0,0,0,1,0,0,0,0,0,0,0,0,0,0,0,0,0,0,0,0,0,-1.0544155488171665,-0.3960991842953294,-0.3617400710772216,0.21233272716921178,-0.3825442158701457,-0.3534404672810393,-1.598629545840691,-0.4707829320450432,-0.5632530750530456,0.484444444
2003,129237.0,32541,867.6,12791878.26,31016.88,98.98,0.24000000000000002,0.2517932171127463,0,1,0,0,0,0,0,0,0,0,0,0,0,0,0,0,1,0,0,0,0,0,0,0,0,0,0,0,0,0,0,0,-1.0544155488171665,0.18095340434790508,-0.13512510652861834,-0.8063483178015651,-0.00014512547340726932,0.07803231818481166,-1.598629545840691,-0.4707829320450428,-1.1298832096789226,0.224444444
2003,11397.0,6002,867.6,1128075.06,2735.28,98.98,0.24000000000000002,0.5266298148635606,0,0,1,0,0,0,0,0,0,0,0,0,0,0,0,0,1,0,0,0,0,0,0,0,0,0,0,0,0,0,0,0,-1.0544155488171665,-0.4122688192424808,-0.36249399784294983,-0.8063483178015651,-0.39325945017899105,-0.36553079937194477,-1.598629545840691,-0.4707829320450428,-0.18647874155011576,0.49
2003,610876.0,224268,1163.0,60464506.48,146610.24,98.97999999999999,0.24,0.36712524309352473,0,1,0,0,0,0,0,0,0,0,0,0,0,0,0,0,0,1,0,0,0,0,0,0,0,0,0,0,0,0,0,0,-1.0544155488171665,2.6055881510200862,1.5074671322529043,-0.27157245022671617,1.6066029247376643,1.8909761095707465,-1.5986295458406916,-0.4707829320450432,-0.733994345098872,0.349166667
2003,5693.0,2331,1163.0,563493.14,1366.32,98.98,0.24,0.4094502020024592,0,0,1,0,0,0,0,0,0,0,0,0,0,0,0,0,0,1,0,0,0,0,0,0,0,0,0,0,0,0,0,0,-1.0544155488171665,-0.4409835134325653,-0.39394473826327125,-0.27157245022671617,-0.4122879982791323,-0.38700130193935595,-1.598629545840691,-0.4707829320450432,-0.5887096352937398,0.242941176
2003,600700.0,359200,1037.4,59457286.0,144168.0,98.98,0.24,0.5979690361245213,0,1,0,0,0,0,0,0,0,0,0,0,0,0,0,0,0,0,1,0,0,0,0,0,0,0,0,0,0,0,0,0,-1.0544155488171665,2.5543608144004684,2.6634767499033574,-0.4989517629125692,1.5726557814229662,1.8526724920872304,-1.598629545840691,-0.4707829320450432,0.05840036349338459,0.595757576
2003,135994.0,36794,1648.2,13460686.12,32638.56,98.97999999999999,0.24000000000000002,0.2705560539435563,0,1,0,0,0,0,0,0,0,0,0,0,0,0,0,0,0,0,0,0,0,0,1,0,0,0,0,0,0,0,0,0,-1.0544155488171665,0.21496904050540877,-0.098688168634958,0.6068068691616277,0.02239623138364999,0.10346643211328249,-1.5986295458406916,-0.4707829320450428,-1.0654778712130217,0.256333333
2003,1174.0,437,1434.5875,116202.52,281.76,98.98,0.24,0.37223168654173766,0,0,1,0,0,0,0,0,0,0,0,0,0,0,0,0,0,0,0,0,0,0,0,1,0,0,0,0,0,0,0,0,-1.0544155488171665,-0.46373276010945735,-0.41017129842564903,0.2200945806974015,-0.4273633855274736,-0.4040113301830676,-1.598629545840691,-0.4707829320450432,-0.7164659605797951,0.71
2003,5200.0,2200,451.7,514696.0,1248.0,98.98,0.24,0.4230769230769231,0,1,0,0,0,0,0,0,0,0,0,0,0,0,0,0,0,0,0,0,0,0,0,0,1,0,0,0,0,0,0,0,-1.0544155488171665,-0.4434653409633703,-0.39506706106225303,-1.5592707393465202,-0.4139326466335099,-0.3888570098225491,-1.598629545840691,-0.4707829320450432,-0.5419345345509707,0.641428571
2003,3780.0,2810,2838.1,374144.4,907.2,98.98,0.24000000000000002,0.7433862433862434,0,1,0,0,0,0,0,0,0,0,0,0,0,0,0,0,0,0,0,0,0,0,0,0,0,1,0,0,0,0,0,0,-1.0544155488171665,-0.4506138097133563,-0.3898409777998188,2.760936201684691,-0.4186697676542323,-0.3942020507842819,-1.598629545840691,-0.4707829320450428,0.5575596610404482,0.6475
2003,185732.0,75920,345.6,18383753.36,44575.68,98.97999999999999,0.24,0.4087610104882304,0,1,0,0,0,0,0,0,0,0,0,0,0,0,0,0,0,0,0,0,0,0,0,0,0,0,1,0,0,0,0,0,-1.0544155488171665,0.465356743805974,0.23651795222734026,-1.751348327530987,0.18832223513624952,0.29068590208135736,-1.5986295458406916,-0.4707829320450432,-0.5910753549949762,0.412962963
2003,566876.0,134187,1075.6,56109386.48,136050.24,98.97999999999999,0.24,0.23671314361518217,0,1,0,0,0,0,0,0,0,0,0,0,0,0,0,0,0,0,0,0,0,0,0,0,0,0,0,0,0,1,0,0,-1.0544155488171665,2.3840863024289716,0.7357117119851364,-0.42979658978677665,1.4598188931096459,1.7253551220240961,-1.5986295458406916,-0.4707829320450432,-1.1816470898671487,0.367142857
2003,57741.0,28301,1075.6,5715204.18,13857.84,98.97999999999999,0.24,0.49013699104622366,0,0,0,1,0,0,0,0,0,0,0,0,0,0,0,0,0,0,0,0,0,0,0,0,0,0,0,0,0,1,0,0,-1.0544155488171665,-0.17896696308096652,-0.17145066887734156,-0.42979658978677665,-0.23865583286606187,-0.1910867301250819,-1.5986295458406916,-0.4707829320450432,-0.31174405674342703,0.540153846
2003,10774.0,3905,1734.3,1066410.52,2585.76,98.98,0.24000000000000002,0.36244663077779843,0,1,0,0,0,0,0,0,0,0,0,0,0,0,0,0,0,0,0,0,0,0,0,0,0,0,0,0,0,0,1,0,-1.0544155488171665,-0.4154050840532141,-0.3804597299762688,0.7626775604215954,-0.3953377786268151,-0.3678758419910712,-1.598629545840691,-0.4707829320450428,-0.7500541559079861,0.37
2003,645.0,233,1734.3,63842.1,154.8,98.98,0.24000000000000002,0.3612403100775194,0,0,0,1,0,0,0,0,0,0,0,0,0,0,0,0,0,0,0,0,0,0,0,0,0,0,0,0,0,0,1,0,-1.0544155488171665,-0.46639581642547323,-0.4119190377462008,0.7626775604215954,-0.42912812990772864,-0.4060025461469808,-1.598629545840691,-0.4707829320450428,-0.7541949739356905,0.243333333
2003,51227.0,31163,1526.7,5070448.46,12294.48,98.98,0.24,0.60833154391239,0,1,0,0,0,0,0,0,0,0,0,0,0,0,0,0,0,0,0,0,0,0,0,0,0,0,0,0,0,0,0,1,-1.0544155488171665,-0.2117593049382966,-0.14693091429195337,0.3868499703452968,-0.2603865415484462,-0.21560616450869283,-1.598629545840691,-0.4707829320450432,0.09397072140095279,0.523529412
2003,15147.0,11106,1526.7,1499250.06,3635.28,98.98,0.24000000000000002,0.7332144979203803,0,0,1,0,0,0,0,0,0,0,0,0,0,0,0,0,0,0,0,0,0,0,0,0,0,0,0,0,0,0,0,1,-1.0544155488171665,-0.3933908207830108,-0.3187662454307132,0.3868499703452968,-0.38074944748342127,-0.35141537429694614,-1.598629545840691,-0.4707829320450428,0.5226441141311365,0.665
2004,76464.0,35130,781.8,8284109.76,16057.44,108.34,0.21000000000000002,0.4594318895166353,0,1,0,0,0,0,1,0,0,0,0,0,0,0,0,0,0,0,0,0,0,0,0,0,0,0,0,0,0,0,0,0,-0.8962640487891157,-0.08471289237252462,-0.11294423838690974,-0.9616759056076657,-0.15207398944863298,-0.1565886312417853,-1.2299289674699638,-0.8685509186108774,-0.41714242877401847,0.473636364
2004,351048.0,223561,781.8,38032540.32,73720.08,108.34,0.21,0.6368388368542194,0,0,1,0,0,0,1,0,0,0,0,0,0,0,0,0,0,0,0,0,0,0,0,0,0,0,0,0,0,0,0,0,-0.8962640487891157,1.297579462026173,1.5014100160782469,-0.9616759056076657,0.8505607421323451,0.7477810071433458,-1.2299289674699638,-0.8685509186108777,0.19182489277285475,0.608947368
2004,36367.0,20914,2536.9,3940000.78,7637.07,108.33999999999999,0.21,0.5750818049330437,0,0,1,0,0,0,0,0,1,0,0,0,0,0,0,0,0,0,0,0,0,0,0,0,0,0,0,0,0,0,0,0,-0.8962640487891157,-0.2865665201670231,-0.2347376804504591,2.215660334001737,-0.29848690801709465,-0.2886520777293031,-1.2299289674699645,-0.8685509186108777,-0.02016237649771985,0.56173913
2004,23960.0,17871,1147.8,2595826.4,5031.6,108.33999999999999,0.21000000000000002,0.7458681135225376,0,1,0,0,0,0,0,0,0,1,0,0,0,0,0,0,0,0,0,0,0,0,0,0,0,0,0,0,0,0,0,0,-0.8962640487891157,-0.349025007336795,-0.26080812531535646,-0.29908969188933543,-0.34379067340300634,-0.3295157628072549,-1.2299289674699645,-0.8685509186108774,0.5660789317455028,0.742285714
2004,113848.0,31462,1122.8,12334292.32,23908.08,108.34,0.21000000000000002,0.27635092403906963,0,1,0,0,0,0,0,0,0,0,1,0,0,0,0,0,0,0,0,0,0,0,0,0,0,0,0,0,0,0,0,0,-0.8962640487891157,0.10348313280316264,-0.14436927675839956,-0.3443483130449591,-0.015567503981805763,-0.03346071934091071,-1.2299289674699638,-0.8685509186108774,-1.045586392475936,0.29125
2004,5667.0,1166,1122.8,613962.78,1190.07,108.34,0.21,0.20575260278807128,0,0,1,0,0,0,0,0,0,0,1,0,0,0,0,0,0,0,0,0,0,0,0,0,0,0,0,0,0,0,0,0,-0.8962640487891157,-0.441114400888551,-0.4039257005595596,-0.3443483130449591,-0.4105869803429986,-0.3897655726832099,-1.2299289674699638,-0.8685509186108777,-1.2879222831675075,0.232307692
2004,96000.0,48600,719.8,10400640.0,20160.0,108.34,0.21,0.50625,0,1,0,0,0,0,0,0,0,0,0,1,0,0,0,0,0,0,0,0,0,0,0,0,0,0,0,0,0,0,0,0,-0.8962640487891157,0.013633928401930395,0.0024579608671708563,-1.0739172860736124,-0.0807389075932955,-0.09224487757991162,-1.2299289674699638,-0.8685509186108777,-0.2564345209450891,0.5316
2004,2155.0,700,484.6,233472.7,452.55,108.34,0.21,0.3248259860788863,0,1,0,0,0,0,0,0,0,0,0,0,1,0,0,0,0,0,0,0,0,0,0,0,0,0,0,0,0,0,0,0,-0.8962640487891157,-0.45879427571245995,-0.40791808547807495,-1.4997103939057195,-0.42341093649962974,-0.40133269301800206,-1.2299289674699638,-0.8685509186108777,-0.8791908305477261,0.145384615
2004,14354.0,5921,1032.1,1555112.36,3014.34,108.34,0.21000000000000002,0.41249825832520554,0,1,0,0,0,0,0,0,0,0,0,0,0,0,1,0,0,0,0,0,0,0,0,0,0,0,0,0,0,0,0,0,-0.8962640487891157,-0.3973828881905734,-0.3631879531614042,-0.5085465905975618,-0.37886667648973715,-0.3611540765703568,-1.2299289674699638,-0.8685509186108774,-0.5782468731378992,0.484444444
2004,128006.0,14678,1117.7,13868170.04,26881.26,108.33999999999999,0.21,0.11466650000781213,0,1,0,0,0,0,0,0,0,0,0,0,0,0,0,0,1,0,0,0,0,0,0,0,0,0,0,0,0,0,0,0,-0.8962640487891157,0.17475638672027638,-0.288163672621836,-0.35358107176070613,0.03612998214165181,0.013170057908516322,-1.2299289674699645,-0.8685509186108777,-1.6005845597732133,0.134285714
2004,4505.0,1550,1117.7,488071.7,946.05,108.34,0.21,0.34406215316315203,0,0,1,0,0,0,0,0,0,0,0,0,0,0,0,0,1,0,0,0,0,0,0,0,0,0,0,0,0,0,0,0,-0.8962640487891157,-0.44696406334452543,-0.4006358383091092,-0.35358107176070613,-0.4148299863378749,-0.39359273493521113,-1.2299289674699638,-0.8685509186108777,-0.8131607380291804,0.347857143
2004,547073.0,193237,895.7,59269888.82,114885.33,108.34,0.21,0.3532197714016228,0,1,0,0,0,0,0,0,0,0,0,0,0,0,0,0,0,1,0,0,0,0,0,0,0,0,0,0,0,0,0,0,-0.8962640487891157,2.284395368164202,1.2416137064879915,-0.7554776276226441,1.5663397870080888,1.393408787219553,-1.2299289674699638,-0.8685509186108777,-0.7817262855789132,0.346041667
2004,5292.0,2178,895.7,573335.28,1111.32,108.34,0.21,0.41156462585034015,0,0,1,0,0,0,0,0,0,0,0,0,0,0,0,0,0,1,0,0,0,0,0,0,0,0,0,0,0,0,0,0,-0.8962640487891157,-0.443002200734498,-0.3952555427536851,-0.7554776276226441,-0.4119562809007255,-0.39100067237727226,-1.2299289674699638,-0.8685509186108777,-0.5814516612031946,0.28
2004,530500.0,216500,1052.0,57474370.0,111405.0,108.34,0.21,0.40810556079170596,0,1,0,0,0,0,0,0,0,0,0,0,0,0,0,0,0,0,1,0,0,0,0,0,0,0,0,0,0,0,0,0,-0.8962640487891157,2.2009646832391896,1.440915960478168,-0.4725207281576852,1.5058240052928702,1.3388239679403644,-1.2299289674699638,-0.8685509186108777,-0.5933252524882331,0.522121212
2004,16.0,18,2640.8,1733.44,3.36,108.34,0.21,1.125,0,1,0,0,0,0,0,0,0,0,0,0,0,0,0,0,0,0,0,0,1,0,0,0,0,0,0,0,0,0,0,0,-0.8962640487891157,-0.46956228603374167,-0.4137610179124686,2.4037551635245094,-0.43122142688090365,-0.40837770167293386,-1.2299289674699638,-0.8685509186108777,1.8674875455911524,1.13
2004,31.0,56,2640.8,3358.54,6.51,108.34,0.21,1.8064516129032258,0,0,1,0,0,0,0,0,0,0,0,0,0,0,0,0,0,0,0,0,1,0,0,0,0,0,0,0,0,0,0,0,-0.8962640487891157,-0.4694867740399038,-0.41343545862726777,2.4037551635245094,-0.43116665485859457,-0.40832829768517137,-1.2299289674699638,-0.8685509186108777,4.206639251323474,1.316666667
2004,27222.0,5867,1290.4,2949231.48,5716.62,108.34,0.21,0.21552420836088457,1,0,0,0,0,0,0,0,0,0,0,0,0,0,0,0,0,0,0,0,0,0,1,0,0,0,0,0,0,0,0,0,-0.8962640487891157,-0.3326036657435173,-0.3636505900403738,-0.040934516817657904,-0.3318795842848598,-0.31877204226850436,-1.2299289674699638,-0.8685509186108777,-1.254380256983125,0.199047619
2004,4605.0,1886,1290.4,498905.7,967.05,108.34,0.21,0.40955483170466883,0,0,0,1,0,0,0,0,0,0,0,0,0,0,0,0,0,0,0,0,0,0,1,0,0,0,0,0,0,0,0,0,-0.8962640487891157,-0.4464606500522729,-0.39775720883996507,-0.040934516817657904,-0.4144648395224811,-0.39326337501679454,-1.2299289674699638,-0.8685509186108777,-0.5883504832398598,0.289
2004,92216.0,24915,1290.4,9990681.44,19365.36,108.33999999999999,0.21000000000000002,0.2701808796738093,0,0,0,0,0,1,0,0,0,0,0,0,0,0,0,0,0,0,0,0,0,0,1,0,0,0,0,0,0,0,0,0,-0.8962640487891157,-0.005415230576905485,-0.20045971465865683,-0.040934516817657904,-0.09455606308779782,-0.10470785689279705,-1.2299289674699645,-0.8685509186108774,-1.0667656949064557,0.230344828
2004,1704.0,515,1434.5875,184611.36,357.84,108.33999999999999,0.21,0.3022300469483568,0,0,1,0,0,0,0,0,0,0,0,0,0,0,0,0,0,0,0,0,0,0,0,1,0,0,0,0,0,0,0,0,-0.8962640487891157,-0.4610646696605189,-0.4095030451560263,0.2200945806974015,-0.42505774863705587,-0.4028181062500611,-1.2299289674699645,-0.8685509186108777,-0.9567536810260151,0.543333333
2004,3400.0,1800,366.4,368356.0,714.0,108.34,0.21,0.5294117647058824,0,1,0,0,0,0,0,0,0,0,0,0,0,0,0,0,0,0,0,0,0,0,0,0,1,0,0,0,0,0,0,0,-0.8962640487891157,-0.45252678022391596,-0.3984940009064722,-1.7136931547295082,-0.4188648586479766,-0.397232162033715,-1.2299289674699638,-0.8685509186108777,-0.1769294168501495,0.633333333
2004,3780.0,2840,1650.5,409525.2,793.8,108.34,0.21,0.7513227513227513,0,1,0,0,0,0,0,0,0,0,0,0,0,0,0,0,0,0,0,0,0,0,0,0,0,1,0,0,0,0,0,0,-0.8962640487891157,-0.4506138097133563,-0.38958395731150236,0.610970662307945,-0.4174773007494801,-0.39598059434373173,-1.2299289674699638,-0.8685509186108777,0.5848025286567539,0.6675
2004,226364.0,82998,1034.0,24524275.76,47536.44,108.34,0.21000000000000002,0.36665724231768304,0,1,0,0,0,0,0,0,0,0,0,0,0,0,0,0,0,0,0,0,0,0,0,0,0,0,1,0,0,0,0,0,-0.8962640487891157,0.6699036327140236,0.29715765277079853,-0.5051069353897342,0.3952810868267094,0.3371218864647495,-1.2299289674699638,-0.8685509186108774,-0.7356008051796256,0.4075
2004,1026.0,611,2706.3,111156.84,215.46,108.34,0.21000000000000002,0.5955165692007798,0,1,0,0,0,0,0,0,0,0,0,0,0,0,0,0,0,0,0,0,0,0,0,0,0,0,0,0,1,0,0,0,-0.8962640487891157,-0.4644778117819911,-0.4086805795934137,2.522332750952243,-0.427533444045426,-0.40505116649692585,-1.2299289674699638,-0.8685509186108774,0.049982022294540185,0.575
2004,407.0,245,2706.3,44094.38,85.47,108.33999999999999,0.21,0.601965601965602,0,0,1,0,0,0,0,0,0,0,0,0,0,0,0,0,0,0,0,0,0,0,0,0,0,0,0,0,1,0,0,0,-0.8962640487891157,-0.4675939400610343,-0.4118162295508742,2.522332750952243,-0.42979370283271373,-0.4070899043919248,-1.2299289674699645,-0.8685509186108777,0.07211898067356427,0.595
2004,11212.0,4937,1219.6,1214708.08,2354.52,108.34,0.21,0.4403317873706743,0,1,0,0,0,0,0,0,0,0,0,0,0,0,0,0,0,0,0,0,0,0,0,0,0,0,0,0,0,0,1,0,-0.8962640487891157,-0.41320013383314796,-0.3716182251781834,-0.1691069319303844,-0.39033958942941105,-0.3715025652070075,-1.2299289674699638,-0.8685509186108777,-0.48270546460578045,0.435384615
2004,25.0,11,1219.6,2708.5,5.25,108.34,0.21,0.44,0,0,0,1,0,0,0,0,0,0,0,0,0,0,0,0,0,0,0,0,0,0,0,0,0,0,0,0,0,0,1,0,-0.8962640487891157,-0.4695169788374389,-0.41382098935974243,-0.1691069319303844,-0.4311885636675182,-0.40834805928027634,-1.2299289674699638,-0.8685509186108777,-0.48384435837220174,0.44
2004,47508.0,32022,1612.9,5147016.72,9976.68,108.33999999999999,0.21000000000000002,0.6740338469310432,0,1,0,0,0,0,0,0,0,0,0,0,0,0,0,0,0,0,0,0,0,0,0,0,0,0,0,0,0,0,0,1,-0.8962640487891157,-0.23048124527716832,-0.1395715609764927,0.5429016960898871,-0.25780590131406866,-0.2519580892185059,-1.2299289674699645,-0.8685509186108774,0.3195005334471237,0.653333333
2004,11425.0,8398,1612.9,1237784.5,2399.25,108.34,0.21,0.735054704595186,0,0,1,0,0,0,0,0,0,0,0,0,0,0,0,0,0,0,0,0,0,0,0,0,0,0,0,0,0,0,0,1,-0.8962640487891157,-0.4121278635206501,-0.341966628176077,0.5429016960898871,-0.38956182671262224,-0.37080102858078007,-1.2299289674699638,-0.8685509186108777,0.5289608099915115,0.671818182
2005,79206.0,33844,1075.5,9498383.52,16633.26,119.91999999999999,0.21,0.42729086180339876,0,1,0,0,0,0,1,0,0,0,0,0,0,0,0,0,0,0,0,0,0,0,0,0,0,0,0,0,0,0,0,0,-0.7381125487610648,-0.07090929989896014,-0.12396184998607437,-0.42997762427139896,-0.11114836673492756,-0.1475575822788012,-0.7737801749984881,-0.8685509186108777,-0.527469762917527,0.384761905
2005,341832.0,216227,1075.5,40992493.44,71784.72,119.91999999999999,0.21,0.6325534180533128,0,0,1,0,0,0,1,0,0,0,0,0,0,0,0,0,0,0,0,0,0,0,0,0,0,0,0,0,0,0,0,0,-0.7381125487610648,1.2511848930121794,1.4385770740344883,-0.42997762427139896,0.9503223680768728,0.7174271970620688,-0.7737801749984881,-0.8685509186108777,0.1771147585415904,0.621052632
2005,35376.0,17331,2184.6,4242289.92,7428.96,119.92,0.21,0.48990841248303935,0,0,1,0,0,0,0,0,1,0,0,0,0,0,0,0,0,0,0,0,0,0,0,0,0,0,0,0,0,0,0,0,-0.7381125487610648,-0.2915553458932457,-0.2654344941050523,1.5778758446766885,-0.28829861959184655,-0.291916034520812,-0.7737801749984875,-0.8685509186108777,-0.3125286758210582,0.488888889
2005,25197.0,19443,907.8,3021624.24,5291.37,119.92000000000002,0.21,0.7716394808905822,0,1,0,0,0,0,0,0,0,1,0,0,0,0,0,0,0,0,0,0,0,0,0,0,0,0,0,0,0,0,0,0,-0.7381125487610648,-0.34279778491163115,-0.2473402517275751,-0.7335724549833225,-0.3294396742081043,-0.3254415806164412,-0.773780174998487,-0.8685509186108777,0.6545417613823545,0.792571429
2005,111872.0,32496,1292.7,13415690.24,23493.12,119.92,0.21,0.29047482837528604,0,1,0,0,0,0,0,0,0,0,1,0,0,0,0,0,0,0,0,0,0,0,0,0,0,0,0,0,0,0,0,0,-0.7381125487610648,0.09353568614825257,-0.135510637261093,-0.036770723671340606,0.020879699882095412,-0.039968871328823444,-0.7737801749984875,-0.8685509186108777,-0.9971046598127652,0.29875
2005,5677.0,1379,1292.7,680785.84,1192.17,119.91999999999999,0.21000000000000002,0.24290998766954378,0,0,1,0,0,0,0,0,0,0,1,0,0,0,0,0,0,0,0,0,0,0,0,0,0,0,0,0,0,0,0,0,-0.7381125487610648,-0.44106405955932576,-0.40210085509251287,-0.036770723671340606,-0.4083347902420322,-0.38973263669136815,-0.7737801749984881,-0.8685509186108774,-1.1603757947884539,0.22
2005,92700.0,61500,942.4,11116584.0,19467.0,119.92,0.21,0.6634304207119741,0,1,0,0,0,0,0,0,0,0,0,1,0,0,0,0,0,0,0,0,0,0,0,0,0,0,0,0,0,0,0,0,-0.7381125487610648,-0.002978710242403221,0.11297677084323914,-0.6709345233039393,-0.05660888437008007,-0.10311375488766054,-0.7737801749984875,-0.8685509186108777,0.28310319861468775,0.733913043
2005,2490.0,900,516.9,298600.8,522.9,119.92,0.21,0.3614457831325301,0,1,0,0,0,0,0,0,0,0,0,0,1,0,0,0,0,0,0,0,0,0,0,0,0,0,0,0,0,0,0,0,-0.7381125487610648,-0.45710784118341397,-0.4062046155559653,-1.4412362553726539,-0.42121587296744856,-0.4002293372913063,-0.7737801749984875,-0.8685509186108777,-0.7534896668559071,0.193846154
2005,11267.0,4192,1248.1,1351138.64,2366.07,119.91999999999999,0.21000000000000002,0.3720599982249046,0,1,0,0,0,0,0,0,0,0,0,0,0,1,0,0,0,0,0,0,0,0,0,0,0,0,0,0,0,0,0,0,-0.7381125487610648,-0.4129232565224091,-0.37800090063804154,-0.11751210381297345,-0.38574136305813583,-0.37132141725187834,-0.7737801749984881,-0.8685509186108774,-0.7170552981227255,0.428181818
2005,15490.0,6511,1721.8,1857560.8,3252.9,119.92,0.21,0.42033570045190444,0,1,0,0,0,0,0,0,0,0,0,0,0,0,1,0,0,0,0,0,0,0,0,0,0,0,0,0,0,0,0,0,-0.7381125487610648,-0.3916641131905846,-0.35813321689118094,0.7400482498437836,-0.36867301905141053,-0.35741254789714383,-0.7737801749984875,-0.8685509186108777,-0.5513440589510766,0.487777778
2005,100773.0,19710,1316.2,12084698.16,21162.33,119.92,0.21000000000000002,0.1955881039564169,0,1,0,0,0,0,0,0,0,0,0,0,0,0,0,0,1,0,0,0,0,0,0,0,0,0,0,0,0,0,0,0,-0.7381125487610648,0.037661844841143835,-0.24505276938155882,0.0057723802149456235,-0.023979772088220445,-0.07652452867388564,-0.7737801749984875,-0.8685509186108774,-1.3228129552706713,0.19
2005,10445.0,5001,1316.2,1252564.4,2193.45,119.91999999999999,0.21,0.4787936811871709,0,0,1,0,0,0,0,0,0,0,0,0,0,0,0,0,1,0,0,0,0,0,0,0,0,0,0,0,0,0,0,0,-0.7381125487610648,-0.41706131378472494,-0.3710699148031083,0.0057723802149456235,-0.38906368812882686,-0.37402875578126304,-0.7737801749984881,-0.8685509186108777,-0.3506811171348617,0.473333333
2005,480712.0,170034,1032.7,57646983.04,100949.52,119.92,0.21000000000000002,0.353712825974804,0,1,0,0,0,0,0,0,0,0,0,0,0,0,0,0,0,1,0,0,0,0,0,0,0,0,0,0,0,0,0,0,-0.7381125487610648,1.9503252732924983,1.042825493474448,-0.5074603836898266,1.5116417182199007,1.1748422517590906,-0.7737801749984875,-0.8685509186108774,-0.7800338258003497,0.334166667
2005,5987.0,2494,1032.7,717961.04,1257.27,119.92,0.21,0.41656923333890095,0,0,1,0,0,0,0,0,0,0,0,0,0,0,0,0,0,1,0,0,0,0,0,0,0,0,0,0,0,0,0,0,-0.7381125487610648,-0.43950347835334286,-0.39254826027675194,-0.5074603836898266,-0.4070818452640343,-0.38871162094427664,-0.7737801749984875,-0.8685509186108777,-0.5642728389336078,0.1975
2005,468400.0,198700,1387.2,56170528.0,98364.0,119.92,0.21,0.4242100768573869,0,1,0,0,0,0,0,0,0,0,0,0,0,0,0,0,0,0,1,0,0,0,0,0,0,0,0,0,0,0,0,0,-0.7381125487610648,1.8883450287503663,1.2884171374104147,0.1343068642969168,1.461879593803419,1.1342914586036346,-0.7737801749984875,-0.8685509186108777,-0.5380448693887793,0.526363636
2005,13.0,17,2075.4,1558.96,2.73,119.92,0.21,1.3076923076923077,0,1,0,0,0,0,0,0,0,0,0,0,0,0,0,0,0,0,0,0,1,0,0,0,0,0,0,0,0,0,0,0,-0.7381125487610648,-0.46957738843250924,-0.4137695852620792,1.3801861874689247,-0.4312273075174506,-0.40838758247048634,-0.7737801749984875,-0.8685509186108777,2.4945974020665,1.31
2005,23.0,53,2075.4,2758.16,4.83,119.91999999999999,0.21,2.3043478260869565,0,0,1,0,0,0,0,0,0,0,0,0,0,0,0,0,0,0,0,0,1,0,0,0,0,0,0,0,0,0,0,0,-0.7381125487610648,-0.469527047103284,-0.41346116067609945,1.3801861874689247,-0.4311868899375152,-0.40835464647864467,-0.7737801749984881,-0.8685509186108777,5.915718449748942,2.26
2005,27147.0,5411,1503.4,3255468.24,5700.87,119.92,0.21,0.19932220871551184,1,0,0,0,0,0,0,0,0,0,0,0,0,0,0,0,0,0,0,0,0,0,1,0,0,0,0,0,0,0,0,0,-0.7381125487610648,-0.3329812257127067,-0.36755730146278365,0.3446689354282556,-0.3215582461206986,-0.31901906220731685,-0.7737801749984875,-0.8685509186108777,-1.3099952623468736,0.202380952
2005,6116.0,2458,1503.4,733430.72,1284.36,119.92,0.21,0.40189666448659256,0,0,0,1,0,0,0,0,0,0,0,0,0,0,0,0,0,0,0,0,0,0,1,0,0,0,0,0,0,0,0,0,-0.7381125487610648,-0.4388540752063371,-0.3928566848627317,0.3446689354282556,-0.4065604584828675,-0.3882867466495192,-0.7737801749984875,-0.8685509186108777,-0.6146379181387636,0.33
2005,100077.0,25771,1503.4,12001233.84,21016.17,119.92,0.21,0.2575117159786964,0,0,0,0,0,1,0,0,0,0,0,0,0,0,0,0,0,0,0,0,0,0,1,0,0,0,0,0,0,0,0,0,-0.7381125487610648,0.0341580883270662,-0.1931260633920278,0.3446689354282556,-0.026792835651725258,-0.07881687370606547,-0.7737801749984875,-0.8685509186108777,-1.1102538829252195,0.252666667
2005,1638.0,626,1434.5875,196428.96,343.98,119.92,0.21000000000000002,0.38217338217338215,0,0,1,0,0,0,0,0,0,0,0,0,0,0,0,0,0,0,0,0,0,0,0,1,0,0,0,0,0,0,0,0,-0.7381125487610648,-0.4613969224334056,-0.4085520693492555,0.2200945806974015,-0.4246594507779458,-0.40303548379621607,-0.7737801749984875,-0.8685509186108774,-0.6823400830350085,0.633333333
2005,2800.0,1500,566.7,335776.0,588.0,119.92,0.21,0.5357142857142857,0,1,0,0,0,0,0,0,0,0,0,0,0,0,0,0,0,0,0,0,0,0,0,0,1,0,0,0,0,0,0,0,-0.7381125487610648,-0.4555472599774311,-0.4010642057896366,-1.3510810820306514,-0.41996292798945073,-0.39920832154421476,-0.7737801749984875,-0.8685509186108777,-0.1552953749195538,0.666666667
2005,774.0,2980,2041.6,92818.08,162.54,119.92,0.21,3.850129198966408,0,1,0,0,0,0,0,0,0,0,0,0,0,0,0,0,0,0,0,0,0,0,0,0,0,1,0,0,0,0,0,0,-0.7381125487610648,-0.4657464132784675,-0.38838452836602566,1.318996531666521,-0.4281515296843656,-0.40588115349133574,-0.7737801749984875,-0.8685509186108777,11.221769630192341,4.1875
2005,215448.0,70758,1364.1,25836524.16,45244.08,119.92,0.21000000000000002,0.3284226356243734,0,1,0,0,0,0,0,0,0,0,0,0,0,0,0,0,0,0,0,0,0,0,0,0,0,0,1,0,0,0,0,0,-0.7381125487610648,0.614951037731737,0.19229329353769187,0.09248789834912029,0.4395088258211381,0.3011689577703897,-0.7737801749984875,-0.8685509186108774,-0.8668449665715522,0.403571429
2005,1260.0,744,1765.9,151099.2,264.6,119.92000000000002,0.21000000000000002,0.5904761904761905,0,1,0,0,0,0,0,0,0,0,0,0,0,0,0,0,0,0,0,0,0,0,0,0,0,0,0,0,1,0,0,0,-0.7381125487610648,-0.46329982467812014,-0.4075411220952108,0.8198844575623039,-0.42618723529950453,-0.40428046428783093,-0.773780174998487,-0.8685509186108774,0.03268041163295637,0.5825
2005,460.0,307,1765.9,55163.2,96.6,119.91999999999999,0.21,0.6673913043478261,0,0,1,0,0,0,0,0,0,0,0,0,0,0,0,0,0,0,0,0,0,0,0,0,0,0,0,0,1,0,0,0,-0.7381125487610648,-0.46732713101614043,-0.4112850538750203,0.8198844575623039,-0.42942064169433763,-0.406915343635164,-0.7737801749984881,-0.8685509186108777,0.2966993330101114,0.62
2005,10688.0,5771,1353.3,1281704.96,2244.48,119.92,0.21,0.5399513473053892,0,1,0,0,0,0,0,0,0,0,0,0,0,0,0,0,0,0,0,0,0,0,0,0,0,0,0,0,0,0,1,0,-0.7381125487610648,-0.4158380194845513,-0.3644730556029864,0.07293617400989096,-0.38808154093639635,-0.37322841117951067,-0.7737801749984875,-0.8685509186108777,-0.14075123171047443,0.550769231
2005,399.0,101,1353.3,47848.08,83.79,119.92,0.21000000000000002,0.2531328320802005,0,0,0,1,0,0,0,0,0,0,0,0,0,0,0,0,0,0,0,0,0,0,0,0,0,0,0,0,0,0,1,0,-0.7381125487610648,-0.4676342131244145,-0.41304992789479317,0.07293617400989096,-0.4296671889319436,-0.4071162531853981,-0.7737801749984875,-0.8685509186108774,-1.1252848455738105,0.25
2005,48605.0,30714,1650.1,5828711.6,10207.05,119.91999999999999,0.21,0.631910297294517,0,1,0,0,0,0,0,0,0,0,0,0,0,0,0,0,0,0,0,0,0,0,0,0,0,0,0,0,0,0,0,1,-0.7381125487610648,-0.22495880146115801,-0.1507776542670894,0.6102465243694548,-0.23483020309528754,-0.24834501091347544,-0.7737801749984881,-0.8685509186108777,0.1749071813762507,0.492352941
2005,8514.0,10212,1650.1,1020998.88,1787.94,119.92,0.21000000000000002,1.1994362226920365,0,0,1,0,0,0,0,0,0,0,0,0,0,0,0,0,0,0,0,0,0,0,0,0,0,0,0,0,0,0,0,1,-0.7381125487610648,-0.42678222445812136,-0.326425455982543,0.6102465243694548,-0.39686832281435525,-0.3803886958058883,-0.7737801749984875,-0.8685509186108774,2.1229974218339356,0.808181818
2006,82015.0,22555,845.2,10474135.65,18043.3,127.71000000000001,0.22,0.2750106687801012,0,1,0,0,0,0,1,0,0,0,0,0,0,0,0,0,0,0,0,0,0,0,0,0,0,0,0,0,0,0,0,0,-0.5799610487330139,-0.056768420519586464,-0.22067865973954995,-0.8469000423570039,-0.07826182594821526,-0.12544278897574448,-0.4669236038972091,-0.7359615897555994,-1.050186954446545,0.339473684
2006,415708.0,327533,845.2,53090068.68,91455.76,127.71,0.22,0.7878919818718908,0,0,1,0,0,0,1,0,0,0,0,0,0,0,0,0,0,0,0,0,0,0,0,0,0,0,0,0,0,0,0,0,-0.5799610487330139,1.6230864967966612,2.3921744897861363,-0.8469000423570039,1.358056452706112,1.0259439651368472,-0.46692360389720966,-0.7359615897555994,0.710330117698481,0.793636364
2006,37079.0,19056,1774.9,4735359.09,8157.38,127.71,0.22,0.5139297176299253,0,0,1,0,0,0,0,0,1,0,0,0,0,0,0,0,0,0,0,0,0,0,0,0,0,0,0,0,0,0,0,0,-0.5799610487330139,-0.2829822175261851,-0.25065581602685716,0.8361775611783284,-0.2716803218999159,-0.28049163681733363,-0.46692360389720966,-0.7359615897555994,-0.23007311207403314,0.507777778
2006,25479.0,19796,1052.8,3253923.09,5605.38,127.71,0.22,0.7769535696063424,0,1,0,0,0,0,0,0,0,1,0,0,0,0,0,0,0,0,0,0,0,0,0,0,0,0,0,0,0,0,0,0,-0.5799610487330139,-0.341378159427479,-0.2443159773150517,-0.4710724522807053,-0.3216103235253327,-0.32051670880777416,-0.46692360389720966,-0.7359615897555994,0.6727829093208344,0.769411765
2006,109009.0,33137,1317.2,13921539.39,23981.98,127.71000000000001,0.22,0.3039840747094277,0,1,0,0,0,0,0,0,0,0,1,0,0,0,0,0,0,0,0,0,0,0,0,0,0,0,0,0,0,0,0,0,-0.5799610487330139,0.07912296359106252,-0.13001896616073177,0.00758272506117057,0.03792873128251751,-0.03230168610419697,-0.4669236038972091,-0.7359615897555994,-0.9507328030186525,0.284444444
2006,5444.0,1374,1317.2,695253.24,1197.68,127.71,0.22,0.2523879500367377,0,0,1,0,0,0,0,0,0,0,1,0,0,0,0,0,0,0,0,0,0,0,0,0,0,0,0,0,0,0,0,0,-0.5799610487330139,-0.44223701253027414,-0.40214369184056564,0.00758272506117057,-0.40784718409130033,-0.3896462189222979,-0.46692360389720966,-0.7359615897555994,-1.127841728659188,0.327692308
2006,89500.0,39200,1056.2,11430045.0,19690.0,127.71,0.22,0.43798882681564244,0,1,0,0,0,0,0,0,0,0,0,1,0,0,0,0,0,0,0,0,0,0,0,0,0,0,0,0,0,0,0,0,-0.5799610487330139,-0.019087935594484302,-0.07807512547197967,-0.4649172798035403,-0.04604406196836662,-0.09961626623018867,-0.46692360389720966,-0.7359615897555994,-0.49074791409888135,0.510833333
2006,3240.0,1300,329.3,413780.4,712.8,127.71000000000001,0.21999999999999997,0.4012345679012346,0,1,0,0,0,0,0,0,0,0,0,0,1,0,0,0,0,0,0,0,0,0,0,0,0,0,0,0,0,0,0,0,-0.5799610487330139,-0.45333224149151996,-0.40277767571174616,-1.7808569485244536,-0.41733388440012953,-0.39725098260048164,-0.4669236038972091,-0.7359615897555998,-0.6169106317514021,0.218666667
2006,11459.0,5413,1207.0,1463428.89,2520.98,127.71,0.22,0.47237978881228726,0,1,0,0,0,0,0,0,0,0,0,0,0,1,0,0,0,0,0,0,0,0,0,0,0,0,0,0,0,0,0,0,-0.5799610487330139,-0.41195670300128423,-0.36754016676356255,-0.19191727699281855,-0.38195675652432776,-0.3688918389203583,-0.46692360389720966,-0.7359615897555994,-0.37269745256500947,0.557272727
2006,13836.0,5689,1786.5,1766995.56,3043.92,127.71000000000001,0.22,0.41117374963862385,0,1,0,0,0,0,0,0,0,0,0,0,0,0,1,0,0,0,0,0,0,0,0,0,0,0,0,0,0,0,0,0,-0.5799610487330139,-0.3999905690444415,-0.3651755782710513,0.8571775613945376,-0.3717254105016023,-0.36069014959955853,-0.4669236038972091,-0.7359615897555994,-0.5827933834033534,0.46125
2006,134069.0,18350,1146.3,17121951.99,29495.18,127.71,0.22,0.136869820763935,0,1,0,0,0,0,0,0,0,0,0,0,0,0,0,0,1,0,0,0,0,0,0,0,0,0,0,0,0,0,0,0,-0.5799610487330139,0.2052783346295475,-0.256704364851904,-0.30180520915867287,0.14579475203535744,0.05416627114411676,-0.46692360389720966,-0.7359615897555994,-1.5243694116450333,0.164285714
2006,10986.0,5776,1146.3,1403022.06,2416.92,127.71000000000001,0.22,0.5257600582559622,0,0,1,0,0,0,0,0,0,0,0,0,0,0,0,0,1,0,0,0,0,0,0,0,0,0,0,0,0,0,0,0,-0.5799610487330139,-0.4143378478736387,-0.36443021885493365,-0.30180520915867287,-0.383992695383709,-0.3705238957351409,-0.4669236038972091,-0.7359615897555994,-0.1894642692291365,0.520714286
2006,467870.0,159789,1072.3,59751677.7,102931.4,127.71000000000001,0.22,0.34152435505589157,0,1,0,0,0,0,0,0,0,0,0,0,0,0,0,0,0,1,0,0,0,0,0,0,0,0,0,0,0,0,0,0,-0.5799610487330139,1.8856769383014278,0.9550529967143845,-0.43577072777931886,1.5825778962220594,1.2059256724786884,-0.4669236038972091,-0.7359615897555994,-0.8218719871611795,0.333333333
2006,6630.0,2300,1072.3,846717.3,1458.6,127.71000000000001,0.21999999999999997,0.3469079939668175,0,0,1,0,0,0,0,0,0,0,0,0,0,0,0,0,0,1,0,0,0,0,0,0,0,0,0,0,0,0,0,0,-0.5799610487330139,-0.43626653088415907,-0.39421032610119827,-0.43577072777931886,-0.40274227185614997,-0.3855540003549995,-0.4669236038972091,-0.7359615897555998,-0.8033921011309917,0.23
2006,490000.0,199700,1439.4,62577900.0,107800.0,127.71,0.22,0.40755102040816327,0,1,0,0,0,0,0,0,0,0,0,0,0,0,0,0,0,0,1,0,0,0,0,0,0,0,0,0,0,0,0,0,-0.5799610487330139,1.9970822998769135,1.2969844870209628,0.22880686526985905,1.6778322872539966,1.2822838486121755,-0.46692360389720966,-0.7359615897555994,-0.5952287685405835,0.542424242
2006,660.0,790,1362.5,84288.6,145.2,127.71000000000001,0.21999999999999997,1.196969696969697,0,0,1,0,0,0,0,0,0,0,0,0,0,0,0,0,0,0,0,0,0,1,0,0,0,0,0,0,0,0,0,0,-0.5799610487330139,-0.46632030443163536,-0.40714702401312564,0.08959134659516053,-0.4284390054512998,-0.40615311068111404,-0.4669236038972091,-0.7359615897555998,2.114530822384471,1.235
2006,27628.0,5991,1716.9,3528371.88,6078.16,127.71,0.22,0.21684522947734183,1,0,0,0,0,0,0,0,0,0,0,0,0,0,0,0,0,0,0,0,0,0,1,0,0,0,0,0,0,0,0,0,-0.5799610487330139,-0.330559807776972,-0.36258823868866585,0.7311775600972815,-0.3123603602931757,-0.313101719177821,-0.46692360389720966,-0.7359615897555994,-1.2498457181554823,0.235
2006,6118.0,2164,1716.9,781329.78,1345.96,127.71000000000001,0.22,0.35371036286368096,0,0,0,1,0,0,0,0,0,0,0,0,0,0,0,0,0,0,0,0,0,0,1,0,0,0,0,0,0,0,0,0,-0.5799610487330139,-0.4388440069404921,-0.39537548564823277,0.7311775600972815,-0.4049460788244443,-0.38732062422216373,-0.4669236038972091,-0.7359615897555994,-0.7800422806788412,0.300588235
2006,92126.0,28531,1716.9,11765411.46,20267.72,127.71000000000001,0.22,0.30969541714608256,0,0,0,0,0,1,0,0,0,0,0,0,0,0,0,0,0,0,0,0,0,0,1,0,0,0,0,0,0,0,0,0,-0.5799610487330139,-0.005868302539932765,-0.16948017846691552,0.7311775600972815,-0.03474094263488862,-0.09055541803649066,-0.4669236038972091,-0.7359615897555994,-0.9311280414335921,0.285666667
2006,3300.0,1400,569.6,421443.0,726.0,127.71,0.22,0.42424242424242425,0,1,0,0,0,0,0,0,0,0,0,0,0,0,0,0,0,0,0,0,0,0,0,0,1,0,0,0,0,0,0,0,-0.5799610487330139,-0.45303019351616847,-0.4019209407506914,-1.345831081976599,-0.4170756257710326,-0.3970439563660483,-0.46692360389720966,-0.7359615897555994,-0.5379338337122125,0.351666667
2006,3550.0,2780,2270.2,453370.5,781.0,127.71,0.22,0.7830985915492957,0,1,0,0,0,0,0,0,0,0,0,0,0,0,0,0,0,0,0,0,0,0,0,0,0,1,0,0,0,0,0,0,-0.5799610487330139,-0.4517716602855371,-0.39009799828813524,1.7328413635135436,-0.4159995481497951,-0.3961813470559095,-0.46692360389720966,-0.7359615897555994,0.6938763197515219,1.07
2006,251014.0,143053,927.9,32056997.94,55223.08,127.71000000000001,0.22,0.5699004836383628,0,0,0,0,1,0,0,0,0,0,0,0,0,0,0,0,0,0,0,0,0,0,0,0,0,0,1,0,0,0,0,0,-0.5799610487330139,0.7939950092542732,0.8116698336322544,-0.697184523574201,0.6491623416978026,0.45767765424084655,-0.4669236038972091,-0.7359615897555994,-0.03794778681139585,0.6425
2006,1290.0,712,1764.3,164745.9,283.8,127.71,0.22,0.5519379844961241,0,1,0,0,0,0,0,0,0,0,0,0,0,0,0,0,0,0,0,0,0,0,0,0,0,0,0,0,1,0,0,0,-0.5799610487330139,-0.4631488006904444,-0.40781527728274836,0.8169879058083438,-0.4257272898457815,-0.4039793352195643,-0.46692360389720966,-0.7359615897555994,-0.09960588507133776,0.565
2006,521.0,330,1764.3,66536.91,114.62,127.71000000000001,0.22,0.6333973128598849,0,0,1,0,0,0,0,0,0,0,0,0,0,0,0,0,0,0,0,0,0,0,0,0,0,0,0,0,1,0,0,0,-0.5799610487330139,-0.46702004890786636,-0.41108800483397767,0.8169879058083438,-0.4290373046087078,-0.40663272145755125,-0.4669236038972091,-0.7359615897555994,0.18001151296827939,0.6
2006,10941.0,7023,1178.9,1397275.11,2407.02,127.71000000000001,0.22,0.6418974499588703,0,1,0,0,0,0,0,0,0,0,0,0,0,0,0,0,0,0,0,0,0,0,0,0,0,0,0,0,0,0,1,0,-0.5799610487330139,-0.4145643838551524,-0.35374673389058037,-0.24278796717173937,-0.38418638935553173,-0.3706791654109659,-0.4669236038972091,-0.7359615897555994,0.20918909479150127,0.634615385
2006,335.0,211,1178.9,42782.85,73.7,127.71,0.22,0.6298507462686567,0,0,1,0,0,0,0,0,0,0,0,0,0,0,0,0,0,0,0,0,0,0,0,0,0,0,0,0,0,0,1,0,-0.5799610487330139,-0.4679563976314561,-0.41210751943763285,-0.24278796717173937,-0.4298379063589085,-0.4072745027842945,-0.46692360389720966,-0.7359615897555994,0.16783756380698675,0.63
2006,53388.0,34664,1631.4,6818181.48,11745.36,127.71000000000001,0.22,0.6492844834045104,0,1,0,0,0,0,0,0,0,0,0,0,0,0,0,0,0,0,0,0,0,0,0,0,0,0,0,0,0,0,0,1,-0.5799610487330139,-0.20088054369271932,-0.11693662330542508,0.5763930757450487,-0.20148132220087092,-0.22421845586111863,-0.4669236038972091,-0.7359615897555994,0.23454583554533753,0.56
2006,7434.0,5615,1631.4,949396.14,1635.48,127.71000000000001,0.22,0.7553134248049502,0,0,1,0,0,0,0,0,0,0,0,0,0,0,0,0,0,0,0,0,0,0,0,0,0,0,0,0,0,0,0,1,-0.5799610487330139,-0.4322190880144487,-0.36580956214223187,0.5763930757450487,-0.3992816062262504,-0.38277984881359306,-0.4669236038972091,-0.7359615897555994,0.5985009197180603,0.697
2007,96000.0,49000,1004.2,12806400.0,15360.0,133.4,0.16,0.5104166666666666,0,1,0,0,0,0,1,0,0,0,0,0,0,0,0,0,0,0,0,0,0,0,0,0,0,0,0,0,0,0,0,0,-0.42180954870496307,0.013633928401930395,0.005884900711390028,-0.5590552118072375,0.0003443121410451206,-0.16752714464657087,-0.24278831640474796,-1.5314975628872687,-0.24213201544652863,0.534375
2007,407000.0,201000,1004.2,54293800.0,65120.0,133.4,0.16,0.49385749385749383,0,0,1,0,0,0,1,0,0,0,0,0,0,0,0,0,0,0,0,0,0,0,0,0,0,0,0,0,0,0,0,0,-0.42180954870496307,1.5792492673073104,1.308122041514675,-0.5590552118072375,1.3986267552802125,0.6128990239444635,-0.24278831640474796,-1.5314975628872687,-0.2989730538836826,0.6
2007,38290.0,20342,2154.1,5107886.0,6126.4,133.4,0.16,0.5312614259597807,0,0,1,0,0,0,0,0,1,0,0,0,0,0,0,0,0,0,0,0,0,0,0,0,0,0,0,0,0,0,0,0,-0.42180954870496307,-0.27688588255700686,-0.2396382044276925,1.5226603268668275,-0.25912475471928076,-0.31234513239380113,-0.24278831640474796,-1.5314975628872687,-0.17058026718910438,0.531111111
2007,22366.0,17497,1600.2,2983624.4,3578.56,133.4,0.16,0.7823034963784316,0,1,0,0,0,0,0,0,0,1,0,0,0,0,0,0,0,0,0,0,0,0,0,0,0,0,0,0,0,0,0,0,-0.42180954870496307,-0.35704941521530037,-0.2640123140697014,0.5199103165428303,-0.33072041267602703,-0.3523049597527838,-0.24278831640474796,-1.5314975628872687,0.6911470750187626,0.807878788
2007,109010.0,33521,1246.2,14541934.0,17441.6,133.4,0.15999999999999998,0.30750389872488765,0,1,0,0,0,0,0,0,0,0,1,0,0,0,0,0,0,0,0,0,0,0,0,0,0,0,0,0,0,0,0,0,-0.42180954870496307,0.07912799772398504,-0.12672910391028136,-0.12095175902080059,0.05883837833152925,-0.134879734828663,-0.24278831640474796,-1.5314975628872691,-0.9386506504582329,0.32
2007,5915.0,1535,1246.2,789061.0,946.4,133.4,0.16,0.2595097210481826,0,0,1,0,0,0,0,0,0,0,1,0,0,0,0,0,0,0,0,0,0,0,0,0,0,0,0,0,0,0,0,0,-0.42180954870496307,-0.4398659359237647,-0.4007643485532674,-0.12095175902080059,-0.40468550744156545,-0.3935872456032375,-0.24278831640474796,-1.5314975628872687,-1.1033955280870247,0.244615385
2007,104200.0,71200,1021.6,13900280.0,16672.0,133.4,0.16,0.6833013435700576,0,1,0,0,0,0,0,0,0,0,0,1,0,0,0,0,0,0,0,0,0,0,0,0,0,0,0,0,0,0,0,0,-0.42180954870496307,0.05491381836663817,0.19608006206555403,-0.5275552114829235,0.03721220935564696,-0.14694999164835068,-0.24278831640474796,-1.5314975628872687,0.3513121546400984,0.6992
2007,3511.0,1400,443.8,468367.4,561.76,133.4,0.16,0.39874679578467676,0,1,0,0,0,0,0,0,0,0,0,0,1,0,0,0,0,0,0,0,0,0,0,0,0,0,0,0,0,0,0,0,-0.42180954870496307,-0.4519679914695156,-0.4019209407506914,-1.5735724636316974,-0.4154940958444804,-0.3996198646041792,-0.24278831640474796,-1.5314975628872687,-0.6254501616016982,0.314545455
2007,12259.0,6315,1095.4,1635350.6,1961.44,133.4,0.16,0.515131739946162,0,1,0,0,0,0,0,0,0,0,0,0,0,1,0,0,0,0,0,0,0,0,0,0,0,0,0,0,0,0,0,0,-0.42180954870496307,-0.40792939666326394,-0.3598124174148483,-0.39395176183152236,-0.3761623440355369,-0.37766755552754133,-0.24278831640474796,-1.5314975628872687,-0.22594704868506496,0.455
2007,15687.0,6578,1042.2,2092645.8,2509.92,133.4,0.16,0.419328106075094,0,1,0,0,0,0,0,0,0,0,0,0,0,0,1,0,0,0,0,0,0,0,0,0,0,0,0,0,0,0,0,0,-0.42180954870496307,-0.3906723890048471,-0.3575592044672742,-0.49026210765068956,-0.3607497645658228,-0.36906530181072433,-0.24278831640474796,-1.5314975628872687,-0.5548027287385925,0.497142857
2007,152106.0,65564,1323.3,20290940.4,24336.96,133.39999999999998,0.16,0.43104151052555456,0,1,0,0,0,0,0,0,0,0,0,0,0,0,0,0,1,0,0,0,0,0,0,0,0,0,0,0,0,0,0,0,-0.42180954870496307,0.29607899015313704,0.14779447966050593,0.018625828623142576,0.2526016586193927,-0.026734248778504742,-0.2427883164047491,-1.5314975628872687,-0.5145952811642944,0.423913043
2007,10637.0,4124,1323.3,1418975.8,1701.92,133.4,0.16,0.3877032998025759,0,0,1,0,0,0,0,0,0,0,0,0,0,0,0,0,1,0,0,0,0,0,0,0,0,0,0,0,0,0,0,0,-0.42180954870496307,-0.41609476026360004,-0.3785834804115588,0.018625828623142576,-0.38345499394798616,-0.38173781676694535,-0.24278831640474796,-1.5314975628872687,-0.6633580804834571,0.367692308
2007,567959.0,193914,740.4,75765730.6,90873.44,133.39999999999998,0.16,0.34142253226025115,0,1,0,0,0,0,0,0,0,0,0,0,0,0,0,0,0,1,0,0,0,0,0,0,0,0,0,0,0,0,0,0,-0.42180954870496307,2.3895382683840665,1.2474138021743324,-1.0366241822413784,2.122312105007663,1.0168109714372104,-0.2427883164047491,-1.5314975628872687,-0.8222215042238656,0.33
2007,6224.0,2020,740.4,830281.6,995.84,133.4,0.16,0.3245501285347044,0,0,1,0,0,0,0,0,0,0,0,0,0,0,0,0,0,1,0,0,0,0,0,0,0,0,0,0,0,0,0,0,-0.42180954870496307,-0.4383103888507044,-0.39660918399215167,-1.0366241822413784,-0.40329621716847863,-0.3928118382524509,-0.24278831640474796,-1.5314975628872687,-0.8801377395179215,0.179411765
2007,563800.0,320200,1257.2,75210920.0,90208.0,133.4,0.16,0.5679318907413976,0,1,0,0,0,0,0,0,0,0,0,0,0,0,0,0,0,0,1,0,0,0,0,0,0,0,0,0,0,0,0,0,-0.42180954870496307,2.3686013095592835,2.329350115091988,-0.10103796571232619,2.1036128873838185,1.0063743398128693,-0.24278831640474796,-1.5314975628872687,-0.04470518138738099,0.594242424
2007,32628.0,7455,1633.8,4352575.2,5220.48,133.4,0.15999999999999998,0.22848473703567487,1,0,0,0,0,0,0,0,0,0,0,0,0,0,0,0,0,0,0,0,0,0,1,0,0,0,0,0,0,0,0,0,-0.42180954870496307,-0.30538914316434534,-0.35004563885882367,0.5807379033759883,-0.28458158813746065,-0.3265534055981819,-0.24278831640474796,-1.5314975628872691,-1.2098919291506196,0.222916667
2007,9397.0,3568,1633.8,1253559.8,1503.52,133.4,0.16,0.3796956475470895,0,0,0,1,0,0,0,0,0,0,0,0,0,0,0,0,0,0,0,0,0,0,1,0,0,0,0,0,0,0,0,0,-0.42180954870496307,-0.4223370850875315,-0.38334692679502347,0.5807379033759883,-0.3890301393804381,-0.3848494838057006,-0.24278831640474796,-1.5314975628872687,-0.6908451581829743,0.276521739
2007,106962.0,35299,1633.8,14268730.8,17113.92,133.4,0.15999999999999998,0.33001439763654383,0,0,0,0,0,1,0,0,0,0,0,0,0,0,0,0,0,0,0,0,0,0,1,0,0,0,0,0,0,0,0,0,-0.42180954870496307,0.06881809349865316,-0.11149635630272714,0.5807379033759883,0.049630396197931165,-0.1400190042604136,-0.24278831640474796,-1.5314975628872691,-0.861381082188,0.297333333
2007,57.0,39,1434.5875,7603.8,9.12,133.4,0.15999999999999998,0.6842105263157895,0,1,0,0,0,0,0,0,0,0,0,0,0,0,0,0,0,0,0,0,0,0,0,1,0,0,0,0,0,0,0,0,-0.42180954870496307,-0.46935588658391814,-0.4135811035706471,0.2200945806974015,-0.43102357352487486,-0.4082873629524539,-0.24278831640474796,-1.5314975628872691,0.354433016532905,0.68
2007,196.0,127,1434.5875,26146.4,31.36,133.4,0.16,0.6479591836734694,0,0,1,0,0,0,0,0,0,0,0,0,0,0,0,0,0,0,0,0,0,0,0,1,0,0,0,0,0,0,0,0,-0.42180954870496307,-0.46865614210768713,-0.41282717680491887,0.2200945806974015,-0.4303986177062371,-0.407938555115045,-0.24278831640474796,-1.5314975628872687,0.22999660993962837,0.61
2007,2006.0,135,1434.5875,267600.4,320.96,133.4,0.16,0.06729810568295115,0,0,0,1,0,0,0,0,0,0,0,0,0,0,0,0,0,0,0,0,0,0,0,1,0,0,0,0,0,0,0,0,-0.42180954870496307,-0.4595443615179163,-0.41275863800803453,0.2200945806974015,-0.4222607038088677,-0.4033965250020232,-0.24278831640474796,-1.5314975628872687,-1.7631813726426475,0.393333333
2007,3500.0,1600,527.2,466900.0,560.0,133.4,0.16,0.45714285714285713,0,1,0,0,0,0,0,0,0,0,0,0,0,0,0,0,0,0,0,0,0,0,0,0,1,0,0,0,0,0,0,0,-0.42180954870496307,-0.4520233669316634,-0.4002074708285818,-1.4225897034565367,-0.4155435527797683,-0.3996474681021036,-0.24278831640474796,-1.5314975628872687,-0.4249997643209813,0.486666667
2007,2100.0,1840,2003.4,280140.0,336.0,133.4,0.16,0.8761904761904762,0,1,0,0,0,0,0,0,0,0,0,0,0,0,0,0,0,0,0,0,0,0,0,0,0,1,0,0,0,0,0,0,-0.42180954870496307,-0.4590711530231989,-0.3981513069220503,1.2498413585407286,-0.42183807181640764,-0.4031606405652144,-0.24278831640474796,-1.5314975628872687,1.0134236458199652,1.945
2007,307515.0,79980,1067.2,41022501.0,49202.4,133.4,0.16,0.2600848739085898,0,0,0,0,1,0,0,0,0,0,0,0,0,0,0,0,0,0,0,0,0,0,0,0,0,0,1,0,0,0,0,0,-0.42180954870496307,1.0784285535098774,0.27130139164616485,-0.44500348649506594,0.9513337364515949,0.3632504793069103,-0.24278831640474796,-1.5314975628872687,-1.1014212576193878,0.397857143
2007,882.0,522,2831.8,117658.8,141.12,133.4,0.16,0.5918367346938775,0,1,0,0,0,0,0,0,0,0,0,0,0,0,0,0,0,0,0,0,0,0,0,0,0,0,0,0,1,0,0,0,-0.42180954870496307,-0.4652027269228347,-0.40944307370875244,2.749531029153474,-0.42731430337828386,-0.4062171006081208,-0.24278831640474796,-1.5314975628872687,0.037350617510037286,0.5825
2007,406.0,251,2831.8,54160.4,64.96,133.4,0.15999999999999998,0.6182266009852216,0,0,1,0,0,0,0,0,0,0,0,0,0,0,0,0,0,0,0,0,0,0,0,0,0,0,0,0,1,0,0,0,-0.42180954870496307,-0.4675989741939568,-0.41176482545321097,2.749531029153474,-0.4294544398507412,-0.4074115792455784,-0.24278831640474796,-1.5314975628872691,0.12793650736721168,0.5925
2007,342102.0,150004,672.9,45636406.8,54736.32,133.39999999999998,0.16,0.43847741316917177,0,1,0,0,0,0,0,0,0,0,0,0,0,0,0,0,0,0,0,0,0,0,0,0,0,0,0,0,0,1,0,0,-0.42180954870496307,1.2525441089012612,0.871221480775173,-1.1588224593615621,1.1068398292517696,0.4500434050080617,-0.2427883164047491,-1.5314975628872687,-0.4890707919369914,0.515294118
2007,51281.0,28758,672.9,6840885.4,8204.96,133.4,0.15999999999999998,0.560792496246173,0,0,0,1,0,0,0,0,0,0,0,0,0,0,0,0,0,0,0,0,0,0,0,0,0,0,0,0,0,1,0,0,-0.42180954870496307,-0.21148746176048022,-0.16753539010532115,-1.1588224593615621,-0.20071611414429383,-0.2797454013450354,-0.24278831640474796,-1.5314975628872691,-0.06921187635322328,0.57245614
2007,11409.0,8776,1924.3,1521960.6,1825.44,133.4,0.16,0.7692172845998773,0,1,0,0,0,0,0,0,0,0,0,0,0,0,0,0,0,0,0,0,0,0,0,0,0,0,0,0,0,0,1,0,-0.42180954870496307,-0.4122084096474105,-0.33872817002328987,1.106643081204335,-0.3799840163077822,-0.37980055309443,-0.24278831640474796,-1.5314975628872687,0.6462273271984185,0.686923077
2007,298.0,134,1924.3,39753.2,47.68,133.39999999999998,0.16,0.44966442953020136,0,0,0,1,0,0,0,0,0,0,0,0,0,0,0,0,0,0,0,0,0,0,0,0,0,0,0,0,0,0,1,0,-0.42180954870496307,-0.46814266054958953,-0.41276720535764505,1.106643081204335,-0.4299400170335677,-0.40768259540701834,-0.2427883164047491,-1.5314975628872687,-0.45067022481312435,0.63
2007,45635.0,34823,2007.5,6087709.0,7301.6,133.4,0.16,0.7630765859537636,0,1,0,0,0,0,0,0,0,0,0,0,0,0,0,0,0,0,0,0,0,0,0,0,0,0,0,0,0,0,0,1,-0.42180954870496307,-0.23991017624105826,-0.11557441471734796,1.2572637724102507,-0.22610101020205506,-0.2939135240069806,-0.24278831640474796,-1.5314975628872687,0.6251487569221679,0.617222222
2007,6901.0,5326,2007.5,920593.4,1104.16,133.4,0.16,0.7717722069265324,0,0,1,0,0,0,0,0,0,0,0,0,0,0,0,0,0,0,0,0,0,0,0,0,0,0,0,0,0,0,0,1,-0.42180954870496307,-0.4349022808621547,-0.3682855261796802,1.2572637724102507,-0.4002523676057609,-0.3911129684256467,-0.24278831640474796,-1.5314975628872687,0.6549973569485096,0.7375
2008,69015.0,40474,944.6,9871905.6,6211.35,143.04,0.09000000000000001,0.5864522205317685,0,1,0,0,0,0,1,0,0,0,0,0,0,0,0,0,0,0,0,0,0,0,0,0,0,0,0,0,0,0,0,0,-0.26365804867691217,-0.12221214851241585,-0.06716032206814161,-0.6669517646422444,-0.0985592585577744,-0.3110127931047776,0.13694176644715417,-2.4596228648742158,0.01886772709148323,0.460526316
2008,269360.0,180440,944.6,38529254.4,24242.4,143.04,0.09000000000000001,0.6698841698841699,0,0,1,0,0,0,1,0,0,0,0,0,0,0,0,0,0,0,0,0,0,0,0,0,0,0,0,0,0,0,0,0,-0.26365804867691217,0.886351211850923,1.1319773335218097,-0.6669517646422444,0.8673018870901882,-0.028217309439717893,0.13694176644715417,-2.4596228648742158,0.3052563465398863,0.62
2008,39723.0,23058,2109.9,5681977.92,3575.07,143.04,0.09000000000000001,0.5804697530398006,0,0,1,0,0,0,0,0,1,0,0,0,0,0,0,0,0,0,0,0,0,0,0,0,0,0,0,0,0,0,0,0,-0.26365804867691217,-0.26967197007902804,-0.21636928288544435,1.4426430846636853,-0.2397756836161493,-0.35235969623446356,0.13694176644715417,-2.4596228648742158,-0.0016676987162359362,0.600740741
2008,21445.0,17980,1197.7,3067492.8,1930.05,143.04,0.09,0.8384238750291443,0,1,0,0,0,0,0,0,0,1,0,0,0,0,0,0,0,0,0,0,0,0,0,0,0,0,0,0,0,0,0,0,-0.26365804867691217,-0.3616858516369462,-0.2598742842078067,-0.20875348406271046,-0.3278937300867548,-0.378159870186546,0.13694176644715417,-2.459622864874216,0.8837859608347111,0.747352941
2008,106086.0,31280,1117.9,15174541.44,9547.74,143.04,0.09,0.2948551175461418,0,1,0,0,0,0,0,0,0,0,1,0,0,0,0,0,0,0,0,0,0,0,0,0,0,0,0,0,0,0,0,0,-0.26365804867691217,0.06440819305852095,-0.14592853438751927,-0.35321900279146107,0.08015964398691411,-0.25868550080925024,0.13694176644715417,-2.459622864874216,-0.9820688734244173,0.298888889
2008,4679.0,1146,1117.9,669284.16,421.11,143.04000000000002,0.09,0.24492412908741185,0,0,1,0,0,0,0,0,0,0,1,0,0,0,0,0,0,0,0,0,0,0,0,0,0,0,0,0,0,0,0,0,-0.26365804867691217,-0.446088124216006,-0.40409704755177056,-0.35321900279146107,-0.4087224404011312,-0.4018257918672887,0.13694176644715528,-2.459622864874216,-1.153462050299509,0.236153846
2008,95500.0,64100,746.1,13660320.0,8595.0,143.04,0.09,0.6712041884816754,0,1,0,0,0,0,0,0,0,0,0,1,0,0,0,0,0,0,0,0,0,0,0,0,0,0,0,0,0,0,0,0,-0.26365804867691217,0.011116861940667726,0.13525187983066375,-1.026305216617896,0.02912464891426778,-0.2736280897936438,0.13694176644715417,-2.459622864874216,0.30978744411965226,0.6692
2008,2580.0,1000,715.6,369043.2,232.2,143.04,0.09,0.3875968992248062,0,1,0,0,0,0,0,0,0,0,0,0,1,0,0,0,0,0,0,0,0,0,0,0,0,0,0,0,0,0,0,0,-0.26365804867691217,-0.4566547692203867,-0.40534788059491056,-1.0815207344277569,-0.41884169740637256,-0.40478861959053086,0.13694176644715417,-2.459622864874216,-0.6637233112471214,0.258181818
2008,10637.0,4576,1357.1,1521516.48,957.33,143.04,0.09000000000000001,0.4301964839710445,0,1,0,0,0,0,0,0,0,0,0,0,0,1,0,0,0,0,0,0,0,0,0,0,0,0,0,0,0,0,0,0,-0.26365804867691217,-0.41609476026360004,-0.3747110383875912,0.07981548442554566,-0.37999898483313316,-0.39341582160760447,0.13694176644715417,-2.4596228648742158,-0.5174959204304488,0.517272727
2008,11.0,5,1390.1,1573.44,0.99,143.04,0.09,0.45454545454545453,0,0,1,0,0,0,0,0,0,0,0,0,0,0,1,0,0,0,0,0,0,0,0,0,0,0,0,0,0,0,0,0,-0.26365804867691217,-0.4695874566983543,-0.41387239345740573,0.1395568643509689,-0.43122681948663216,-0.408414872292298,0.13694176644715417,-2.459622864874216,-0.43391561190449957,0.44
2008,101121.0,27017,1164.1,14464347.84,9100.89,143.04,0.09,0.2671749686019719,0,1,0,0,0,0,0,0,0,0,0,0,0,0,0,0,1,0,0,0,0,0,0,0,0,0,0,0,0,0,0,0,-0.26365804867691217,0.039413723098182654,-0.18245114577728508,-0.2695810708958689,0.056223431013582445,-0.26569380935898707,0.13694176644715417,-2.459622864874216,-1.077083789218409,0.274782609
2008,10540.0,4588,1164.1,1507641.6,948.6,143.04000000000002,0.09,0.43529411764705883,0,0,1,0,0,0,0,0,0,0,0,0,0,0,0,0,1,0,0,0,0,0,0,0,0,0,0,0,0,0,0,0,-0.26365804867691217,-0.41658307115708504,-0.3746082301922646,-0.2695810708958689,-0.3804666208167008,-0.393552741230832,0.13694176644715528,-2.459622864874216,-0.4999977763470466,0.43
2008,514530.0,194838,895.0,73598371.2,46307.7,143.04,0.09,0.3786717975628243,0,1,0,0,0,0,0,0,0,0,0,0,0,0,0,0,0,1,0,0,0,0,0,0,0,0,0,0,0,0,0,0,-0.26365804867691217,2.12056958046646,1.2553300332144788,-0.7567448690150017,2.04926388803112,0.317850567124023,0.13694176644715417,-2.459622864874216,-0.6943596269900912,0.3522
2008,5998.0,2028,895.0,857953.92,539.82,143.04000000000002,0.09000000000000001,0.33811270423474493,0,0,1,0,0,0,0,0,0,0,0,0,0,0,0,0,0,1,0,0,0,0,0,0,0,0,0,0,0,0,0,0,-0.26365804867691217,-0.4394481028911951,-0.39654064519526727,-0.7567448690150017,-0.402363555222516,-0.39996396729989636,0.13694176644715528,-2.4596228648742158,-0.8335828242720479,0.226470588
2008,323900.0,99900,1052.8,46330656.0,29151.0,143.04,0.09,0.30842852732324794,0,1,0,0,0,0,0,0,0,0,0,0,0,0,0,0,0,0,1,0,0,0,0,0,0,0,0,0,0,0,0,0,-0.26365804867691217,1.160912821445455,0.4419629958882796,-0.4710724522807053,1.130238655582738,0.048768218919324514,0.13694176644715417,-2.459622864874216,-0.9354767691113111,0.461515152
2008,1487.0,1609,1134.8,212700.48,133.83,143.04000000000002,0.09000000000000001,1.082044384667115,0,1,0,0,0,0,0,0,0,0,0,0,0,0,0,0,0,0,0,1,0,0,0,0,0,0,0,0,0,0,0,0,-0.26365804867691217,-0.4621570765047069,-0.40013036468208685,-0.32262417489025974,-0.4241110389531704,-0.4063314355512282,0.13694176644715528,-2.4596228648742158,1.720038043712919,1.135555556
2008,260.0,180,1540.9,37190.4,23.4,143.04,0.09,0.6923076923076923,0,0,1,0,0,0,0,0,0,0,0,0,0,0,0,0,0,0,0,0,0,1,0,0,0,0,0,0,0,0,0,0,-0.26365804867691217,-0.4683339576006455,-0.41237310727555987,0.41255686716169104,-0.4300263930958246,-0.4080633982079305,0.13694176644715417,-2.459622864874216,0.3822273592021723,0.714
2008,28830.0,6823,1539.0,4123843.2,2594.7,143.04000000000002,0.09,0.2366631980575789,1,0,0,0,0,0,0,0,0,0,0,0,0,0,0,0,0,0,0,0,0,0,1,0,0,0,0,0,0,0,0,0,-0.26365804867691217,-0.32450878000409655,-0.35546020381268995,0.4091172119538635,-0.29229072247183946,-0.3677356287686595,0.13694176644715528,-2.459622864874216,-1.1818185330540885,0.24125
2008,9669.0,3745,1539.0,1383053.76,870.21,143.04,0.09000000000000001,0.3873203019960699,0,0,0,1,0,0,0,0,0,0,0,0,0,0,0,0,0,0,0,0,0,0,1,0,0,0,0,0,0,0,0,0,-0.26365804867691217,-0.4209678009326046,-0.3818305059139565,0.4091172119538635,-0.38466570268976663,-0.39478219475486437,0.13694176644715417,-2.4596228648742158,-0.6646727592594943,0.31
2008,90687.0,26672,1539.0,12971868.48,8161.83,143.04,0.09,0.29411051198076904,0,0,0,0,0,1,0,0,0,0,0,0,0,0,0,0,0,0,0,0,0,0,1,0,0,0,0,0,0,0,0,0,-0.26365804867691217,-0.013112419815446728,-0.18540688139292413,0.4091172119538635,0.0059212263481760825,-0.2804218438822406,0.13694176644715417,-2.459622864874216,-0.984624807470738,0.266551724
2008,21.0,16,1434.5875,3003.84,1.89,143.04000000000002,0.09,0.7619047619047619,0,1,0,0,0,0,0,0,0,0,0,0,0,0,0,0,0,0,0,0,0,0,0,1,0,0,0,0,0,0,0,0,-0.26365804867691217,-0.46953711536912907,-0.4137781526116897,0.2200945806974015,-0.431178609591419,-0.40840075686722305,0.13694176644715528,-2.459622864874216,0.6211263521451617,0.76
2008,124.0,79,1434.5875,17736.96,11.16,143.04,0.09,0.6370967741935484,0,0,1,0,0,0,0,0,0,0,0,0,0,0,0,0,0,0,0,0,0,0,0,1,0,0,0,0,0,0,0,0,-0.26365804867691217,-0.46901859967810894,-0.4132384095862252,0.2200945806974015,-0.4306820476707235,-0.4082553679889505,0.13694176644715417,-2.459622864874216,0.1927102888242236,0.525
2008,1214.0,266,1434.5875,173650.56,109.26,143.04,0.09000000000000001,0.21911037891268534,0,0,0,1,0,0,0,0,0,0,0,0,0,0,0,0,0,0,0,0,0,0,0,1,0,0,0,0,0,0,0,0,-0.26365804867691217,-0.46353139479255634,-0.41163631520905275,0.2200945806974015,-0.42542716909248957,-0.4067167866557757,0.13694176644715417,-2.4596228648742158,-1.2420703632145074,0.53
2008,2900.0,1400,691.3,414816.0,261.0,143.04,0.09,0.4827586206896552,0,1,0,0,0,0,0,0,0,0,0,0,0,0,0,0,0,0,0,0,0,0,0,0,1,0,0,0,0,0,0,0,-0.26365804867691217,-0.4550438466851786,-0.4019209407506914,-1.1255121141910234,-0.4172989807595516,-0.4043369259881309,0.13694176644715417,-2.459622864874216,-0.3370710605662838,0.491428571
2008,3220.0,2826,2247.5,460588.8,289.8,143.04,0.09,0.877639751552795,0,1,0,0,0,0,0,0,0,0,0,0,0,0,0,0,0,0,0,0,0,0,0,0,0,1,0,0,0,0,0,0,-0.26365804867691217,-0.4534329241499705,-0.38970390020605006,1.6917465355042378,-0.41575626411273053,-0.403885232385731,0.13694176644715417,-2.459622864874216,1.018398430341204,0.85
2008,263671.0,82983,1201.9,37715499.84,23730.39,143.04000000000002,0.09,0.314721755521085,0,0,0,0,1,0,0,0,0,0,0,0,0,0,0,0,0,0,0,0,0,0,0,0,0,0,1,0,0,0,0,0,-0.26365804867691217,0.8577120296546764,0.2970291425266403,-0.20115003570856563,0.8398752777034243,-0.03624757476488463,0.13694176644715528,-2.459622864874216,-0.9138746256945285,0.666666667
2008,716.0,462,1827.8,102416.64,64.44,143.04,0.09,0.6452513966480447,0,1,0,0,0,0,0,0,0,0,0,0,0,0,0,0,0,0,0,0,0,0,0,0,0,0,0,0,1,0,0,0,-0.26365804867691217,-0.46603839298797395,-0.4099571146853853,0.9319448035436279,-0.4278280218741047,-0.40741973482451066,0.13694176644715417,-2.459622864874216,0.220701856622812,0.645
2008,336.0,227,1827.8,48061.44,30.24,143.04000000000002,0.09,0.6755952380952381,0,0,1,0,0,0,0,0,0,0,0,0,0,0,0,0,0,0,0,0,0,0,0,0,0,0,0,0,1,0,0,0,-0.26365804867691217,-0.46795136349853356,-0.4119704418438641,0.9319448035436279,-0.4296599978922046,-0.40795612097736056,0.13694176644715528,-2.459622864874216,0.32486016681783625,0.6425
2008,362921.0,195349,891.6,51912219.84,32662.89,143.04000000000002,0.09,0.538268659019456,0,1,0,0,0,0,0,0,0,0,0,0,0,0,0,0,0,0,0,0,0,0,0,0,0,0,0,0,0,1,0,0,-0.26365804867691217,1.3573497222153161,1.2597079488654688,-0.7629000414921665,1.318358487693992,0.10384801910447658,0.13694176644715528,-2.459622864874216,-0.146527229741336,0.550289855
2008,53715.0,33405,891.6,7683393.6,4834.35,143.04,0.09000000000000001,0.6218933258866238,0,0,0,1,0,0,0,0,0,0,0,0,0,0,0,0,0,0,0,0,0,0,0,0,0,0,0,0,0,1,0,0,-0.26365804867691217,-0.19923438222705353,-0.12772291646510492,-0.7629000414921665,-0.17232039823390222,-0.33260939346952545,0.13694176644715417,-2.4596228648742158,0.14052291210257495,0.661694915
2008,12152.0,8916,1363.7,1738222.08,1093.68,143.04,0.09000000000000001,0.7337063857801185,0,1,0,0,0,0,0,0,0,0,0,0,0,0,0,0,0,0,0,0,0,0,0,0,0,0,0,0,0,0,1,0,-0.26365804867691217,-0.40846804888597416,-0.33752874107781317,0.09176376041063056,-0.37269518570834015,-0.3912773347087422,0.13694176644715417,-2.4596228648742158,0.524332569047596,0.662307692
2008,203.0,129,1363.7,29037.12,18.27,143.04,0.09,0.6354679802955665,0,0,0,1,0,0,0,0,0,0,0,0,0,0,0,0,0,0,0,0,0,0,0,0,0,0,0,0,0,0,1,0,-0.26365804867691217,-0.46862090317722943,-0.41281004210569777,0.09176376041063056,-0.4303011894985396,-0.408143856130858,0.13694176644715417,-2.459622864874216,0.1871192887405658,0.76
2008,50246.0,34769,1560.1,7187187.84,4522.14,143.04,0.09000000000000001,0.6919754806352745,0,1,0,0,0,0,0,0,0,0,0,0,0,0,0,0,0,0,0,0,0,0,0,0,0,0,0,0,0,0,0,1,-0.26365804867691217,-0.21669778933529393,-0.11603705159631755,0.4473154882092097,-0.18904441088334584,-0.3375060344280425,0.13694176644715417,-2.4596228648742158,0.3810870089770263,0.629444444
2008,6765.0,5143,1560.1,967665.6,608.85,143.04,0.09,0.7602365114560237,0,0,1,0,0,0,0,0,0,0,0,0,0,0,0,0,0,0,0,0,0,0,0,0,0,0,0,0,0,0,0,1,-0.26365804867691217,-0.43558692293961815,-0.3698533511584105,0.4473154882092097,-0.398665856259667,-0.39888131419664397,0.13694176644715417,-2.459622864874216,0.6153999134533086,0.7125
2009,82940.0,12732,711.0,12923710.8,14099.8,155.82000000000002,0.16999999999999998,0.15350856040511213,0,1,0,0,0,0,1,0,0,0,0,0,0,0,0,0,0,0,0,0,0,0,0,0,0,0,0,0,0,0,0,0,-0.10550654864886132,-0.05211184756625052,-0.30483573496396227,-1.0898483207203917,0.004298130216668352,-0.18729187651269671,0.6403598638379557,-1.3989082340319907,-1.4672552519953403,0.2605
2009,346178.0,255694,711.0,53941455.96,58850.26,155.82,0.17,0.7386200162921965,0,0,1,0,0,0,1,0,0,0,0,0,0,0,0,0,0,0,0,0,0,0,0,0,0,0,0,0,0,0,0,0,-0.10550654864886132,1.2730632346934745,1.7767046611139834,-1.0898483207203917,1.3867514272269548,0.5145656403781059,0.6403598638379546,-1.3989082340319903,0.5411991036276498,0.640952381
2009,43353.0,24558,1727.1,6755264.46,7370.01,155.82,0.17,0.5664659885129056,0,0,1,0,0,0,0,0,1,0,0,0,0,0,0,0,0,0,0,0,0,0,0,0,0,0,0,0,0,0,0,0,-0.10550654864886132,-0.2513980675702611,-0.20351825846962246,0.7496430775287757,-0.20360186396633795,-0.2928405948632244,0.6403598638379546,-1.3989082340319903,-0.04973703931138704,0.565925926
2009,20045.0,19845,889.3,3123411.9,3407.65,155.82,0.17,0.9900224494886506,0,1,0,0,0,0,0,0,0,1,0,0,0,0,0,0,0,0,0,0,0,0,0,0,0,0,0,0,0,0,0,0,-0.10550654864886132,-0.36873363772848167,-0.24389617718413484,-0.7670638346384839,-0.326009044718037,-0.35498547897452604,0.6403598638379546,-1.3989082340319903,1.4041634275821582,0.992058824
2009,102703.0,28064,956.9,16003181.46,17459.51,155.82000000000002,0.16999999999999998,0.273253945843841,0,1,0,0,0,0,0,0,0,0,1,0,0,0,0,0,0,0,0,0,0,0,0,0,0,0,0,0,0,0,0,0,-0.10550654864886132,0.047377721381617735,-0.1734811307350414,-0.6446845230336776,0.10808794972910307,-0.13459883786967053,0.6403598638379557,-1.3989082340319907,-1.0562170839158191,0.28
2009,4512.0,1135,956.9,703059.84,767.04,155.82,0.16999999999999998,0.2515514184397163,0,0,1,0,0,0,0,0,0,0,1,0,0,0,0,0,0,0,0,0,0,0,0,0,0,0,0,0,0,0,0,0,-0.10550654864886132,-0.4469288244140678,-0.4041912883974866,-0.6446845230336776,-0.40758407211704767,-0.39640029298262835,0.6403598638379546,-1.3989082340319907,-1.1307132081230562,0.242307692
2009,97900.0,50500,618.0,15254778.0,16643.0,155.82,0.17,0.515832482124617,0,1,0,0,0,0,0,0,0,0,0,1,0,0,0,0,0,0,0,0,0,0,0,0,0,0,0,0,0,0,0,0,-0.10550654864886132,0.023198780954728538,0.018735925127211922,-1.2582103914193117,0.08286391981875421,-0.1474048220118784,0.6403598638379546,-1.3989082340319903,-0.2235416801585629,0.610384615
2009,2964.0,1100,393.0,461850.48,503.88,155.82,0.17,0.37112010796221323,0,1,0,0,0,0,0,0,0,0,0,0,1,0,0,0,0,0,0,0,0,0,0,0,0,0,0,0,0,0,0,0,-0.10550654864886132,-0.454721662178137,-0.40449114563385574,-1.6655379818199245,-0.4157137407202582,-0.4005276432745579,0.6403598638379546,-1.3989082340319903,-0.7202815666787703,0.25875
2009,10007.0,1982,969.9,1559290.74,1701.19,155.82,0.17,0.19806135705006495,0,1,0,0,0,0,0,0,0,0,0,0,0,1,0,0,0,0,0,0,0,0,0,0,0,0,0,0,0,0,0,0,-0.10550654864886132,-0.419266264004791,-0.3969347432773525,-0.6211500400327533,-0.37872584926521197,-0.38174926594506176,0.6403598638379546,-1.3989082340319903,-1.3143232634375754,0.284545455
2009,15747.0,5676,751.7,2453697.54,2676.99,155.82,0.16999999999999998,0.36044960944941895,0,1,0,0,0,0,0,0,0,0,0,0,0,0,1,0,0,0,0,0,0,0,0,0,0,0,0,0,0,0,0,0,-0.10550654864886132,-0.3903703410294956,-0.3652869538159884,-1.0161672854790365,-0.348580954056925,-0.36644500840263544,0.6403598638379546,-1.3989082340319907,-0.7569091339551597,0.453846154
2009,109099.0,9259,1321.0,16999806.18,18546.83,155.82,0.17,0.08486787229947113,0,1,0,0,0,0,0,0,0,0,0,0,0,0,0,0,1,0,0,0,0,0,0,0,0,0,0,0,0,0,0,0,-0.10550654864886132,0.0795760355540898,-0.3345901401613952,0.014462035476825282,0.14167797581833708,-0.11754552232239548,0.6403598638379546,-1.3989082340319903,-1.7028713685687589,0.153181818
2009,9092.0,3548,1321.0,1416715.44,1545.64,155.82,0.17,0.3902331720193577,0,0,1,0,0,0,0,0,0,0,0,0,0,0,0,0,1,0,0,0,0,0,0,0,0,0,0,0,0,0,0,0,-0.10550654864886132,-0.4238724956289017,-0.3835182737872344,0.014462035476825282,-0.3835311766372647,-0.3841888819121907,0.6403598638379546,-1.3989082340319903,-0.6546740377735746,0.372307692
2009,568158.0,213136,904.1,88530379.56,96586.86,155.82,0.17,0.37513508566279097,0,1,0,0,0,0,0,0,0,0,0,0,0,0,0,0,0,1,0,0,0,0,0,0,0,0,0,0,0,0,0,0,-0.10550654864886132,2.390540060835649,1.4120953963882847,-0.7402707309143547,2.552529099410847,1.106419140250542,0.6403598638379546,-1.3989082340319903,-0.7064997489253837,0.351
2009,4882.0,1945,904.1,760713.24,829.94,155.82,0.17,0.39840229414174516,0,0,1,0,0,0,0,0,0,0,0,0,0,0,0,0,0,1,0,0,0,0,0,0,0,0,0,0,0,0,0,0,-0.10550654864886132,-0.4450661952327334,-0.39725173521294277,-0.7402707309143547,-0.40564093427261105,-0.3954137816079424,0.6403598638379546,-1.3989082340319903,-0.6266326983958483,0.220833333
2009,353500.0,117700,1002.4,55082370.0,60095.0,155.82,0.17,0.33295615275813295,0,1,0,0,0,0,0,0,0,0,0,0,0,0,0,0,0,0,1,0,0,0,0,0,0,0,0,0,0,0,0,0,-0.10550654864886132,1.309923155952205,0.5944618189560328,-0.5623138325304425,1.4252045496511843,0.5340879006090546,0.6403598638379546,-1.3989082340319903,-0.8512832096755327,0.500606061
2009,361.0,297,992.5,56251.02,61.37,155.82,0.16999999999999998,0.8227146814404432,0,1,0,0,0,0,0,0,0,0,0,0,0,0,0,0,0,0,0,1,0,0,0,0,0,0,0,0,0,0,0,0,-0.10550654864886132,-0.4678255101754704,-0.41137072737112573,-0.5802362465080695,-0.42938397804206496,-0.40746788410782203,0.6403598638379546,-1.3989082340319907,0.8298625621914274,0.706666667
2009,300.0,200,1225.9,46746.0,51.0,155.82,0.17,0.6666666666666666,0,1,0,0,0,0,0,0,0,0,0,0,0,0,0,0,0,0,0,0,0,1,0,0,0,0,0,0,0,0,0,0,-0.10550654864886132,-0.4681325922837445,-0.4122017602833489,-0.15770175939916692,-0.4297043332002018,-0.40763052517229725,0.6403598638379546,-1.3989082340319903,0.2942119407494919,0.60375
2009,470.0,350,1225.9,73235.4,79.9,155.82,0.17,0.7446808510638298,0,0,1,0,0,0,0,0,0,0,0,0,0,0,0,0,0,0,0,0,0,1,0,0,0,0,0,0,0,0,0,0,-0.10550654864886132,-0.46727678968691516,-0.41091665784176673,-0.15770175939916692,-0.4288115401365417,-0.4071772631893334,0.6403598638379546,-1.3989082340319903,0.562003533062966,0.707
2009,29523.0,6514,1330.3,4600273.86,5018.91,155.82000000000002,0.16999999999999998,0.22064153371947295,1,0,0,0,0,0,0,0,0,0,0,0,0,0,0,0,0,0,0,0,0,0,1,0,0,0,0,0,0,0,0,0,-0.10550654864886132,-0.32102012588878653,-0.35810751484234926,0.031298242546717196,-0.2762332055570363,-0.3297147903008124,0.6403598638379557,-1.3989082340319907,-1.236814519204133,0.26
2009,7333.0,2477,1330.3,1142628.06,1246.61,155.82000000000002,0.16999999999999998,0.3377880812764217,0,0,0,1,0,0,0,0,0,0,0,0,0,0,0,0,0,0,0,0,0,0,1,0,0,0,0,0,0,0,0,0,-0.10550654864886132,-0.4327275354396238,-0.39269390522013126,0.031298242546717196,-0.39276895898419445,-0.38887881031238714,0.6403598638379557,-1.3989082340319907,-0.8346971254671784,0.263
2009,93222.0,30271,1330.3,14525852.04,15847.74,155.82,0.16999999999999998,0.3247194868164167,0,0,0,0,0,1,0,0,0,0,0,0,0,0,0,0,0,0,0,0,0,0,1,0,0,0,0,0,0,0,0,0,-0.10550654864886132,-0.0003508928568449944,-0.15457299014456213,0.031298242546717196,0.05829635539639069,-0.15987752528425997,0.6403598638379546,-1.3989082340319907,-0.8795564000566214,0.299655172
2009,31.0,10,1434.5875,4830.42,5.27,155.82,0.16999999999999998,0.3225806451612903,0,1,0,0,0,0,0,0,0,0,0,0,0,0,0,0,0,0,0,0,0,0,0,1,0,0,0,0,0,0,0,0,-0.10550654864886132,-0.4694867740399038,-0.413829556709353,0.2200945806974015,-0.43111704693034625,-0.4083477456041636,0.6403598638379546,-1.3989082340319907,-0.8868981907445403,0.32
2009,93.0,58,1434.5875,14491.26,15.81,155.82,0.17,0.6236559139784946,0,0,1,0,0,0,0,0,0,0,0,0,0,0,0,0,0,0,0,0,0,0,0,1,0,0,0,0,0,0,0,0,-0.10550654864886132,-0.4691746577987072,-0.4134183239280467,0.2200945806974015,-0.43079144004830555,-0.4081824382927297,0.6403598638379546,-1.3989082340319903,0.14657317431273803,0.52
2009,874.0,101,1434.5875,136186.68,148.58,155.82,0.17,0.11556064073226545,0,0,0,1,0,0,0,0,0,0,0,0,0,0,0,0,0,0,0,0,0,0,0,1,0,0,0,0,0,0,0,0,-0.10550654864886132,-0.46524299998621493,-0.41304992789479317,0.2200945806974015,-0.4266898436793731,-0.4061000994180546,0.6403598638379546,-1.3989082340319903,-1.597515331142498,0.626666667
2009,2800.0,1400,371.3,436296.0,476.0,155.82,0.17,0.5,0,1,0,0,0,0,0,0,0,0,0,0,0,0,0,0,0,0,0,0,0,0,0,0,1,0,0,0,0,0,0,0,-0.10550654864886132,-0.4555472599774311,-0.4019209407506914,-1.704822464983006,-0.41657502344049496,-0.40096490777577015,0.6403598638379546,-1.3989082340319903,-0.27788827919292985,0.49
2009,3600.0,3030,2176.6,560952.0,612.0,155.82,0.17,0.8416666666666667,0,1,0,0,0,0,0,0,0,0,0,0,0,0,0,0,0,0,0,0,0,0,0,0,0,1,0,0,0,0,0,0,-0.10550654864886132,-0.4515199536394109,-0.3879561608854983,1.563393085906889,-0.41237364431738877,-0.3988319102088815,0.6403598638379546,-1.3989082340319903,0.8949171716890352,0.8375
2009,259722.0,98712,928.5,40469882.04,44152.74,155.82,0.16999999999999998,0.3800679187746899,0,0,0,0,1,0,0,0,0,0,0,0,0,0,0,0,0,0,0,0,0,0,0,0,0,0,1,0,0,0,0,0,-0.10550654864886132,0.8378322387436239,0.43178498455094866,-0.696098316666466,0.9327083853928679,0.2840525933244463,0.6403598638379546,-1.3989082340319907,-0.6895672994758439,0.392333333
2009,764.0,462,2004.2,119046.48,129.88,155.82,0.16999999999999998,0.6047120418848168,0,1,0,0,0,0,0,0,0,0,0,0,0,0,0,0,0,0,0,0,0,0,0,0,0,0,0,0,1,0,0,0,-0.10550654864886132,-0.4657967546076927,-0.4099571146853853,1.2512896344177085,-0.4272675333088002,-0.4063933865835018,0.6403598638379546,-1.3989082340319907,0.08154641396461271,0.5875
2009,325.0,204,2004.2,50641.5,55.25,155.82,0.17,0.6276923076923077,0,0,1,0,0,0,0,0,0,0,0,0,0,0,0,0,0,0,0,0,0,0,0,0,0,0,0,0,1,0,0,0,-0.10550654864886132,-0.46800673896068135,-0.41216749088490673,1.2512896344177085,-0.4295730401026047,-0.40756386899833197,0.6403598638379546,-1.3989082340319903,0.1604285047014179,0.59
2009,501548.0,191479,585.8,78151209.36,85263.16,155.82,0.17,0.3817760214376291,0,1,0,0,0,0,0,0,0,0,0,0,0,0,0,0,0,0,0,0,0,0,0,0,0,0,0,0,0,1,0,0,-0.10550654864886132,2.055216466866236,1.2265523058726482,-1.316503495467755,2.202711770173217,0.9288204303374736,0.6403598638379546,-1.3989082340319903,-0.6837040640209332,0.457746479
2009,51359.0,31837,585.8,8002759.38,8731.03,155.82,0.17,0.6198913530247863,0,0,0,1,0,0,0,0,0,0,0,0,0,0,0,0,0,0,0,0,0,0,0,0,0,0,0,0,0,1,0,0,-0.10550654864886132,-0.21109479939252324,-0.14115652065444406,-1.316503495467755,-0.16155656239185268,-0.27149462171258587,0.6403598638379546,-1.3989082340319903,0.13365093741511877,0.678166667
2009,10731.0,7705,847.8,1672104.42,1824.27,155.82,0.16999999999999998,0.7180132326903365,0,1,0,0,0,0,0,0,0,0,0,0,0,0,0,0,0,0,0,0,0,0,0,0,0,0,0,0,0,0,1,0,-0.10550654864886132,-0.41562155176888266,-0.3479038014561867,-0.8421931457568193,-0.3749236011588009,-0.3798189031470275,0.6403598638379546,-1.3989082340319907,0.4704642310420695,0.661538462
2009,207.0,113,847.8,32254.74,35.19,155.82000000000002,0.16999999999999998,0.5458937198067633,0,0,1,0,0,0,0,0,0,0,0,0,0,0,0,0,0,0,0,0,0,0,0,0,0,0,0,0,0,0,1,0,-0.10550654864886132,-0.46860076664553935,-0.41294711969946657,-0.8421931457568193,-0.4301927435232629,-0.4078784861394481,0.6403598638379557,-1.3989082340319907,-0.12035343602037897,0.55
2009,43007.0,30072,1317.2,6701350.74,7311.19,155.82,0.16999999999999998,0.6992350082544702,0,1,0,0,0,0,0,0,0,0,0,0,0,0,0,0,0,0,0,0,0,0,0,0,0,0,0,0,0,0,0,1,-0.10550654864886132,-0.25313987756145484,-0.15627789271706116,0.00758272506117057,-0.20541896043708135,-0.29376311631090374,0.6403598638379546,-1.3989082340319907,0.4060060730627459,0.579375
2009,7009.0,5558,1317.2,1092142.38,1191.53,155.82,0.16999999999999998,0.7929804537023827,0,0,1,0,0,0,0,0,0,0,0,0,0,0,0,0,0,0,0,0,0,0,0,0,0,0,0,0,0,0,0,1,-0.10550654864886132,-0.434358594506522,-0.36629790107003307,0.00758272506117057,-0.39447051752905243,-0.3897426743269771,0.6403598638379546,-1.3989082340319907,0.7277968128188523,0.75
2010,82317.0,46191,1297.0,13673676.87,19756.08,166.10999999999999,0.24000000000000002,0.5611356098983199,0,1,0,0,0,0,1,0,0,0,0,0,0,0,0,0,0,0,0,0,0,0,0,0,0,0,0,0,0,0,0,0,0.052644951379189564,-0.05524811237698381,-0.018180784344639104,-0.028986240832573423,0.02957482599975135,-0.09857988035357097,1.0456941535211575,-0.4707829320450428,-0.06803410397807234,0.472857143
2010,381529.0,207272,1297.0,63375782.19,91566.96,166.10999999999999,0.24000000000000002,0.543266697944324,0,0,1,0,0,0,1,0,0,0,0,0,0,0,0,0,0,0,0,0,0,0,0,0,0,0,0,0,0,0,0,0,0.052644951379189564,1.4510248676376676,1.3618564582720316,-0.028986240832573423,1.7047239376820886,1.0276880043238916,1.0456941535211575,-0.4707829320450428,-0.1293709547321492,0.573809524
2010,48796.0,27216,2578.5,8105503.56,11711.04,166.10999999999999,0.24000000000000002,0.5577506352979752,0,0,1,0,0,0,0,0,1,0,0,0,0,0,0,0,0,0,0,0,0,0,0,0,0,0,0,0,0,0,0,0,0.052644951379189564,-0.22399728207295566,-0.18074624320478605,2.290970679604695,-0.15809369455658873,-0.22475672407064523,1.0456941535211575,-0.4707829320450428,-0.07965337225821265,0.577037037
2010,15167.0,13225,629.2,2519390.37,3640.08,166.11,0.24,0.8719588580470758,0,1,0,0,0,0,0,0,0,1,0,0,0,0,0,0,0,0,0,0,0,0,0,0,0,0,0,0,0,0,0,0,0.052644951379189564,-0.39329013812456026,-0.3006120316059621,-1.2379345291415922,-0.3463668569857872,-0.3513400920298795,1.0456941535211586,-0.4707829320450432,0.9988981877966553,0.8775
2010,102808.0,29551,1283.1,17077436.88,24673.92,166.10999999999999,0.24,0.2874387207221228,0,1,0,0,0,0,0,0,0,0,1,0,0,0,0,0,0,0,0,0,0,0,0,0,0,0,0,0,0,0,0,0,0.052644951379189564,0.0479063053384829,-0.16074148186415663,-0.05415003419510034,0.14429442430290354,-0.021449433630425275,1.0456941535211575,-0.4707829320450432,-1.0075264069496266,0.291111111
2010,4298.0,1097,1283.1,713940.78,1031.52,166.11,0.24,0.2552349930200093,0,0,1,0,0,0,0,0,0,0,1,0,0,0,0,0,0,0,0,0,0,0,0,0,0,0,0,0,0,0,0,0,0.052644951379189564,-0.4480061288594882,-0.4045168476826874,-0.05415003419510034,-0.40721734324594827,-0.39225224006725545,1.0456941535211586,-0.4707829320450432,-1.1180689651576967,0.233076923
2010,102100.0,68700,1107.5,16959831.0,24504.0,166.11,0.24,0.672869735553379,0,1,0,0,0,0,0,0,0,0,0,1,0,0,0,0,0,0,0,0,0,0,0,0,0,0,0,0,0,0,0,0,0.052644951379189564,0.044342139229334956,0.17466168803918422,-0.3720465891922007,0.14033066091416552,-0.024114425884584987,1.0456941535211586,-0.4707829320450432,0.31550460319592893,0.672307692
2010,7000.0,4600,1107.5,1162770.0,1680.0,166.11,0.24,0.6571428571428571,0,0,0,1,0,0,0,0,0,0,0,1,0,0,0,0,0,0,0,0,0,0,0,0,0,0,0,0,0,0,0,0,0.052644951379189564,-0.4344039017028247,-0.37450542199693804,-0.3720465891922007,-0.3920900993527699,-0.38208160578654976,1.0456941535211586,-0.4707829320450432,0.2615204996099251,0.7625
2010,1387.0,700,639.2,230394.57,332.88,166.11,0.24,0.5046863734679163,0,1,0,0,0,0,0,0,0,0,0,0,1,0,0,0,0,0,0,0,0,0,0,0,0,0,0,0,0,0,0,0,0.052644951379189564,-0.46266048979695945,-0.40791808547807495,-1.2198310806793429,-0.4235146811338247,-0.4032095740388077,1.0456941535211586,-0.4707829320450432,-0.26180182744256625,0.351
2010,9616.0,4358,1319.8,1597313.76,2307.84,166.11,0.24000000000000002,0.45320299500831945,0,1,0,0,0,0,0,0,0,0,0,0,0,1,0,0,0,0,0,0,0,0,0,0,0,0,0,0,0,0,0,0,0.052644951379189564,-0.42123460997749845,-0.3765787206026906,0.012289621661355265,-0.37744432954353435,-0.37223468525423076,1.0456941535211586,-0.4707829320450428,-0.43852374028325225,0.575454545
2010,14367.0,4844,1352.0,2386502.37,3448.08,166.11,0.24,0.33716155077608406,0,1,0,0,0,0,0,0,0,0,0,0,0,0,1,0,0,0,0,0,0,0,0,0,0,0,0,0,0,0,0,0,0.052644951379189564,-0.39731744446258055,-0.3724149886919643,0.07058272570979861,-0.3508456856736268,-0.35435138271254585,1.0456941535211586,-0.4707829320450432,-0.8368477548894412,0.47
2010,118318.0,42990,1317.7,19653802.98,28396.32,166.11,0.24,0.36334285569397723,0,1,0,0,0,0,0,0,0,0,0,0,0,0,0,0,1,0,0,0,0,0,0,0,0,0,0,0,0,0,0,0,0.052644951379189564,0.1259857069668509,-0.04560487044800302,0.008487897484283042,0.2311277154883943,0.03693196447976901,1.0456941535211586,-0.4707829320450432,-0.7469777730780034,0.362916667
2010,8727.0,4079,1317.7,1449641.97,2094.48,166.10999999999999,0.24,0.46740002291738286,0,0,1,0,0,0,0,0,0,0,0,0,0,0,0,0,1,0,0,0,0,0,0,0,0,0,0,0,0,0,0,0,0.052644951379189564,-0.42570995414562346,-0.3789690111440335,0.008487897484283042,-0.38242142792289613,-0.37558098202534373,1.0456941535211575,-0.4707829320450432,-0.38979100354742896,0.464166667
2010,555055.0,213739,856.3,92200186.05,133213.2,166.10999999999999,0.24000000000000002,0.3850771545162191,0,1,0,0,0,0,0,0,0,0,0,0,0,0,0,0,0,1,0,0,0,0,0,0,0,0,0,0,0,0,0,0,0.052644951379189564,2.3245778171517992,1.4172615082034452,-0.8268052145639072,2.676215471289662,1.6808595380743476,1.0456941535211575,-0.4707829320450428,-0.67237259025901,0.375306122
2010,5393.0,2090,856.3,895831.23,1294.32,166.10999999999999,0.24,0.3875394029297237,0,0,1,0,0,0,0,0,0,0,0,0,0,0,0,0,0,1,0,0,0,0,0,0,0,0,0,0,0,0,0,0,0.052644951379189564,-0.44249375330932295,-0.3960094695194133,-0.8268052145639072,-0.40108694647946774,-0.38813053594535585,1.0456941535211575,-0.4707829320450432,-0.6639206731054967,0.227647059
2010,481700.0,328700,1389.0,80015187.0,115608.0,166.11,0.24,0.6823749221507163,0,1,0,0,0,0,0,0,0,0,0,0,0,0,0,0,0,0,1,0,0,0,0,0,0,0,0,0,0,0,0,0,0.052644951379189564,1.9552989966199532,2.4021725867816457,0.13756548502012161,2.2655348732940674,1.4047430030406078,1.0456941535211586,-0.4707829320450432,0.3481321192535113,0.713636364
2010,1500.0,1710,2160.5,249165.0,360.0,166.11,0.24,1.14,0,1,0,0,0,0,0,0,0,0,0,0,0,0,0,0,0,0,0,1,0,0,0,0,0,0,0,0,0,0,0,0,0.052644951379189564,-0.46209163277671406,-0.3992650623714215,1.5342465338826674,-0.42288204658166734,-0.40278422922988105,1.0456941535211586,-0.4707829320450432,1.91897656538597,1.21
2010,660.0,430,1771.8,109632.6,158.4,166.11,0.24000000000000002,0.6515151515151515,0,0,1,0,0,0,0,0,0,0,0,0,0,0,0,0,0,0,0,0,0,1,0,0,0,0,0,0,0,0,0,0,0.052644951379189564,-0.46632030443163536,-0.41023126987292285,0.8305654921550308,-0.427584816703899,-0.40594608444668073,1.0456941535211586,-0.4707829320450428,0.24220282984563546,0.639
2010,35912.0,8515,1291.9,5965342.32,8618.88,166.11,0.24,0.2371073735798619,1,0,0,0,0,0,0,0,0,0,0,0,0,0,0,0,0,0,0,0,0,0,1,0,0,0,0,0,0,0,0,0,0.052644951379189564,-0.28885705064677214,-0.34096424827164284,-0.03821899954832048,-0.23022523057424585,-0.2732535605149871,1.0456941535211586,-0.4707829320450432,-1.1802938555701417,0.230909091
2010,8014.0,2980,1291.9,1331205.54,1923.36,166.11,0.24,0.37184926378837035,0,0,0,1,0,0,0,0,0,0,0,0,0,0,0,0,0,0,0,0,0,0,1,0,0,0,0,0,0,0,0,0,0.052644951379189564,-0.429299290919384,-0.38838452836602566,-0.03821899954832048,-0.38641318399093316,-0.3782647948462701,1.0456941535211586,-0.4707829320450432,-0.7177786654276695,0.360416667
2010,89773.0,28134,1291.9,14912193.03,21545.52,166.10999999999999,0.24,0.31339044033283947,0,0,0,0,0,1,0,0,0,0,0,0,0,0,0,0,0,0,0,0,0,0,1,0,0,0,0,0,0,0,0,0,0.052644951379189564,-0.017713617306634885,-0.17288141626230305,-0.03821899954832048,0.07131750937041666,-0.07051465119112041,1.0456941535211575,-0.4707829320450432,-0.9184444999665762,0.280333333
2010,22.0,17,1434.5875,3654.42,5.28,166.11,0.24000000000000002,0.7727272727272727,0,1,0,0,0,0,0,0,0,0,0,0,0,0,0,0,0,0,0,0,0,0,0,1,0,0,0,0,0,0,0,0,0.052644951379189564,-0.46953208123620654,-0.4137695852620792,0.2200945806974015,-0.43115668258245105,-0.4083475887661072,1.0456941535211586,-0.4707829320450428,0.6582757170764878,0.77
2010,189.0,206,1434.5875,31394.79,45.36,166.11,0.24,1.08994708994709,0,0,1,0,0,0,0,0,0,0,0,0,0,0,0,0,0,0,0,0,0,0,0,1,0,0,0,0,0,0,0,0,0.052644951379189564,-0.4686913810381448,-0.41215035618568563,0.2200945806974015,-0.4302217270938646,-0.40771898183610056,1.0456941535211586,-0.4707829320450432,1.747164880285802,1.09
2010,916.0,374,1434.5875,152156.76,219.84,166.11,0.24,0.40829694323144106,0,0,0,1,0,0,0,0,0,0,0,0,0,0,0,0,0,0,0,0,0,0,0,1,0,0,0,0,0,0,0,0,0.052644951379189564,-0.4650315664034689,-0.41071104145111353,0.2200945806974015,-0.4261515915237903,-0.4049824714282275,1.0456941535211586,-0.4707829320450432,-0.5926683128730398,0.626666667
2010,2800.0,1600,392.7,465108.0,672.0,166.11,0.24,0.5714285714285714,0,1,0,0,0,0,0,0,0,0,0,0,0,0,0,0,0,0,0,0,0,0,0,0,1,0,0,0,0,0,0,0,0.052644951379189564,-0.4555472599774311,-0.4002074708285818,-1.666081085273792,-0.41560394996392797,-0.3978908818705482,1.0456941535211586,-0.4707829320450432,-0.03270247064617772,0.734
2010,3700.0,1943,2527.0,614607.0,888.0,166.11,0.24,0.5251351351351351,0,1,0,0,0,0,0,0,0,0,0,0,0,0,0,0,0,0,0,0,0,0,0,0,0,1,0,0,0,0,0,0,0.052644951379189564,-0.4510165403471583,-0.39726886991216387,2.1977379200241103,-0.41056526769010837,-0.39450317985254857,1.0456941535211586,-0.4707829320450432,-0.19160938115837015,0.66
2010,304432.0,123011,1095.2,50569199.52,73063.68,166.11,0.23999999999999996,0.4040672465443843,0,1,0,0,0,0,0,0,0,0,0,0,0,0,0,0,0,0,0,0,0,0,0,0,0,0,1,0,0,0,0,0,0.052644951379189564,1.0629083217097317,0.6399630127376528,-0.39431383080076743,1.2730936184991244,0.7374861571219801,1.0456941535211586,-0.4707829320450435,-0.6071871753027691,0.484666667
2010,912.0,519,2348.3,151492.32,218.88,166.11,0.24,0.569078947368421,0,1,0,0,0,0,0,0,0,0,0,0,0,0,0,0,0,0,0,0,0,0,0,0,0,0,0,0,1,0,0,0,0.052644951379189564,-0.46505170293515896,-0.4094687757575841,1.8742292960037126,-0.42617398566722947,-0.40499752788164084,1.0456941535211586,-0.4707829320450432,-0.04076779329574195,0.5725
2010,403.0,271,2348.3,66942.33,96.72,166.11,0.24,0.6724565756823822,0,0,1,0,0,0,0,0,0,0,0,0,0,0,0,0,0,0,0,0,0,0,0,0,0,0,0,0,1,0,0,0,0.052644951379189564,-0.46761407659272436,-0.411593478461,1.8742292960037126,-0.4290236404198674,-0.4069134615784873,1.0456941535211586,-0.4707829320450432,0.3140863900775167,0.635
2010,494406.0,333778,742.6,82125780.66,118657.44,166.10999999999999,0.24,0.6751091208440027,0,1,0,0,0,0,0,0,0,0,0,0,0,0,0,0,0,0,0,0,0,0,0,0,0,0,0,0,0,1,0,0,0.052644951379189564,2.0192626895335604,2.445677588104008,-1.0326414235796835,2.3366698699286803,1.4525698273080565,1.0456941535211575,-0.4707829320450432,0.3231915200997385,0.653194444
2010,61321.0,38202,742.6,10186031.31,14717.04,166.11,0.24000000000000002,0.6229839696025832,0,0,0,1,0,0,0,0,0,0,0,0,0,0,0,0,0,0,0,0,0,0,0,0,0,0,0,0,0,1,0,0,0.052644951379189564,-0.16094476721832582,-0.0866253403833065,-1.0326414235796835,-0.08797203291259956,-0.17761120432014987,1.0456941535211586,-0.4707829320450428,0.14426665716124995,0.685
2010,10475.0,8392,1419.0,1740002.25,2514.0,166.11,0.24,0.801145584725537,0,1,0,0,0,0,0,0,0,0,0,0,0,0,0,0,0,0,0,0,0,0,0,0,0,0,0,0,0,0,1,0,0.052644951379189564,-0.41691028979704914,-0.3420180322737403,0.19187583040686998,-0.3726351872399665,-0.3690013118837177,1.0456941535211586,-0.4707829320450432,0.7558244523440839,0.697692308
2010,176.0,100,1419.0,29235.36,42.24,166.11,0.24000000000000002,0.5681818181818182,0,0,1,0,0,0,0,0,0,0,0,0,0,0,0,0,0,0,0,0,0,0,0,0,0,0,0,0,0,0,1,0,0.052644951379189564,-0.4687568247661376,-0.4130584952444037,0.19187583040686998,-0.43029450806004194,-0.4077679153096939,1.0456941535211586,-0.4707829320450428,-0.04384728012557527,0.546666667
2010,45020.0,28462,1096.0,7478272.2,10804.8,166.11,0.24,0.6322079075966237,0,1,0,0,0,0,0,0,0,0,0,0,0,0,0,0,0,0,0,0,0,0,0,0,0,0,0,0,0,0,0,1,0.052644951379189564,-0.24300616798841135,-0.17007132559004334,-0.39286555492378755,-0.17923376596319174,-0.23897001609283053,1.0456941535211586,-0.4707829320450432,0.17592875889200504,0.471176471
2010,11865.0,10661,1096.0,1970895.15,2847.6,166.10999999999999,0.24,0.8985250737463126,0,0,1,0,0,0,0,0,0,0,0,0,0,0,0,0,0,0,0,0,0,0,0,0,0,0,0,0,0,0,0,1,0.052644951379189564,-0.40991284503473896,-0.322578716007407,-0.39286555492378755,-0.3648532223948452,-0.3637691943225849,1.0456941535211575,-0.4707829320450432,1.0900894148640825,0.756666667
2011,62571.0,40360,861.9,10481893.92,20648.43,167.52,0.33,0.6450272490450848,0,1,0,0,0,0,1,0,0,0,0,0,0,0,0,0,0,0,0,0,0,0,0,0,0,0,0,0,0,0,0,0,0.21079645140724043,-0.15465210106516913,-0.06813699992374407,-0.8166672834250475,-0.07800034287793049,-0.08458443639170987,1.1012355868013641,0.7225210276524611,0.21993244726509462,0.598095238
2011,477139.0,327400,861.9,79930325.28,157455.87,167.52,0.33,0.6861732115798541,0,0,1,0,0,0,1,0,0,0,0,0,0,0,0,0,0,0,0,0,0,0,0,0,0,0,0,0,0,0,0,0,0.21079645140724043,1.9323383163603152,2.3910350322879332,-0.8166672834250475,2.262674712060281,2.0610768625220324,1.1012355868013641,0.7225210276524611,0.3611701325603997,0.5575
2011,53669.0,29832,1743.4,8990630.88,17710.77,167.52,0.33,0.5558516089362574,0,0,1,0,0,0,0,0,1,0,0,0,0,0,0,0,0,0,0,0,0,0,0,0,0,0,0,0,0,0,0,0,0.21079645140724043,-0.1994659523414897,-0.15833405662359268,0.7791516985222426,-0.12826155295458846,-0.13065812486484366,1.1012355868013641,0.7225210276524611,-0.08617197265350388,0.565555556
2011,13704.0,11867,1097.1,2295694.08,4522.32,167.52,0.32999999999999996,0.8659515469935786,0,1,0,0,0,0,0,0,0,1,0,0,0,0,0,0,0,0,0,0,0,0,0,0,0,0,0,0,0,0,0,0,0.21079645140724043,-0.4006550745902148,-0.31224649237708624,-0.3908741755929403,-0.35390626882895804,-0.3375032113430275,1.1012355868013641,0.7225210276524603,0.9782774839468453,0.899666667
2011,98154.0,29066,1302.7,16442758.08,32390.82,167.52,0.33,0.2961264950995375,0,1,0,0,0,0,0,0,0,0,1,0,0,0,0,0,0,0,0,0,0,0,0,0,0,0,0,0,0,0,0,0,0.21079645140724043,0.024477450717049973,-0.16489664642527238,-0.018667275209091148,0.12290334597375702,0.09958092610430451,1.1012355868013641,0.7225210276524611,-0.9777047411568521,0.295925926
2011,3820.0,1005,1302.7,639926.4,1260.6,167.52,0.32999999999999996,0.2630890052356021,0,0,1,0,0,0,0,0,0,0,1,0,0,0,0,0,0,0,0,0,0,0,0,0,0,0,0,0,0,0,0,0,0.21079645140724043,-0.4504124443964553,-0.40530504384685784,-0.018667275209091148,-0.40971190805583824,-0.38865939387149917,1.1012355868013641,0.7225210276524603,-1.09110927246187,0.257894737
2011,96200.0,67600,890.5,16115424.0,31746.0,167.52,0.33,0.7027027027027027,0,1,0,0,0,0,0,0,0,0,0,1,0,0,0,0,0,0,0,0,0,0,0,0,0,0,0,0,0,0,0,0,0.21079645140724043,0.014640754986435463,0.1652376034675815,-0.764891420823014,0.1118709482552904,0.08946769455223717,1.1012355868013641,0.7225210276524611,0.41790928560190777,0.7364
2011,7000.0,4400,890.5,1172640.0,2310.0,167.52,0.33,0.6285714285714286,0,0,0,1,0,0,0,0,0,0,0,1,0,0,0,0,0,0,0,0,0,0,0,0,0,0,0,0,0,0,0,0,0.21079645140724043,-0.4344039017028247,-0.3762188919190476,-0.764891420823014,-0.3917574429868905,-0.3722008082340508,1.1012355868013641,0.7225210276524611,0.16344617619122415,0.79
2011,2013.0,700,471.5409091,337217.76,664.29,167.52,0.32999999999999996,0.34773969200198707,0,1,0,0,0,0,0,0,0,0,0,0,1,0,0,0,0,0,0,0,0,0,0,0,0,0,0,0,0,0,0,0,0.21079645140724043,-0.4595091225874586,-0.40791808547807495,-1.5233518518129177,-0.4199143352192309,-0.398011804012024,1.1012355868013641,0.7225210276524603,-0.8005372133579145,0.162307692
2011,9664.0,6150,1108.3,1618913.28,3189.12,167.52,0.33,0.6363824503311258,0,1,0,0,0,0,0,0,0,0,0,0,0,1,0,0,0,0,0,0,0,0,0,0,0,0,0,0,0,0,0,0,0.21079645140724043,-0.4209929715972172,-0.36122603010058874,-0.3705983133152208,-0.3767163439479985,-0.3584128610207921,1.1012355868013641,0.7225210276524611,0.1902582997914113,0.690909091
2011,15022.0,5175,887.6,2516485.44,4957.26,167.52,0.33,0.34449474104646516,0,1,0,0,0,0,0,0,0,0,0,0,0,0,1,0,0,0,0,0,0,0,0,0,0,0,0,0,0,0,0,0,0.21079645140724043,-0.39402008739832645,-0.36957919597087296,-0.7701414208770663,-0.34646476412428096,-0.33068169691844984,1.1012355868013641,0.7225210276524611,-0.8116758362900532,0.448333333
2011,84014.0,30814,1178.986364,14074025.28,27724.62,167.51999999999998,0.33,0.3667722046325612,0,1,0,0,0,0,0,0,0,0,0,0,0,0,0,0,1,0,0,0,0,0,0,0,0,0,0,0,0,0,0,0,0.21079645140724043,-0.04670518880745831,-0.1499209193060346,-0.24263161854944,0.0430680830571153,0.026397152232128362,1.101235586801363,0.7225210276524611,-0.7352061853858641,0.374782609
2011,8260.0,4199,1178.986364,1383715.2,2725.8,167.51999999999998,0.33,0.5083535108958838,0,0,1,0,0,0,0,0,0,0,0,0,0,0,0,0,1,0,0,0,0,0,0,0,0,0,0,0,0,0,0,0,0.21079645140724043,-0.4280608942204428,-0.3779409291907677,-0.24263161854944,-0.3846434096576849,-0.3656794818494014,1.101235586801363,0.7225210276524611,-0.24921400666797075,0.51125
2011,599209.0,162439,852.6,100379491.7,197738.97,167.52000003337733,0.33,0.2710890524007483,0,1,0,0,0,0,0,0,0,0,0,0,0,0,0,0,0,1,0,0,0,0,0,0,0,0,0,0,0,0,0,0,0.21079645140724043,2.546854922212983,0.9777564731823365,-0.8335034904949393,2.9518890369376423,2.692869173453895,1.101235588116133,0.7225210276524611,-1.0636483000054906,0.2536
2011,6464.0,1900,852.6,1082849.28,2133.12,167.52,0.32999999999999996,0.2939356435643564,0,0,1,0,0,0,0,0,0,0,0,0,0,0,0,0,0,1,0,0,0,0,0,0,0,0,0,0,0,0,0,0,0.21079645140724043,-0.4371021969492983,-0.39763726594541743,-0.8335034904949393,-0.3947837301809019,-0.37497495977545714,1.1012355868013641,0.7225210276524603,-0.9852250610276818,0.2
2011,363900.0,249460,1174.095455,60960528.0,120087.0,167.52,0.33,0.6855179994503985,0,1,0,0,0,0,0,0,0,0,0,0,0,0,0,0,0,0,1,0,0,0,0,0,0,0,0,0,0,0,0,0,0.21079645140724043,1.3622781383464684,1.7232958036418278,-0.25148585045094557,1.6233207278016115,1.4749907684971844,1.1012355868013641,0.7225210276524611,0.35892105054017664,0.616060606
2011,1506.0,1650,1533.561905,252285.12,496.98,167.52,0.33,1.095617529880478,0,1,0,0,0,0,0,0,0,0,0,0,0,0,0,0,0,0,0,1,0,0,0,0,0,0,0,0,0,0,0,0,0.21079645140724043,-0.46206142797917893,-0.3997791033480544,0.3992723846973319,-0.4227768867255065,-0.4006358615334663,1.1012355868013641,0.7225210276524611,1.7666292398841714,1.136666667
2011,220.0,210,1544.354545,36854.4,72.6,167.52,0.32999999999999996,0.9545454545454546,0,1,0,0,0,0,0,0,0,0,0,0,0,0,0,0,0,0,0,0,0,1,0,0,0,0,0,0,0,0,0,0,0.21079645140724043,-0.4685353229175465,-0.41211608678724343,0.4188107848984929,-0.4300377175678545,-0.4072917549704973,1.1012355868013641,0.7225210276524603,1.2823850479227665,0.9875
2011,680.0,450,1544.354545,113913.6,224.4,167.52,0.33,0.6617647058823529,0,0,1,0,0,0,0,0,0,0,0,0,0,0,0,0,0,0,0,0,0,1,0,0,0,0,0,0,0,0,0,0,0.21079645140724043,-0.4662196217731849,-0.4100599228807119,0.4188107848984929,-0.42744053079687466,-0.40491095327451415,1.1012355868013641,0.7225210276524611,0.27738546369236194,0.645
2011,29714.0,6032,1346.2,4977689.28,9805.62,167.52,0.33,0.2030019519418456,1,0,0,0,0,0,0,0,0,0,0,0,0,0,0,0,0,0,0,0,0,0,1,0,0,0,0,0,0,0,0,0,0.21079645140724043,-0.32005860650058415,-0.3622369773546334,0.060082725601694004,-0.26351287708246346,-0.25464096101109396,1.1012355868013641,0.7225210276524611,-1.2973641708921708,0.20952381
2011,5980.0,2073,1346.2,1001769.6,1973.4,167.52,0.33,0.3466555183946488,0,0,0,1,0,0,0,0,0,0,0,0,0,0,0,0,0,0,0,0,0,0,1,0,0,0,0,0,0,0,0,0,0.21079645140724043,-0.43953871728380056,-0.3961551144627926,0.060082725601694004,-0.3975164223486285,-0.3774799772121002,1.1012355868013641,0.7225210276524611,-0.8042587491131984,0.270434783
2011,76386.0,21975,1346.2,12796182.72,25207.38,167.52,0.33,0.2876836069436808,0,0,0,0,0,1,0,0,0,0,0,0,0,0,0,0,0,0,0,0,0,0,1,0,0,0,0,0,0,0,0,0,0.21079645140724043,-0.08510555474048159,-0.22564772251366774,0.060082725601694004,-4.887556802005885e-08,-0.013082750674304389,1.1012355868013641,0.7225210276524611,-1.0066858101823415,0.253103448
2011,15.0,12,1434.5875,2512.8,4.95,167.52,0.33,0.8,0,1,0,0,0,0,0,0,0,0,0,0,0,0,0,0,0,0,0,0,0,0,0,1,0,0,0,0,0,0,0,0,0.21079645140724043,-0.4695673201666642,-0.4138124220101319,0.2200945806974015,-0.43119515949839987,-0.408352764421968,1.1012355868013641,0.7225210276524611,0.7518921167034298,0.8
2011,224.0,242,1434.5875,37524.48,73.92,167.52,0.33,1.0803571428571428,0,0,1,0,0,0,0,0,0,0,0,0,0,0,0,0,0,0,0,0,0,0,0,1,0,0,0,0,0,0,0,0,0.21079645140724043,-0.46851518638585643,-0.4118419315997059,0.2200945806974015,-0.43001513333506336,-0.407271052347054,1.1012355868013641,0.7225210276524611,1.714246415249432,0.83
2011,832.0,317,1434.5875,139376.64,274.56,167.52,0.33,0.38100961538461536,0,0,0,1,0,0,0,0,0,0,0,0,0,0,0,0,0,0,0,0,0,0,0,1,0,0,0,0,0,0,0,0,0.21079645140724043,-0.465454433568961,-0.4111993803789148,0.2200945806974015,-0.42658232995081174,-0.4041242535836676,1.1012355868013641,0.7225210276524611,-0.6863348304498995,0.563333333
2011,2800.0,1100,705.2,469056.0,924.0,167.52,0.33,0.39285714285714285,0,1,0,0,0,0,0,0,0,0,0,0,0,0,0,0,0,0,0,0,0,0,0,0,1,0,0,0,0,0,0,0,0.21079645140724043,-0.4555472599774311,-0.40449114563385574,-1.1003483208284963,-0.4154708874175762,-0.3939385628495486,1.1012355868013641,0.7225210276524611,-0.6456669920130583,0.4875
2011,3420.0,3000,2585.486364,572918.4,1128.6,167.52,0.32999999999999996,0.8771929824561403,0,1,0,0,0,0,0,0,0,0,0,0,0,0,0,0,0,0,0,0,0,0,0,0,0,1,0,0,0,0,0,0,0.21079645140724043,-0.4524260975654654,-0.3882131813738147,2.303618407665946,-0.41197033133495115,-0.3907296562158323,1.1012355868013641,0.7225210276524603,1.016864850150446,0.8675
2011,308263.0,178816,926.5,51640217.76,101726.79,167.51999999999998,0.32999999999999996,0.5800761038463909,0,0,0,0,1,0,0,0,0,0,0,0,0,0,0,0,0,0,0,0,0,0,0,0,0,0,1,0,0,0,0,0,0.21079645140724043,1.0821940849359264,1.11806395775428,-0.6997190063589159,1.3091909878515977,1.1870328033680284,1.101235586801363,0.7225210276524603,-0.003018939457015303,0.663333333
2011,1151.0,711,2295.609091,192815.52,379.83,167.51999999999998,0.32999999999999996,0.6177237185056472,0,1,0,0,0,0,0,0,0,0,0,0,0,0,0,0,0,0,0,0,0,0,0,0,0,0,0,0,1,0,0,0,0.21079645140724043,-0.4638485451666754,-0.4078238446323589,1.7788405804526544,-0.4247812373857192,-0.4024732193640619,1.101235586801363,0.7225210276524603,0.12621031230419338,0.62
2011,495.0,337,2295.609091,82922.4,163.35,167.51999999999998,0.33,0.6808080808080809,0,0,1,0,0,0,0,0,0,0,0,0,0,0,0,0,0,0,0,0,0,0,0,0,0,0,0,0,1,0,0,0,0.21079645140724043,-0.467150936363852,-0.41102803338670385,1.7788405804526544,-0.4284850515634644,-0.4058684496087683,1.101235586801363,0.7225210276524611,0.34275377759309167,0.6325
2011,507317.0,339225,777.4,84985743.84,167414.61,167.52,0.32999999999999996,0.6686647599035711,0,1,0,0,0,0,0,0,0,0,0,0,0,0,0,0,0,0,0,0,0,0,0,0,0,0,0,0,0,1,0,0,0.21079645140724043,2.084258379696285,2.4923439414326625,-0.9696414229310554,2.4330614563529553,2.217267805090245,1.1012355868013641,0.7225210276524603,0.301070598231283,0.659166667
2011,48109.0,31944,777.4,8059219.68,15875.97,167.51999999999998,0.32999999999999996,0.6639921844145587,0,0,0,1,0,0,0,0,0,0,0,0,0,0,0,0,0,0,0,0,0,0,0,0,0,0,0,0,0,1,0,0,0.21079645140724043,-0.22745573139073058,-0.14023981424611545,-0.9696414229310554,-0.1596536365342581,-0.15943477145107418,1.101235586801363,0.7225210276524603,0.28503150944151345,0.726984127
2011,11013.0,8941,1564.7,1844897.76,3634.29,167.52,0.33,0.8118587124307637,0,1,0,0,0,0,0,0,0,0,0,0,0,0,0,0,0,0,0,0,0,0,0,0,0,0,0,0,0,0,1,0,0.21079645140724043,-0.4142019262847305,-0.33731455733754945,0.4556430745018447,-0.3690998114391902,-0.3514309012645286,1.1012355868013641,0.7225210276524611,0.7925983486426726,0.696153846
2011,77.0,19,1564.7,12899.04,25.41,167.52,0.33,0.24675324675324675,0,0,0,1,0,0,0,0,0,0,0,0,0,0,0,0,0,0,0,0,0,0,0,0,0,0,0,0,0,0,1,0,0.21079645140724043,-0.46925520392546766,-0.4137524505628581,0.4556430745018447,-0.4308451038901374,-0.4080318737585964,1.1012355868013641,0.7225210276524611,-1.1471834185859606,0.25
2011,44606.0,27191,1686.5,7472397.12,14719.98,167.52,0.33,0.6095816706272699,0,1,0,0,0,0,0,0,0,0,0,0,0,0,0,0,0,0,0,0,0,0,0,0,0,0,0,0,0,0,0,1,0.21079645140724043,-0.24509029901833684,-0.18096042694504974,0.676143076772043,-0.17943177840108945,-0.17756509393157158,1.1012355868013641,0.7225210276524611,0.0982619080121849,0.464117647
2011,9158.0,7766,1686.5,1534148.16,3022.14,167.51999999999998,0.32999999999999996,0.8480017471063551,0,0,1,0,0,0,0,0,0,0,0,0,0,0,0,0,0,0,0,0,0,0,0,0,0,0,0,0,0,0,0,1,0.21079645140724043,-0.42354024285601505,-0.34738119312994326,0.676143076772043,-0.37957324939607634,-0.3610317428863735,1.101235586801363,0.7225210276524603,0.9166629771664273,0.757777778
2012,57000.0,51000,968.7,8595600.0,17670.0,150.8,0.31,0.8947368421052632,0,1,0,0,0,0,1,0,0,0,0,0,0,0,0,0,0,0,0,0,0,0,0,0,0,0,0,0,0,0,0,0,0.3689479514352913,-0.1826972555765578,0.023019599932485885,-0.6233224538482232,-0.1415755891198294,-0.1312975536207411,0.44261660492545,0.45734236994190436,1.077085925933859,0.830666667
2012,387000.0,321000,968.7,58359600.0,119970.0,150.8,0.31,0.8294573643410853,0,0,1,0,0,0,1,0,0,0,0,0,0,0,0,0,0,0,0,0,0,0,0,0,0,0,0,0,0,0,0,0,0.3689479514352913,1.4785666088568037,2.3362039947804267,-0.6233224538482232,1.5356596075995967,1.4731557632374344,0.44261660492545,0.45734236994190436,0.8530075044141834,0.693333333
2012,48527.0,26735,2167.5,7317871.6,15043.37,150.79999999999998,0.31,0.550930409874915,0,0,1,0,0,0,0,0,1,0,0,0,0,0,0,0,0,0,0,0,0,0,0,0,0,0,0,0,0,0,0,0,0.3689479514352913,-0.225351463829115,-0.1848671383674596,1.546918947806242,-0.18463987342832547,-0.17249310802601175,0.4426166049254489,0.45734236994190436,-0.10306448704575032,0.546666667
2012,14057.0,12149,924.1,2119795.6,4357.67,150.8,0.31,0.8642669132816391,0,1,0,0,0,0,0,0,0,1,0,0,0,0,0,0,0,0,0,0,0,0,0,0,0,0,0,0,0,0,0,0,0.3689479514352913,-0.3988780256685634,-0.3098304997869117,-0.7040638339898557,-0.35983471352201823,-0.3400855499414703,0.44261660492545,0.45734236994190436,0.9724948080441073,0.903666667
2012,95277.0,30509,1366.8,14367771.6,29535.87,150.79999999999998,0.31,0.3202136927065294,0,1,0,0,0,0,0,0,0,0,1,0,0,0,0,0,0,0,0,0,0,0,0,0,0,0,0,0,0,0,0,0,0.3689479514352913,0.009994250298944575,-0.15253396093725172,0.09737582943392772,0.052968446106926574,0.054804445195563066,0.4426166049254489,0.45734236994190436,-0.8950229948643122,0.34
2012,3385.0,850,1366.8,510458.0,1049.35,150.8,0.31,0.2511078286558346,0,0,1,0,0,0,0,0,0,0,1,0,0,0,0,0,0,0,0,0,0,0,0,0,0,0,0,0,0,0,0,0,0.3689479514352913,-0.45260229221775383,-0.40663298303649276,0.09737582943392772,-0.4140754832777446,-0.3919725978127141,0.44261660492545,0.45734236994190436,-1.1322358750005939,0.285
2012,94400.0,59600,460.6,14235520.0,29264.0,150.8,0.31,0.6313559322033898,0,1,0,0,0,0,0,0,0,0,0,1,0,0,0,0,0,0,0,0,0,0,0,0,0,0,0,0,0,0,0,0,0.3689479514352913,0.005579315725889854,0.09669880658319807,-1.543158670215118,0.04851106650837223,0.05054048895651878,0.44261660492545,0.45734236994190436,0.1730042670328772,0.579583333
2012,400.0,500,460.6,60320.0,124.0,150.8,0.31,1.25,0,0,0,1,0,0,0,0,0,0,0,1,0,0,0,0,0,0,0,0,0,0,0,0,0,0,0,0,0,0,0,0,0.3689479514352913,-0.4676291789914919,-0.40963155540018453,-1.543158670215118,-0.4292468380117067,-0.4064856073606585,0.44261660492545,0.45734236994190436,2.2965627105479687,1.25
2012,2156.0,816,307.9,325124.8,668.36,150.79999999999998,0.31,0.3784786641929499,0,1,0,0,0,0,0,0,0,0,0,0,1,0,0,0,0,0,0,0,0,0,0,0,0,0,0,0,0,0,0,0,0.3689479514352913,-0.45878924157953743,-0.4069242729232514,-1.8195983282336676,-0.4203219137527997,-0.39794797092307377,0.4426166049254489,0.45734236994190436,-0.6950225768503916,0.3225
2012,9519.0,3841,1035.0,1435465.2,2950.89,150.79999999999998,0.31,0.40350877192982454,0,1,0,0,0,0,0,0,0,0,0,0,0,1,0,0,0,0,0,0,0,0,0,0,0,0,0,0,0,0,0,0,0.3689479514352913,-0.4217229208709834,-0.3810080403513439,-0.5032965905435093,-0.3828992387423599,-0.36214921403814426,0.4426166049254489,0.45734236994190436,-0.6091041960017005,0.527272727
2012,14010.0,5423,1116.7,2112708.0,4343.1,150.8,0.31000000000000005,0.3870806566738044,0,1,0,0,0,0,0,0,0,0,0,0,0,0,1,0,0,0,0,0,0,0,0,0,0,0,0,0,0,0,0,0,0.3689479514352913,-0.3991146299159221,-0.36745449326745705,-0.3553914166069311,-0.3600735924742783,-0.34031406298962885,0.44261660492545,0.45734236994190514,-0.665495366108952,0.447692308
2012,102636.0,49448,956.2,15477508.8,31817.16,150.8,0.31,0.48178027202930745,0,1,0,0,0,0,0,0,0,0,0,0,0,0,0,0,1,0,0,0,0,0,0,0,0,0,0,0,0,0,0,0,0.3689479514352913,0.04704043447580854,0.0097230733369155,-0.645951764426035,0.09037079099376981,0.0905837541615004,0.44261660492545,0.45734236994190436,-0.3404293414688757,0.3365
2012,5376.0,2791,956.2,810700.8,1666.56,150.8,0.31,0.5191592261904762,0,0,1,0,0,0,0,0,0,0,0,0,0,0,0,0,1,0,0,0,0,0,0,0,0,0,0,0,0,0,0,0,0.3689479514352913,-0.44257933356900586,-0.3900037574424192,-0.645951764426035,-0.4039561642575374,-0.3822923961343364,0.44261660492545,0.45734236994190436,-0.21212229408794173,0.609090909
2012,621877.0,255340,1049.5,93779051.6,192781.87,150.79999999999998,0.31,0.41059566441595363,0,1,0,0,0,0,0,0,0,0,0,0,0,0,0,0,0,1,0,0,0,0,0,0,0,0,0,0,0,0,0,0,0.3689479514352913,2.6609686473007876,1.7736718193518495,-0.47704659027324753,2.7294292175991988,2.6151229805213667,0.4426166049254489,0.45734236994190436,-0.584777719501564,0.4268
2012,6608.0,3434,1049.5,996486.4,2048.48,150.8,0.31,0.5196731234866828,0,0,1,0,0,0,0,0,0,0,0,0,0,0,0,0,0,1,0,0,0,0,0,0,0,0,0,0,0,0,0,0,0.3689479514352913,-0.43637728180845464,-0.38449495164283687,-0.47704659027324753,-0.3976944861897849,-0.3763024370847326,0.44261660492545,0.45734236994190436,-0.21035828955081587,0.3575
2012,360300.0,213600,1003.4,54333240.0,111693.0,150.8,0.31,0.5928393005828476,0,1,0,0,0,0,0,0,0,0,0,0,0,0,0,0,0,0,1,0,0,0,0,0,0,0,0,0,0,0,0,0,0.3689479514352913,1.3441552598253772,1.416070646607579,-0.5605034876842176,1.3999560325922977,1.3433409039643638,0.44261660492545,0.45734236994190436,0.04079202650355659,0.5715625
2012,1450.0,1584,1176.7,218660.0,449.5,150.8,0.31,1.0924137931034483,0,1,0,0,0,0,0,0,0,0,0,0,0,0,0,0,0,0,0,1,0,0,0,0,0,0,0,0,0,0,0,0,0.3689479514352913,-0.46234333942284034,-0.40034454842235057,-0.24677072583343435,-0.42391018056759944,-0.4013805286252006,0.44261660492545,0.45734236994190436,1.7556320887955135,1.09
2012,310.0,310,1296.6,46748.0,96.1,150.8,0.31,1.0,0,1,0,0,0,0,0,0,0,0,0,0,0,0,0,0,0,0,0,0,0,1,0,0,0,0,0,0,0,0,0,0,0.3689479514352913,-0.4680822509545192,-0.4112593518261886,-0.029710378771063566,-0.4297042657926302,-0.40692318553798346,0.44261660492545,0.45734236994190436,1.4384123806343359,1.0
2012,730.0,580,1296.6,110084.0,226.3,150.8,0.31,0.7945205479452054,0,0,1,0,0,0,0,0,0,0,0,0,0,0,0,0,0,0,0,0,0,1,0,0,0,0,0,0,0,0,0,0,0.3689479514352913,-0.4659679151270586,-0.40894616743134066,-0.029710378771063566,-0.4275696028149873,-0.4048811540438003,0.44261660492545,0.45734236994190436,0.7330833423491581,0.789
2012,27091.0,7941,1430.2,4085322.8,8398.21,150.79999999999998,0.30999999999999994,0.2931231774390019,1,0,0,0,0,0,0,0,0,0,0,0,0,0,0,0,0,0,0,0,0,0,1,0,0,0,0,0,0,0,0,0,0.3689479514352913,-0.3332631371563681,-0.3458819069480974,0.21215169268458947,-0.2935890057825001,-0.27671450590532043,0.4426166049254489,0.45734236994190364,-0.9880139333217484,0.2775
2012,5021.0,1901,1430.2,757166.8,1556.51,150.8,0.31,0.37860983867755427,0,0,0,1,0,0,0,0,0,0,0,0,0,0,0,0,0,0,0,0,0,0,1,0,0,0,0,0,0,0,0,0,0.3689479514352913,-0.4443664507565024,-0.39762869859580685,0.21215169268458947,-0.4057604627267356,-0.384018398944896,0.44261660492545,0.45734236994190436,-0.6945723071414336,0.400555556
2012,79881.0,27544,1430.2,12046054.8,24763.11,150.8,0.31,0.3448129092024386,0,0,0,0,0,1,0,0,0,0,0,0,0,0,0,0,0,0,0,0,0,0,1,0,0,0,0,0,0,0,0,0,0.3689479514352913,-0.06751126017625553,-0.17793615253252634,0.21215169268458947,-0.025282199616383345,-0.020050595005492878,0.44261660492545,0.45734236994190436,-0.8105836918579867,0.336785714
2012,4.0,4,1098.3,603.2,1.24,150.8,0.31,1.0,0,1,0,0,0,0,0,0,0,0,0,0,0,0,0,0,0,0,0,0,0,0,0,1,0,0,0,0,0,0,0,0,0.3689479514352913,-0.469622695628812,-0.4138809608070163,-0.3887017617774703,-0.4312595202477701,-0.4084109513408883,0.44261660492545,0.45734236994190436,1.4384123806343359,1.0
2012,227.0,310,1098.3,34231.6,70.37,150.79999999999998,0.31,1.3656387665198237,0,0,1,0,0,0,0,0,0,0,0,0,0,0,0,0,0,0,0,0,0,0,0,1,0,0,0,0,0,0,0,0,0.3689479514352913,-0.4685000839870888,-0.4112593518261886,-0.3887017617774703,-0.4301261158572596,-0.407326729857072,0.4426166049254489,0.45734236994190436,2.693504493107138,0.995
2012,410.0,151,1098.3,61828.0,127.1,150.8,0.31,0.36829268292682926,0,0,0,1,0,0,0,0,0,0,0,0,0,0,0,0,0,0,0,0,0,0,0,1,0,0,0,0,0,0,0,0,0.3689479514352913,-0.4675788376622667,-0.41262156041426573,-0.3887017617774703,-0.42919601270271523,-0.406436987563178,0.44261660492545,0.45734236994190436,-0.7299869895864536,0.72
2012,2500.0,1200,338.9,377000.0,775.0,150.8,0.31,0.48,0,1,0,0,0,0,0,0,0,0,0,0,0,0,0,0,0,0,0,0,0,0,0,0,1,0,0,0,0,0,0,0,0.3689479514352913,-0.45705749985418875,-0.403634410672801,-1.7634776380006942,-0.4185735231234922,-0.39627544988974284,0.44261660492545,0.45734236994190436,-0.34654030558602056,0.486666667
2012,3270.0,2910,3006.9,493116.0,1013.7,150.8,0.31,0.8899082568807339,0,1,0,0,0,0,0,0,0,0,0,0,0,0,0,0,0,0,0,0,0,0,0,0,0,1,0,0,0,0,0,0,0.3689479514352913,-0.4531812175038442,-0.388984242838764,3.066522411727462,-0.4146599743311469,-0.3925317254837404,0.44261660492545,0.45734236994190436,1.0605113179200756,0.91
2012,208625.0,88706,706.8,31460650.0,64673.75,150.8,0.31,0.42519352905931695,0,1,0,0,0,0,0,0,0,0,0,0,0,0,0,0,0,0,0,0,0,0,0,0,0,0,1,0,0,0,0,0,0.3689479514352913,0.5806031488013467,0.3460600843478061,-1.0974517690745367,0.6290631584637555,0.60590012567811,0.44261660492545,0.45734236994190436,-0.5346690700626169,0.474666667
2012,827.0,512,1882.2,124711.6,256.37,150.8,0.31,0.619105199516324,0,1,0,0,0,0,0,0,0,0,0,0,0,0,0,0,0,0,0,0,0,0,0,0,0,0,0,0,1,0,0,0,0.3689479514352913,-0.46547960423357365,-0.40952874720485793,1.0304275631782651,-0.42707659731776976,-0.404409542008239,0.44261660492545,0.45734236994190436,0.1309523858445203,0.575
2012,554.0,371,1882.2,83543.2,171.74,150.79999999999998,0.31,0.6696750902527075,0,0,1,0,0,0,0,0,0,0,0,0,0,0,0,0,0,0,0,0,0,0,0,0,0,0,0,0,1,0,0,0,0.3689479514352913,-0.46685392252142305,-0.4107367434999452,1.0304275631782651,-0.4284641282532377,-0.405736862479458,0.4426166049254489,0.45734236994190436,0.30453865952101583,0.64
2012,524224.0,347341,746.3,79052979.2,162509.44,150.8,0.31,0.6625812629715542,0,1,0,0,0,0,0,0,0,0,0,0,0,0,0,0,0,0,0,0,0,0,0,0,0,0,0,0,0,1,0,0,0.3689479514352913,2.169370465017421,2.5618765508718697,-1.0259431476486514,2.233104827704526,2.140336072184544,0.44261660492545,0.45734236994190436,0.28018837863432744,0.656164384
2012,48188.0,33328,746.3,7266750.4,14938.28,150.8,0.31,0.6916244708226115,0,0,0,1,0,0,0,0,0,0,0,0,0,0,0,0,0,0,0,0,0,0,0,0,0,0,0,0,0,1,0,0,0.3689479514352913,-0.22705803488985107,-0.12838260238511712,-1.0259431476486514,-0.18636285140313721,-0.17414131916060244,0.44261660492545,0.45734236994190436,0.37988213223086753,0.728412698
2012,11770.0,9211,1309.8,1774916.0,3648.7,150.8,0.31,0.7825828377230246,0,1,0,0,0,0,0,0,0,0,0,0,0,0,0,0,0,0,0,0,0,0,0,0,0,0,0,0,0,0,1,0,0.3689479514352913,-0.41039108766237886,-0.3350013729427015,-0.005813826800894196,-0.37145846168837376,-0.35120489762527224,0.44261660492545,0.45734236994190436,0.6921059424868468,0.751538462
2012,114.0,58,1309.8,17191.2,35.34,150.8,0.31000000000000005,0.5087719298245614,0,0,0,1,0,0,0,0,0,0,0,0,0,0,0,0,0,0,0,0,0,0,0,0,0,0,0,0,0,0,1,0,0.3689479514352913,-0.4690689410073342,-0.4134183239280467,-0.005813826800894196,-0.4307004418488636,-0.40787613356860225,0.44261660492545,0.45734236994190514,-0.24777774130122338,0.6275
2012,50996.0,34295,1566.0,7690196.8,15808.76,150.79999999999998,0.31,0.6725037257824144,0,1,0,0,0,0,0,0,0,0,0,0,0,0,0,0,0,0,0,0,0,0,0,0,0,0,0,0,0,0,0,1,0.3689479514352913,-0.21292218964339993,-0.12009797531171726,0.45799652280193703,-0.17209110463832467,-0.1604888800280638,0.4426166049254489,0.45734236994190436,0.3142482375731091,0.51
2012,9251.0,7898,1566.0,1395050.8,2867.81,150.8,0.31,0.8537455410225921,0,0,1,0,0,0,0,0,0,0,0,0,0,0,0,0,0,0,0,0,0,0,0,0,0,0,0,0,0,0,0,1,0.3689479514352913,-0.4230720684942202,-0.34625030298135095,0.45799652280193703,-0.38426135702333203,-0.363452224610623,0.44261660492545,0.45734236994190436,0.9363791317431261,0.751111111
2013,14508.0,9901,1062.3,2096260.92,3917.16,144.48999999999998,0.26999999999999996,0.6824510614833196,0,1,0,0,0,0,1,0,0,0,0,0,0,0,0,0,0,0,0,0,0,0,0,0,0,0,0,0,0,0,0,0,0.5270994514633421,-0.39660763172050445,-0.32908990171142344,-0.45387417624156834,-0.3606279213356893,-0.3469944231634566,0.1940588432246702,-0.07301494547920892,0.34839347522708297,0.724615385
2013,250265.0,196803,1062.3,36160789.85,67571.55,144.49,0.27,0.7863784388548138,0,0,1,0,0,0,1,0,0,0,0,0,0,0,0,0,0,0,0,0,0,0,0,0,0,0,0,0,0,0,0,0,0.5270994514633421,0.7902244436953018,1.2721648751992054,-0.45387417624156834,0.7874756652140884,0.6513486576584778,0.19405884322467132,-0.07301494547920818,0.7051347279407087,0.759230769
2013,54001.0,31319,1797.7,7802604.49,14580.27,144.49,0.27,0.5799707412825689,0,0,1,0,0,0,0,0,1,0,0,0,0,0,0,0,0,0,0,0,0,0,0,0,0,0,0,0,0,0,0,0,0.5270994514633421,-0.19779462021121128,-0.1455944077527079,0.8774534236722571,-0.16830253993191185,-0.1797562784173805,0.19405884322467132,-0.07301494547920818,-0.00338060713263284,0.575925926
2013,15503.0,14142,1069.9,2240028.47,4185.81,144.49,0.27,0.912210539895504,0,1,0,0,0,0,0,0,0,1,0,0,0,0,0,0,0,0,0,0,0,0,0,0,0,0,0,0,0,0,0,0,0.5270994514633421,-0.39159866946259175,-0.29275577201308967,-0.4401155554102585,-0.35578241062501254,-0.34278096877856945,0.19405884322467132,-0.07301494547920818,1.1370661640278843,0.918387097
2013,93484.0,29013,1418.3,13507503.16,25240.68,144.49,0.27,0.3103525737024518,0,1,0,0,0,0,0,0,0,0,1,0,0,0,0,0,0,0,0,0,0,0,0,0,0,0,0,0,0,0,0,0,0.5270994514633421,0.0009680499688566442,-0.1653507159546314,0.19060858901451244,0.02397414287175832,-0.012560479946529451,0.19405884322467132,-0.07301494547920818,-0.9288722849709794,0.333333333
2013,3451.0,912,1418.3,498634.99,931.77,144.49,0.27,0.264271225731672,0,0,1,0,0,0,0,0,0,0,1,0,0,0,0,0,0,0,0,0,0,0,0,0,0,0,0,0,0,0,0,0,0.5270994514633421,-0.45227003944486716,-0.4061018073606388,0.19060858901451244,-0.41447396347433585,-0.3938166996797344,0.19405884322467132,-0.07301494547920818,-1.0870511808269379,0.281578947
2013,86413.0,52715,1006.5,12485814.37,23331.51,144.48999999999998,0.26999999999999996,0.6100355270619005,0,1,0,0,0,0,0,0,0,0,0,1,0,0,0,0,0,0,0,0,0,0,0,0,0,0,0,0,0,0,0,0,0.5270994514633421,-0.03462830392632002,0.03771260451457558,-0.5548914186609202,-0.010460637264116694,-0.04250353115812404,0.1940588432246702,-0.07301494547920892,0.09981981620863155,0.6348
2013,1253.0,801,1006.5,181045.97,338.31,144.49,0.27,0.6392657621707901,0,0,0,1,0,0,0,0,0,0,0,1,0,0,0,0,0,0,0,0,0,0,0,0,0,0,0,0,0,0,0,0,0.5270994514633421,-0.46333506360857785,-0.4070527831674096,-0.5548914186609202,-0.42517791577792136,-0.4031244109741885,0.19405884322467132,-0.07301494547920818,0.20015555981721844,0.58
2013,1600.0,600,452.2,231184.0,432.0,144.49,0.27,0.375,0,1,0,0,0,0,0,0,0,0,0,0,1,0,0,0,0,0,0,0,0,0,0,0,0,0,0,0,0,0,0,0,0.5270994514633421,-0.46158821948446155,-0.4087748204391297,-1.5583655669234078,-0.42348807435419794,-0.4016549952238812,0.19405884322467132,-0.07301494547920818,-0.7069634441497463,0.45
2013,7686.0,3339,1216.9,1110550.14,2075.22,144.48999999999998,0.26999999999999996,0.4344262295081967,0,1,0,0,0,0,0,0,0,0,0,0,0,1,0,0,0,0,0,0,0,0,0,0,0,0,0,0,0,0,0,0,0.5270994514633421,-0.43095048651797235,-0.38530884985583896,-0.17399486301519143,-0.3938501063288924,-0.3758830521219487,0.1940588432246702,-0.07301494547920892,-0.5029768903178172,0.54
2013,95294.0,45839,1235.6,13769030.06,25729.38,144.49,0.27,0.48102713707053957,0,1,0,0,0,0,0,0,0,0,0,0,0,0,0,0,1,0,0,0,0,0,0,0,0,0,0,0,0,0,0,0,0.5270994514633421,0.010079830558627507,-0.021196491407551976,-0.14014141439078526,0.032788589491180437,-0.004895804130805194,0.19405884322467132,-0.07301494547920818,-0.3430145535222203,0.403684211
2013,6843.0,3911,1235.6,988745.07,1847.61,144.48999999999998,0.26999999999999996,0.5715329533830191,0,0,1,0,0,0,0,0,0,0,0,0,0,0,0,0,1,0,0,0,0,0,0,0,0,0,0,0,0,0,0,0,0.5270994514633421,-0.4351942605716612,-0.3804083258786055,-0.14014141439078526,-0.3979553983179382,-0.3794528431234159,0.1940588432246702,-0.07301494547920892,-0.03234416901159232,0.566923077
2013,570864.0,207407,1451.4,82484139.36,154133.28,144.49,0.27,0.36332121135682055,0,1,0,0,0,0,0,0,0,0,0,0,0,0,0,0,0,1,0,0,0,0,0,0,0,0,0,0,0,0,0,0,0.5270994514633421,2.4041624245240025,1.3630130504694558,0.2505310034245584,2.3487479147942585,2.0089660067443216,0.19405884322467132,-0.07301494547920818,-0.7470520694582905,0.401960784
2013,10499.0,4366,1451.4,1517000.51,2834.73,144.49,0.27,0.4158491284884275,0,0,1,0,0,0,0,0,0,0,0,0,0,0,0,0,0,1,0,0,0,0,0,0,0,0,0,0,0,0,0,0,0.5270994514633421,-0.4167894706069086,-0.3765101818058062,0.2505310034245584,-0.3801511901187077,-0.3639710449011574,0.19405884322467132,-0.07301494547920818,-0.5667446717936326,0.378888889
2013,334400.0,206440,1409.8,48317456.0,90288.0,144.49,0.27,0.6173444976076555,0,1,0,0,0,0,0,0,0,0,0,0,0,0,0,0,0,0,1,0,0,0,0,0,0,0,0,0,0,0,0,0,0.5270994514633421,1.213771217131971,1.3547284233960557,0.1752206578216004,1.1972013372168944,1.0076290442639801,0.19405884322467132,-0.07301494547920818,0.12490859814930654,0.555483871
2013,1460.0,1643,1428.8,210955.4,394.2,144.49,0.27,1.1253424657534246,0,1,0,0,0,0,0,0,0,0,0,0,0,0,0,0,0,0,0,1,0,0,0,0,0,0,0,0,0,0,0,0,0.5270994514633421,-0.46229299809361507,-0.3998390747953282,0.20961720989987437,-0.4241698547557002,-0.4022478430770311,0.19405884322467132,-0.07301494547920818,1.868663093988294,1.122222222
2013,760.0,610,1350.9,109812.4,205.2,144.48999999999998,0.26999999999999996,0.8026315789473685,0,0,1,0,0,0,0,0,0,0,0,0,0,0,0,0,0,0,0,0,0,1,0,0,0,0,0,0,0,0,0,0,0.5270994514633421,-0.46581689113938285,-0.4086891469430243,0.06859134637895133,-0.4275787567632115,-0.40521208234278083,0.1940588432246702,-0.07301494547920892,0.7609252780709417,0.803
2013,27587.0,8298,1632.4,3986045.63,7448.49,144.49,0.27,0.3007938521767499,1,0,0,0,0,0,0,0,0,0,0,0,0,0,0,0,0,0,0,0,0,0,1,0,0,0,0,0,0,0,0,0,0.5270994514633421,-0.33076620722679556,-0.34282336313713174,0.5782034205912736,-0.2969350222553458,-0.2916097297966845,0.19405884322467132,-0.07301494547920818,-0.9616835650943139,0.253888889
2013,3008.0,1344,1632.4,434625.92,812.16,144.48999999999998,0.26999999999999996,0.44680851063829785,0,0,0,1,0,0,0,0,0,0,0,0,0,0,0,0,0,0,0,0,0,0,1,0,0,0,0,0,0,0,0,0,0.5270994514633421,-0.4545001603295459,-0.4024007123288821,0.5782034205912736,-0.41663131145908944,-0.39569263967220175,0.1940588432246702,-0.07301494547920892,-0.46047345577029863,0.383125
2013,54210.0,16697,1632.4,7832802.9,14636.7,144.49,0.27,0.30800590296993174,0,0,0,0,0,1,0,0,0,0,0,0,0,0,0,0,0,0,0,0,0,0,1,0,0,0,0,0,0,0,0,0,0.5270994514633421,-0.19674248643040348,-0.2708661937581397,0.5782034205912736,-0.16728473918966918,-0.1788712412651781,0.19405884322467132,-0.07301494547920818,-0.9369274700242224,0.322758621
2013,3.0,2,1083.2,433.47,0.81,144.49,0.27,0.6666666666666666,0,1,0,0,0,0,0,0,0,0,0,0,0,0,0,0,0,0,0,0,0,0,0,1,0,0,0,0,0,0,0,0,0.5270994514633421,-0.4696277297617345,-0.4138980955062374,-0.4160379689554668,-0.43126524079133444,-0.408417695377313,0.19405884322467132,-0.07301494547920818,0.2942119407494919,0.67
2013,132.0,138,1083.2,19072.68,35.64,144.49,0.27,1.0454545454545454,0,0,1,0,0,0,0,0,0,0,0,0,0,0,0,0,0,0,0,0,0,0,0,1,0,0,0,0,0,0,0,0,0.5270994514633421,-0.4689783266147287,-0.41273293595920285,-0.4160379689554668,-0.43063702884995025,-0.4078714284269106,0.19405884322467132,-0.07301494547920818,1.5944397133459054,0.82
2013,476.0,128,1083.2,68777.24,128.52,144.49,0.27,0.2689075630252101,0,0,0,1,0,0,0,0,0,0,0,0,0,0,0,0,0,0,0,0,0,0,0,1,0,0,0,0,0,0,0,0,0.5270994514633421,-0.46724658488938003,-0.41281860945530835,-0.4160379689554668,-0.4289617970062589,-0.4064147165591707,0.19405884322467132,-0.07301494547920818,-1.0711364833147754,0.615
2013,2200.0,1050,586.6,317878.0,594.0,144.49,0.27,0.4772727272727273,0,1,0,0,0,0,0,0,0,0,0,0,0,0,0,0,0,0,0,0,0,0,0,0,1,0,0,0,0,0,0,0,0.5270994514633421,-0.45856773973094633,-0.4049195131143832,-1.315055219590775,-0.4205661583477597,-0.39911421871038144,0.19405884322467132,-0.07301494547920818,-0.3559019455487146,0.464
2013,3280.0,2954,2567.6,473927.2,885.6,144.49,0.27,0.900609756097561,0,1,0,0,0,0,0,0,0,0,0,0,0,0,0,0,0,0,0,0,0,0,0,0,0,1,0,0,0,0,0,0,0.5270994514633421,-0.45313087617461895,-0.3886072794558999,2.271237920780843,-0.4153067095361708,-0.3945408209860819,0.19405884322467132,-0.07301494547920818,1.0972452982540382,0.92
2013,69872.0,58712,740.9,10095805.28,18865.44,144.48999999999998,0.26999999999999996,0.8402793679871765,0,1,0,0,0,0,0,0,0,0,0,0,0,0,0,0,0,0,0,0,0,0,0,0,0,0,1,0,0,0,0,0,0.5270994514633421,-0.11789789659781165,0.08909100012903151,-1.0357190098182658,-0.09101299170160898,-0.11254850500778964,0.1940588432246702,-0.07301494547920892,0.8901551284110621,0.824827586
2013,295256.0,251946,740.9,42661539.44,79719.12,144.48999999999998,0.26999999999999996,0.8533137345219064,0,0,1,0,0,0,0,0,0,0,0,0,0,0,0,0,0,0,0,0,0,0,0,0,0,0,1,0,0,0,0,0,0.5270994514633421,1.0167151180126393,1.7445942347736498,-1.0357190098182658,1.0065755369568616,0.8418687845232565,0.1940588432246702,-0.07301494547920892,0.9348969121790369,0.788
2013,32090.0,26377,1348.7,4636684.1,8664.3,144.48999999999998,0.26999999999999996,0.8219694608912433,0,1,0,0,0,0,0,0,0,0,0,0,0,0,0,0,0,0,0,0,0,0,0,0,0,0,0,1,0,0,0,0,0.5270994514633421,-0.30809750667666397,-0.18793424952803575,0.06460858771725637,-0.27500604262702666,-0.2725412020628689,0.1940588432246702,-0.07301494547920892,0.8273045171508101,0.83125
2013,9473.0,9028,1348.7,1368753.77,2557.71,144.49,0.27,0.9530243850944791,0,0,1,0,0,0,0,0,0,0,0,0,0,0,0,0,0,0,0,0,0,0,0,0,0,0,0,1,0,0,0,0,0.5270994514633421,-0.42195449098541954,-0.3365691979214318,0.06460858771725637,-0.38514766648971716,-0.368315772739242,0.19405884322467132,-0.07301494547920818,1.2771638229180617,0.912857143
2013,1324.0,817,2043.5,191304.76,357.48,144.49,0.27,0.6170694864048338,0,1,0,0,0,0,0,0,0,0,0,0,0,0,0,0,0,0,0,0,0,0,0,0,0,0,0,0,1,0,0,0,0.5270994514633421,-0.4629776401710785,-0.4069157055736408,1.3224361868743488,-0.42483215571715954,-0.40282375242009105,0.19405884322467132,-0.07301494547920818,0.123964594331581,0.5875
2013,380.0,295,2043.5,54906.2,102.6,144.48999999999998,0.26999999999999996,0.7763157894736842,0,0,1,0,0,0,0,0,0,0,0,0,0,0,0,0,0,0,0,0,0,0,0,0,0,0,0,0,1,0,0,0,0.5270994514633421,-0.46772986164994246,-0.41138786207034683,1.3224361868743488,-0.4294293035672891,-0.4068212408013307,0.1940588432246702,-0.07301494547920892,0.6705936643958222,0.782857143
2013,496901.0,221673,995.2,71797225.49,134163.27,144.48999999999998,0.26999999999999996,0.4461109959529162,0,1,0,0,0,0,0,0,0,0,0,0,0,0,0,0,0,0,0,0,0,0,0,0,0,0,0,0,0,1,0,0,0.5270994514633421,2.031822851175261,1.4852348600135323,-0.575348315423262,1.9885584588206022,1.6957602512976848,0.1940588432246702,-0.07301494547920892,-0.46286774559981814,0.506891892
2013,45092.0,26112,995.2,6515343.08,12174.84,144.49,0.27,0.5790827641266744,0,0,0,1,0,0,0,0,0,0,0,0,0,0,0,0,0,0,0,0,0,0,0,0,0,0,0,0,0,1,0,0,0.5270994514633421,-0.24264371041798952,-0.19020459717483096,-0.575348315423262,-0.2116881227675094,-0.2174825750153293,0.19405884322467132,-0.07301494547920818,-0.006428678689779392,0.615873016
2013,11132.0,8839,1735.4,1608462.68,3005.64,144.48999999999998,0.26999999999999996,0.7940172475745598,0,1,0,0,0,0,0,0,0,0,0,0,0,0,0,0,0,0,0,0,0,0,0,0,0,0,0,0,0,0,1,0,0.5270994514633421,-0.41360286446695,-0.33818842699782536,0.7646689397524431,-0.37706856873191535,-0.36129052567941516,0.1940588432246702,-0.07301494547920892,0.7313557128326973,0.793076923
2013,66.0,27,1735.4,9536.34,17.82,144.49,0.27,0.4090909090909091,0,0,0,1,0,0,0,0,0,0,0,0,0,0,0,0,0,0,0,0,0,0,0,0,0,0,0,0,0,0,1,0,0.5270994514633421,-0.4693105793876154,-0.4136839117659737,0.7646689397524431,-0.43095843961065844,-0.4081509138433955,0.19405884322467132,-0.07301494547920818,-0.589942944616069,0.41
2013,60427.0,40267,1939.9,8731097.23,16315.29,144.49,0.27,0.6663743028778526,0,1,0,0,0,0,0,0,0,0,0,0,0,0,0,0,0,0,0,0,0,0,0,0,0,0,0,0,0,0,0,1,0.5270994514633421,-0.16544528205106346,-0.06893376343752504,1.1348844608054445,-0.137008819502958,-0.15254456195779817,0.19405884322467132,-0.07301494547920818,0.2932083724221897,0.575
2013,9625.0,8543,1939.9,1390716.25,2598.75,144.49,0.27,0.8875844155844156,0,0,1,0,0,0,0,0,0,0,0,0,0,0,0,0,0,0,0,0,0,0,0,0,0,0,0,0,0,0,0,1,0.5270994514633421,-0.4211893027811957,-0.3407243624825475,1.1348844608054445,-0.3844074477680861,-0.367672109355822,0.19405884322467132,-0.07301494547920818,1.0525344972196655,0.69375
2014,19424.0,20949,687.6,2932247.04,6409.92,150.96,0.33,1.0785111202635915,0,1,0,0,0,0,1,0,0,0,0,0,0,0,0,0,0,0,0,0,0,0,0,0,0,0,0,0,0,0,0,0,0.685250951491393,-0.37185983427336994,-0.23443782321408993,-1.1322103901220555,-0.33245202421261016,-0.3078984598190637,0.4489191789146931,0.7225210276524611,1.707909755658696,1.113076923
2014,296414.0,277700,687.6,44746657.44,97816.62,150.95999999999998,0.32999999999999996,0.9368653302475591,0,0,1,0,0,0,1,0,0,0,0,0,0,0,0,0,0,0,0,0,0,0,0,0,0,0,0,0,0,0,0,0,0.685250951491393,1.0225446439369235,1.9652377566437012,-1.1322103901220555,1.076851907403635,1.1257064570730202,0.44891917891469196,0.7225210276524603,1.2216962299261545,0.948461538
2014,52830.0,34237,1899.0,7975216.8,17433.9,150.96,0.33,0.6480598144993375,0,0,1,0,0,0,0,0,1,0,0,0,0,0,0,0,0,0,0,0,0,0,0,0,0,0,0,0,0,0,0,0,0.685250951491393,-0.20368958986348845,-0.12059488158912904,1.060841356594844,-0.16248485160864515,-0.1350005001320824,0.4489191789146931,0.7225210276524611,0.2303420354453011,0.634444444
2014,15725.0,14355,1061.0,2373846.0,5189.25,150.96,0.33,0.9128775834658187,0,1,0,0,0,0,0,0,0,1,0,0,0,0,0,0,0,0,0,0,0,0,0,0,0,0,0,0,0,0,0,0,0.685250951491393,-0.39048109195379116,-0.29093092654604297,-0.45622762454166066,-0.3512722532571551,-0.32704321084828436,0.4489191789146931,0.7225210276524611,1.1393558586676136,0.917407407
2014,92613.0,29233,1274.7,13980858.48,30562.29,150.96,0.33,0.315646831438351,0,1,0,0,0,0,0,0,0,0,1,0,0,0,0,0,0,0,0,0,0,0,0,0,0,0,0,0,0,0,0,0,0.685250951491393,-0.0034166798066629254,-0.1634658990403109,-0.06935693090338964,0.03992800918592895,0.07090261697942984,0.4489191789146931,0.7225210276524611,-0.9106992088801406,0.335555556
2014,3256.0,863,1274.7,491525.76,1074.48,150.96,0.33,0.26504914004914004,0,0,1,0,0,0,0,0,0,0,1,0,0,0,0,0,0,0,0,0,0,0,0,0,0,0,0,0,0,0,0,0,0.685250951491393,-0.45325169536475957,-0.40652160749155564,-0.06935693090338964,-0.41471357143948284,-0.39157846377700883,0.4489191789146931,0.7225210276524611,-1.0843809111142189,0.272380952
2014,67835.0,47654,605.6,10240371.6,22385.55,150.96,0.33,0.7024987101054028,0,1,0,0,0,0,0,0,0,0,0,1,0,0,0,0,0,0,0,0,0,0,0,0,0,0,0,0,0,0,0,0,0.685250951491393,-0.12815242536099575,-0.005646751864407484,-1.2806586675125011,-0.08614055941794602,-0.057339783940285896,0.4489191789146931,0.7225210276524611,0.4172090603432161,0.735625
2014,1351.0,877,605.6,203946.96,445.83,150.96,0.33,0.6491487786824575,0,0,0,1,0,0,0,0,0,0,0,1,0,0,0,0,0,0,0,0,0,0,0,0,0,0,0,0,0,0,0,0,0.685250951491393,-0.4628417185821703,-0.40640166459700794,-1.2806586675125011,-0.424406065716276,-0.40143808819189536,0.4489191789146931,0.7225210276524611,0.2340800153373353,0.715
2014,1300.0,500,301.3,196248.0,429.0,150.96,0.33,0.38461538461538464,0,1,0,0,0,0,0,0,0,0,0,0,1,0,0,0,0,0,0,0,0,0,0,0,0,0,0,0,0,0,0,0,0.685250951491393,-0.46309845936121913,-0.40963155540018453,-1.8315466042187523,-0.4246655498150248,-0.40170204664079784,0.4489191789146931,0.7225210276524611,-0.6739576622299911,0.358
2014,7342.0,3396,1019.9,1108348.32,2422.86,150.96,0.33,0.462544265867611,0,1,0,0,0,0,0,0,0,0,0,0,0,1,0,0,0,0,0,0,0,0,0,0,0,0,0,0,0,0,0,0,0.685250951491393,-0.43268222824332103,-0.3848205109280377,-0.530632797721506,-0.39392431599855005,-0.37043073392964593,0.4489191789146931,0.7225210276524611,-0.40645888160439764,0.453636364
2014,13063.0,4321,1278.4,1971990.48,4310.79,150.96,0.33,0.3307815968766746,0,1,0,0,0,0,0,0,0,0,0,0,0,0,1,0,0,0,0,0,0,0,0,0,0,0,0,0,0,0,0,0,0.685250951491393,-0.40388195379355357,-0.37689571253828086,-0.06265865497235726,-0.3648163056271412,-0.34082080674982135,0.4489191789146931,0.7225210276524611,-0.8587475930638893,0.304
2014,63176.0,17572,1238.5,9537048.96,20848.08,150.96,0.33,0.2781435988350006,0,1,0,0,0,0,0,0,0,0,0,0,0,0,0,0,1,0,0,0,0,0,0,0,0,0,0,0,0,0,0,0,0.685250951491393,-0.1516064506470413,-0.2633697628489103,-0.13489141433673277,-0.10984519502717405,-0.08145316459590599,0.4489191789146931,0.7225210276524611,-1.0394328546057119,0.281428571
2014,7093.0,3230,1238.5,1070759.28,2340.69,150.96,0.33,0.4553785422247286,0,0,1,0,0,0,0,0,0,0,0,0,0,0,0,0,1,0,0,0,0,0,0,0,0,0,0,0,0,0,0,0,0.685250951491393,-0.43393572734102986,-0.38624269096338865,-0.13489141433673277,-0.39519120895126475,-0.3717194722389933,0.4489191789146931,0.7225210276524611,-0.43105595403723534,0.423636364
2014,841000.0,427000,891.2,126957360.0,277530.0,150.96,0.33,0.5077288941736029,0,1,0,0,0,0,0,0,0,0,0,0,0,0,0,0,0,1,0,0,0,0,0,0,0,0,0,0,0,0,0,0,0.685250951491393,3.764062955683307,3.244343053498507,-0.7636241794306564,3.847663817231298,3.9442961797005247,0.4489191789146931,0.7225210276524611,-0.2513580668531504,0.5156
2014,276500.0,92300,1001.6,41740440.0,91245.0,150.96,0.33,0.33381555153707054,0,1,0,0,0,0,0,0,0,0,0,0,0,0,0,0,0,0,1,0,0,0,0,0,0,0,0,0,0,0,0,0,0.685250951491393,0.922294920917754,0.37685113884811533,-0.5637621084074225,0.975530998727488,1.0226384462603955,0.4489191789146931,0.7225210276524611,-0.8483332362928421,0.408787879
2014,1421.0,1683,987.5,214514.16,468.93,150.96,0.33,1.1843771991555243,0,1,0,0,0,0,0,0,0,0,0,0,0,0,0,0,0,0,0,1,0,0,0,0,0,0,0,0,0,0,0,0,0.685250951491393,-0.46248932927759356,-0.3994963808109063,-0.5892879707391943,-0.42404991107093454,-0.4010757922816371,0.4489191789146931,0.7225210276524611,2.0713057977697953,1.196666667
2014,790.0,640,1333.3,119258.4,260.7,150.95999999999998,0.32999999999999996,0.810126582278481,0,1,0,0,0,0,0,0,0,0,0,0,0,0,0,0,0,0,0,0,0,1,0,0,0,0,0,0,0,0,0,0,0.685250951491393,-0.46566586715170705,-0.40843212645470783,0.03672927708539203,-0.42726039080251277,-0.4043416311298226,0.44891917891469196,0.7225210276524603,0.7866526363961337,0.820909091
2014,22843.0,5978,1536.9,3448379.28,7538.19,150.95999999999998,0.32999999999999996,0.2616994265201594,1,0,0,0,0,0,0,0,0,0,0,0,0,0,0,0,0,0,0,0,0,0,1,0,0,0,0,0,0,0,0,0,0.685250951491393,-0.35464813381125576,-0.362699614233603,0.4053154877767913,-0.3150564137494313,-0.2902028924308763,0.44891917891469196,0.7225210276524603,-1.0958791421942624,0.285
2014,2800.0,1120,1536.9,422688.0,924.0,150.96,0.33,0.4,0,0,0,1,0,0,0,0,0,0,0,0,0,0,0,0,0,0,0,0,0,0,1,0,0,0,0,0,0,0,0,0,0.685250951491393,-0.4555472599774311,-0.4043197986416448,0.4053154877767913,-0.41703366455770735,-0.3939385628495486,0.4489191789146931,0.7225210276524611,-0.6211484111583829,0.402777778
2014,56121.0,20452,1536.9,8472026.16,18519.93,150.96,0.33,0.36442686338447283,0,0,0,0,0,1,0,0,0,0,0,0,0,0,0,0,0,0,0,0,0,0,1,0,0,0,0,0,0,0,0,0,0.685250951491393,-0.18712225841545757,-0.23869579597053225,0.4053154877767913,-0.14574049535409062,-0.11796741669408159,0.4489191789146931,0.7225210276524611,-0.7432568068490926,0.351034483
2014,9.0,7,1330.0,1358.64,2.97,150.96,0.33,0.7777777777777778,0,1,0,0,0,0,0,0,0,0,0,0,0,0,0,0,0,0,0,0,0,0,0,1,0,0,0,0,0,0,0,0,0.685250951491393,-0.4695975249641994,-0.41385525875818463,0.030755139092849795,-0.4312340590598227,-0.408383818357133,0.4489191789146931,0.7225210276524611,0.6756120873777735,0.78
2014,171.0,174,1330.0,25814.16,56.43,150.96,0.33,1.0175438596491229,0,0,1,0,0,0,0,0,0,0,0,0,0,0,0,0,0,0,0,0,0,0,0,1,0,0,0,0,0,0,0,0,0.685250951491393,-0.4687819954307503,-0.41242451137322317,0.030755139092849795,-0.43040981545203244,-0.4075453621076781,0.4489191789146931,0.7225210276524611,1.498633456417749,1.01
2014,592.0,211,1330.0,89368.32,195.36,150.96,0.33,0.3564189189189189,0,0,0,1,0,0,0,0,0,0,0,0,0,0,0,0,0,0,0,0,0,0,0,1,0,0,0,0,0,0,0,0,0.685250951491393,-0.4666626254703671,-0.41210751943763285,0.030755139092849795,-0.42826779965647865,-0.4053664109902675,0.4489191789146931,0.7225210276524611,-0.7707448875892731,0.66
2014,2200.0,1210,382.7,332112.0,726.0,150.96,0.33,0.55,0,1,0,0,0,0,0,0,0,0,0,0,0,0,0,0,0,0,0,0,0,0,0,0,1,0,0,0,0,0,0,0,0.685250951491393,-0.45856773973094633,-0.4035487371766955,-1.6841845337360415,-0.42008641866063434,-0.3970439563660483,0.4489191789146931,0.7225210276524611,-0.10625821321020314,0.523333333
2014,3230.0,2914,2627.0,487600.8,1065.9,150.96,0.33,0.9021671826625387,0,1,0,0,0,0,0,0,0,0,0,0,0,0,0,0,0,0,0,0,0,0,0,0,0,1,0,0,0,0,0,0,0.685250951491393,-0.45338258282074523,-0.38894997344032184,2.3787724046466048,-0.41484585745060965,-0.39171303082939046,0.4489191789146931,0.7225210276524611,1.1025913227362456,0.92
2014,61525.0,50094,911.3,9287814.0,20303.25,150.96,0.33,0.8142056074766355,0,1,0,0,0,0,0,0,0,0,0,0,0,0,0,0,0,0,0,0,0,0,0,0,0,0,1,0,0,0,0,0,0.685250951491393,-0.15991780410213063,0.015257581185329463,-0.7272362480215352,-0.11824535673372819,-0.089998172422141,0.4489191789146931,0.7225210276524611,0.800654303674223,0.825357143
2014,312257.0,308801,911.3,47138316.72,103044.81,150.96,0.33,0.9889321936738007,0,0,1,0,0,0,0,0,0,0,0,0,0,0,0,0,0,0,0,0,0,0,0,0,0,0,1,0,0,0,0,0,0.685250951491393,1.1023004118284925,2.2316908968813522,-0.7272362480215352,1.157459879491422,1.2077043728761947,0.4489191789146931,0.7225210276524611,1.4004210140333435,0.946
2014,19851.0,13022,746.4,2996706.96,6550.83,150.96,0.33,0.6559871039242355,0,1,0,0,0,0,0,0,0,0,0,0,0,0,0,0,0,0,0,0,0,0,0,0,0,0,0,1,0,0,0,0,0.685250951491393,-0.3697102595154516,-0.30235120357690337,-1.0257621131640287,-0.3302794808760272,-0.30568845476648815,0.4489191789146931,0.7225210276524611,0.2575532595864896,0.66875
2014,8164.0,3316,746.4,1232437.44,2694.12,150.95999999999998,0.32999999999999996,0.4061734443900049,0,0,1,0,0,0,0,0,0,0,0,0,0,0,0,0,0,0,0,0,0,0,0,0,0,0,0,1,0,0,0,0,0.685250951491393,-0.4285441709810052,-0.3855058988968815,-1.0257621131640287,-0.38974204287754005,-0.36617634481204137,0.44891917891469196,0.7225210276524603,-0.5999574377984384,0.41
2014,889.0,520,2015.7,134203.44,293.37,150.96,0.33,0.5849268841394826,0,1,0,0,0,0,0,0,0,0,0,0,0,0,0,0,0,0,0,0,0,0,0,0,0,0,0,0,1,0,0,0,0.685250951491393,-0.46516748799237706,-0.40946020840797354,1.2721086001492954,-0.4267566863755298,-0.4038292411996002,0.4489191789146931,0.7225210276524611,0.013631855378405519,0.5725
2014,436.0,325,2015.7,65818.56,143.88,150.96,0.33,0.7454128440366973,0,0,1,0,0,0,0,0,0,0,0,0,0,0,0,0,0,0,0,0,0,0,0,0,0,0,0,0,1,0,0,0,0.685250951491393,-0.46744795020628105,-0.4111308415820304,1.2721086001492954,-0.4290615157232397,-0.4061738133045574,0.4489191789146931,0.7225210276524611,0.5645161731076089,0.705
2014,519466.0,278369,616.4,78418587.36,171423.78,150.96,0.33,0.5358753027147108,0,1,0,0,0,0,0,0,0,0,0,0,0,0,0,0,0,0,0,0,0,0,0,0,0,0,0,0,0,1,0,0,0.685250951491393,2.145418060572045,1.9709693135331579,-1.2611069431732718,2.2117234210137533,2.280146848143503,0.4489191789146931,0.7225210276524611,-0.15474266775140763,0.574594595
2014,43663.0,23591,616.4,6591366.48,14408.79,150.96,0.33,0.5402972768705769,0,0,0,1,0,0,0,0,0,0,0,0,0,0,0,0,0,0,0,0,0,0,0,0,0,0,0,0,0,1,0,0,0.685250951491393,-0.24983748636427824,-0.2118028855430223,-1.2611069431732718,-0.20912584637786466,-0.1824457374083369,0.4489191789146931,0.7225210276524611,-0.13956379342850345,0.575454545
2014,12610.0,9538,1287.4,1903605.6,4161.3,150.96,0.33,0.7563838223632038,0,1,0,0,0,0,0,0,0,0,0,0,0,0,0,0,0,0,0,0,0,0,0,0,0,0,0,0,0,0,1,0,0.685250951491393,-0.40616241600745756,-0.33219984962005233,-0.04636555135633274,-0.36712113497485105,-0.3431653788547786,0.4489191789146931,0.7225210276524611,0.6021751677890764,0.75
2014,57.0,32,1287.4,8604.72,18.81,150.95999999999998,0.32999999999999996,0.5614035087719298,0,0,0,1,0,0,0,0,0,0,0,0,0,0,0,0,0,0,0,0,0,0,0,0,0,0,0,0,0,0,1,0,0.685250951491393,-0.46935588658391814,-0.41364107501792097,-0.04636555135633274,-0.4309898387315885,-0.408135386875813,0.44891917891469196,0.7225210276524603,-0.06711451395098506,0.58
2014,61669.0,42332,1483.5,9309552.24,20350.77,150.96,0.33,0.6864388915014027,0,1,0,0,0,0,0,0,0,0,0,0,0,0,0,0,0,0,0,0,0,0,0,0,0,0,0,0,0,0,0,1,0.685250951491393,-0.159192888961287,-0.05124218649174356,0.308643072988379,-0.1175126957490257,-0.08925287797818107,0.4489191789146931,0.7225210276524611,0.36208210580971306,0.57
2014,10038.0,9433,1483.5,1515336.48,3312.54,150.96,0.33,0.9397290296871886,0,0,1,0,0,0,0,0,0,0,0,0,0,0,0,0,0,0,0,0,0,0,0,0,0,0,0,0,0,0,0,1,0.685250951491393,-0.41911020588419273,-0.3330994213291599,0.308643072988379,-0.3802072742293981,-0.35647716572884064,0.4489191789146931,0.7225210276524611,1.2315261684017205,0.890909091
2015,44016.0,30921,940.7,6950566.56,14525.28,157.91,0.33,0.7024945474372956,0,1,0,0,0,0,1,0,0,0,0,0,0,0,0,0,0,0,0,0,0,0,0,0,0,0,0,0,0,0,0,0,0.8434024515194439,-0.2480604374426268,-0.149004212897706,-0.6740121095425216,-0.19701944382098757,-0.18061873088946293,0.722687236572444,0.7225210276524611,0.417194771563178,0.786153846
2015,411586.0,379722,940.7,64993545.26,135823.38,157.91,0.33,0.9225824007619307,0,0,1,0,0,0,1,0,0,0,0,0,0,0,0,0,0,0,0,0,0,0,0,0,0,0,0,0,0,0,0,0,0.8434024515194439,1.6023358008900117,2.839295898611022,-0.6740121095425216,1.759248677673988,1.7217970938768583,0.722687236572444,0.7225210276524611,1.1726686273252536,0.8
2015,51579.0,33941,2155.3,8144839.89,17021.07,157.91,0.33,0.658039124449873,0,0,1,0,0,0,0,0,1,0,0,0,0,0,0,0,0,0,0,0,0,0,0,0,0,0,0,0,0,0,0,0,0.8434024515194439,-0.20998729014956766,-0.12313081707385123,1.5248327406822981,-0.15676791131597764,-0.14147524561398428,0.722687236572444,0.7225210276524611,0.26459702795075096,0.667777778
2015,13651.0,12048,874.0,2155629.41,4504.83,157.91000000000003,0.33,0.8825727052963153,0,1,0,0,0,0,0,0,0,1,0,0,0,0,0,0,0,0,0,0,0,0,0,0,0,0,0,0,0,0,0,0,0.8434024515194439,-0.40092188363510867,-0.310695802097577,-0.7947621107857256,-0.3586269784652592,-0.33777752110365167,0.7226872365724452,0.7225210276524611,1.0353312938710062,0.906785714
2015,93650.0,28058,1136.0,14788271.5,30904.5,157.91,0.33,0.2996049119060331,0,1,0,0,0,0,0,0,0,0,1,0,0,0,0,0,0,0,0,0,0,0,0,0,0,0,0,0,0,0,0,0,0.8434024515194439,0.0018037160339958503,-0.1735325348327047,-0.32045176107478973,0.06714088466686949,0.07626977210711347,0.722687236572444,0.7225210276524611,-0.9657647230365668,0.322962963
2015,3301.0,848,1136.0,521260.91,1089.33,157.91,0.32999999999999996,0.25689185095425626,0,0,1,0,0,0,0,0,0,0,1,0,0,0,0,0,0,0,0,0,0,0,0,0,0,0,0,0,0,0,0,0,0.8434024515194439,-0.45302515938324595,-0.40665011773571386,-0.32045176107478973,-0.41371138431305143,-0.3913455592632714,0.722687236572444,0.7225210276524603,-1.1123816324261204,0.263809524
2015,65221.0,38989,584.3,10299048.11,21522.93,157.91,0.33,0.5977982551632143,0,1,0,0,0,0,0,0,0,0,0,1,0,0,0,0,0,0,0,0,0,0,0,0,0,0,0,0,0,0,0,0,0.8434024515194439,-0.141311648820477,-0.07988283623980529,-1.3192190127370924,-0.0841629388932161,-0.07086894836050288,0.722687236572444,0.7225210276524611,0.05781414054023006,0.6328125
2015,2852.0,2016,584.3,450359.32,941.16,157.91,0.33,0.7068723702664796,0,0,0,1,0,0,0,0,0,0,0,1,0,0,0,0,0,0,0,0,0,0,0,0,0,0,0,0,0,0,0,0,0.8434024515194439,-0.4552854850654598,-0.39664345339059387,-1.3192190127370924,-0.4161010363155305,-0.3936694287447853,0.722687236572444,0.7225210276524611,0.43222209198384903,0.733333333
2015,1600.0,560,426.8,252656.0,528.0,157.91,0.33,0.35,0,1,0,0,0,0,0,0,0,0,0,0,1,0,0,0,0,0,0,0,0,0,0,0,0,0,0,0,0,0,0,0,0.8434024515194439,-0.46158821948446155,-0.40911751442355165,-1.6043483260175215,-0.42276438666542776,-0.400149349882548,0.722687236572444,0.7225210276524611,-0.7927784771411097,0.365
2015,6922.0,3327,1223.2,1093053.02,2284.26,157.91,0.33,0.4806414331118174,0,1,0,0,0,0,0,0,0,0,0,0,0,1,0,0,0,0,0,0,0,0,0,0,0,0,0,0,0,0,0,0,0.8434024515194439,-0.4347965640707817,-0.3854116580511655,-0.16258969048397434,-0.3944398255135485,-0.3726045093911957,0.722687236572444,0.7225210276524611,-0.344338521439926,0.579090909
2015,6457.0,2180,1572.6,1019624.87,2130.81,157.91,0.33,0.33761808889577205,0,1,0,0,0,0,0,0,0,0,0,0,0,0,1,0,0,0,0,0,0,0,0,0,0,0,0,0,0,0,0,0,0.8434024515194439,-0.43713743587975595,-0.395238408054464,0.4699447987870215,-0.396914632153087,-0.375011189366483,0.722687236572444,0.7225210276524611,-0.8352806415373276,0.403333333
2015,18.0,9,1572.6,2842.38,5.94,157.91,0.33,0.5,0,0,1,0,0,0,0,0,0,0,0,0,0,0,1,0,0,0,0,0,0,0,0,0,0,0,0,0,0,0,0,0,0.8434024515194439,-0.46955221776789663,-0.41383812405896353,0.4699447987870215,-0.4311840514046748,-0.40833723745438555,0.722687236572444,0.7225210276524611,-0.27788827919292985,0.465
2015,43173.0,22469,1085.6,6817448.43,14247.09,157.91,0.33,0.5204410163759757,1,0,0,0,0,0,0,0,0,0,0,0,0,0,0,1,0,0,0,0,0,0,0,0,0,0,0,0,0,0,0,0,0.8434024515194439,-0.25230421149631566,-0.22141545180605707,-0.41169314132452717,-0.2015060287610541,-0.184981808780145,0.722687236572444,0.7225210276524611,-0.2077224194056757,1.472352941
2015,82234.0,20640,1024.9,12985570.94,27137.22,157.91,0.33,0.2509910742515261,0,1,0,0,0,0,0,0,0,0,0,0,0,0,0,0,1,0,0,0,0,0,0,0,0,0,0,0,0,0,0,0,0.8434024515194439,-0.05566594540955341,-0.23708513424374925,-0.5215810734903811,0.006383051124995438,0.01718448479984597,0.722687236572444,0.7225210276524611,-1.1326366463228987,0.262380952
2015,5240.0,2036,1024.9,827448.4,1729.2,157.91,0.33,0.3885496183206107,0,0,1,0,0,0,0,0,0,0,0,0,0,0,0,0,1,0,0,0,0,0,0,0,0,0,0,0,0,0,0,0,0.8434024515194439,-0.4432639756464693,-0.3964721063983829,-0.5215810734903811,-0.4033917067344167,-0.38130996254911653,0.722687236572444,0.7225210276524611,-0.6604530064216029,0.362222222
2015,3911.0,1979,1024.9,617586.01,1290.63,157.91,0.33,0.5060086934287906,0,0,0,1,0,0,0,0,0,0,0,0,0,0,0,0,1,0,0,0,0,0,0,0,0,0,0,0,0,0,0,0,0.8434024515194439,-0.44995433830050546,-0.39696044532618413,-0.5215810734903811,-0.4104648637751622,-0.38818840918816333,0.722687236572444,0.7225210276524611,-0.2572628301998637,0.485
2015,937000.0,515000,1000.7,147961670.0,309210.0,157.91,0.33,0.5496264674493063,0,1,0,0,0,0,0,0,0,0,0,0,0,0,0,0,0,1,0,0,0,0,0,0,0,0,0,0,0,0,0,0,0.8434024515194439,4.247339716245739,3.9982698192267248,-0.5653914187690249,4.5555885824191,4.441159142340476,0.722687236572444,0.7225210276524611,-0.10754040153664833,0.554489796
2015,285900.0,61420,875.7,45146469.0,94347.0,157.91,0.33,0.21483036026582722,0,1,0,0,0,0,0,0,0,0,0,0,0,0,0,0,0,0,1,0,0,0,0,0,0,0,0,0,0,0,0,0,0.8434024515194439,0.9696157703894921,0.1122913828743953,-0.7916845245471431,1.0903270705835904,1.071289611352224,0.722687236572444,0.7225210276524611,-1.2567619608698586,0.323939394
2015,1443.0,1618,1329.1,227864.13,476.19,157.91,0.33,1.1212751212751213,0,1,0,0,0,0,0,0,0,0,0,0,0,0,0,0,0,0,0,1,0,0,0,0,0,0,0,0,0,0,0,0,0.8434024515194439,-0.46237857835329804,-0.4000532585355919,0.02912582873124718,-0.42359996654157295,-0.4009619278526988,0.722687236572444,0.7225210276524611,1.8547015219645806,1.135555556
2015,820.0,670,1308.3,129486.2,270.6,157.91,0.33,0.8170731707317073,0,0,1,0,0,0,0,0,0,0,0,0,0,0,0,0,0,0,0,0,0,1,0,0,0,0,0,0,0,0,0,0,0.8434024515194439,-0.4655148431640313,-0.4081751059663914,-0.008529344070231615,-0.42691567522207297,-0.4041863614539976,0.722687236572444,0.7225210276524611,0.8104975050877751,0.824545455
2015,20281.0,5005,1210.1,3202572.71,6692.73,157.91,0.32999999999999996,0.2467827030225334,1,0,0,0,0,0,0,0,0,0,0,0,0,0,0,0,0,0,0,0,0,0,1,0,0,0,0,0,0,0,0,0,0.8434024515194439,-0.3675455823587657,-0.3710356454046661,-0.18630520796952138,-0.32334102573377493,-0.30346292274633,0.722687236572444,0.7225210276524603,-1.1470823069571352,0.282142857
2015,7564.0,3170,1210.1,1194431.24,2496.12,157.91,0.32999999999999996,0.4190904283447911,0,0,0,1,0,0,0,0,0,0,0,0,0,0,0,0,0,0,0,0,0,0,1,0,0,0,0,0,0,0,0,0,0.8434024515194439,-0.43156465073452044,-0.3867567319400215,-0.18630520796952138,-0.3910229957015405,-0.36928173832854105,0.722687236572444,0.7225210276524603,-0.5556185816292828,0.388
2015,46473.0,16207,1210.1,7338551.43,15336.09,157.91,0.33,0.34874012867686616,0,0,0,0,0,1,0,0,0,0,0,0,0,0,0,0,0,0,0,0,0,0,1,0,0,0,0,0,0,0,0,0,0.8434024515194439,-0.23569157285198203,-0.2750641950673082,-0.18630520796952138,-0.18394288486755514,-0.16790214443939666,0.722687236572444,0.7225210276524611,-0.7971031131074937,0.311481481
2015,72.0,38,1980.6,11369.52,23.76,157.91,0.33,0.5277777777777778,0,1,0,0,0,0,0,0,0,0,0,0,0,0,0,0,0,0,0,0,0,0,0,1,0,0,0,0,0,0,0,0,0.8434024515194439,-0.46928037459008026,-0.41358967092025767,1.2085654960467995,-0.4308966545045994,-0.40805775203790057,0.722687236572444,0.7225210276524611,-0.1825382425358595,0.625
2015,206.0,245,1980.6,32529.46,67.98,157.91,0.33,1.1893203883495145,0,0,1,0,0,0,0,0,0,0,0,0,0,0,0,0,0,0,0,0,0,0,0,1,0,0,0,0,0,0,0,0,0.8434024515194439,-0.46860580077846187,-0.4118162295508742,1.2085654960467995,-0.430183484419227,-0.407364214152549,0.722687236572444,0.7225210276524611,2.088273795520388,1.0
2015,574.0,227,1980.6,90640.34,189.42,157.91,0.32999999999999996,0.39547038327526135,0,0,0,1,0,0,0,0,0,0,0,0,0,0,0,0,0,0,0,0,0,0,0,1,0,0,0,0,0,0,0,0,0.8434024515194439,-0.4667532398629725,-0.4119704418438641,1.2085654960467995,-0.42822492776686105,-0.4054595727957625,0.722687236572444,0.7225210276524603,-0.6366967795052502,0.443333333
2015,2000.0,1080,512.6,315820.0,660.0,157.91,0.33,0.54,0,1,0,0,0,0,0,0,0,0,0,0,0,0,0,0,0,0,0,0,0,0,0,0,1,0,0,0,0,0,0,0,0.8434024515194439,-0.4595745663154514,-0.40466249262606674,-1.449020738211421,-0.420635520738943,-0.39807908753821486,0.722687236572444,0.7225210276524611,-0.14058422640674847,0.614
2015,2904.0,2682,2949.1,458570.64,958.32,157.91,0.33,0.9235537190082644,0,1,0,0,0,0,0,0,0,0,0,0,0,0,0,0,0,0,0,0,0,0,0,0,0,1,0,0,0,0,0,0,0.8434024515194439,-0.4550237101534885,-0.39093759854996896,2.9618844796156596,-0.4158242837450875,-0.393400294640022,0.722687236572444,0.7225210276524611,1.1760027756194233,0.94
2015,59145.0,40922,1201.9,9339586.95,19517.85,157.91,0.32999999999999996,0.6918928058162144,0,1,0,0,0,0,0,0,0,0,0,0,0,0,0,0,0,0,0,0,0,0,0,0,0,0,1,0,0,0,0,0,0.8434024515194439,-0.17189904045774096,-0.06332214944261615,-0.20115003570856563,-0.11650041231651909,-0.10231623337092315,0.722687236572444,0.7225210276524603,0.3808032192840184,0.709285714
2015,336041.0,235449,1201.9,53064234.31,110893.53,157.91,0.33,0.7006555747661743,0,0,1,0,0,0,0,0,0,0,0,0,0,0,0,0,0,0,0,0,0,0,0,0,0,0,1,0,0,0,0,0,0.8434024515194439,1.2220322292578352,1.6032586682484407,-0.20115003570856563,1.3571857366332667,1.3308021718702425,0.722687236572444,0.7225210276524611,0.4108823115454787,0.696333333
2015,23955.0,11111,747.9,3782734.05,7905.15,157.91,0.32999999999999996,0.46382801085368397,0,1,0,0,0,0,0,0,0,0,0,0,0,0,0,0,0,0,0,0,0,0,0,0,0,0,0,1,0,0,0,0,0.8434024515194439,-0.3490501780014076,-0.31872340868266047,-1.0230465958946913,-0.30378739219901274,-0.28444756311363023,0.722687236572444,0.7225210276524603,-0.40205229687110366,0.485
2015,8126.0,6400,747.9,1283176.66,2681.58,157.91,0.33,0.7875953728771844,0,0,1,0,0,0,0,0,0,0,0,0,0,0,0,0,0,0,0,0,0,0,0,0,0,0,0,1,0,0,0,0,0.8434024515194439,-0.4287354680320612,-0.3590841926979517,-1.0230465958946913,-0.38803193907482947,-0.366373019734753,0.722687236572444,0.7225210276524611,0.7093119772718304,0.77
2015,2300.0,1281,2334.4,363193.0,759.0,157.91,0.33,0.5569565217391305,0,1,0,0,0,0,0,0,0,0,0,0,0,0,0,0,0,0,0,0,0,0,0,0,0,0,0,0,1,0,0,0,0.8434024515194439,-0.4580643264386938,-0.4029404553543466,1.8490655026411857,-0.41903887129407946,-0.39652639077996504,0.722687236572444,0.7225210276524611,-0.08237924750825863,0.57125
2015,1289.0,960,2334.4,203545.99,425.37,157.91,0.33,0.7447633824670287,0,0,1,0,0,0,0,0,0,0,0,0,0,0,0,0,0,0,0,0,0,0,0,0,0,0,0,0,1,0,0,0,0.8434024515194439,-0.4631538348233669,-0.4056905745793325,1.8490655026411857,-0.4244195799232696,-0.401758978855267,0.722687236572444,0.7225210276524611,0.5622868304664996,0.735
2015,570013.0,165862,596.7,90010752.83,188104.29,157.91,0.33,0.2909793285416298,0,1,0,0,0,0,0,0,0,0,0,0,0,0,0,0,0,0,0,0,0,0,0,0,0,0,0,0,0,1,0,0,0.8434024515194439,2.3998783774069334,1.007082510899242,-1.296770736643903,2.6024232830119765,2.54176072494102,0.722687236572444,0.7225210276524611,-0.9953729118760078,0.376486486
2015,47215.0,27233,596.7,7455720.65,15580.95,157.91,0.33,0.5767870380175791,0,0,0,1,0,0,0,0,0,0,0,0,0,0,0,0,0,0,0,0,0,0,0,0,0,0,0,0,0,1,0,0,0.8434024515194439,-0.23195624622346822,-0.18060059826140673,-1.296770736643903,-0.17999383857392595,-0.1640618077906587,0.722687236572444,0.7225210276524611,-0.014308991161425044,0.6
2015,11940.0,7876,1247.6,1885445.4,3940.2,157.91,0.32999999999999996,0.6596314907872697,0,1,0,0,0,0,0,0,0,0,0,0,0,0,0,0,0,0,0,0,0,0,0,0,0,0,0,0,0,0,1,0,0.8434024515194439,-0.40953528506554954,-0.346438784672783,-0.11841727623608592,-0.3677332024657976,-0.34663306828153656,0.722687236572444,0.7225210276524603,0.27006298674187224,0.832307692
2015,59.0,26,1247.6,9316.69,19.47,157.91,0.32999999999999996,0.4406779661016949,0,0,0,1,0,0,0,0,0,0,0,0,0,0,0,0,0,0,0,0,0,0,0,0,0,0,0,0,0,0,1,0,0.8434024515194439,-0.4693458183180731,-0.4136924791155842,-0.11841727623608592,-0.43096584264721016,-0.40812503556409135,0.722687236572444,0.7225210276524603,-0.4815171710368428,0.465
2015,63103.0,43563,1717.0,9964594.73,20823.99,157.91,0.33,0.6903475270589354,0,1,0,0,0,0,0,0,0,0,0,0,0,0,0,0,0,0,0,0,0,0,0,0,0,0,0,0,0,0,0,1,0.8434024515194439,-0.15197394235038567,-0.04069577912115906,0.7313585945819039,-0.09543528397395269,-0.08183098747374679,0.722687236572444,0.7225210276524611,0.37549889338254855,0.580625
2015,11177.0,10658,1717.0,1764960.07,3688.41,157.91,0.32999999999999996,0.9535653574304375,0,0,1,0,0,0,0,0,0,0,0,0,0,0,0,0,0,0,0,0,0,0,0,0,0,0,0,0,0,0,0,1,0.8434024515194439,-0.4133763284854364,-0.3226044180562387,0.7313585945819039,-0.37179401422056724,-0.350582093703352,0.722687236572444,0.7225210276524603,1.279020765272369,0.9
2016,59661.0,48844,890.0,9143048.25,20881.35,153.25,0.35,0.8186922780375789,0,1,0,0,0,0,1,0,0,0,0,0,0,0,0,0,0,0,0,0,0,0,0,0,0,0,0,0,0,0,0,0,1.0015539515474947,-0.16930142786971789,0.004548394172144551,-0.7657965932461265,-0.12312451056339391,-0.08093136438230025,0.539124769135736,0.987699685363017,0.8160552549625725,0.792307692
2016,439841.0,280189,890.0,67405633.25,153944.35,153.25,0.35000000000000003,0.6370233789028308,0,0,1,0,0,0,1,0,0,0,0,0,0,0,0,0,0,0,0,0,0,0,0,0,0,0,0,0,0,0,0,0,1.0015539515474947,1.744575226615965,1.986561889824355,-0.7657965932461265,1.8405451746278545,2.006002865344967,0.539124769135736,0.9876996853630177,0.19245835205245,0.64
2016,1118.0,966,2933.7,171333.5,391.3,153.25,0.35000000000000003,0.8640429338103757,0,1,0,0,0,0,0,1,0,0,0,0,0,0,0,0,0,0,0,0,0,0,0,0,0,0,0,0,0,0,0,0,1.0015539515474947,-0.46401467155311876,-0.4056391704816692,2.9340051689837954,-0.42550526278642314,-0.4022933261133839,0.539124769135736,0.9876996853630177,0.9717259758154729,0.828333333
2016,1408.0,1235,2933.7,215776.0,492.8,153.25,0.35000000000000003,0.8771306818181818,0,0,1,0,0,0,0,1,0,0,0,0,0,0,0,0,0,0,0,0,0,0,0,0,0,0,0,0,0,0,0,0,1.0015539515474947,-0.4625547730055864,-0.40333455343643176,2.9340051689837954,-0.4240073822858564,-0.40070141984103685,0.539124769135736,0.9876996853630177,1.0166509968983741,0.853333333
2016,57420.0,38892,2296.8,8799615.0,20097.0,153.25,0.35,0.677324973876698,0,0,1,0,0,0,0,0,1,0,0,0,0,0,0,0,0,0,0,0,0,0,0,0,0,0,0,0,0,0,0,0,1.0015539515474947,-0.18058291974909715,-0.08071386915202844,1.780996536423128,-0.13469951125915272,-0.09323295733516151,0.539124769135736,0.987699685363017,0.330797660143929,0.687407407
2016,12983.0,11491,1205.6,1989644.75,4544.05,153.25,0.35000000000000003,0.8850804898713702,0,1,0,0,0,0,0,0,0,1,0,0,0,0,0,0,0,0,0,0,0,0,0,0,0,0,0,0,0,0,0,0,1.0015539515474947,-0.4042846844273556,-0.31546781583065225,-0.19445175977753365,-0.36422128989254615,-0.33716240224649446,0.539124769135736,0.9876996853630177,1.0439395185127491,0.904137931
2016,90063.0,29375,1298.9,13802154.75,31522.05,153.25,0.35,0.32616057648534913,0,1,0,0,0,0,0,0,0,0,1,0,0,0,0,0,0,0,0,0,0,0,0,0,0,0,0,0,0,0,0,0,1.0015539515474947,-0.016253718759102538,-0.16224933539561306,-0.02554658562474586,0.033905016947743796,0.08595530627940834,0.539124769135736,0.987699685363017,-0.8746097137573035,0.342592593
2016,4324.0,1198,1298.9,662653.0,1513.4,153.25,0.35000000000000003,0.27705827937095284,0,0,1,0,0,0,0,0,0,0,1,0,0,0,0,0,0,0,0,0,0,0,0,0,0,0,0,0,0,0,0,0,1.0015539515474947,-0.44787524140350254,-0.4036515453720221,-0.02554658562474586,-0.40894593559739917,-0.3846945278059884,0.539124769135736,0.9876996853630177,-1.043158323630249,0.301904762
2016,193539.0,117650,710.5,29659851.75,67738.65,153.25,0.35,0.6078878158924041,0,1,0,0,0,0,0,0,0,0,0,1,0,0,0,0,0,0,0,0,0,0,0,0,0,0,0,0,0,0,0,0,1.0015539515474947,0.5046582195321294,0.5940334514755053,-1.0907534931435043,0.568369439970653,0.6539694215807358,0.539124769135736,0.987699685363017,0.09244758001398176,0.6584375
2016,3812.0,4616,710.5,584189.0,1334.2,153.25,0.35000000000000003,1.210912906610703,0,0,0,1,0,0,0,0,0,0,0,1,0,0,0,0,0,0,0,0,0,0,0,0,0,0,0,0,0,0,0,0,1.0015539515474947,-0.4504527174598355,-0.37436834440316924,-1.0907534931435043,-0.4115904694466756,-0.38750506577647703,0.539124769135736,0.9876996853630177,2.1623923021984077,0.805833333
2016,1320.0,600,554.7,202290.0,462.0,153.25,0.35,0.45454545454545453,0,1,0,0,0,0,0,0,0,0,0,0,1,0,0,0,0,0,0,0,0,0,0,0,0,0,0,0,0,0,0,0,1.0015539515474947,-0.46299777670276865,-0.4087748204391297,-1.3728052201853507,-0.4244619115412008,-0.40118448105471455,0.539124769135736,0.987699685363017,-0.43391561190449957,1.5825
2016,9124.0,3682,1373.9,1398253.0,3193.4,153.25,0.35000000000000003,0.40355107409031127,0,1,0,0,0,0,0,0,0,0,0,0,0,1,0,0,0,0,0,0,0,0,0,0,0,0,0,0,0,0,0,0,1.0015539515474947,-0.4237114033753809,-0.382370248939421,0.11022927784212509,-0.38415343076043246,-0.35834573433265765,0.539124769135736,0.9876996853630177,-0.6089589895497896,0.528181818
2016,9636.0,3288,902.8,1476717.0,3372.6,153.25,0.35,0.3412204234122042,0,1,0,0,0,0,0,0,0,0,0,0,0,0,1,0,0,0,0,0,0,0,0,0,0,0,0,0,0,0,0,0,1.0015539515474947,-0.4211339273190479,-0.38574578468597687,-0.7426241792144472,-0.381508896911156,-0.35553519636216907,0.539124769135736,0.987699685363017,-0.8229152633223855,0.375
2016,35690.0,34852,1296.3,5469492.5,12491.5,153.25,0.35,0.9765200336228635,1,0,0,0,0,0,0,0,0,0,0,0,0,0,0,1,0,0,0,0,0,0,0,0,0,0,0,0,0,0,0,0,1.0015539515474947,-0.28997462815557273,-0.11532596157864207,-0.030253482224930968,-0.24693724669817063,-0.21251614112171924,0.539124769135736,0.987699685363017,1.3578150170627334,1.117368421
2016,82772.0,40424,1147.2,12684809.0,28970.2,153.25,0.35000000000000003,0.4883777122698497,0,1,0,0,0,0,0,0,0,0,0,0,0,0,0,0,1,0,0,0,0,0,0,0,0,0,0,0,0,0,0,0,1.0015539515474947,-0.05295758189723478,-0.067588689548669,-0.30017589879707024,-0.0037537648785737152,0.04593258685981369,0.539124769135736,0.9876996853630177,-0.3177829593928484,0.352272727
2016,3318.0,1605,1147.2,508483.5,1161.3,153.25,0.35,0.4837251356238698,0,0,1,0,0,0,0,0,0,0,0,0,0,0,0,0,1,0,0,0,0,0,0,0,0,0,0,0,0,0,0,0,1.0015539515474947,-0.45293957912356303,-0.40016463408052905,-0.30017589879707024,-0.4141420314028134,-0.39021679577144064,0.539124769135736,0.987699685363017,-0.3337534001276329,0.448
2016,2218.0,1205,1147.2,339908.5,776.3,153.25,0.35,0.5432822362488728,0,0,0,1,0,0,0,0,0,0,0,0,0,0,0,0,1,0,0,0,0,0,0,0,0,0,0,0,0,0,0,0,1.0015539515474947,-0.4584771253383409,-0.4035915739247482,-0.30017589879707024,-0.4198236470946183,-0.3962550609424123,0.539124769135736,0.987699685363017,-0.12931761792744975,0.526363636
2016,1168000.0,1064000,1048.4,178996000.0,408800.0,153.25,0.35,0.910958904109589,0,1,0,0,0,0,0,0,0,0,0,0,0,0,0,0,0,1,0,0,0,0,0,0,0,0,0,0,0,0,0,0,1.0015539515474947,5.410224421349093,8.701744755417538,-0.47903796960409484,5.601562993290525,6.003109345917267,0.539124769135736,0.987699685363017,1.1327697973774256,0.914318182
2016,337944.0,183121,1151.1,51789918.0,118280.4,153.25,0.35,0.541867883436309,0,1,0,0,0,0,0,0,0,0,0,0,0,0,0,0,0,0,1,0,0,0,0,0,0,0,0,0,0,0,0,0,1.0015539515474947,1.2316121842094008,1.1549463978276886,-0.2931155538967932,1.3142364526752726,1.4466564052299704,0.539124769135736,0.987699685363017,-0.13417252725831355,0.577878788
2016,1443.0,1644,2039.8,221139.75,505.05,153.25,0.35000000000000003,1.1392931392931394,0,1,0,0,0,0,0,0,0,0,0,0,0,0,0,0,0,0,0,1,0,0,0,0,0,0,0,0,0,0,0,0,1.0015539515474947,-0.46237857835329804,-0.3998305074457177,1.3157379109433163,-0.42382660360475355,-0.4005092932219605,0.539124769135736,0.9876996853630177,1.9165501943907886,1.144444444
2016,820.0,670,1959.8,125665.0,287.0,153.25,0.35,0.8170731707317073,0,0,1,0,0,0,0,0,0,0,0,0,0,0,0,0,0,0,0,0,0,1,0,0,0,0,0,0,0,0,0,0,1.0015539515474947,-0.4655148431640313,-0.4081751059663914,1.1709103232453206,-0.4270444641283848,-0.40392914704151983,0.539124769135736,0.987699685363017,0.8104975050877751,0.806363636
2016,27899.0,11114,1460.5,4275521.75,9764.65,153.25,0.35,0.39836553281479625,1,0,0,0,0,0,0,0,0,0,0,0,0,0,0,0,0,0,0,0,0,0,1,0,0,0,0,0,0,0,0,0,1.0015539515474947,-0.32919555775496767,-0.3186977066338288,0.26700514152520527,-0.28717858111167216,-0.2552835265281192,0.539124769135736,0.987699685363017,-0.6267588853752455,0.46
2016,15269.0,8309,1460.5,2339974.25,5344.15,153.25,0.35,0.5441744711506975,0,0,0,1,0,0,0,0,0,0,0,0,0,0,0,0,0,0,0,0,0,0,1,0,0,0,0,0,0,0,0,0,1.0015539515474947,-0.3927766565664627,-0.3427291222914157,0.26700514152520527,-0.35241385946394077,-0.3246137893548207,0.539124769135736,0.987699685363017,-0.1262549312260046,0.4775
2016,65569.0,29995,1460.5,10048449.25,22949.15,153.25,0.35000000000000003,0.4574570299989324,0,0,0,0,0,1,0,0,0,0,0,0,0,0,0,0,0,0,0,0,0,0,1,0,0,0,0,0,0,0,0,0,1.0015539515474947,-0.13955977056343818,-0.15693757863707336,0.26700514152520527,-0.09260906919322742,-0.04850039108220895,0.539124769135736,0.9876996853630177,-0.42392133416061767,0.412068966
2016,15.0,21,1391.3,2298.75,5.25,153.25,0.35,1.4,0,1,0,0,0,0,0,0,0,0,0,0,0,0,0,0,0,0,0,0,0,0,0,1,0,0,0,0,0,0,0,0,1.0015539515474947,-0.4695673201666642,-0.413735315863637,0.1417292781664389,-0.4312023737937511,-0.40834805928027634,0.539124769135736,0.987699685363017,2.811452908496148,1.4
2016,335.0,318,1391.3,51338.75,117.25,153.25,0.35,0.9492537313432836,0,0,1,0,0,0,0,0,0,0,0,0,0,0,0,0,0,0,0,0,0,0,0,1,0,0,0,0,0,0,0,0,1.0015539515474947,-0.4679563976314561,-0.4111908130293042,0.1417292781664389,-0.4295495401379533,-0.40659147304872095,0.539124769135736,0.987699685363017,1.2642206718757478,0.74
2016,402.0,106,1391.3,61606.5,140.7,153.25,0.35,0.263681592039801,0,0,0,1,0,0,0,0,0,0,0,0,0,0,0,0,0,0,0,0,0,0,0,1,0,0,0,0,0,0,0,0,1.0015539515474947,-0.4676191107256469,-0.4130070911467404,0.1417292781664389,-0.4292034780912707,-0.40622368780648904,0.539124769135736,0.987699685363017,-1.089075158215767,0.43
2016,2100.0,1100,635.9,321825.0,735.0,153.25,0.35,0.5238095238095238,0,1,0,0,0,0,0,0,0,0,0,0,0,0,0,0,0,0,0,0,0,0,0,0,1,0,0,0,0,0,0,0,1.0015539515474947,-0.4590711530231989,-0.40449114563385574,-1.2258052186718853,-0.42043312950519374,-0.3969028021152983,0.539124769135736,0.987699685363017,-0.19615967634401235,0.684
2016,2722.0,2526,2971.6,417146.5,952.7,153.25,0.35000000000000003,0.9279941219691403,0,1,0,0,0,0,0,0,0,0,0,0,0,0,0,0,0,0,0,0,0,0,0,0,0,1,0,0,0,0,0,0,1.0015539515474947,-0.4559399223453881,-0.3922741050892144,3.002617238655721,-0.41722043408673676,-0.3934884376277125,0.539124769135736,0.9876996853630177,1.1912449086827237,0.94
2016,71477.0,55256,912.4,10953850.25,25016.95,153.25,0.35000000000000003,0.7730598654112512,0,1,0,0,0,0,0,0,0,0,0,0,0,0,0,0,0,0,0,0,0,0,0,0,0,0,1,0,0,0,0,0,1.0015539515474947,-0.10981811325715847,0.05948223987497787,-0.7252448686906877,-0.06209362782306093,-0.01606941778211771,0.539124769135736,0.9876996853630177,0.6594173751624196,0.744666667
2016,358307.0,129356,912.4,54910547.75,125407.45,153.25,0.35,0.361020019145593,0,0,1,0,0,0,0,0,0,0,0,0,0,0,0,0,0,0,0,0,0,0,0,0,0,0,1,0,0,0,0,0,1.0015539515474947,1.3341222329107842,0.6943228460165793,-0.7252448686906877,1.4194134893409294,1.5584356722086024,0.539124769135736,0.987699685363017,-0.7549511448793289,0.357
2016,41279.0,33776,942.6,6326006.75,14447.65,153.25,0.35,0.8182368758933114,0,1,0,0,0,0,0,0,0,0,0,0,0,0,0,0,0,0,0,0,0,0,0,0,0,0,0,1,0,0,0,0,1.0015539515474947,-0.2618388592515786,-0.12454442975959164,-0.6705724543346943,-0.21806947387862755,-0.18183626472120976,0.539124769135736,0.987699685363017,0.8144920409611862,0.826666667
2016,10903.0,9010,942.6,1670884.75,3816.05,153.25,0.35000000000000003,0.8263780610841053,0,0,1,0,0,0,0,0,0,0,0,0,0,0,0,0,0,0,0,0,0,0,0,0,0,0,0,1,0,0,0,0,1.0015539515474947,-0.41475568090620835,-0.33672341021442165,-0.6705724543346943,-0.3749647086552317,-0.34858021275160445,0.539124769135736,0.9876996853630177,0.8424374839906572,0.820416667
2016,2590.0,1496,2475.3,396917.5,906.5,153.25,0.35,0.5776061776061776,0,1,0,0,0,0,0,0,0,0,0,0,0,0,0,0,0,0,0,0,0,0,0,0,0,0,0,0,1,0,0,0,1.0015539515474947,-0.45660442789116146,-0.4010984751880788,2.1041430914742807,-0.41790222796975335,-0.3942130294482291,0.539124769135736,0.987699685363017,-0.011497211528620658,0.565
2016,1250.0,969,2475.3,191562.5,437.5,153.25,0.35,0.7752,0,0,1,0,0,0,0,0,0,0,0,0,0,0,0,0,0,0,0,0,0,0,0,0,0,0,0,0,1,0,0,0,1.0015539515474947,-0.4633501660073454,-0.4056134684328375,2.1041430914742807,-0.42482346890340655,-0.4015687342928673,0.539124769135736,0.987699685363017,0.6667636039759972,0.7625
2016,594436.0,321228,965.3,91097317.0,208052.6,153.25,0.35000000000000003,0.5403912279875378,0,1,0,0,0,0,0,0,0,0,0,0,0,0,0,0,0,0,0,0,0,0,0,0,0,0,0,0,0,1,0,0,1.0015539515474947,2.52282700577377,2.3381573504916315,-0.6294776263253881,2.6390446090592845,2.854626141805293,0.539124769135736,0.9876996853630177,-0.13924129670044055,0.587123288
2016,49138.0,32055,965.3,7530398.5,17198.3,153.25,0.35,0.6523464528470837,0,0,0,1,0,0,0,0,0,0,0,0,0,0,0,0,0,0,0,0,0,0,0,0,0,0,0,0,0,1,0,0,1.0015539515474947,-0.222275608613452,-0.13928883843934461,-0.6294776263253881,-0.17747691231326898,-0.13869560474060427,0.539124769135736,0.987699685363017,0.24505635589465652,0.6740625
2016,12481.0,10194,1580.9,1912713.25,4368.35,153.25,0.35000000000000003,0.8167614774457175,0,1,0,0,0,0,0,0,0,0,0,0,0,0,0,0,0,0,0,0,0,0,0,0,0,0,0,0,0,0,1,0,1.0015539515474947,-0.40681181915446335,-0.3265796682755329,0.4849706610106889,-0.3668141726900789,-0.3399180468972469,0.539124769135736,0.9876996853630177,0.8094275863029591,0.862307692
2016,92.0,53,1580.9,14099.0,32.2,153.25,0.35000000000000003,0.5760869565217391,0,0,0,1,0,0,0,0,0,0,0,0,0,0,0,0,0,0,0,0,0,0,0,0,0,0,0,0,0,0,1,0,1.0015539515474947,-0.4691796919316297,-0.41346116067609945,0.4849706610106889,-0.43080466069532475,-0.4079253807183083,0.539124769135736,0.9876996853630177,-0.016712091827911144,0.716666667
2016,65540.0,45328,1795.8,10044005.0,22939.0,153.25,0.35,0.6916081782117791,0,1,0,0,0,0,0,0,0,0,0,0,0,0,0,0,0,0,0,0,0,0,0,0,0,0,0,0,0,0,0,1,1.0015539515474947,-0.1397057604181914,-0.025574407058541967,0.8740137684644296,-0.0927588572432841,-0.048659581709443685,0.539124769135736,0.987699685363017,0.3798262061934238,0.65
2016,12180.0,11681,1795.8,1866585.0,4263.0,153.25,0.35,0.9590311986863711,0,0,1,0,0,0,0,0,0,0,0,0,0,0,0,0,0,0,0,0,0,0,0,0,0,0,0,0,0,0,0,1,1.0015539515474947,-0.40832709316414345,-0.3138400194046481,0.8740137684644296,-0.3683688693475637,-0.34157033582130375,0.539124769135736,0.987699685363017,1.2977828191805092,0.939166667
2017,45798.0,37675,868.2,7210437.12,17403.24,157.44,0.38000000000000006,0.822634176164898,0,1,0,0,0,0,1,0,0,0,0,0,0,0,0,0,0,0,0,0,0,0,0,0,0,0,0,0,0,0,0,0,1.1597054515755456,-0.23908961257468664,-0.09114033362806527,-0.8052621108938302,-0.188260822130143,-0.13548136561297067,0.7041734254790422,1.3854676719288526,0.8295862196763516,0.87
2017,357442.0,333413,868.2,56275668.48,135827.96,157.44,0.38,0.9327751075698995,0,0,1,0,0,0,1,0,0,0,0,0,0,0,0,0,0,0,0,0,0,0,0,0,0,0,0,0,0,0,0,0,1.1597054515755456,1.3297677079327999,2.442550505496158,-0.8052621108938302,1.4654232260206035,1.7218689257066844,0.7041734254790422,1.385467671928852,1.2076561261651388,0.911538462
2017,1134.0,988,2745.5,178536.96,430.92,157.44,0.38,0.8712522045855379,0,1,0,0,0,0,0,1,0,0,0,0,0,0,0,0,0,0,0,0,0,0,0,0,0,0,0,0,0,0,0,0,1.1597054515755456,-0.46393412542635837,-0.4054506887902371,2.593298268924261,-0.4252624789135399,-0.4016719337339712,0.7041734254790422,1.385467671928852,0.9964725281920416,0.949444444
2017,1433.0,1285,2745.5,225611.52,544.54,157.44,0.37999999999999995,0.8967201674808095,0,0,1,0,0,0,0,1,0,0,0,0,0,0,0,0,0,0,0,0,0,0,0,0,0,0,0,0,0,0,0,0,1.1597054515755456,-0.46242891968252325,-0.4029061859559044,2.593298268924261,-0.42367588802651157,-0.39988993973728076,0.7041734254790422,1.3854676719288512,1.0838938912352636,0.96
2017,61460.0,39827,2098.563636,9676262.4,23354.8,157.44,0.38,0.6480149690855841,0,0,1,0,0,0,0,0,1,0,0,0,0,0,0,0,0,0,0,0,0,0,0,0,0,0,0,0,0,0,0,0,1.1597054515755456,-0.1602450227420948,-0.07270339726616612,1.422120356521355,-0.10515317506446231,-0.04213825532479434,0.7041734254790422,1.385467671928852,0.23018809901887077,0.650740741
2017,7924.0,7055,1112.0,1247554.56,3011.12,157.44,0.38,0.8903331650681474,0,1,0,0,0,0,0,0,0,1,0,0,0,0,0,0,0,0,0,0,0,0,0,0,0,0,0,0,0,0,0,0,1.1597054515755456,-0.4297523628824113,-0.35347257870304283,-0.3639000373841884,-0.38923253870309604,-0.3612045784245141,0.7041734254790422,1.385467671928852,1.061969858324923,0.884814815
2017,85858.0,27787,1124.5,13517483.52,32626.04,157.44,0.38,0.32363903188986465,0,1,0,0,0,0,0,0,0,0,1,0,0,0,0,0,0,0,0,0,0,0,0,0,0,0,0,0,0,0,0,0,1.1597054515755456,-0.03742224769832159,-0.17585428657716318,-0.3412707268063766,0.024310518787438923,0.1032700708666836,0.7041734254790422,1.385467671928852,-0.8832651710633312,0.328518519
2017,2485.0,738,1124.5,391238.4,944.3,157.44,0.38,0.29698189134808856,0,0,1,0,0,0,0,0,0,0,1,0,0,0,0,0,0,0,0,0,0,0,0,0,0,0,0,0,0,0,0,0,1.1597054515755456,-0.4571330118480266,-0.4075925261928741,-0.3412707268063766,-0.4180936351397093,-0.3936201815950792,0.7041734254790422,1.385467671928852,-0.9747685068652482,0.2795
2017,128059.0,81324,814.8,20161608.96,48662.42,157.44,0.38,0.6350510311653222,0,1,0,0,0,0,0,0,0,0,0,1,0,0,0,0,0,0,0,0,0,0,0,0,0,0,0,0,0,0,0,0,1.1597054515755456,0.17502319576517023,0.28281590952274127,-0.9019345256822424,0.24824269946799005,0.3547815379380238,0.7041734254790422,1.385467671928852,0.18568806860586054,0.6625
2017,7890.0,9914,814.8,1242201.6,2998.2,157.44,0.38,1.2565272496831432,0,0,0,1,0,0,0,0,0,0,0,1,0,0,0,0,0,0,0,0,0,0,0,0,0,0,0,0,0,0,0,0,1.1597054515755456,-0.42992352340177714,-0.3289785261664863,-0.9019345256822424,-0.3894129537203501,-0.36140721319336844,0.7041734254790422,1.385467671928852,2.3189681564240407,0.815625
2017,1500.0,530,417.1,236160.0,570.0,157.44,0.38,0.35333333333333333,0,1,0,0,0,0,0,0,0,0,0,0,1,0,0,0,0,0,0,0,0,0,0,0,0,0,0,0,0,0,0,0,1.1597054515755456,-0.46209163277671406,-0.4093745349118681,-1.6219086710259034,-0.4233203643160403,-0.3994906300457147,0.7041734254790422,1.385467671928852,-0.7813364727422611,0.32
2017,6922.0,4616,1182.2,1089799.68,2630.36,157.44,0.38,0.6668592892227679,0,1,0,0,0,0,0,0,0,0,0,0,0,1,0,0,0,0,0,0,0,0,0,0,0,0,0,0,0,0,0,0,1.1597054515755456,-0.4347965640707817,-0.37436834440316924,-0.23681382917919713,-0.39454947538805407,-0.3671763442595768,0.7041734254790422,1.385467671928852,0.2948731371897605,0.729090909
2017,10256.0,3468,1279.1,1614704.64,3897.28,157.44,0.38,0.3381435257410296,0,1,0,0,0,0,0,0,0,0,0,0,0,0,1,0,0,0,0,0,0,0,0,0,0,0,0,0,0,0,0,0,1.1597054515755456,-0.4180127649070822,-0.3842036617560783,-0.061391413580000116,-0.376858191049082,-0.3473062172195577,0.7041734254790422,1.385467671928852,-0.8334770263289013,0.371818182
2017,64.0,38,1279.1,10076.16,24.32,157.44,0.38,0.59375,0,0,1,0,0,0,0,0,0,0,0,0,0,0,1,0,0,0,0,0,0,0,0,0,0,0,0,0,0,0,0,0,1.1597054515755456,-0.4693206476534605,-0.41358967092025767,-0.061391413580000116,-0.43094024563300604,-0.40804896910674276,0.7041734254790422,1.385467671928852,0.04391809452468247,0.6
2017,147191.0,128673,1165.7,23173751.04,55932.58,157.44,0.38,0.8741906774191357,0,1,0,0,0,0,0,0,0,0,0,0,0,0,0,1,0,0,0,0,0,0,0,0,0,0,0,0,0,0,0,0,1.1597054515755456,0.271336226838925,0.6884713462325751,-0.26668451914190877,0.3497632909416589,0.46880531434163714,0.7041734254790422,1.385467671928852,1.0065591339184186,0.825833333
2017,132397.0,64138,1111.7,20844583.68,50310.86,157.44,0.38,0.48443695854135665,0,1,0,0,0,0,0,0,0,0,0,0,0,0,0,0,1,0,0,0,0,0,0,0,0,0,0,0,0,0,0,0,1.1597054515755456,0.19686126438308513,0.13557743911586456,-0.36444314083805585,0.27126153313999374,0.3806353505053913,0.7041734254790422,1.385467671928852,-0.3313099958417072,0.377
2017,3179.0,1418,1111.7,500501.76,1208.02,157.44,0.38,0.4460522176785153,0,0,1,0,0,0,0,0,0,0,0,0,0,0,0,0,1,0,0,0,0,0,0,0,0,0,0,0,0,0,0,0,1.1597054515755456,-0.45363932359979403,-0.4017667284577015,-0.36444314083805585,-0.4144110462581117,-0.3894840483719918,0.7041734254790422,1.385467671928852,-0.4630695079820938,0.4825
2017,992.0,523,1111.7,156180.48,376.96,157.44,0.38,0.5272177419354839,0,0,0,1,0,0,0,0,0,0,0,0,0,0,0,0,1,0,0,0,0,0,0,0,0,0,0,0,0,0,0,0,1.1597054515755456,-0.46464897230135693,-0.4094345063591419,-0.36444314083805585,-0.42601597692677745,-0.4025182318862456,0.7041734254790422,1.385467671928852,-0.18446062230717145,0.48875
2017,1788800.0,1744360,800.0,281628672.0,679744.0,157.44,0.38,0.9751565295169946,0,1,0,0,0,0,0,0,0,0,0,0,0,0,0,0,0,1,0,0,0,0,0,0,0,0,0,0,0,0,0,0,1.1597054515755456,8.535414139652824,14.530626736449927,-0.9287276294063715,9.06067258680713,10.25254238093996,0.7041734254790422,1.385467671928852,1.3531346510695732,0.742941176
2017,35030.0,49260,800.0,5515123.2,13311.4,157.44,0.38,1.4062232372252355,0,0,0,1,0,0,0,0,0,0,0,0,0,0,0,0,0,1,0,0,0,0,0,0,0,0,0,0,0,0,0,0,1.1597054515755456,-0.2932971558844395,0.00811241161013249,-0.9287276294063715,-0.2453993193593123,-0.1996569888783955,0.7041734254790422,1.385467671928852,2.832814800808015,1.316923077
2017,350577.0,121178,1129.5,55194842.88,133219.26,157.44,0.38,0.3456530234442077,0,1,0,0,0,0,0,0,0,0,0,0,0,0,0,0,0,0,1,0,0,0,0,0,0,0,0,0,0,0,0,0,1.1597054515755456,1.2952083854196634,0.6242590609015184,-0.3322190025752519,1.4289953115073937,1.6809545819365193,0.7041734254790422,1.385467671928852,-0.8076999146030297,0.3765625
2017,1439.0,1581,1780.0,226556.16,546.82,157.44,0.38000000000000006,1.098679638637943,0,1,0,0,0,0,0,0,0,0,0,0,0,0,0,0,0,0,0,1,0,0,0,0,0,0,0,0,0,0,0,0,1.1597054515755456,-0.4623987148849881,-0.4003702504711822,0.8454103198940754,-0.4236440500822902,-0.39985418066042416,0.7041734254790422,1.3854676719288526,1.7771402384459711,1.123333333
2017,830.0,680,1722.1,130675.2,315.4,157.44,0.37999999999999995,0.8192771084337349,0,0,1,0,0,0,0,0,0,0,0,0,0,0,0,0,0,0,0,0,0,1,0,0,0,0,0,0,0,0,0,0,1.1597054515755456,-0.46546450183480603,-0.4080894324702859,0.7405913532976509,-0.42687560142075276,-0.4034837269613754,0.7041734254790422,1.3854676719288512,0.8180627445521916,0.810909091
2017,20431.0,6410,1344.4,3216656.64,7763.78,157.44,0.38,0.3137389261416475,1,0,0,0,0,0,0,0,0,0,0,0,0,0,0,0,0,0,0,0,0,0,1,0,0,0,0,0,0,0,0,0,1.1597054515755456,-0.3667904624203869,-0.3589985192018463,0.056824104878489184,-0.32286634397378505,-0.28666478271679974,0.7041734254790422,1.385467671928852,-0.9172482871193809,0.372307692
2017,13987.0,6963,1344.4,2202113.28,5315.06,157.44,0.38,0.49781940373203687,0,0,0,1,0,0,0,0,0,0,0,0,0,0,0,0,0,0,0,0,0,0,1,0,0,0,0,0,0,0,0,0,1.1597054515755456,-0.39923041497314016,-0.35426077486721325,0.056824104878489184,-0.35706029606746703,-0.32507003126085593,0.7041734254790422,1.385467671928852,-0.28537339681997387,0.413333333
2017,42760.0,15322,1344.4,6732134.4,16248.8,157.44,0.38,0.3583255378858746,0,0,0,0,0,1,0,0,0,0,0,0,0,0,0,0,0,0,0,0,0,0,1,0,0,0,0,0,0,0,0,0,1.1597054515755456,-0.25438330839331863,-0.28264629947264314,0.056824104878489184,-0.20438143455419727,-0.1535873781947278,0.7041734254790422,1.385467671928852,-0.7642002248072226,0.382413793
2017,10.0,9,1582.4,1574.4,3.8,157.44,0.38,0.9,0,1,0,0,0,0,0,0,0,0,0,0,0,0,0,0,0,0,0,0,0,0,0,1,0,0,0,0,0,0,0,0,1.1597054515755456,-0.46959249083127685,-0.41383812405896353,0.4876861782800263,-0.43122678713099777,-0.4083708007984528,0.7041734254790422,1.385467671928852,1.095152248668883,0.9
2017,259.0,258,1582.4,40776.96,98.42,157.44,0.38,0.9961389961389961,0,0,1,0,0,0,0,0,0,0,0,0,0,0,0,0,0,0,0,0,0,0,0,1,0,0,0,0,0,0,0,0,1.1597054515755456,-0.468338991733568,-0.4117048540059371,0.4876861782800263,-0.4299055124458136,-0.40688679910890124,0.7041734254790422,1.385467671928852,1.425159093685863,0.75
2017,272.0,106,1582.4,42823.68,103.36,157.44,0.38,0.3897058823529412,0,0,0,1,0,0,0,0,0,0,0,0,0,0,0,0,0,0,0,0,0,0,0,1,0,0,0,0,0,0,0,0,1.1597054515755456,-0.4682735480055752,-0.4130070911467404,0.4876861782800263,-0.4298365302333341,-0.4068093211090451,0.7041734254790422,1.385467671928852,-0.6564840129783561,0.55
2017,1600.0,900,497.5,251904.0,608.0,157.44,0.38,0.5625,0,1,0,0,0,0,0,0,0,0,0,0,0,0,0,0,0,0,0,0,0,0,0,0,1,0,0,0,0,0,0,0,1.1597054515755456,-0.46158821948446155,-0.4062046155559653,-1.4763569453894176,-0.42278973191235186,-0.398894645431437,0.7041734254790422,1.385467671928852,-0.06335069671452165,0.7375
2017,2690.0,2497,2873.6,423513.6,1022.2,157.44,0.38,0.9282527881040892,0,1,0,0,0,0,0,0,0,0,0,0,0,0,0,0,0,0,0,0,0,0,0,0,0,1,0,0,0,0,0,0,1.1597054515755456,-0.45610101459890895,-0.3925225582279203,2.8252034437256763,-0.4170058387121481,-0.39239841313580986,0.7041734254790422,1.385467671928852,1.1921328063988992,0.94
2017,58422.0,53226,970.9,9197959.68,22200.36,157.44,0.38,0.9110609017151073,0,1,0,0,0,0,0,0,0,0,0,0,0,0,0,0,0,0,0,0,0,0,0,0,0,0,1,0,0,0,0,0,1.1597054515755456,-0.17553871856072678,0.042090520165565574,-0.6193396951865283,-0.1212737874885166,-0.06024426790655142,0.7041734254790422,1.385467671928852,1.1331199144927293,0.892
2017,367910.0,248377,970.9,57923750.4,139805.8,157.44,0.37999999999999995,0.6751026066157484,0,0,1,0,0,0,0,0,0,0,0,0,0,0,0,0,0,0,0,0,0,0,0,0,0,0,1,0,0,0,0,0,1.1597054515755456,1.382465011365795,1.7140173640136043,-0.6193396951865283,1.5209698260387077,1.784256595129276,0.7041734254790422,1.3854676719288512,0.32316915935123636,0.679666667
2017,32181.0,25976,815.7,5066576.64,12228.78,157.44,0.38,0.8071843634442684,0,1,0,0,0,0,0,0,0,0,0,0,0,0,0,0,0,0,0,0,0,0,0,0,0,0,0,1,0,0,0,0,1.1597054515755456,-0.30763940058071415,-0.19136975672186549,-0.9003052153206398,-0.2605170365403955,-0.2166365905391677,0.7041734254790422,1.385467671928852,0.7765531721431029,0.813333333
2017,6298.0,5537,815.7,991557.12,2393.24,157.44,0.37999999999999995,0.8791679898380438,0,0,1,0,0,0,0,0,0,0,0,0,0,0,0,0,0,0,0,0,0,0,0,0,0,0,0,1,0,0,0,0,1.1597054515755456,-0.4379378630144375,-0.3664778154118546,-0.9003052153206398,-0.3978606215870698,-0.37089528825266976,0.7041734254790422,1.3854676719288512,1.0236442630958953,0.899130435
2017,2868.0,1682,3326.8,451537.92,1089.84,157.44,0.37999999999999995,0.5864714086471409,0,1,0,0,0,0,0,0,0,0,0,0,0,0,0,0,0,0,0,0,0,0,0,0,0,0,0,0,1,0,0,0,1.1597054515755456,-0.4552049389386994,-0.39950494816051685,3.645651728034822,-0.4160613130335827,-0.39133756052239554,0.7041734254790422,1.3854676719288512,0.01893359224163215,0.58125
2017,2482.0,1765,3326.8,390766.08,943.16,157.44,0.38,0.7111200644641418,0,0,1,0,0,0,0,0,0,0,0,0,0,0,0,0,0,0,0,0,0,0,0,0,0,0,0,0,1,0,0,0,1.1597054515755456,-0.4571481142467942,-0.3987938581428414,3.645651728034822,-0.41810955411182,-0.3936380611335075,0.7041734254790422,1.385467671928852,0.446802732692233,0.70125
2017,565472.0,283320,652.1,89027911.68,214879.36,157.44000000000003,0.37999999999999995,0.5010327655480731,0,1,0,0,0,0,0,0,0,0,0,0,0,0,0,0,0,0,0,0,0,0,0,0,0,0,0,0,0,1,0,0,1.1597054515755456,2.377018379805746,2.0133862614549805,-1.196477632163041,2.569297815413629,2.961695718788623,0.7041734254790433,1.3854676719288512,-0.27434320680972046,0.603013699
2017,49460.0,31265,652.1,7786982.4,18794.8,157.44,0.38,0.6321269712899312,0,0,0,1,0,0,0,0,0,0,0,0,0,0,0,0,0,0,0,0,0,0,0,0,0,0,0,0,0,1,0,0,1.1597054515755456,-0.22065461781239884,-0.14605704463167749,-1.196477632163041,-0.16882906350707297,-0.11365640903812063,0.7041734254790422,1.385467671928852,0.17565093681884447,0.670833333
2017,12884.0,9838,1475.8,2028456.96,4895.92,157.44,0.38,0.7635827382800373,0,1,0,0,0,0,0,0,0,0,0,0,0,0,0,0,0,0,0,0,0,0,0,0,0,0,0,0,0,0,1,0,1.1597054515755456,-0.40478306358668564,-0.32962964473688794,0.29470341767244684,-0.36291317148015034,-0.33164374155633913,0.7041734254790422,1.385467671928852,0.6268861760652812,0.919230769
2017,97.0,66,1475.8,15271.68,36.86,157.44,0.38,0.6804123711340206,0,0,0,1,0,0,0,0,0,0,0,0,0,0,0,0,0,0,0,0,0,0,0,0,0,0,0,0,0,0,1,0,1.1597054515755456,-0.4691545212670171,-0.41334978513116233,0.29470341767244684,-0.43076513693978885,-0.40785229418403113,0.7041734254790422,1.385467671928852,0.3413954640437125,0.696666667
2017,67548.0,45383,1830.0,10634757.12,25668.24,157.44,0.38,0.6718629715165512,0,1,0,0,0,0,0,0,0,0,0,0,0,0,0,0,0,0,0,0,0,0,0,0,0,0,0,0,0,0,0,1,1.1597054515755456,-0.12959722150976052,-0.02510320282996183,0.9359275622053228,-0.0728482743279112,-0.005854712007566758,0.7041734254790422,1.385467671928852,0.31204878363453287,0.582631579
2017,10454.0,9583,1830.0,1645877.76,3972.52,157.44,0.38,0.9166826095274536,0,0,1,0,0,0,0,0,0,0,0,0,0,0,0,0,0,0,0,0,0,0,0,0,0,0,0,0,0,0,0,1,1.1597054515755456,-0.4170160065884222,-0.3318143188875777,0.9359275622053228,-0.37580753888977897,-0.34612616768328774,0.7041734254790422,1.385467671928852,1.1524169961481014,0.733076923
2018,22364.0,18119,1220.5,3627440.8,7827.4,162.2,0.35,0.8101860132355572,0,1,0,0,0,0,1,0,0,0,0,0,0,0,0,0,0,0,0,0,0,0,0,0,0,0,0,0,0,0,0,0,1.3178569516035965,-0.3570594834811454,-0.25868342261194055,-0.1674776215687818,-0.30902136263372354,-0.28566697900205373,0.891675001659027,0.987699685363017,0.7868566391778217,0.754615385
2018,295651.0,292412,1220.5,47954592.2,103477.85,162.20000000000002,0.35000000000000003,0.9890445153238109,0,0,1,0,0,0,1,0,0,0,0,0,0,0,0,0,0,0,0,0,0,0,0,0,0,0,0,0,0,0,0,0,1.3178569516035965,1.0187036005170367,2.0912806041140826,-0.1674776215687818,1.1849714534258937,1.2144960880700586,0.8916750016590281,0.9876996853630177,1.4008065694773941,0.782307692
2018,1144.0,1028,2992.9,185556.8,400.4,162.2,0.35,0.8986013986013986,0,1,0,0,0,0,0,1,0,0,0,0,0,0,0,0,0,0,0,0,0,0,0,0,0,0,0,0,0,0,0,0,1.3178569516035965,-0.4638837840971331,-0.4051079948058152,3.041177583880313,-0.4250258837298059,-0.40215060348207,0.891675001659027,0.987699685363017,1.090351407662373,0.987
2018,1448.0,1385,2992.9,234865.6,506.8,162.20000000000002,0.35000000000000003,0.9564917127071824,0,0,1,0,0,0,0,1,0,0,0,0,0,0,0,0,0,0,0,0,0,0,0,0,0,0,0,0,0,0,0,0,1.3178569516035965,-0.4623534076886854,-0.4020494509948496,3.041177583880313,-0.42336399049638423,-0.4004818465620924,0.8916750016590281,0.9876996853630177,1.2890657762571016,1.0635
2018,59866.0,39815,2372.9,9710265.2,20953.1,162.2,0.35,0.6650686533257608,0,0,1,0,0,0,0,0,1,0,0,0,0,0,0,0,0,0,0,0,0,0,0,0,0,0,0,0,0,0,0,0,1.3178569516035965,-0.16826943062060018,-0.0728062054614927,1.918763779220846,-0.10400715197654715,-0.07980605132771008,0.891675001659027,0.987699685363017,0.2887265980466731,0.668518519
2018,8180.0,7312,1521.4,1326796.0,2863.0,162.2,0.35,0.8938875305623472,0,1,0,0,0,0,0,0,0,1,0,0,0,0,0,0,0,0,0,0,0,0,0,0,0,0,0,0,0,0,0,0,1.3178569516035965,-0.42846362485424483,-0.35127076985313205,0.37725514266030463,-0.3865618021825846,-0.363527663715746,0.891675001659027,0.987699685363017,1.0741705780108477,0.892307692
2018,78781.0,25836,1515.5,12778278.2,27573.35,162.2,0.35,0.32794709384242393,0,1,0,0,0,0,0,0,0,0,1,0,0,0,0,0,0,0,0,0,0,0,0,0,0,0,0,0,0,0,0,0,1.3178569516035965,-0.07304880639103341,-0.19256918566734219,0.3665741080675773,-0.0006034989825604096,0.024024662953133866,0.891675001659027,0.987699685363017,-0.8684773119198228,0.331111111
2018,2925.0,871,1515.5,474435.0,1023.75,162.2,0.35,0.29777777777777775,0,0,1,0,0,0,0,0,0,0,1,0,0,0,0,0,0,0,0,0,0,0,0,0,0,0,0,0,0,0,0,0,1.3178569516035965,-0.45491799336211547,-0.40645306869467124,0.3665741080675773,-0.41528959475373983,-0.3923741032370696,0.891675001659027,0.987699685363017,-0.9720365460564019,0.324090909
2018,106156.0,61583,1125.4,17218503.2,37154.6,162.2,0.35,0.5801179396360074,0,1,0,0,0,0,0,0,0,0,0,1,0,0,0,0,0,0,0,0,0,0,0,0,0,0,0,0,0,0,0,0,1.3178569516035965,0.06476058236309773,0.11368786086091462,-0.33964141644477397,0.14904889333625468,0.17429512573072325,0.891675001659027,0.987699685363017,-0.002875333870368626,0.646875
2018,3795.0,5608,1125.4,615549.0,1328.25,162.2,0.35,1.477733860342556,0,0,0,1,0,0,0,0,0,0,0,1,0,0,0,0,0,0,0,0,0,0,0,0,0,0,0,0,0,0,0,0,1.3178569516035965,-0.4505382977195184,-0.3658695335895057,-0.33964141644477397,-0.4105335187238816,-0.3875983844200284,0.891675001659027,0.987699685363017,3.0782822600898476,1.45875
2018,1276.0,734,533.2,206967.2,446.6,162.20000000000002,0.35000000000000003,0.5752351097178683,0,1,0,0,0,0,0,0,0,0,0,0,1,0,0,0,0,0,0,0,0,0,0,0,0,0,0,0,0,0,0,0,1.3178569516035965,-0.46321927855135975,-0.4076267955913163,-1.4117276343791871,-0.42430427219424127,-0.40142601166155345,0.8916750016590281,0.9876996853630177,-0.019636142291021712,0.615
2018,7001.0,4699,1052.2,1135562.2,2450.35,162.2,0.35,0.6711898300242822,0,1,0,0,0,0,0,0,0,0,0,0,0,1,0,0,0,0,0,0,0,0,0,0,0,0,0,0,0,0,0,0,1.3178569516035965,-0.4343988675699022,-0.37365725438549374,-0.47215865918844013,-0.3930071052161512,-0.36999958611263295,0.891675001659027,0.987699685363017,0.30973815725985626,0.732727273
2018,10962.0,3704,1016.3,1778036.4,3836.7,162.2,0.35,0.33789454479109654,0,1,0,0,0,0,0,0,0,0,0,0,0,0,1,0,0,0,0,0,0,0,0,0,0,0,0,0,0,0,0,0,1.3178569516035965,-0.4144586670637793,-0.38218176724798897,-0.5371500391679158,-0.3713532923951529,-0.34825634216516144,0.891675001659027,0.987699685363017,-0.8343316786662105,0.368333333
2018,128669.0,108197,1222.7,20870111.8,45034.15,162.20000000000002,0.35000000000000003,0.8408940770504162,0,1,0,0,0,0,0,0,0,0,0,0,0,0,0,1,0,0,0,0,0,0,0,0,0,0,0,0,0,0,0,0,1.3178569516035965,0.17809401684791068,0.5130462956069958,-0.1634948629070868,0.27212192742843677,0.29787645645261807,0.8916750016590281,0.9876996853630177,0.8922651795527423,0.77125
2018,85094.0,41029,1419.1,13802246.8,29782.9,162.20000000000002,0.35000000000000003,0.4821609044115919,0,1,0,0,0,0,0,0,0,0,0,0,0,0,0,0,1,0,0,0,0,0,0,0,0,0,0,0,0,0,0,0,1.3178569516035965,-0.041268325251130944,-0.062405443034287515,0.19205686489149232,0.03390811938122702,0.05867881570253745,0.8916750016590281,0.9876996853630177,-0.33912278225114295,0.429285714
2018,2787.0,1484,1419.1,452051.4,975.45,162.20000000000002,0.35000000000000003,0.5324721923214927,0,0,1,0,0,0,0,0,0,0,0,0,0,0,0,0,1,0,0,0,0,0,0,0,0,0,0,0,0,0,0,0,1.3178569516035965,-0.45561270370542395,-0.4012012833834054,0.19205686489149232,-0.41604400681364834,-0.39313163104942783,0.8916750016590281,0.9876996853630177,-0.16642418897809835,0.47125
2018,1014.0,521,1419.1,164470.8,354.9,162.2,0.35,0.5138067061143984,0,0,0,1,0,0,0,0,0,0,0,0,0,0,0,0,1,0,0,0,0,0,0,0,0,0,0,0,0,0,0,0,1.3178569516035965,-0.4645382213770614,-0.409451641058363,0.19205686489149232,-0.425736561757256,-0.40286421663863936,0.891675001659027,0.987699685363017,-0.2304953615645637,0.514285714
2018,2436898.0,1132524,1102.2,395264855.6,852914.3,162.20000000000002,0.35000000000000003,0.4647400096352002,0,1,0,0,0,0,0,0,0,0,0,0,0,0,0,0,0,1,0,0,0,0,0,0,0,0,0,0,0,0,0,0,1.3178569516035965,11.79802561847565,9.288813820130725,-0.38164141687719283,12.890642178375149,12.968511708567775,0.8916750016590281,0.9876996853630177,-0.39892176865014783,0.448627451
2018,4234.0,1948,1102.2,686754.8,1481.9,162.20000000000002,0.35000000000000003,0.4600850259801606,0,0,0,1,0,0,0,0,0,0,0,0,0,0,0,0,0,1,0,0,0,0,0,0,0,0,0,0,0,0,0,0,1.3178569516035965,-0.4483283133665298,-0.3972260331641111,-0.38164141687719283,-0.4081336136927232,-0.3851885676836133,0.8916750016590281,0.9876996853630177,-0.41490047168740696,0.303478261
2018,366614.0,154473,1387.4,59464790.8,128314.9,162.2,0.35,0.4213505212566896,0,1,0,0,0,0,0,0,0,0,0,0,0,0,0,0,0,0,1,0,0,0,0,0,0,0,0,0,0,0,0,0,1.3178569516035965,1.3759407750982022,0.9095089661847117,0.13466893326616186,1.5729087215946633,1.6040355529133854,0.891675001659027,0.987699685363017,-0.5478605837173582,0.41137931
2018,1372.0,1379,1196.9,222538.4,480.2,162.2,0.35,1.0051020408163265,0,1,0,0,0,0,0,0,0,0,0,0,0,0,0,0,0,0,0,1,0,0,0,0,0,0,0,0,0,0,0,0,1.3178569516035965,-0.4627360017907973,-0.40210085509251287,-0.21020175993969034,-0.42377946380473963,-0.4008990357920868,0.891675001659027,0.987699685363017,1.4559256526733895,1.035555556
2018,830.0,680,1372.7,134626.0,290.5,162.2,0.35,0.8192771084337349,0,0,1,0,0,0,0,0,0,0,0,0,0,0,0,0,0,0,0,0,0,1,0,0,0,0,0,0,0,0,0,0,1.3178569516035965,-0.46546450183480603,-0.4080894324702859,0.10805686402665507,-0.4267424445038007,-0.40387425372178376,0.891675001659027,0.987699685363017,0.8180627445521916,0.810909091
2018,13720.0,3583,1635.9,2225384.0,4802.0,162.2,0.35,0.2611516034985423,1,0,0,0,0,0,0,0,0,0,0,0,0,0,0,0,0,0,0,0,0,0,1,0,0,0,0,0,0,0,0,0,1.3178569516035965,-0.4005745284634544,-0.38321841655086525,0.5845396275530609,-0.3562759847050966,-0.3331167645819435,0.891675001659027,0.987699685363017,-1.0977596002212024,0.336666667
2018,4571.0,2336,1635.9,741416.2,1599.85,162.2,0.35,0.511047910741632,0,0,0,1,0,0,0,0,0,0,0,0,0,0,0,0,0,0,0,0,0,0,1,0,0,0,0,0,0,0,0,0,1.3178569516035965,-0.44663181057163875,-0.39390190151521853,0.5845396275530609,-0.40629131757541037,-0.3833386628085066,0.891675001659027,0.987699685363017,-0.2399652062017783,0.469090909
2018,39560.0,13123,1635.9,6416632.0,13846.0,162.2,0.35,0.33172396359959555,0,0,0,0,0,1,0,0,0,0,0,0,0,0,0,0,0,0,0,0,0,0,1,0,0,0,0,0,0,0,0,0,1.3178569516035965,-0.2704925337453997,-0.30148590126623803,0.5845396275530609,-0.21501505986424976,-0.1912724263838463,0.891675001659027,0.987699685363017,-0.8555128238071922,0.352758621
2018,6.0,5,1693.9,973.2,2.1,162.20000000000002,0.35000000000000003,0.8333333333333334,0,1,0,0,0,0,0,0,0,0,0,0,0,0,0,0,0,0,0,0,0,0,0,1,0,0,0,0,0,0,0,0,1.3178569516035965,-0.46961262736296694,-0.41387239345740573,0.6895396286341078,-0.43124704984702283,-0.4083974632680389,0.8916750016590281,0.9876996853630177,0.8663121606919142,0.83
2018,155.0,155,1693.9,25141.0,54.25,162.2,0.35,1.0,0,0,1,0,0,0,0,0,0,0,0,0,0,0,0,0,0,0,0,0,0,0,0,1,0,0,0,0,0,0,0,0,1.3178569516035965,-0.46886254155751067,-0.41258729101582353,0.6895396286341078,-0.43043250349248385,-0.4075795528039709,0.891675001659027,0.987699685363017,1.4384123806343359,1.0
2018,338.0,152,1693.9,54823.6,118.3,162.2,0.35,0.44970414201183434,0,0,0,1,0,0,0,0,0,0,0,0,0,0,0,0,0,0,0,0,0,0,0,1,0,0,0,0,0,0,0,0,1.3178569516035965,-0.4679412952326885,-0.4126129930646552,0.6895396286341078,-0.42943208749999645,-0.40657500505280014,0.891675001659027,0.987699685363017,-0.4505339076962642,0.753333333
2018,2000.0,1100,585.5,324400.0,700.0,162.2,0.35,0.55,0,1,0,0,0,0,0,0,0,0,0,0,0,0,0,0,0,0,0,0,0,0,0,0,1,0,0,0,0,0,0,0,1.3178569516035965,-0.4595745663154514,-0.40449114563385574,-1.3170465989216225,-0.42034634225675,-0.39745173531265937,0.891675001659027,0.987699685363017,-0.10625821321020314,0.7
2018,2718.0,2545,3350.1,440859.6,951.3,162.2,0.35,0.9363502575423105,0,1,0,0,0,0,0,0,0,0,0,0,0,0,0,0,0,0,0,0,0,0,0,0,0,1,0,0,0,0,0,0,1.3178569516035965,-0.4559600588770782,-0.392111325446614,3.687832762951863,-0.4164212128436027,-0.393510394955607,0.891675001659027,0.987699685363017,1.2199281906783999,0.94
2018,44495.0,33810,986.2,7217089.0,15573.25,162.2,0.35,0.7598606585009552,0,1,0,0,0,0,0,0,0,0,0,0,0,0,0,0,0,0,0,0,0,0,0,0,0,0,1,0,0,0,0,0,1.3178569516035965,-0.24564908777273717,-0.12425313987283301,-0.5916414190392866,-0.18803662859143322,-0.16418257309407816,0.891675001659027,0.987699685363017,0.6141097601037445,0.777
2018,396479.0,240497,986.2,64308893.8,138767.65,162.2,0.35,0.6065819375048868,0,0,1,0,0,0,0,0,0,0,0,0,0,0,0,0,0,0,0,0,0,0,0,0,0,0,1,0,0,0,0,0,1.3178569516035965,1.5262851548294214,1.6465066490824867,-0.5916414190392866,1.7361733315161763,1.7679744523052652,0.891675001659027,0.987699685363017,0.08796502013768123,0.607
2018,26783.0,22628,1350.3,4344202.6,9374.05,162.2,0.35,0.8448642795803308,0,1,0,0,0,0,0,0,0,0,0,0,0,0,0,0,0,0,0,0,0,0,0,0,0,0,0,1,0,0,0,0,1.3178569516035965,-0.33481365009650593,-0.22005324321797995,0.06750513947121611,-0.2848637764544781,-0.2614096210106686,0.891675001659027,0.987699685363017,0.9058933019962231,0.862307692
2018,5289.0,7828,1350.3,857875.8,1851.15,162.20000000000002,0.35000000000000003,1.4800529400642843,0,0,1,0,0,0,0,0,0,0,0,0,0,0,0,0,0,0,0,0,0,0,0,0,0,0,0,1,0,0,0,0,1.3178569516035965,-0.4430173031332656,-0.3468500174540893,0.06750513947121611,-0.40236618816226294,-0.3793973224514542,0.8916750016590281,0.9876996853630177,3.0862427362030362,1.3956
2018,2526.0,1471,2169.1,409717.2,884.1,162.20000000000002,0.35000000000000003,0.5823436262866192,0,1,0,0,0,0,0,0,0,0,0,0,0,0,0,0,0,0,0,0,0,0,0,0,0,0,0,0,1,0,0,0,1.3178569516035965,-0.4569266123982031,-0.4013126589283425,1.5498154995602018,-0.41747082962260584,-0.3945643466945402,0.8916750016590281,0.9876996853630177,0.0047645610636586925,0.58625
2018,2334.0,1634,2169.1,378574.8,816.9,162.2,0.35,0.7000856898029134,0,0,1,0,0,0,0,0,0,0,0,0,0,0,0,0,0,0,0,0,0,0,0,0,0,0,0,0,1,0,0,0,1.3178569516035965,-0.45789316591932794,-0.3999161809418232,1.5498154995602018,-0.418520446401609,-0.3956182984334734,0.891675001659027,0.987699685363017,0.408926123668538,0.69875
2018,521486.0,289614,792.8,84585029.2,182520.1,162.20000000000002,0.35000000000000003,0.5553629435881309,0,1,0,0,0,0,0,0,0,0,0,0,0,0,0,0,0,0,0,0,0,0,0,0,0,0,0,0,0,1,0,0,1.3178569516035965,2.1555870090755462,2.067309159903769,-0.9417621122991913,2.4195558559581167,2.4541793743304017,0.8916750016590281,0.9876996853630177,-0.08784936597235243,0.672297297
2018,45514.0,35754,792.8,7382370.8,15929.9,162.2,0.35,0.7855604868831568,0,0,0,1,0,0,0,0,0,0,0,0,0,0,0,0,0,0,0,0,0,0,0,0,0,0,0,0,0,1,0,0,1.3178569516035965,-0.24051930632468382,-0.10759821222992784,-0.9417621122991913,-0.18246600620703607,-0.15858894381296898,0.891675001659027,0.987699685363017,0.7023270249233848,0.82265625
2018,12491.0,10727,1373.0,2026040.2,4371.85,162.2,0.35000000000000003,0.8587783203906812,0,1,0,0,0,0,0,0,0,0,0,0,0,0,0,0,0,0,0,0,0,0,0,0,0,0,0,0,0,0,1,0,1.3178569516035965,-0.4067614778252381,-0.32201327093311083,0.10859996748052247,-0.3629946254415285,-0.33986315357751085,0.891675001659027,0.9876996853630177,0.953654656843559,0.950769231
2018,49.0,32,1373.0,7947.8,17.15,162.20000000000002,0.35,0.6530612244897959,0,0,0,1,0,0,0,0,0,0,0,0,0,0,0,0,0,0,0,0,0,0,0,0,0,0,0,0,0,0,1,0,1.3178569516035965,-0.46939615964729836,-0.41364107501792097,0.10859996748052247,-0.4310119794225585,-0.40816142199317357,0.8916750016590281,0.987699685363017,0.24750988197868193,0.825
2018,66685.0,43811,2012.6,10816307.0,23339.75,162.2,0.35,0.65698432930944,0,1,0,0,0,0,0,0,0,0,0,0,0,0,0,0,0,0,0,0,0,0,0,0,0,0,0,0,0,0,0,1,1.3178569516035965,-0.1339416782218999,-0.038571076417743176,1.2664965311259977,-0.06672935605976174,-0.04237429659965958,0.891675001659027,0.987699685363017,0.26097633675973525,0.5755
2018,8186.0,8056,2012.6,1327769.2,2865.1,162.2,0.35,0.9841192279501588,0,0,1,0,0,0,0,0,0,0,0,0,0,0,0,0,0,0,0,0,0,0,0,0,0,0,0,0,0,0,0,1,1.3178569516035965,-0.42843342005670965,-0.34489666174288436,1.2664965311259977,-0.3865290016582408,-0.3634947277239044,0.891675001659027,0.987699685363017,1.3839000215389183,0.727
2019,15242.0,14254,899.2,2617965.92,5639.54,171.76,0.37,0.9351791103529721,0,1,0,0,0,0,1,0,0,0,0,0,0,0,0,0,0,0,0,0,0,0,0,0,0,0,0,0,0,0,0,0,1.4760084516316474,-0.3929125781553709,-0.2917962288567083,-0.7491414206608569,-0.34304448776313673,-0.31998095000714977,1.2682537975163082,1.2528783430735737,1.215908109290767,0.834615385
2019,287929.0,315055,899.2,49454685.04,106533.73,171.76,0.37,1.0942107255608153,0,0,1,0,0,0,1,0,0,0,0,0,0,0,0,0,0,0,0,0,0,0,0,0,0,0,0,0,0,0,0,0,1.4760084516316474,0.979830026089296,2.285271101345719,-0.7491414206608569,1.2355302611904384,1.2624239160458215,1.2682537975163082,1.2528783430735737,1.7618002415200016,0.944615385
2019,1148.0,1039,2433.3,197180.48,424.76,171.76000000000002,0.37,0.9050522648083623,0,1,0,0,0,0,0,1,0,0,0,0,0,0,0,0,0,0,0,0,0,0,0,0,0,0,0,0,0,0,0,0,1.4760084516316474,-0.463863647565443,-0.4050137539600992,2.028108607932833,-0.42463412170883885,-0.40176854597670675,1.2682537975163093,1.2528783430735737,1.1124946595173115,0.998695652
2019,1454.0,1400,2433.3,249739.04,537.98,171.76000000000002,0.37,0.9628610729023384,0,0,1,0,0,0,0,1,0,0,0,0,0,0,0,0,0,0,0,0,0,0,0,0,0,0,0,0,0,0,0,0,1.4760084516316474,-0.46232320289115025,-0.4019209407506914,2.028108607932833,-0.42286269926046477,-0.3999928255022719,1.2682537975163093,1.2528783430735737,1.3109292504683492,1.089130435
2019,58100.0,34757,2084.7,9979256.0,21497.0,171.76,0.37,0.5982271944922547,0,0,1,0,0,0,0,0,1,0,0,0,0,0,0,0,0,0,0,0,0,0,0,0,0,0,0,0,0,0,0,0,1.4760084516316474,-0.17715970936177994,-0.11613985979164412,1.3970223945388163,-0.09494114367026718,-0.07127562944071923,1.2682537975163082,1.2528783430735737,0.05928651824714595,0.618888889
2019,7102.0,6289,1194.7,1219839.52,2627.74,171.76,0.37,0.8855252041678401,0,1,0,0,0,0,0,0,0,1,0,0,0,0,0,0,0,0,0,0,0,0,0,0,0,0,0,0,0,0,0,0,1.4760084516316474,-0.4338904201447271,-0.36003516850472256,-0.21418451860138532,-0.3901666404747882,-0.36721743583035066,1.2682537975163082,1.2528783430735737,1.0454660453936808,0.890833333
2019,74267.0,24305,1420.3,12756099.92,27478.79,171.76,0.37,0.3272651379482139,0,1,0,0,0,0,0,0,0,0,1,0,0,0,0,0,0,0,0,0,0,0,0,0,0,0,0,0,0,0,0,0,1.4760084516316474,-0.09577288240331278,-0.20568579792109107,0.19422927870696233,-0.0013509909811677842,0.022541602291920714,1.2682537975163082,1.2528783430735737,-0.8708181946222344,0.331428571
2019,1796.0,539,1420.3,308480.96,664.52,171.76000000000002,0.37,0.30011135857461024,0,0,1,0,0,0,0,0,0,0,1,0,0,0,0,0,0,0,0,0,0,0,0,0,0,0,0,0,0,0,0,0,1.4760084516316474,-0.46060152943164656,-0.4092974287653732,0.19422927870696233,-0.4208828741711054,-0.3980081967367271,1.2682537975163093,1.2528783430735737,-0.9640262935336742,0.3096
2019,86469.0,52291,1067.8,14851915.44,31993.53,171.76,0.37,0.6047369577536458,0,1,0,0,0,0,0,0,0,0,0,1,0,0,0,0,0,0,0,0,0,0,0,0,0,0,0,0,0,0,0,0,1.4760084516316474,-0.034346392482658604,0.03408004827970326,-0.4439172795873311,0.06928592638831267,0.09334990696203094,1.2682537975163082,1.2528783430735737,0.08163194020883555,0.700625
2019,13456.0,21329,1067.8,2311202.56,4978.72,171.76,0.37,1.5850921521997623,0,0,0,1,0,0,0,0,0,0,0,1,0,0,0,0,0,0,0,0,0,0,0,0,0,0,0,0,0,0,0,0,1.4760084516316474,-0.40190353955500113,-0.23118223036208171,-0.4439172795873311,-0.353383574340902,-0.3303451224494393,1.2682537975163082,1.2528783430735737,3.4468004743947502,1.580625
2019,265.0,136,351.8,45516.4,98.05,171.76000000000002,0.37,0.5132075471698113,0,1,0,0,0,0,0,0,0,0,0,0,1,0,0,0,0,0,0,0,0,0,0,0,0,0,0,0,0,0,0,0,1.4760084516316474,-0.4683087869360329,-0.41275007065842395,-1.7401241894843924,-0.4297457753752256,-0.40689260211698763,1.2682537975163093,1.2528783430735737,-0.23255203534843608,0.538333333
2019,7017.0,5155,1217.7,1205239.92,2596.29,171.76,0.37,0.7346444349437081,0,1,0,0,0,0,0,0,0,0,0,0,0,1,0,0,0,0,0,0,0,0,0,0,0,0,0,0,0,0,0,0,1.4760084516316474,-0.4343183214431418,-0.3697505429630839,-0.17254658713821155,-0.3906587022660032,-0.3677106915176937,1.2682537975163082,1.2528783430735737,0.5275525178444346,0.777272727
2019,8315.0,2802,1324.1,1428184.4,3076.55,171.76,0.37,0.3369813589897775,0,1,0,0,0,0,0,0,0,0,0,0,0,0,1,0,0,0,0,0,0,0,0,0,0,0,0,0,0,0,0,0,1.4760084516316474,-0.4277840169097039,-0.3899095165967032,0.02007410450012245,-0.38314462926603715,-0.3601783870215617,1.2682537975163082,1.2528783430735737,-0.837466281452908,0.370909091
2019,6.0,3,1324.1,1030.56,2.22,171.76,0.37000000000000005,0.5,0,0,1,0,0,0,0,0,0,0,0,0,0,0,1,0,0,0,0,0,0,0,0,0,0,0,0,0,0,0,0,0,1.4760084516316474,-0.46961262736296694,-0.41388952815662683,0.02007410450012245,-0.43124511659786907,-0.40839558121136216,1.2682537975163082,1.2528783430735744,-0.27788827919292985,0.48
2019,128440.0,111657,1137.8,22060854.4,47522.8,171.76,0.37,0.869331983805668,0,1,0,0,0,0,0,0,0,0,0,0,0,0,0,1,0,0,0,0,0,0,0,0,0,0,0,0,0,0,0,0,1.4760084516316474,0.17694120040865238,0.5426893252594917,-0.3171931403515849,0.31225446096579706,0.3369079593558351,1.2682537975163082,1.2528783430735737,0.9898811758090322,0.841666667
2019,68513.0,32210,1422.3,11767792.88,25349.81,171.76000000000002,0.37,0.47012975639659627,0,1,0,0,0,0,0,0,0,0,0,0,0,0,0,0,1,0,0,0,0,0,0,0,0,0,0,0,0,0,0,0,1.4760084516316474,-0.12473928323952357,-0.1379608992497097,0.1978499683994122,-0.03466067976530074,-0.01084890623715766,1.2682537975163093,1.2528783430735737,-0.38042091680437584,0.384285714
2019,2875.0,1341,1422.3,493810.0,1063.75,171.76,0.37,0.46643478260869564,0,0,1,0,0,0,0,0,0,0,0,0,0,0,0,0,1,0,0,0,0,0,0,0,0,0,0,0,0,0,0,0,1.4760084516316474,-0.45516970000824175,-0.4024264143777137,0.1978499683994122,-0.4146365839037993,-0.3917467510115141,1.2682537975163082,1.2528783430735737,-0.39310428870481245,0.3375
2019,223.0,105,1422.3,38302.48,82.51,171.76000000000002,0.37,0.47085201793721976,0,0,0,1,0,0,0,0,0,0,0,0,0,0,0,0,1,0,0,0,0,0,0,0,0,0,0,0,0,0,0,0,1.4760084516316474,-0.46852022051877895,-0.41301565849635097,0.1978499683994122,-0.4299889117897084,-0.40713632845661596,1.2682537975163093,1.2528783430735737,-0.37794168088689595,0.437272727
2019,1761556.0,462639,1446.7,302564858.6,651775.72,171.7600000227072,0.37,0.2626308786095929,0,1,0,0,0,0,0,0,0,0,0,0,0,0,0,0,0,1,0,0,0,0,0,0,0,0,0,0,0,0,0,0,1.4760084516316474,8.398264222311543,3.5496748262688245,0.24202238264730108,9.766301335513136,9.813893313365979,1.26825379841077,1.2528783430735737,-1.092681838522878,0.356470588
2019,32389.0,40419,1446.7,5563134.64,11983.93,171.76,0.37,1.247923677791843,0,0,0,1,0,0,0,0,0,0,0,0,0,0,0,0,0,1,0,0,0,0,0,0,0,0,0,0,0,0,0,0,1.4760084516316474,-0.3065923009328289,-0.06763152629672176,0.24202238264730108,-0.24378115206944048,-0.22047677034984928,1.2682537975163082,1.2528783430735737,2.289435524196221,0.696571429
2019,340529.0,151195,1555.8,58489261.04,125995.73,171.76,0.37,0.4440003641393244,0,1,0,0,0,0,0,0,0,0,0,0,0,0,0,0,0,0,1,0,0,0,0,0,0,0,0,0,0,0,0,0,1.4760084516316474,1.244625417814129,0.8814251941613356,0.43953100537044254,1.5400296755188003,1.567662141389847,1.2682537975163082,1.2528783430735737,-0.4701127031484581,0.45625
2019,830.0,680,1593.0,142560.8,307.1,171.76,0.37000000000000005,0.8192771084337349,0,0,1,0,0,0,0,0,0,0,0,0,0,0,0,0,0,0,0,0,0,1,0,0,0,0,0,0,0,0,0,0,1.4760084516316474,-0.46546450183480603,-0.4080894324702859,0.5068758336500105,-0.42647501170420804,-0.40361390254817825,1.2682537975163082,1.2528783430735744,0.8180627445521916,0.810909091
2019,10170.0,2986,1593.9,1746799.2,3762.9,171.76,0.37,0.29360865290068827,1,0,0,0,0,0,0,0,0,0,0,0,0,0,0,0,0,0,0,0,0,0,1,0,0,0,0,0,0,0,0,0,1.4760084516316474,-0.4184457003384194,-0.38833312426836236,0.5085051440116132,-0.37240610429305027,-0.3494138070213113,1.2682537975163082,1.2528783430735737,-0.9863474896113038,0.318181818
2019,8522.0,3212,1593.9,1463738.72,3153.14,171.76,0.37,0.376906829382774,0,0,0,1,0,0,0,0,0,0,0,0,0,0,0,0,0,0,0,0,0,0,1,0,0,0,0,0,0,0,0,0,1.4760084516316474,-0.42674195139474114,-0.38639690325637854,0.5085051440116132,-0.3819463140803723,-0.3589771643476793,1.2682537975163082,1.2528783430735737,-0.7004180590940804,0.409090909
2019,38948.0,15020,1593.9,6689708.48,14410.76,171.76000000000002,0.37,0.38564239498818936,0,0,0,0,0,1,0,0,0,0,0,0,0,0,0,0,0,0,0,0,0,0,1,0,0,0,0,0,0,0,0,0,1.4760084516316474,-0.2735734230939852,-0.2852336390550286,0.5085051440116132,-0.20581134867438863,-0.1824148403112283,1.2682537975163093,1.2528783430735737,-0.6704323450690027,0.373076923
2019,2.0,2,1317.0,343.52,0.74,171.76,0.37,1.0,0,1,0,0,0,0,0,0,0,0,0,0,0,0,0,0,0,0,0,0,0,0,0,1,0,0,0,0,0,0,0,0,1.4760084516316474,-0.469632763894657,-0.4138980955062374,0.007220656091925497,-0.4312682724468675,-0.4084187932437077,1.2682537975163082,1.2528783430735737,1.4384123806343359,1.0
2019,146.0,146,1317.0,25076.96,54.02,171.76,0.37,1.0,0,0,1,0,0,0,0,0,0,0,0,0,0,0,0,0,0,0,0,0,0,0,0,1,0,0,0,0,0,0,0,0,1.4760084516316474,-0.46890784875381336,-0.4126643971623185,0.007220656091925497,-0.4304346618829267,-0.4075831600792678,1.2682537975163082,1.2528783430735737,1.4384123806343359,1.0
2019,321.0,139,1317.0,55134.96,118.77,171.76,0.37,0.43302180685358255,0,0,0,1,0,0,0,0,0,0,0,0,0,0,0,0,0,0,0,0,0,0,0,1,0,0,0,0,0,0,0,0,1.4760084516316474,-0.46802687549237143,-0.41272436860959233,0.007220656091925497,-0.42942159348924863,-0.4065676336641499,1.2682537975163082,1.2528783430735737,-0.5077977133753986,0.723333333
2019,2000.0,1200,653.2,343520.0,740.0,171.76,0.37,0.6,0,1,0,0,0,0,0,0,0,0,0,0,0,0,0,0,0,0,0,0,0,0,0,0,1,0,0,0,0,0,0,0,1.4760084516316474,-0.4595745663154514,-0.403634410672801,-1.1944862528321936,-0.41970192587218935,-0.3968243830871039,1.2682537975163082,1.2528783430735737,0.06537185277252322,0.818
2019,2789.0,2612,2740.0,479038.64,1031.93,171.76,0.37,0.9365363929723916,0,1,0,0,0,0,0,0,0,0,0,0,0,0,0,0,0,0,0,0,0,0,0,0,0,1,0,0,0,0,0,0,1.4760084516316474,-0.4556026354395789,-0.3915373130227073,2.5833413722700236,-0.4151344346572639,-0.3922458097069435,1.2682537975163082,1.2528783430735737,1.2205671194013306,0.943333333
2019,42597.0,35846,910.1,7316460.72,15760.89,171.76,0.37,0.8415146606568538,0,1,0,0,0,0,0,0,0,0,0,0,0,0,0,0,0,0,0,0,0,0,0,0,0,0,1,0,0,0,0,0,1.4760084516316474,-0.25520387205969025,-0.10681001606575742,-0.7294086618370049,-0.18468742542563973,-0.16123966380399735,1.2682537975163082,1.2528783430735737,0.8943953956591559,0.854333333
2019,362726.0,281577,910.1,62301817.76,134208.62,171.76,0.37,0.7762801673990836,0,0,1,0,0,0,0,0,0,0,0,0,0,0,0,0,0,0,0,0,0,0,0,0,0,0,1,0,0,0,0,0,1.4760084516316474,1.3563680662954236,1.9984533710837955,-0.7294086618370049,1.668527270572919,1.6964715118834086,1.2682537975163082,1.2528783430735737,0.6704713880155393,0.759
2019,14723.0,13805,1031.7,2528822.48,5447.51,171.76,0.37,0.9376485770563064,0,1,0,0,0,0,0,0,0,0,0,0,0,0,0,0,0,0,0,0,0,0,0,0,0,0,0,1,0,0,0,0,1.4760084516316474,-0.3955252931421615,-0.2956429688318443,-0.5092707285360515,-0.3460489591706732,-0.3229927112039853,1.2682537975163082,1.2528783430735737,1.2243848039554757,0.931481481
2019,6816.0,12269,1031.7,1170716.16,2521.92,171.76,0.37,1.8000293427230047,0,0,1,0,0,0,0,0,0,0,0,0,0,0,0,0,0,0,0,0,0,0,0,0,0,0,0,1,0,0,0,0,1.4760084516316474,-0.4353301821605694,-0.3088024178336459,-0.5092707285360515,-0.3918222836781705,-0.3688770961430577,1.2682537975163082,1.2528783430735737,4.18459415822767,1.787692308
2019,2952.0,1857,2252.8,507035.52,1092.24,171.76000000000002,0.37,0.6290650406504065,0,1,0,0,0,0,0,0,0,0,0,0,0,0,0,0,0,0,0,0,0,0,0,0,0,0,0,0,1,0,0,0,1.4760084516316474,-0.4547820717732073,-0.398005661978671,1.7013413631892302,-0.414190833810581,-0.39129991938886216,1.2682537975163093,1.2528783430735737,0.16514054966492114,0.6275
2019,1967.0,1445,2252.8,337851.92,727.79,171.76,0.37,0.7346212506354856,0,0,1,0,0,0,0,0,0,0,0,0,0,0,0,0,0,0,0,0,0,0,0,0,0,0,0,0,1,0,0,0,1.4760084516316474,-0.45974069270189477,-0.40153541001821674,1.7013413631892302,-0.4198929616264258,-0.3970158823539547,1.2682537975163082,1.2528783430735737,0.5274729353574344,0.72875
2019,518986.0,212530,814.5,89141035.36,192024.82,171.76,0.37,0.4095100831236295,0,1,0,0,0,0,0,0,0,0,0,0,0,0,0,0,0,0,0,0,0,0,0,0,0,0,0,0,0,1,0,0,1.4760084516316474,2.143001676769233,1.4069035825242926,-0.9024776291361098,2.573110511693639,2.603249555462447,1.2682537975163082,1.2528783430735737,-0.588504087278188,0.592739726
2019,45487.0,32575,814.5,7812847.12,16830.19,171.76,0.37,0.716138676984633,0,0,0,1,0,0,0,0,0,0,0,0,0,0,0,0,0,0,0,0,0,0,0,0,0,0,0,0,0,1,0,0,1.4760084516316474,-0.240655227913592,-0.1348338166418597,-0.9024776291361098,-0.16795732452432857,-0.14446897043433513,1.2682537975163082,1.2528783430735737,0.46402962865290576,0.788070175
2019,13173.0,12233,1378.9,2262594.48,4874.01,171.76,0.37,0.9286419190768997,0,1,0,0,0,0,0,0,0,0,0,0,0,0,0,0,0,0,0,0,0,0,0,0,0,0,0,0,0,0,1,0,1.4760084516316474,-0.4033281991720758,-0.30911084241962566,0.11928100207324982,-0.3550218506575356,-0.3319873737378872,1.2682537975163082,1.2528783430735737,1.1934685378896872,0.976153846
2019,69.0,72,1378.9,11851.44,25.53,171.76000000000002,0.37,1.0434782608695652,0,0,0,1,0,0,0,0,0,0,0,0,0,0,0,0,0,0,0,0,0,0,0,0,0,0,0,0,0,0,1,0,1.4760084516316474,-0.4692954769888478,-0.41329838103349903,0.11928100207324982,-0.430880411976145,-0.4080299917019197,1.2682537975163093,1.2528783430735737,1.5876559162714894,1.02
2019,66846.0,44876,1733.4,11481468.96,24733.02,171.76000000000002,0.37,0.6713341112407624,0,1,0,0,0,0,0,0,0,0,0,0,0,0,0,0,0,0,0,0,0,0,0,0,0,0,0,0,0,0,0,1,1.4760084516316474,-0.13313118282137332,-0.02944684908250963,0.7610482500599932,-0.04431087983536498,-0.020522520717167,1.2682537975163093,1.2528783430735737,0.31023341715394737,0.64
2019,5502.0,5215,1733.4,945023.52,2035.74,171.76,0.37,0.9478371501272265,0,0,1,0,0,0,0,0,0,0,0,0,0,0,0,0,0,0,0,0,0,0,0,0,0,0,0,0,0,0,0,1,1.4760084516316474,-0.4419450328207677,-0.369236501986451,0.7610482500599932,-0.39942898007413,-0.37650224876857197,1.2682537975163082,1.2528783430735737,1.2593581133241123,0.74
2020,12398.0,13282,1313.947826,2400376.78,4587.26,193.60999999999999,0.37,1.0713018228746571,0,1,0,0,0,0,0,0,0,0,0,0,0,0,0,0,0,0,0,0,0,0,0,0,0,0,0,0,0,0,1,0,1.6341599516596983,-0.40722965218703294,-0.3001236926781609,0.0016951686212438595,-0.3503780655308385,-0.3364847050048382,2.1289490579223322,1.2528783430735737,1.6831631119276578,1.120769231
2020,58.0,69,1313.947826,11229.38,21.46,193.60999999999999,0.37,1.1896551724137931,0,0,0,1,0,0,0,0,0,0,0,0,0,0,0,0,0,0,0,0,0,0,0,0,0,0,0,0,0,0,1,0,1.6341599516596983,-0.4693508524509956,-0.41332408308233065,0.0016951686212438595,-0.43090137775314186,-0.40809382479087003,2.1289490579223322,1.2528783430735737,2.08942297574123,1.193333333
